OBJECTID,IncidentID,AgencyORI,AgencyName,IncidentStatusDesc,County,RdwyNumber,Street,RoadwayName,StreetSfx,StreetDir,IntersectionRdwy,IntersectionRdwyName,BetweenStRdwy1,BetweenStRdwyName1,BetweenStRdwy2,BetweenStRdwyName2,Latitude,Longitude,Milepoint,CollisionDate,CollisionTime,UnitsInvolved,MotorVehiclesInvolved,NumberKilled,NumberInjured,Weather,RdwyConditionCode,HitandRun,DirAnalysisCode,MannerofCollision,RdwyCharacter,LightCondition,RampFromRdwyId,RampToRdwyId,AcceptedDate,IsSecondaryCollision,OwnerBadge,IncidentStatus,InjurySeverityCde,KABCO_Code,KABCO,Environmental_Factors,Human_Factors,Vehicular_Factors,CollisionYear,CityCrash
178,24637479,0510100,HENDERSON POLICE DEPARTMENT,Accepted,HENDERSON,US0041,,US41,,N,US0041,US41 E RAMP TO US41 S,,,,,37.85753853,-87.57368733,16.082,2019-02-11,740,2,2,0,0,CLEAR,DRY,False,ANGLE COLLISION - OTHER,ANGLE,STRAIGHT & LEVEL,DAYLIGHT,,,43511.4571,False,8,Accepted,5,5,O,,INATTENTION,,2019,1
179,24637481,0510100,HENDERSON POLICE DEPARTMENT,Accepted,HENDERSON,US0060,,US60,,E,,,US0041,US41 W RAMP TO US41 N,US0041,US41 E RAMP TO US41 N,37.85783604,-87.57228572,10.345,2019-02-14,752,3,3,0,1,CLOUDY,DRY,False,REAR END IN TRAFFIC LANES BOTH VEHICLES MOVING,REAR END,STRAIGHT & LEVEL,DAYLIGHT,,,43511.45714,False,67,Accepted,5,4,C,,INATTENTION,,2019,1
180,24637482,0510100,HENDERSON POLICE DEPARTMENT,Accepted,HENDERSON,,,FAGAN,ST,,,,,VINE,,MADISON,37.82600883,-87.59039223,,2019-02-14,1130,2,2,0,0,CLOUDY,DRY,False,1 VEHICLE PARKED POSITION (NOT PARKING LOT/DRIVEWAY),BACKING,STRAIGHT & GRADE,DAYLIGHT,,,43511.45716,False,23,Accepted,5,5,O,,INATTENTION,,2019,1
182,24639041,0510100,HENDERSON POLICE DEPARTMENT,Accepted,HENDERSON,,,WASHINGTON,ST,,,ELM,,,,,37.83715303,-87.59220133,1.306,2019-02-13,1820,2,2,0,0,CLEAR,DRY,False,ANGLE COLLISION - OTHER,ANGLE,STRAIGHT & LEVEL,DARK-HWY LIGHTED/ON,,,43511.7042,False,34,Accepted,5,5,O,,"DISREGARD TRAFFIC CONTROL, INATTENTION",,2019,1
183,24641408,0510100,HENDERSON POLICE DEPARTMENT,Accepted,HENDERSON,US0041A,810,GREEN,ST,N,,,,,,,37.84665888,-87.58380392,16.484,2019-02-15,754,1,1,0,0,CLEAR,DRY,False,COLLISION WITH FIXED OBJECT NON - INTERSECTION - FIRST EVENT COLLISION 09 - 32 EXCLUDING 16,SINGLE VEHICLE,STRAIGHT & LEVEL,DAYLIGHT,,,43512.60272,False,38,Accepted,5,5,O,,INATTENTION,,2019,1
184,24641409,0510100,HENDERSON POLICE DEPARTMENT,Accepted,HENDERSON,,,14TH,ST,,,ELM,,,,,37.85486094,-87.58059207,0.004,2019-02-13,1057,2,2,0,1,CLEAR,DRY,False,OPPOSING LEFT TURN,OPPOSING LEFT TURN,STRAIGHT & HILLCREST,DAYLIGHT,,,43512.60284,False,38,Accepted,5,3,B,,FAILED TO YIELD RIGHT OF WAY,,2019,1
185,24641410,0510100,HENDERSON POLICE DEPARTMENT,Accepted,HENDERSON,US0060,,US60,,E,,BARRET,,,,,37.85990387,-87.567776,10.599,2019-02-09,1228,2,2,0,0,CLEAR,DRY,False,ANGLE COLLISION - ONE VEHICLE TURNING LEFT,ANGLE,STRAIGHT & LEVEL,DAYLIGHT,,,43512.60292,False,22,Accepted,5,5,O,,FAILED TO YIELD RIGHT OF WAY,,2019,1
186,24642208,0510100,HENDERSON POLICE DEPARTMENT,Accepted,HENDERSON,US0060,300,GREEN,ST,S,,,,,,,37.79819333,-87.65233714,8.431,2019-02-09,1848,2,2,0,1,CLEAR,DRY,False,1 VEHICLE ENTERING/LEAVING ENTRANCE,ANGLE,STRAIGHT & LEVEL,DARK-HWY LIGHTED/ON,,,43512.76581,False,46,Accepted,5,3,B,,INATTENTION,,2019,1
187,24642212,0510100,HENDERSON POLICE DEPARTMENT,Accepted,HENDERSON,,945,BARRET,BLVD,,,,,,,,37.86015926,-87.56789087,0.368,2019-02-15,1549,1,1,0,0,SNOWING,WET,False,COLLISION WITH ANIMAL NON INTERSECTION,SINGLE VEHICLE,STRAIGHT & LEVEL,DAYLIGHT,,,43512.76593,False,24,Accepted,5,5,O,ANIMALS ACTION,OTHER,,2019,1
188,24642213,0510100,HENDERSON POLICE DEPARTMENT,Accepted,HENDERSON,US0060,,US60,,E,,BARRET,,,,,37.85959924,-87.56859798,10.554,2019-02-15,1704,2,2,0,0,SNOWING,WET,False,SIDESWIPE-SAME DIRECTION,SIDESWIPE-SAME DIRECTION,STRAIGHT & LEVEL,DAYLIGHT,,,43512.76595,False,24,Accepted,5,5,O,,"INATTENTION, MISJUDGE CLEARANCE",,2019,1
190,24644790,0510100,HENDERSON POLICE DEPARTMENT,Accepted,HENDERSON,US0041A,800,GREEN,ST,N,,,,,,,37.84678546,-87.5837198,16.494,2019-02-16,1758,2,2,0,0,CLEAR,DRY,False,OTHER ROADWAY OR MID-BLOCK COLLISION,REAR END,STRAIGHT & LEVEL,DARK (UNKNOWN ROADWAY LIGHTING),,,43513.75492,False,64,Accepted,5,5,O,,INATTENTION,,2019,1
193,24652078,0510100,HENDERSON POLICE DEPARTMENT,Accepted,HENDERSON,KY0351,,2ND,ST,,US0041A,GREEN,,,,,37.83945567,-87.58844966,0.002,2019-02-16,832,2,2,0,0,CLEAR,DRY,False,ANGLE COLLISION - OTHER,ANGLE,STRAIGHT & LEVEL,DAYLIGHT,,,43515.36051,False,22,Accepted,5,5,O,,"DISREGARD TRAFFIC CONTROL, FAILED TO YIELD RIGHT OF WAY",,2019,1
196,24652782,0510100,HENDERSON POLICE DEPARTMENT,Accepted,HENDERSON,US0041A,,GREEN,ST,S,,,,FAIR,KY0136,SAND,37.8234614,-87.60348885,14.495,2019-02-18,802,4,4,0,4,CLOUDY,DRY,True,OTHER ROADWAY OR MID-BLOCK COLLISION,REAR END,STRAIGHT & LEVEL,DAYLIGHT,,,43515.44035,False,60,Accepted,4,4,C,,DISTRACTION,,2019,1
197,24652925,0510100,HENDERSON POLICE DEPARTMENT,Accepted,HENDERSON,,,CENTER,ST,,,ALVASIA,,,,,37.83520193,-87.58597198,0.561,2019-02-15,1022,2,2,0,0,CLOUDY,DRY,False,ANGLE COLLISION - OTHER,ANGLE,STRAIGHT & LEVEL,DAYLIGHT,,,43515.45775,False,38,Accepted,5,5,O,,FAILED TO YIELD RIGHT OF WAY,,2019,1
198,24654760,0510100,HENDERSON POLICE DEPARTMENT,Accepted,HENDERSON,,,DR MARTIN LUTHER KING JR,AVE,,,FAGAN,,,,,37.82872347,-87.58771166,0.453,2019-02-18,1705,3,3,0,0,CLEAR,DRY,True,ANGLE COLLISION - OTHER,ANGLE,STRAIGHT & LEVEL,DAYLIGHT,,,43515.6863,False,50,Accepted,5,5,O,,"INATTENTION, NOT UNDER PROPER CONTROL",,2019,1
200,24657925,0510100,HENDERSON POLICE DEPARTMENT,Accepted,HENDERSON,,,GREEN,ST,,,14TH,,,,,37.85406702,-87.57892625,,2019-02-19,1100,2,2,0,0,CLOUDY,DRY,False,OTHER INTERSECTION COLLISIONS,REAR END,STRAIGHT & LEVEL,DAYLIGHT,,,43516.48453,False,23,Accepted,5,5,O,,INATTENTION,,2019,1
202,24661257,0510100,HENDERSON POLICE DEPARTMENT,Accepted,HENDERSON,US0041A,,GREEN,ST,N,,12TH,,,,,37.85217797,-87.58026375,16.918,2019-02-20,1241,2,2,0,0,RAINING,WET,False,OTHER INTERSECTION COLLISIONS,REAR END,STRAIGHT & LEVEL,DAYLIGHT,,,43517.351,False,38,Accepted,5,5,O,,INATTENTION,BRAKES DEFECTIVE,2019,1
203,24661262,0510100,HENDERSON POLICE DEPARTMENT,Accepted,HENDERSON,,39,MEADOW,ST,,,,,,,,37.8313756,-87.58149676,0.619,2019-02-15,1135,1,1,0,0,CLEAR,DRY,False,COLLISION WITH FIXED OBJECT NON - INTERSECTION - FIRST EVENT COLLISION 09 - 32 EXCLUDING 16,SINGLE VEHICLE,STRAIGHT & LEVEL,DAYLIGHT,,,43517.35128,False,7,Accepted,5,5,O,,INATTENTION,,2019,1
206,24667233,0510100,HENDERSON POLICE DEPARTMENT,Accepted,HENDERSON,,,WASHINGTON,ST,,,,,MAPLE,,MCKINLEY,37.82777795,-87.57649667,0.23,2019-02-19,1037,2,2,0,0,CLOUDY,DRY,False,SIDESWIPE COLLISION - OPPOSITE DIRECTION,SIDESWIPE-OPPOSITE DIRECTION,STRAIGHT & LEVEL,DAYLIGHT,,,43518.39802,False,38,Accepted,5,5,O,,MISJUDGE CLEARANCE,,2019,1
207,24667234,0510100,HENDERSON POLICE DEPARTMENT,Accepted,HENDERSON,,,DR MARTIN LUTHER KING JR,AVE,,,,,INGRAM,US0041A,GREEN,37.83274393,-87.59425433,0.001,2019-02-21,1200,2,2,0,1,CLEAR,DRY,False,OTHER ROADWAY OR MID-BLOCK COLLISION,REAR END,STRAIGHT & LEVEL,DAYLIGHT,,,43518.39811,False,60,Accepted,5,4,C,,INATTENTION,,2019,1
208,24668119,0510100,HENDERSON POLICE DEPARTMENT,Accepted,HENDERSON,,222,1ST,ST,,,,,,,,37.83893626,-87.59117788,0.178,2019-02-21,1010,2,2,0,0,CLEAR,DRY,False,1 VEHICLE PARKED POSITION (NOT PARKING LOT/DRIVEWAY),ANGLE,STRAIGHT & LEVEL,DAYLIGHT,,,43518.54194,False,38,Accepted,5,5,O,,INATTENTION,,2019,1
209,24669144,0510100,HENDERSON POLICE DEPARTMENT,Accepted,HENDERSON,,200,ALVASIA,ST,S,,,,,,,37.83174467,-87.58750738,0.249,2019-02-21,1537,2,2,0,0,CLEAR,DRY,True,SIDESWIPE COLLISION - OPPOSITE DIRECTION,SIDESWIPE-OPPOSITE DIRECTION,STRAIGHT & LEVEL,DAYLIGHT,,,43518.69449,False,61,Accepted,5,5,O,,FAILED TO KEEP PROPER LANE,,2019,1
210,24669404,0510100,HENDERSON POLICE DEPARTMENT,Accepted,HENDERSON,US0060,,US60,,E,,KILLIECRANKIE,,,,,37.86257642,-87.5621011,10.96,2019-01-06,1711,4,4,0,3,CLEAR,DRY,False,HEAD-ON COLLISION,HEAD ON,STRAIGHT & HILLCREST,DARK-HWY LIGHTED/OFF,,,43518.74156,False,24,Accepted,4,4,C,,"CELL PHONE, INATTENTION",,2019,1
211,24669552,0510100,HENDERSON POLICE DEPARTMENT,Accepted,HENDERSON,KY0812,,AIRLINE,RD,,KY2099,ADAMS,,,,,37.81104721,-87.55341921,6.321,2019-02-21,2056,2,2,0,0,CLEAR,DRY,False,ANGLE COLLISION - ONE VEHICLE TURNING LEFT,ANGLE,STRAIGHT & GRADE,DARK-HWY NOT LIGHTED,,,43518.76737,False,50,Accepted,5,5,O,OTHER,INATTENTION,,2019,1
212,24671697,0510100,HENDERSON POLICE DEPARTMENT,Accepted,HENDERSON,,212,SHENANDOAH,PL,,,,,,,,37.8751468,-87.57335498,0.022,2019-02-22,2029,2,2,0,0,CLEAR,DRY,False,1 VEHICLE PARKED POSITION (NOT PARKING LOT/DRIVEWAY),REAR END,STRAIGHT & LEVEL,DARK-HWY LIGHTED/ON,,,43519.6554,False,24,Accepted,5,5,O,,INATTENTION,,2019,1
214,24676941,0510100,HENDERSON POLICE DEPARTMENT,Accepted,HENDERSON,,110,3RD,ST,,,,,,,,37.84232467,-87.59162613,0.047,2019-02-12,1252,2,2,0,0,CLOUDY,DRY,False,1 VEHICLE PARKED POSITION (NOT PARKING LOT/DRIVEWAY),SIDESWIPE-SAME DIRECTION,STRAIGHT & GRADE,DAYLIGHT,,,43521.4017,False,26,Accepted,5,5,O,,"DISTRACTION, INATTENTION",,2019,1
215,24676942,0510100,HENDERSON POLICE DEPARTMENT,Accepted,HENDERSON,US0060,,GREEN,ST,S,,,US0041A,US41 ALT,,OLD CORYDON,37.80865194,-87.62641587,10.022,2019-02-24,948,2,2,0,0,CLEAR,DRY,False,VEHICLE BACKING NON INTERSECTION,BACKING,STRAIGHT & LEVEL,DAYLIGHT,,,43521.40175,False,60,Accepted,5,5,O,,FAILED TO YIELD RIGHT OF WAY,,2019,1
216,24676943,0510100,HENDERSON POLICE DEPARTMENT,Accepted,HENDERSON,,,MILL,ST,,,,,BAILEY,,LOEB,37.82429658,-87.583846,0.352,2019-02-24,1207,2,2,0,0,CLEAR,DRY,True,1 VEHICLE PARKED POSITION (NOT PARKING LOT/DRIVEWAY),ANGLE,STRAIGHT & GRADE,DAWN,,,43521.40182,False,60,Accepted,5,5,O,,,,2019,1
218,24679669,0510100,HENDERSON POLICE DEPARTMENT,Accepted,HENDERSON,,400,DR MARTIN LUTHER KING JR,AVE,,,INGRAM,,,,,37.83131906,-87.59192969,0.161,2019-02-24,1800,2,2,0,1,CLEAR,DRY,False,ANGLE COLLISION - OTHER,ANGLE,STRAIGHT & LEVEL,DAYLIGHT,,,43521.68589,False,46,Accepted,5,3,B,,INATTENTION,,2019,1
219,24679670,0510100,HENDERSON POLICE DEPARTMENT,Accepted,HENDERSON,,238,CARDINAL,LN,,,,,,,,37.82820312,-87.60223781,0.05,2019-02-24,1400,2,2,0,0,CLEAR,DRY,True,1 VEHICLE PARKED POSITION (NOT PARKING LOT/DRIVEWAY),SIDESWIPE-OPPOSITE DIRECTION,STRAIGHT & LEVEL,DAYLIGHT,,,43521.68592,False,46,Accepted,5,5,O,,,,2019,1
220,24681266,0510100,HENDERSON POLICE DEPARTMENT,Accepted,HENDERSON,US0041,13,US41,,,,,,,,,37.8194654,-87.56248951,2.067,2019-02-22,415,1,1,1,0,CLEAR,DRY,False,COLLISION WITH FIXED OBJECT NON - INTERSECTION - FIRST EVENT COLLISION 09 - 32 EXCLUDING 16,SINGLE VEHICLE,CURVE & LEVEL,DARK-HWY NOT LIGHTED,,,43522.05537,False,35,Accepted,5,1,K,,INATTENTION,,2019,1
223,24686199,0510100,HENDERSON POLICE DEPARTMENT,Accepted,HENDERSON,US0041,2600,US41,,N,,,,,,,37.87550406,-87.56766228,17.422,2019-02-25,1613,2,2,0,0,CLEAR,DRY,False,REAR END IN TRAFFIC LANES BOTH VEHICLES MOVING,REAR END,STRAIGHT & LEVEL,DAYLIGHT,,,43522.7146,False,50,Accepted,5,5,O,,INATTENTION,,2019,1
224,24686211,0510100,HENDERSON POLICE DEPARTMENT,Accepted,HENDERSON,US0041,2530,US41,,N,,,,,,,37.86899108,-87.5712576,17.029,2019-02-26,1557,2,2,0,0,CLEAR,DRY,False,REAR END IN TRAFFIC LANES BOTH VEHICLES MOVING,REAR END,STRAIGHT & LEVEL,DAYLIGHT,,,43522.71729,False,57,Accepted,5,5,O,,NOT UNDER PROPER CONTROL,,2019,1
225,24690433,0510100,HENDERSON POLICE DEPARTMENT,Accepted,HENDERSON,,,ELM,ST,S,,,,CENTER,,WASHINGTON,37.83802707,-87.59154606,1.283,2019-02-24,1218,2,2,0,0,CLEAR,DRY,False,VEHICLE BACKING NON INTERSECTION,BACKING,STRAIGHT & LEVEL,DAYLIGHT,,,43523.57964,False,22,Accepted,5,5,O,OTHER,MISJUDGE CLEARANCE,,2019,1
226,24690435,0510100,HENDERSON POLICE DEPARTMENT,Accepted,HENDERSON,US0060,,US60,,E,,WATSON,,,,,37.86471841,-87.55504105,11.396,2019-02-23,1147,2,2,0,0,CLOUDY,DRY,False,ANGLE COLLISION - ONE VEHICLE TURNING LEFT,ANGLE,STRAIGHT & LEVEL,DAYLIGHT,,,43523.57967,False,38,Accepted,5,5,O,,"DISREGARD TRAFFIC CONTROL, FAILED TO YIELD RIGHT OF WAY",,2019,1
228,24691679,0510100,HENDERSON POLICE DEPARTMENT,Accepted,HENDERSON,,,12TH,ST,,,ELM,,,,,37.85282243,-87.58204548,0.19,2019-02-26,1612,2,2,0,0,CLEAR,DRY,False,OTHER INTERSECTION COLLISIONS,REAR END,STRAIGHT & LEVEL,DAYLIGHT,,,43523.71159,False,37,Accepted,5,5,O,,"CELL PHONE, DISTRACTION",BRAKES DEFECTIVE,2019,1
229,24691684,0510100,HENDERSON POLICE DEPARTMENT,Accepted,HENDERSON,US0041,,,,,,,,,,,37.85657939,-87.57534562,0.176,2019-02-21,1525,2,2,0,0,CLOUDY,DRY,False,OTHER RAMP RELATED COLLISIONS NOT LISTED ABOVE,SIDESWIPE-SAME DIRECTION,CURVE & GRADE,DAYLIGHT,US0041,US0060,43523.71196,False,34,Accepted,5,5,O,,INATTENTION,,2019,1
230,24691687,0510100,HENDERSON POLICE DEPARTMENT,Accepted,HENDERSON,US0041,,US41,,N,,,,CANARY,,RETTIG,37.86749181,-87.57210243,16.82,2019-02-21,1545,2,2,0,0,CLEAR,DRY,False,1 VEHICLE ENTERING/LEAVING ENTRANCE,ANGLE,STRAIGHT & LEVEL,DARK (UNKNOWN ROADWAY LIGHTING),,,43523.71221,False,34,Accepted,5,5,O,,INATTENTION,,2019,1
231,24691688,0510100,HENDERSON POLICE DEPARTMENT,Accepted,HENDERSON,,,REID,DR,,KY2084,KY2084,,,,,37.81841074,-87.56984934,,2019-02-26,1444,2,2,0,1,CLEAR,DRY,False,ANGLE COLLISION - OTHER,ANGLE,STRAIGHT & LEVEL,DAYLIGHT,,,43523.71255,False,64,Accepted,3,3,B,,INATTENTION,,2019,1
232,24691824,0510100,HENDERSON POLICE DEPARTMENT,Accepted,HENDERSON,US0041,2600,US41,,N,,,,,,,37.87207301,-87.56950893,17.183,2019-02-26,1621,2,2,0,0,CLEAR,DRY,False,REAR END IN TRAFFIC LANES BOTH VEHICLES MOVING,REAR END,STRAIGHT & LEVEL,DAYLIGHT,,,43523.74548,False,57,Accepted,5,5,O,,INATTENTION,,2019,1
233,24691830,0510100,HENDERSON POLICE DEPARTMENT,Accepted,HENDERSON,US0041,2855,US41,,N,,,,,,,37.8788228,-87.56601848,17.665,2019-02-22,1726,2,2,0,0,CLEAR,DRY,False,REAR END IN TRAFFIC LANES BOTH VEHICLES MOVING,REAR END,STRAIGHT & LEVEL,DARK-HWY NOT LIGHTED,,,43523.7458,False,24,Accepted,5,5,O,,INATTENTION,,2019,1
234,24695963,0510100,HENDERSON POLICE DEPARTMENT,Accepted,HENDERSON,,,ELM,ST,N,,14TH,,,,,37.85480121,-87.58059363,1.299,2019-02-28,757,2,2,0,0,CLOUDY,WET,False,ANGLE COLLISION - OTHER,ANGLE,STRAIGHT & HILLCREST,DAYLIGHT,,,43524.59811,False,38,Accepted,5,5,O,SLIPPERY SURFACE,FAILED TO YIELD RIGHT OF WAY,,2019,1
237,24704011,0510100,HENDERSON POLICE DEPARTMENT,Accepted,HENDERSON,,,BROOMSAGE,LN,,,GARDENGATE,,,,,37.82239558,-87.55485938,,2019-03-01,724,2,2,0,0,CLOUDY,DRY,False,ANGLE COLLISION - OTHER,ANGLE,STRAIGHT & LEVEL,DAYLIGHT,,,43526.39296,False,65,Accepted,5,5,O,,INATTENTION,,2019,1
238,24704012,0510100,HENDERSON POLICE DEPARTMENT,Accepted,HENDERSON,,,GREEN,ST,,,,,SAND ,,FAIR,37.8235835,-87.60332913,,2019-03-01,1155,2,2,0,0,CLOUDY,DRY,False,OTHER ROADWAY OR MID-BLOCK COLLISION,REAR END,STRAIGHT & LEVEL,DAYLIGHT,,,43526.39299,False,23,Accepted,5,5,O,,INATTENTION,,2019,1
239,24704013,0510100,HENDERSON POLICE DEPARTMENT,Accepted,HENDERSON,,,GREEN,ST,N,,RICHARDSON,,,,,37.85545434,-87.57670479,0.007,2019-02-25,756,2,2,0,0,CLEAR,DRY,False,ANGLE COLLISION - OTHER,ANGLE,STRAIGHT & LEVEL,DAYLIGHT,,,43526.39302,False,26,Accepted,5,5,O,,INATTENTION,,2019,1
240,24704014,0510100,HENDERSON POLICE DEPARTMENT,Accepted,HENDERSON,,,CLAY,ST,,,MILL,,,,,37.82675295,-87.58147107,0.261,2019-02-19,1026,2,2,0,0,CLEAR,DRY,False,SIDESWIPE-SAME DIRECTION,SIDESWIPE-SAME DIRECTION,STRAIGHT & LEVEL,DAYLIGHT,,,43526.39321,False,22,Accepted,5,5,O,,DISREGARD TRAFFIC CONTROL,,2019,1
241,24704021,0510100,HENDERSON POLICE DEPARTMENT,Accepted,HENDERSON,US0041A,,GREEN,ST,N,,,,3RD,,4TH,37.84147038,-87.58717232,16.077,2019-02-28,1027,2,2,0,0,RAINING,WET,True,REAR END IN TRAFFIC LANES BOTH VEHICLES MOVING,REAR END,STRAIGHT & LEVEL,DAYLIGHT,,,43526.40072,False,38,Accepted,5,5,O,,INATTENTION,,2019,1
242,24704022,0510100,HENDERSON POLICE DEPARTMENT,Accepted,HENDERSON,,,PLUM,ST,,,ALVES,,,,,37.82797099,-87.59334976,0.24,2019-02-28,1345,2,2,0,0,CLOUDY,WET,False,ANGLE COLLISION - OTHER,ANGLE,STRAIGHT & LEVEL,DAYLIGHT,,,43526.40076,False,38,Accepted,5,5,O,SLIPPERY SURFACE,INATTENTION,TIRES,2019,1
243,24704592,0510100,HENDERSON POLICE DEPARTMENT,Accepted,HENDERSON,KY2084,301,KY2084,,S,,,,,,,37.82004444,-87.56938551,2.132,2019-02-28,1550,2,2,0,0,CLOUDY,WET,False,1 VEHICLE ENTERING/LEAVING ENTRANCE,ANGLE,STRAIGHT & LEVEL,DAYLIGHT,,,43526.63515,False,57,Accepted,5,5,O,,"INATTENTION, MISJUDGE CLEARANCE",,2019,1
244,24705080,0510100,HENDERSON POLICE DEPARTMENT,Accepted,HENDERSON,US0041A,936,GREEN,ST,N,,,,,,,37.85076277,-87.58116291,16.808,2019-02-25,1442,2,2,0,1,CLEAR,DRY,False,1 VEHICLE ENTERING/LEAVING ENTRANCE,ANGLE,STRAIGHT & GRADE,DAYLIGHT,,,43526.76852,False,57,Accepted,5,4,C,,"INATTENTION, MISJUDGE CLEARANCE",,2019,1
245,24705085,0510100,HENDERSON POLICE DEPARTMENT,Accepted,HENDERSON,US0041A,1651,GREEN,ST,S,,,,,,,37.81679418,-87.61370444,13.76,2019-02-28,1509,2,2,0,1,RAINING,WET,False,HEAD-ON COLLISION,HEAD ON,STRAIGHT & LEVEL,DAYLIGHT,,,43526.76873,False,61,Accepted,5,3,B,,"FAILED TO YIELD RIGHT OF WAY, INATTENTION",,2019,1
246,24705599,0510100,HENDERSON POLICE DEPARTMENT,Accepted,HENDERSON,US0041A,,GREEN,ST,N,,RICHARDSON,,,,,37.85548697,-87.57667369,17.23,2019-03-01,1619,2,2,0,0,CLEAR,DRY,False,OTHER INTERSECTION COLLISIONS,REAR END,STRAIGHT & LEVEL,DAYLIGHT,,,43526.96007,False,24,Accepted,5,5,O,,INATTENTION,,2019,1
247,24705815,0510100,HENDERSON POLICE DEPARTMENT,Accepted,HENDERSON,,,RICHARDSON,AVE,,,,,,,,37.85544165,-87.57671769,0.309,2019-02-22,2319,2,2,0,2,CLEAR,DRY,False,1 VEHICLE ENTERING/LEAVING ENTRANCE,ANGLE,STRAIGHT & LEVEL,DARK-HWY LIGHTED/ON,,,43527.01049,False,62,Accepted,4,4,C,,INATTENTION,,2019,1
248,24705862,0510100,HENDERSON POLICE DEPARTMENT,Accepted,HENDERSON,US0041A,1005,GREEN,ST,S,,,,,,,37.82689287,-87.60005309,14.88,2019-01-11,2237,1,1,0,1,SNOWING,SNOW/SLUSH,False,COLLISION WITH FIXED OBJECT NON - INTERSECTION - FIRST EVENT COLLISION 09 - 32 EXCLUDING 16,SINGLE VEHICLE,STRAIGHT & LEVEL,DARK-HWY LIGHTED/OFF,,,43527.0336,False,17,Accepted,5,4,C,SLIPPERY SURFACE,"NOT UNDER PROPER CONTROL, TOO FAST FOR CONDITIONS",,2019,1
249,24707802,0510100,HENDERSON POLICE DEPARTMENT,Accepted,HENDERSON,KY0812,,AIRLINE,RD,,,,,,,,37.81744617,-87.56467743,7.083,2019-03-01,1744,2,2,0,0,CLEAR,DRY,False,REAR END IN TRAFFIC LANES BOTH VEHICLES MOVING,REAR END,STRAIGHT & LEVEL,DARK-HWY LIGHTED/ON,,,43527.7954,False,50,Accepted,5,5,O,,INATTENTION,,2019,1
257,24721676,0510100,HENDERSON POLICE DEPARTMENT,Accepted,HENDERSON,,,MAIN,ST,S,,,,DRURY,,MCLEAN,37.81835361,-87.61477463,,2019-03-06,820,1,1,0,0,CLEAR,DRY,False,COLLISION WITH FIXED OBJECT NON - INTERSECTION - FIRST EVENT COLLISION 09 - 32 EXCLUDING 16,SINGLE VEHICLE,STRAIGHT & LEVEL,DAYLIGHT,,,43530.61679,False,23,Accepted,5,5,O,,FELL ASLEEP,,2019,1
258,24722187,0510100,HENDERSON POLICE DEPARTMENT,Accepted,HENDERSON,US0060,,US60,,E,,MARYWOOD,,,,,37.86097623,-87.56480088,10.786,2019-03-05,744,2,2,0,2,CLEAR,DRY,False,ANGLE COLLISION - OTHER,ANGLE,STRAIGHT & GRADE,DAYLIGHT,,,43530.67882,False,26,Accepted,5,3,B,,"INATTENTION, MISJUDGE CLEARANCE",,2019,1
260,24723121,0510100,HENDERSON POLICE DEPARTMENT,Accepted,HENDERSON,,,DIXON,ST,,US0041A,GREEN,,,,,37.83289839,-87.59410123,0.001,2019-03-05,1500,2,2,0,1,CLEAR,DRY,False,ANGLE COLLISION - OTHER,ANGLE,STRAIGHT & LEVEL,DAYLIGHT,,,43530.86399,False,46,Accepted,5,3,B,,INATTENTION,,2019,1
261,24723153,0510100,HENDERSON POLICE DEPARTMENT,Accepted,HENDERSON,,230,ALVASIA,ST,N,,,,,,,37.83805183,-87.58208526,0.227,2019-03-05,2148,1,1,0,1,CLEAR,DRY,False,COLLISION WITH FIXED OBJECT NON - INTERSECTION - FIRST EVENT COLLISION 09 - 32 EXCLUDING 16,SINGLE VEHICLE,STRAIGHT & LEVEL,DARK (UNKNOWN ROADWAY LIGHTING),,,43530.8767,False,64,Accepted,5,3,B,,"INATTENTION, NOT UNDER PROPER CONTROL, TOO FAST FOR CONDITIONS",,2019,1
262,24723317,0510100,HENDERSON POLICE DEPARTMENT,Accepted,HENDERSON,US0041A,400,GREEN,ST,N,,,,,,,37.84331522,-87.58596897,16.216,2019-03-04,1615,2,2,0,2,CLEAR,DRY,False,OTHER ROADWAY OR MID-BLOCK COLLISION,REAR END,STRAIGHT & LEVEL,DAYLIGHT,,,43530.93235,False,50,Accepted,4,4,C,,DISTRACTION,,2019,1
264,24725546,0510100,HENDERSON POLICE DEPARTMENT,Accepted,HENDERSON,,,ATKINSON,ST,,,,,WASHINGTON,,GRAND,37.82747391,-87.57742003,0.046,2019-03-05,748,2,2,0,0,CLEAR,DRY,False,REAR END IN TRAFFIC LANES BOTH VEHICLES MOVING,REAR END,CURVE & LEVEL,DAYLIGHT,,,43531.41995,False,22,Accepted,5,5,O,,INATTENTION,,2019,1
265,24725548,0510100,HENDERSON POLICE DEPARTMENT,Accepted,HENDERSON,US0041,,US41,,N,,BARRET,,,,,37.8643375,-87.57373692,16.582,2019-03-05,1217,3,3,0,0,CLEAR,DRY,False,ANGLE COLLISION - OTHER,ANGLE,STRAIGHT & LEVEL,DAYLIGHT,,,43531.42002,False,38,Accepted,5,5,O,,"FAILED TO YIELD RIGHT OF WAY, TURNING IMPROPERLY",,2019,1