OBJECTID,IncidentID,AgencyORI,AgencyName,IncidentStatusDesc,County,RdwyNumber,Street,RoadwayName,StreetSfx,StreetDir,IntersectionRdwy,IntersectionRdwyName,BetweenStRdwy1,BetweenStRdwyName1,BetweenStRdwy2,BetweenStRdwyName2,Latitude,Longitude,Milepoint,CollisionDate,CollisionTime,UnitsInvolved,MotorVehiclesInvolved,NumberKilled,NumberInjured,Weather,RdwyConditionCode,HitandRun,DirAnalysisCode,MannerofCollision,RdwyCharacter,LightCondition,RampFromRdwyId,RampToRdwyId,AcceptedDate,IsSecondaryCollision,OwnerBadge,IncidentStatus,InjurySeverityCde,KABCO_Code,KABCO,Environmental_Factors,Human_Factors,Vehicular_Factors,CollisionYear,CityCrash
266,24725549,0510100,HENDERSON POLICE DEPARTMENT,Accepted,HENDERSON,US0041A,1408,GREEN,ST,N,,,,,,,37.85478065,-87.57784261,17.15,2019-02-25,1209,2,2,0,1,CLEAR,DRY,False,OTHER ROADWAY OR MID-BLOCK COLLISION,OPPOSING LEFT TURN,STRAIGHT & LEVEL,DAYLIGHT,,,43531.42013,False,26,Accepted,4,4,C,,MISJUDGE CLEARANCE,,2019,1
267,24725550,0510100,HENDERSON POLICE DEPARTMENT,Accepted,HENDERSON,,,HI Y,DR,,,,,,,,37.85818939,-87.57813558,0.018,2019-03-06,755,2,2,0,0,CLEAR,DRY,False,VEHICLE BACKING NON INTERSECTION,BACKING,STRAIGHT & GRADE,DAYLIGHT,,,43531.42019,False,38,Accepted,5,5,O,,INATTENTION,,2019,1
268,24728802,0510100,HENDERSON POLICE DEPARTMENT,Accepted,HENDERSON,US0041,2480,US41,,N,,,,,,,37.8715206,-87.56966853,17.123,2019-03-07,1411,2,2,0,0,CLEAR,DRY,False,REAR END IN TRAFFIC LANES BOTH VEHICLES MOVING,REAR END,STRAIGHT & LEVEL,DAYLIGHT,,,43531.90521,False,24,Accepted,5,5,O,,"INATTENTION, MISJUDGE CLEARANCE",,2019,1
269,24728919,0510100,HENDERSON POLICE DEPARTMENT,Accepted,HENDERSON,KY2084,,KY2084,,S,,FRANCIS,,,,,37.81659086,-87.57033717,1.887,2019-02-26,1615,2,2,0,0,CLEAR,DRY,False,OTHER INTERSECTION COLLISIONS,REAR END,STRAIGHT & LEVEL,DAYLIGHT,,,43531.93699,False,34,Accepted,5,5,O,BACKUP DUE TO REGULAR CONGESTION,FOLLOWING TOO CLOSE,,2019,1
270,24728920,0510100,HENDERSON POLICE DEPARTMENT,Accepted,HENDERSON,KY0351,1707,2ND,ST,,,,,,,,37.8317013,-87.57016691,1.135,2019-02-28,1525,2,2,0,0,RAINING,WET,False,REAR END IN TRAFFIC LANES BOTH VEHICLES MOVING,REAR END,STRAIGHT & LEVEL,DAYLIGHT,,,43531.93702,False,37,Accepted,5,5,O,SLIPPERY SURFACE,INATTENTION,,2019,1
271,24728924,0510100,HENDERSON POLICE DEPARTMENT,Accepted,HENDERSON,US0041A,,GREEN,ST,N,,14TH,,,,,37.85426087,-87.57867238,17.091,2019-03-01,1806,2,2,0,0,CLEAR,DRY,False,OTHER INTERSECTION COLLISIONS,REAR END,STRAIGHT & LEVEL,DARK-HWY LIGHTED/ON,,,43531.9389,False,37,Accepted,5,5,O,,"INATTENTION, MISJUDGE CLEARANCE, TURNING IMPROPERLY",,2019,1
274,24734484,0510100,HENDERSON POLICE DEPARTMENT,Accepted,HENDERSON,US0041,,US41,,N,,RETTIG,,,,,37.86730117,-87.57227896,16.806,2019-03-08,920,2,2,0,1,CLOUDY,WET,False,OTHER INTERSECTION COLLISIONS,REAR END,STRAIGHT & LEVEL,DAYLIGHT,,,43533.55297,False,29,Accepted,5,4,C,,INATTENTION,,2019,1
275,24734485,0510100,HENDERSON POLICE DEPARTMENT,Accepted,HENDERSON,US0041A,,GREEN,ST,N,,5TH,,,,,37.84330611,-87.5859922,16.217,2019-02-24,1221,2,2,0,0,CLEAR,DRY,False,OTHER INTERSECTION COLLISIONS,REAR END,STRAIGHT & LEVEL,DAYLIGHT,,,43533.55309,False,26,Accepted,5,5,O,,MISJUDGE CLEARANCE,,2019,1
276,24734856,0510100,HENDERSON POLICE DEPARTMENT,Accepted,HENDERSON,,500,ADAMS,ST,N,,5TH,,,,,37.84220219,-87.58336623,0.463,2019-03-07,1704,2,2,0,0,CLEAR,DRY,False,OTHER INTERSECTION COLLISIONS,REAR END,STRAIGHT & LEVEL,DAYLIGHT,,,43533.67835,False,61,Accepted,5,5,O,,INATTENTION,,2019,1
277,24734857,0510100,HENDERSON POLICE DEPARTMENT,Accepted,HENDERSON,,,7TH,ST,,US0041A,GREEN,,,,,37.84552578,-87.58397002,0.324,2019-03-08,1506,2,2,0,0,CLEAR,DRY,False,OTHER INTERSECTION COLLISIONS,REAR END,STRAIGHT & LEVEL,DAYLIGHT,,,43533.67839,False,37,Accepted,5,5,O,,"DISTRACTION, INATTENTION",,2019,1
278,24734858,0510100,HENDERSON POLICE DEPARTMENT,Accepted,HENDERSON,,2500,GREEN RIVER,RD,,,,,,,,37.86797335,-87.55885989,0.633,2019-03-08,1536,2,2,0,0,CLOUDY,DRY,False,1 VEHICLE ENTERING/LEAVING ENTRANCE,ANGLE,STRAIGHT & LEVEL,DAYLIGHT,,,43533.67843,False,57,Accepted,5,5,O,,"DISREGARD TRAFFIC CONTROL, INATTENTION, MISJUDGE CLEARANCE",,2019,1
279,24734859,0510100,HENDERSON POLICE DEPARTMENT,Accepted,HENDERSON,US0041,2225,US41,,N,,,,,,,37.87421598,-87.5683205,17.318,2019-03-08,1732,2,2,0,0,CLOUDY,DRY,False,1 VEHICLE ENTERING/LEAVING ENTRANCE,ANGLE,STRAIGHT & LEVEL,DAYLIGHT,,,43533.67845,False,57,Accepted,5,5,O,,INATTENTION,,2019,1
280,24734860,0510100,HENDERSON POLICE DEPARTMENT,Accepted,HENDERSON,US0041A,,US41 ALT,,,,,,,,,37.85743812,-87.57299081,17.403,2019-03-08,1546,2,2,0,0,CLEAR,DRY,False,1 VEHICLE ENTERING/LEAVING ENTRANCE,ANGLE,STRAIGHT & LEVEL,DAYLIGHT,,,43533.67848,False,50,Accepted,5,5,O,,,,2019,1
281,24734965,0510100,HENDERSON POLICE DEPARTMENT,Accepted,HENDERSON,KY2084,,KY2084,,S,,REID,,,,,37.81832606,-87.56984513,2.01,2019-03-08,1834,2,2,0,3,CLEAR,DRY,False,ANGLE COLLISION - OTHER,ANGLE,STRAIGHT & LEVEL,DARK-HWY LIGHTED/OFF,,,43533.70239,False,24,Accepted,4,4,C,,"INATTENTION, MISJUDGE CLEARANCE",,2019,1
282,24734966,0510100,HENDERSON POLICE DEPARTMENT,Accepted,HENDERSON,,834,POND,ST,,,,,,,,37.82399083,-87.58617597,0.146,2019-03-08,1415,2,2,0,0,CLOUDY,DRY,False,VEHICLE BACKING NON INTERSECTION,BACKING,STRAIGHT & LEVEL,DAYLIGHT,,,43533.70242,False,24,Accepted,5,5,O,,INATTENTION,,2019,1
284,24737568,0510100,HENDERSON POLICE DEPARTMENT,Accepted,HENDERSON,US0041,2480,US41,,N,,,,,,,37.87161881,-87.56978366,17.127,2019-03-09,2030,2,2,0,0,CLEAR,WET,False,REAR END IN TRAFFIC LANES BOTH VEHICLES MOVING,REAR END,STRAIGHT & LEVEL,DAYLIGHT,,,43534.70842,False,24,Accepted,5,5,O,,INATTENTION,,2019,1
285,24737571,0510100,HENDERSON POLICE DEPARTMENT,Accepted,HENDERSON,US0041A,,GREEN,ST,S,,CANOE CREEK,,,,,37.82050102,-87.60783433,14.177,2019-03-08,1555,2,2,0,0,CLEAR,DRY,False,OTHER INTERSECTION COLLISIONS,REAR END,STRAIGHT & LEVEL,DAYLIGHT,,,43534.70862,False,37,Accepted,5,5,O,,INATTENTION,,2019,1
286,24737575,0510100,HENDERSON POLICE DEPARTMENT,Accepted,HENDERSON,,,BARRET,BLVD,,US0041,US41,,,,,37.86416712,-87.57335336,0.877,2019-03-09,1943,2,2,0,0,CLOUDY,WET,False,ANGLE COLLISION - OTHER,ANGLE,STRAIGHT & LEVEL,DARK-HWY NOT LIGHTED,,,43534.70961,False,24,Accepted,5,5,O,,"INATTENTION, MISJUDGE CLEARANCE",,2019,1
288,24743547,0510100,HENDERSON POLICE DEPARTMENT,Accepted,HENDERSON,US0041,,US41,,N,,ROBIN,,,,,37.86863157,-87.5715665,16.898,2019-03-10,1920,2,2,0,0,CLEAR,DRY,True,ANGLE COLLISION - ONE VEHICLE TURNING LEFT,ANGLE,STRAIGHT & LEVEL,DARK-HWY LIGHTED/ON,,,43535.73931,False,61,Accepted,5,5,O,,MISJUDGE CLEARANCE,,2019,1
289,24743549,0510100,HENDERSON POLICE DEPARTMENT,Accepted,HENDERSON,US0041,,US41,,N,KY2084,KY2084,,,,,37.82462033,-87.56738527,13.399,2019-03-10,1859,1,1,0,0,CLEAR,DRY,False,COLLISION WITH FIXED OBJECT IN INTERSECTION - FIRST EVENT COLLISION 09 - 32,SINGLE VEHICLE,CURVE & LEVEL,DARK (UNKNOWN ROADWAY LIGHTING),,,43535.73933,False,64,Accepted,5,5,O,,,"BRAKES DEFECTIVE, STEERING FAILURE",2019,1
290,24745937,0510100,HENDERSON POLICE DEPARTMENT,Accepted,HENDERSON,US0041A,,GREEN,ST,S,,,,CLAY,,CLAY,37.83389333,-87.59311211,15.435,2019-03-11,719,2,2,0,0,CLEAR,DRY,False,SIDESWIPE COLLISION - SAME DIRECTION,SIDESWIPE-SAME DIRECTION,STRAIGHT & LEVEL,DAYLIGHT,,,43536.37183,False,60,Accepted,5,5,O,,FAILED TO YIELD RIGHT OF WAY,,2019,1
291,24746028,0510100,HENDERSON POLICE DEPARTMENT,Accepted,HENDERSON,,,GREEN RIVER,RD,,,LAMONT,,,,,37.86797039,-87.55881785,0.635,2019-03-11,932,2,2,0,0,CLEAR,DRY,False,ANGLE COLLISION - OTHER,ANGLE,STRAIGHT & LEVEL,DAYLIGHT,,,43536.38167,False,29,Accepted,5,5,O,,FAILED TO YIELD RIGHT OF WAY,,2019,1
292,24751759,0510100,HENDERSON POLICE DEPARTMENT,Accepted,HENDERSON,US0041,,US41,,N,,,,PAUL,,BARKER,37.87412501,-87.56839803,17.315,2019-03-13,742,2,2,0,0,CLOUDY,DRY,False,REAR END IN TRAFFIC LANES BOTH VEHICLES MOVING,REAR END,STRAIGHT & LEVEL,DAYLIGHT,,,43537.45997,False,67,Accepted,5,5,O,,INATTENTION,,2019,1
297,24759579,0510100,HENDERSON POLICE DEPARTMENT,Accepted,HENDERSON,,,3RD,ST,,,INGRAM,,,,,37.84016149,-87.58657464,0.362,2019-03-13,1655,2,2,0,0,CLEAR,DRY,False,OTHER INTERSECTION COLLISIONS,REAR TO REAR,STRAIGHT & LEVEL,DAYLIGHT,,,43538.92471,False,37,Accepted,5,5,O,,MISJUDGE CLEARANCE,,2019,1
298,24759752,0510100,HENDERSON POLICE DEPARTMENT,Accepted,HENDERSON,US0041,,2ND STREET,,,,,,,,,37.83093202,-87.56768987,0.059,2019-03-09,1800,2,1,0,1,CLOUDY,WATER (STANDING OR MOVING),True,OTHER RAMP RELATED COLLISIONS NOT LISTED ABOVE,SINGLE VEHICLE,STRAIGHT & LEVEL,DARK-HWY LIGHTED/OFF,KY0351,US0041,43538.9699,False,50,Accepted,3,3,B,,OTHER,,2019,1
301,24763727,0510100,HENDERSON POLICE DEPARTMENT,Accepted,HENDERSON,US0041,,US41,,N,,WATSON,,,,,37.87534221,-87.56774801,17.412,2019-03-13,1718,2,2,0,0,CLEAR,DRY,False,ANGLE COLLISION - OTHER,ANGLE,STRAIGHT & LEVEL,DAYLIGHT,,,43539.74575,False,24,Accepted,5,5,O,,"DISTRACTION, INATTENTION",,2019,1
302,24765231,0510100,HENDERSON POLICE DEPARTMENT,Accepted,HENDERSON,US0041,1900,US41,,N,,,,,,,37.86190882,-87.57505901,16.4,2019-03-14,457,2,2,0,0,RAINING,WET,False,SIDESWIPE COLLISION - SAME DIRECTION,SIDESWIPE-SAME DIRECTION,CURVE & LEVEL,DARK-HWY LIGHTED/ON,,,43540.26144,False,63,Accepted,5,5,O,,INATTENTION,,2019,1
305,24766833,0510100,HENDERSON POLICE DEPARTMENT,Accepted,HENDERSON,,2526,WOOD,DR,,,,,,,,37.86800139,-87.56414843,0.105,2019-03-14,1614,2,2,0,0,CLEAR,DRY,True,1 VEHICLE PARKED POSITION (NOT PARKING LOT/DRIVEWAY),SIDESWIPE-OPPOSITE DIRECTION,STRAIGHT & LEVEL,DAYLIGHT,,,43540.78669,False,24,Accepted,5,5,O,,INATTENTION,,2019,1
306,24766834,0510100,HENDERSON POLICE DEPARTMENT,Accepted,HENDERSON,US0041,2855,US41,,N,,,,,,,37.87912964,-87.56584014,17.689,2019-03-09,1529,2,2,0,0,CLOUDY,WET,False,1 VEHICLE ENTERING/LEAVING ENTRANCE,ANGLE,STRAIGHT & LEVEL,DAYLIGHT,,,43540.7867,False,24,Accepted,5,5,O,,"INATTENTION, MISJUDGE CLEARANCE, TURNING IMPROPERLY",,2019,1
307,24768665,0510100,HENDERSON POLICE DEPARTMENT,Accepted,HENDERSON,US0041,,US41,,N,,,,VAN WYK,US0041,US41 CROSSOVER,37.84233267,-87.5653399,14.918,2019-03-14,800,2,2,0,0,CLOUDY,DRY,False,OTHER ROADWAY OR MID-BLOCK COLLISION,REAR END,STRAIGHT & LEVEL,DAYLIGHT,,,43541.35881,False,65,Accepted,5,5,O,,INATTENTION,,2019,1
308,24769651,0510100,HENDERSON POLICE DEPARTMENT,Accepted,HENDERSON,US0041A,629,GREEN,ST,S,,,,,,,37.82884964,-87.59806205,15.102,2019-03-16,1411,2,2,0,0,CLEAR,DRY,False,OTHER ROADWAY OR MID-BLOCK COLLISION,REAR END,STRAIGHT & LEVEL,DAYLIGHT,,,43541.71585,False,61,Accepted,5,5,O,,"EXCEEDED STATED SPEED LIMIT, INATTENTION",,2019,1
311,24779882,0510100,HENDERSON POLICE DEPARTMENT,Accepted,HENDERSON,,500,ELM,ST,N,,,,,,,37.84397379,-87.58750842,0.466,2019-03-18,1848,1,1,0,0,CLEAR,DRY,False,COLLISION WITH FIXED OBJECT NON - INTERSECTION - FIRST EVENT COLLISION 09 - 32 EXCLUDING 16,SINGLE VEHICLE,STRAIGHT & LEVEL,DAYLIGHT,,,43543.0305,False,16,Accepted,5,5,O,,MISJUDGE CLEARANCE,,2019,1
312,24785783,0510000,HENDERSON COUNTY SHERIFF DEPT.,Accepted,HENDERSON,,1998,BARRET,BLVD,,,,,,,,37.86042683,-87.56854237,0.387,2019-03-19,640,1,1,0,0,CLOUDY,DRY,False,COLLISION WITH FIXED OBJECT NON - INTERSECTION - FIRST EVENT COLLISION 09 - 32 EXCLUDING 16,SINGLE VEHICLE,STRAIGHT & LEVEL,DARK-HWY NOT LIGHTED,,,43543.50601,False,132,Accepted,5,5,O,,INATTENTION,,2019,1
314,24789623,0510100,HENDERSON POLICE DEPARTMENT,Accepted,HENDERSON,,300,1ST,ST,,,,,,,,37.83825026,-87.58931987,0.289,2019-03-17,1459,2,2,0,0,CLEAR,DRY,False,VEHICLE BACKING NON INTERSECTION,BACKING,STRAIGHT & LEVEL,DAYLIGHT,,,43543.69066,False,50,Accepted,5,5,O,,"IMPROPER BACKING, INATTENTION",,2019,1
315,24789626,0510100,HENDERSON POLICE DEPARTMENT,Accepted,HENDERSON,,,ELM,ST,N,,,,,,,37.85857288,-87.57834456,1.633,2019-03-18,1644,2,2,0,1,CLEAR,DRY,False,OTHER ROADWAY OR MID-BLOCK COLLISION,REAR END,STRAIGHT & LEVEL,DAYLIGHT,,,43543.69075,False,50,Accepted,4,4,C,,INATTENTION,BRAKES DEFECTIVE,2019,1
316,24789627,0510100,HENDERSON POLICE DEPARTMENT,Accepted,HENDERSON,US0041A,1500,GREEN,ST,S,,SMITH,,,,,37.81998759,-87.60874778,14.115,2019-03-01,2130,2,2,0,0,CLOUDY,DRY,True,ANGLE COLLISION - ONE VEHICLE TURNING LEFT,ANGLE,STRAIGHT & LEVEL,DARK (UNKNOWN ROADWAY LIGHTING),,,43543.69088,False,46,Accepted,5,5,O,,"IMPROPER PASSING, INATTENTION",,2019,1
318,24805526,0510100,HENDERSON POLICE DEPARTMENT,Accepted,HENDERSON,US0041,,US41,,N,,,,BARKER,,WALKER,37.87189327,-87.56975259,17.146,2019-03-15,723,2,2,0,0,CLEAR,DRY,False,SIDESWIPE COLLISION - SAME DIRECTION,SIDESWIPE-SAME DIRECTION,STRAIGHT & LEVEL,DAYLIGHT,,,43544.59088,False,29,Accepted,5,5,O,,INATTENTION,,2019,1
319,24805527,0510100,HENDERSON POLICE DEPARTMENT,Accepted,HENDERSON,US0060,,GREEN,ST,S,,,,COMMUNITY,,DANA,37.80341278,-87.638877,9.249,2019-03-19,1014,2,2,0,2,CLEAR,DRY,False,REAR END IN TRAFFIC LANES BOTH VEHICLES MOVING,REAR END,STRAIGHT & LEVEL,DAYLIGHT,,,43544.59095,False,60,Accepted,5,4,C,,NOT UNDER PROPER CONTROL,,2019,1
321,24838076,0510100,HENDERSON POLICE DEPARTMENT,Accepted,HENDERSON,US0060,,US60,,E,,BARRET,,,,,37.85985398,-87.56778154,10.596,2019-03-20,1402,2,2,0,4,RAINING,WET,False,ANGLE COLLISION - ONE VEHICLE TURNING LEFT,ANGLE,STRAIGHT & LEVEL,DAYLIGHT,,,43545.83036,False,24,Accepted,4,4,C,SLIPPERY SURFACE,"DISREGARD TRAFFIC CONTROL, INATTENTION",BRAKES DEFECTIVE,2019,1
322,24838077,0510100,HENDERSON POLICE DEPARTMENT,Accepted,HENDERSON,US0060,2111,US60,,E,,,,,,,37.86046015,-87.56636849,10.689,2019-03-18,1619,2,2,0,0,CLEAR,DRY,False,1 VEHICLE ENTERING/LEAVING ENTRANCE,ANGLE,STRAIGHT & GRADE,DAYLIGHT,,,43545.83046,False,57,Accepted,5,5,O,,"INATTENTION, MISJUDGE CLEARANCE",,2019,1
323,24845086,0510000,HENDERSON COUNTY SHERIFF DEPT.,Accepted,HENDERSON,,,POWELL,ST,,,INGRAM,,,,,37.83438154,-87.5906995,0.38,2019-03-21,2045,2,2,0,0,CLEAR,DRY,False,ANGLE COLLISION - OTHER,ANGLE,STRAIGHT & LEVEL,DARK-HWY LIGHTED/ON,,,43547.66608,False,131,Accepted,5,5,O,,INATTENTION,,2019,1
324,24847312,0510100,HENDERSON POLICE DEPARTMENT,Accepted,HENDERSON,,,ELM,ST,N,,10TH,,,,,37.85017841,-87.58352496,0.942,2019-03-22,1254,2,2,0,0,CLEAR,DRY,False,OTHER INTERSECTION COLLISIONS,REAR END,STRAIGHT & LEVEL,DAYLIGHT,,,43548.42888,False,36,Accepted,5,5,O,,INATTENTION,,2019,1
325,24847315,0510100,HENDERSON POLICE DEPARTMENT,Accepted,HENDERSON,,,ELM,ST,N,,12TH,,,,,37.85276732,-87.58190901,1.145,2019-03-21,858,2,2,0,0,CLEAR,DRY,False,ANGLE COLLISION - OTHER,ANGLE,STRAIGHT & LEVEL,DAYLIGHT,,,43548.42906,False,36,Accepted,5,5,O,,"FAILED TO YIELD RIGHT OF WAY, INATTENTION",,2019,1
326,24849459,0510100,HENDERSON POLICE DEPARTMENT,Accepted,HENDERSON,US0041,1900,US41,,N,,,,,,,37.8611453,-87.57518852,16.352,2019-03-21,148,1,1,0,0,CLEAR,WET,False,OTHER ROADWAY OR MID-BLOCK COLLISION,SINGLE VEHICLE,CURVE & HILLCREST,DARK (UNKNOWN ROADWAY LIGHTING),,,43549.16471,False,63,Accepted,5,5,O,SLIPPERY SURFACE,,,2019,1
327,24851582,0510000,HENDERSON COUNTY SHERIFF DEPT.,Accepted,HENDERSON,KY0351,,ZION,RD,,,,,ARLINGTON,US0041,US41 RAMP FROM KY351,37.82992938,-87.56359187,1.517,2019-03-23,2234,1,1,0,0,CLEAR,DRY,False,COLLISION WITH ANIMAL NON INTERSECTION,SINGLE VEHICLE,STRAIGHT & LEVEL,DARK-HWY LIGHTED/ON,,,43549.4721,False,142,Accepted,5,5,O,ANIMALS ACTION,,,2019,1
330,24852090,0510100,HENDERSON POLICE DEPARTMENT,Accepted,HENDERSON,,1195,BARRET,BLVD,,,,,,,,37.85799412,-87.5672632,0.207,2019-03-21,1104,2,2,0,0,CLEAR,DRY,True,1 VEHICLE PARKED POSITION (NOT PARKING LOT/DRIVEWAY),ANGLE,STRAIGHT & LEVEL,DAYLIGHT,,,43549.54181,False,29,Accepted,5,5,O,,OTHER,OTHER,2019,1
331,24852093,0510100,HENDERSON POLICE DEPARTMENT,Accepted,HENDERSON,US0041A,,GREEN,ST,S,,,,CLAY,,DIXON,37.83293821,-87.59408712,15.365,2019-03-22,1225,2,2,0,0,CLEAR,DRY,False,1 VEHICLE ENTERING/LEAVING ENTRANCE,ANGLE,STRAIGHT & LEVEL,DAYLIGHT,,,43549.54264,False,65,Accepted,5,5,O,,INATTENTION,,2019,1
332,24853153,0510100,HENDERSON POLICE DEPARTMENT,Accepted,HENDERSON,,,ATKINSON,ST,,,WASHINGTON,,,,,37.82800441,-87.57692292,0.001,2019-03-23,1746,2,2,0,0,CLEAR,DRY,False,ANGLE COLLISION - OTHER,ANGLE,STRAIGHT & LEVEL,DAYLIGHT,,,43549.64733,False,61,Accepted,5,5,O,,MISJUDGE CLEARANCE,,2019,1
333,24856417,0510100,HENDERSON POLICE DEPARTMENT,Accepted,HENDERSON,,251,BLUE RIDGE,RD,,,,,,,,37.82276191,-87.57108653,0.091,2019-03-18,1110,2,2,0,0,CLEAR,DRY,False,1 VEHICLE PARKED POSITION (NOT PARKING LOT/DRIVEWAY),BACKING,STRAIGHT & LEVEL,DAYLIGHT,,,43550.41157,False,22,Accepted,5,5,O,,MISJUDGE CLEARANCE,,2019,1
335,24858240,0510100,HENDERSON POLICE DEPARTMENT,Accepted,HENDERSON,US0041,2700,US41,,N,,,,,,,37.87714555,-87.56675787,17.544,2019-03-18,2139,1,1,0,0,CLEAR,DRY,False,COLLISION WITH ANIMAL NON INTERSECTION,SINGLE VEHICLE,STRAIGHT & LEVEL,DARK (UNKNOWN ROADWAY LIGHTING),,,43550.67293,False,57,Accepted,5,5,O,ANIMALS ACTION,,,2019,1
336,24858247,0510100,HENDERSON POLICE DEPARTMENT,Accepted,HENDERSON,US0060,,US60,,E,,BEND GATE,,,,,37.86472755,-87.55653098,11.304,2019-03-24,1751,2,2,0,0,CLOUDY,DRY,False,ANGLE COLLISION - OTHER,ANGLE,STRAIGHT & HILLCREST,DAYLIGHT,,,43550.67387,False,24,Accepted,5,5,O,,"INATTENTION, MISJUDGE CLEARANCE",,2019,1
337,24858252,0510100,HENDERSON POLICE DEPARTMENT,Accepted,HENDERSON,US0041,2511,US41,,N,,,,,,,37.87316596,-87.56909314,17.241,2019-03-22,2105,2,2,0,0,CLEAR,DRY,True,1 VEHICLE ENTERING/LEAVING ENTRANCE,ANGLE,STRAIGHT & LEVEL,DARK-HWY LIGHTED/ON,,,43550.67398,False,24,Accepted,5,5,O,,"ALCOHOL INVOLVEMENT, INATTENTION, MISJUDGE CLEARANCE",,2019,1
338,24858514,0510100,HENDERSON POLICE DEPARTMENT,Accepted,HENDERSON,US0060,1056,US60,,E,,,,,,,37.86482418,-87.54412812,11.988,2019-03-25,1435,2,2,0,0,CLEAR,DRY,False,SIDESWIPE COLLISION - SAME DIRECTION,SIDESWIPE-SAME DIRECTION,STRAIGHT & LEVEL,DAYLIGHT,,,43550.69957,False,50,Accepted,5,5,O,,INATTENTION,,2019,1
339,24858517,0510100,HENDERSON POLICE DEPARTMENT,Accepted,HENDERSON,US0060,2130,US60,,E,,,,,,,37.86010519,-87.56718638,10.58,2019-03-25,1000,2,2,0,0,CLOUDY,DRY,False,1 VEHICLE PARKED POSITION (NOT PARKING LOT/DRIVEWAY),ANGLE,STRAIGHT & LEVEL,DAYLIGHT,,,43550.69965,False,46,Accepted,5,5,O,,INATTENTION,,2019,1
340,24861785,0510100,HENDERSON POLICE DEPARTMENT,Accepted,HENDERSON,US0041A,300,GREEN,ST,S,,,,CLAY,,CLAY,37.83386249,-87.59319478,15.452,2019-02-11,1220,2,2,0,0,RAINING,WET,False,1 VEHICLE ENTERING/LEAVING ENTRANCE,ANGLE,STRAIGHT & LEVEL,DAYLIGHT,,,43551.42631,False,7,Accepted,5,5,O,,INATTENTION,,2019,1
341,24861863,0510100,HENDERSON POLICE DEPARTMENT,Accepted,HENDERSON,,,COUNTRY,DR,,,,,ILEX,,PEGGY,37.80496395,-87.58931368,0.137,2019-03-27,714,2,2,0,0,CLEAR,DRY,False,VEHICLE BACKING NON INTERSECTION,BACKING,STRAIGHT & LEVEL,DAYLIGHT,,,43551.43776,False,60,Accepted,5,5,O,,INATTENTION,OVERSIZED LOAD ON VEHICLE,2019,1
342,24868457,0510100,HENDERSON POLICE DEPARTMENT,Accepted,HENDERSON,US0041,1950,US41,,N,,,,,,,37.86341409,-87.57455446,16.506,2019-03-27,1633,2,2,0,0,CLEAR,DRY,False,REAR END IN TRAFFIC LANES BOTH VEHICLES MOVING,REAR END,STRAIGHT & LEVEL,DAYLIGHT,,,43552.64873,False,24,Accepted,5,5,O,,"INATTENTION, MISJUDGE CLEARANCE",,2019,1
343,24868459,0510100,HENDERSON POLICE DEPARTMENT,Accepted,HENDERSON,KY0351,,ZION,RD,,US0041,US41 RAMP KY351,,,,,37.83050898,-87.56549078,1.405,2019-03-27,1635,2,2,0,0,CLEAR,DRY,False,REAR END - ONE VEHICLE TURNING RIGHT,REAR END,STRAIGHT & LEVEL,DAYLIGHT,,,43552.64882,False,55,Accepted,5,5,O,,INATTENTION,,2019,1
344,24868463,0510100,HENDERSON POLICE DEPARTMENT,Accepted,HENDERSON,US0041A,,GREEN,ST,N,,RICHARDSON,,,,,37.8554423,-87.57670518,17.228,2019-03-27,1535,2,2,0,0,CLEAR,DRY,False,OTHER INTERSECTION COLLISIONS,REAR END,STRAIGHT & GRADE,DAYLIGHT,,,43552.64887,False,34,Accepted,5,5,O,GLARE (SUN),INATTENTION,,2019,1
346,24873392,0510100,HENDERSON POLICE DEPARTMENT,Accepted,HENDERSON,,,MAIN,ST,N,,,,12TH,,COLONIAL,37.8531353,-87.58360906,1.063,2019-03-27,1732,2,2,0,0,CLEAR,DRY,False,REAR END IN TRAFFIC LANES BOTH VEHICLES MOVING,REAR END,STRAIGHT & LEVEL,DAYLIGHT,,,43553.72794,False,34,Accepted,5,5,O,,INATTENTION,,2019,1
347,24873393,0510100,HENDERSON POLICE DEPARTMENT,Accepted,HENDERSON,US0041A,301,GREEN,ST,S,,,,,,,37.83423524,-87.59282131,15.485,2019-03-28,1757,2,2,0,0,CLEAR,DRY,False,REAR END IN TRAFFIC LANES BOTH VEHICLES MOVING,REAR END,STRAIGHT & LEVEL,DAYLIGHT,,,43553.72799,False,37,Accepted,5,5,O,,"FOLLOWING TOO CLOSE, INATTENTION",,2019,1
348,24873394,0510100,HENDERSON POLICE DEPARTMENT,Accepted,HENDERSON,,56,MCKINLEY,ST,S,,,,,,,37.8283252,-87.57631359,0.038,2019-03-28,1624,2,2,0,1,CLEAR,DRY,False,REAR END IN TRAFFIC LANES BOTH VEHICLES MOVING,REAR END,STRAIGHT & LEVEL,DAYLIGHT,,,43553.72805,False,50,Accepted,4,4,C,,,,2019,1