OBJECTID,IncidentID,AgencyORI,AgencyName,IncidentStatusDesc,County,RdwyNumber,Street,RoadwayName,StreetSfx,StreetDir,IntersectionRdwy,IntersectionRdwyName,BetweenStRdwy1,BetweenStRdwyName1,BetweenStRdwy2,BetweenStRdwyName2,Latitude,Longitude,Milepoint,CollisionDate,CollisionTime,UnitsInvolved,MotorVehiclesInvolved,NumberKilled,NumberInjured,Weather,RdwyConditionCode,HitandRun,DirAnalysisCode,MannerofCollision,RdwyCharacter,LightCondition,RampFromRdwyId,RampToRdwyId,AcceptedDate,IsSecondaryCollision,OwnerBadge,IncidentStatus,InjurySeverityCde,KABCO_Code,KABCO,Environmental_Factors,Human_Factors,Vehicular_Factors,CollisionYear,CityCrash
349,24873526,0510100,HENDERSON POLICE DEPARTMENT,Accepted,HENDERSON,US0041A,1439,GREEN,ST,S,,,,,,,37.83675531,-87.59036531,15.705,2019-03-29,1620,2,2,0,0,CLOUDY,DRY,False,SIDESWIPE COLLISION - SAME DIRECTION,SIDESWIPE-SAME DIRECTION,STRAIGHT & LEVEL,DAYLIGHT,,,43553.76658,False,46,Accepted,5,5,O,,INATTENTION,,2019,1
350,24875560,0510100,HENDERSON POLICE DEPARTMENT,Accepted,HENDERSON,,1000,BARRET,BLVD,,,,,,,,37.85936028,-87.56752674,0.31,2019-03-29,1855,2,2,0,0,CLEAR,WET,False,SIDESWIPE COLLISION - SAME DIRECTION,SIDESWIPE-SAME DIRECTION,STRAIGHT & LEVEL,DAYLIGHT,,,43554.64264,False,24,Accepted,5,5,O,,"INATTENTION, MISJUDGE CLEARANCE",,2019,1
351,24877783,0510100,HENDERSON POLICE DEPARTMENT,Accepted,HENDERSON,,,RACETRACK,RD,,US0041,US41,,,,,37.88300035,-87.56350868,0.006,2019-03-30,1448,2,2,0,0,RAINING,WET,False,OTHER INTERSECTION COLLISIONS,REAR END,STRAIGHT & LEVEL,DAYLIGHT,,,43555.64679,False,24,Accepted,5,5,O,,"INATTENTION, MISJUDGE CLEARANCE",,2019,1
352,24881199,0370200,"KY STATE POLICE, CVE",Accepted,HENDERSON,US0041,,US41,,N,,,,,,,37.86680924,-87.57238198,16.771,2019-03-28,1346,2,2,0,0,CLEAR,DRY,False,REAR END IN TRAFFIC LANES BOTH VEHICLES MOVING,REAR END,STRAIGHT & LEVEL,DAYLIGHT,,,43556.43461,False,,Accepted,5,5,O,,"FOLLOWING TOO CLOSE, INATTENTION",,2019,1
354,24881822,0510100,HENDERSON POLICE DEPARTMENT,Accepted,HENDERSON,US0041A,,GREEN,ST,S,,,,POWELL,,WASHINGTON,37.83602799,-87.59104811,15.641,2019-03-29,906,3,3,0,0,CLOUDY,DRY,True,OTHER ROADWAY OR MID-BLOCK COLLISION,OPPOSING LEFT TURN,STRAIGHT & LEVEL,DAYLIGHT,,,43556.50825,False,36,Accepted,5,5,O,BACKUP DUE TO REGULAR CONGESTION,FAILED TO YIELD RIGHT OF WAY,,2019,1
356,24884964,0510100,HENDERSON POLICE DEPARTMENT,Accepted,HENDERSON,US0041,,US41,,N,,,US0041,US41 RAMP TO US41 N,,CINEMA,37.86015318,-87.57540618,16.279,2019-03-30,323,1,1,0,1,CLOUDY,WET,False,COLLISION WITH FIXED OBJECT NON - INTERSECTION - FIRST EVENT COLLISION 09 - 32 EXCLUDING 16,SINGLE VEHICLE,CURVE & LEVEL,DARK (UNKNOWN ROADWAY LIGHTING),,,43557.14704,False,16,Accepted,5,3,B,,"CELL PHONE, FATIGUE, FELL ASLEEP",,2019,1
357,24890403,0510100,HENDERSON POLICE DEPARTMENT,Accepted,HENDERSON,,,GREEN,ST,S,,CANOE CREEK,,,,,37.82039228,-87.60798001,,2019-04-02,1125,2,2,0,0,CLEAR,DRY,False,OTHER INTERSECTION COLLISIONS,REAR END,STRAIGHT & LEVEL,DAYLIGHT,,,43558.3564,False,23,Accepted,5,5,O,,INATTENTION,,2019,1
362,24897850,0510100,HENDERSON POLICE DEPARTMENT,Accepted,HENDERSON,KY0351,,2ND,ST,,US0041A,GREEN,,,,,37.83942596,-87.58839145,0.005,2019-04-03,1440,2,2,0,0,CLEAR,DRY,False,OTHER INTERSECTION COLLISIONS,REAR END,STRAIGHT & LEVEL,DAYLIGHT,,,43559.72744,False,34,Accepted,5,5,O,,"FOLLOWING TOO CLOSE, INATTENTION",,2019,1
363,24897856,0510100,HENDERSON POLICE DEPARTMENT,Accepted,HENDERSON,,1009,1ST,ST,,,,,,,,37.83447288,-87.57971096,0.876,2019-04-02,1724,2,2,0,0,CLEAR,DRY,False,1 VEHICLE PARKED POSITION (NOT PARKING LOT/DRIVEWAY),BACKING,STRAIGHT & LEVEL,DAYLIGHT,,,43559.72749,False,37,Accepted,5,5,O,,MISJUDGE CLEARANCE,,2019,1
364,24897927,0510100,HENDERSON POLICE DEPARTMENT,Accepted,HENDERSON,,,CENTER,ST,,,ELM,,,,,37.83802425,-87.59152814,0.944,2019-04-03,1540,2,2,0,0,CLOUDY,DRY,True,COLLISION WITH PARKED VEHICLE,ANGLE,STRAIGHT & LEVEL,DAYLIGHT,,,43559.74156,False,34,Accepted,5,5,O,,"FELL ASLEEP, INATTENTION",,2019,1
366,24901960,0510100,HENDERSON POLICE DEPARTMENT,Accepted,HENDERSON,US0041,,US41,,N,,,,,,,37.85702026,-87.57312019,16.042,2019-04-04,1656,2,2,0,0,CLOUDY,DRY,True,SIDESWIPE COLLISION - SAME DIRECTION,SIDESWIPE-SAME DIRECTION,STRAIGHT & LEVEL,DAYLIGHT,,,43560.71453,False,24,Accepted,5,5,O,,"INATTENTION, MISJUDGE CLEARANCE",,2019,1
367,24903896,0510100,HENDERSON POLICE DEPARTMENT,Accepted,HENDERSON,,,ELM,ST,N,,,,3RD,,4TH,37.84160968,-87.58906966,,2019-04-04,942,2,2,0,0,CLEAR,DRY,False,VEHICLE BACKING NON INTERSECTION,BACKING,STRAIGHT & LEVEL,DAYLIGHT,,,43561.47988,False,36,Accepted,5,5,O,BACKUP DUE TO REGULAR CONGESTION,INATTENTION,,2019,1
368,24903897,0510100,HENDERSON POLICE DEPARTMENT,Accepted,HENDERSON,,602,GRAVES,DR,,,,,,,,37.79683909,-87.64089871,0.061,2019-04-02,1353,2,2,0,0,CLEAR,DRY,False,1 VEHICLE PARKED POSITION (NOT PARKING LOT/DRIVEWAY),BACKING,STRAIGHT & LEVEL,DAYLIGHT,,,43561.47997,False,11,Accepted,5,5,O,,INATTENTION,,2019,1
369,24903898,0510100,HENDERSON POLICE DEPARTMENT,Accepted,HENDERSON,,,MAIN,ST,N,,,,1ST,,2ND,37.84054051,-87.59177282,0.085,2019-04-03,1145,2,2,0,0,CLEAR,DRY,False,VEHICLE BACKING NON INTERSECTION,BACKING,STRAIGHT & GRADE,DAYLIGHT,,,43561.48005,False,36,Accepted,5,5,O,,FAILED TO YIELD RIGHT OF WAY,,2019,1
370,24903899,0510100,HENDERSON POLICE DEPARTMENT,Accepted,HENDERSON,,,ELMWOOD,DR,,,,,PALMER,,STRATMAN,37.88375639,-87.56785892,0.036,2019-03-15,1349,2,2,0,0,CLEAR,DRY,False,VEHICLE BACKING NON INTERSECTION,BACKING,STRAIGHT & LEVEL,DAYLIGHT,,,43561.48007,False,29,Accepted,5,5,O,,INATTENTION,,2019,1
371,24903902,0510100,HENDERSON POLICE DEPARTMENT,Accepted,HENDERSON,,1545,CUMNOCK,ST,,,,,,,,37.82391483,-87.57828037,0.009,2019-04-05,813,2,2,0,0,CLOUDY,WET,False,1 VEHICLE PARKED POSITION (NOT PARKING LOT/DRIVEWAY),SIDESWIPE-OPPOSITE DIRECTION,STRAIGHT & LEVEL,DAYLIGHT,,,43561.48013,False,67,Accepted,5,5,O,,INATTENTION,,2019,1
372,24906841,0510100,HENDERSON POLICE DEPARTMENT,Accepted,HENDERSON,US0041,1917,US41,,N,,,,,,,37.86231175,-87.57489527,16.43,2019-04-06,1834,2,2,0,0,CLEAR,DRY,False,1 VEHICLE ENTERING/LEAVING ENTRANCE,ANGLE,STRAIGHT & LEVEL,DAYLIGHT,,,43562.67122,False,24,Accepted,5,5,O,,"INATTENTION, MISJUDGE CLEARANCE",,2019,1
373,24906842,0510100,HENDERSON POLICE DEPARTMENT,Accepted,HENDERSON,US0041A,600,GREEN,ST,S,,VINE,,,,,37.83125107,-87.5957044,15.227,2019-04-06,1600,2,2,0,0,CLEAR,DRY,False,REAR END - ONE VEHICLE TURNING LEFT,REAR END,STRAIGHT & LEVEL,DAYLIGHT,,,43562.67125,False,46,Accepted,5,5,O,,INATTENTION,,2019,1
374,24909468,0510100,HENDERSON POLICE DEPARTMENT,Accepted,HENDERSON,US0060,,US60,,E,,BARRET,,,,,37.85990499,-87.567751,10.6,2019-04-02,1128,2,2,0,0,CLEAR,DRY,False,OTHER INTERSECTION COLLISIONS,REAR END,STRAIGHT & LEVEL,DAYLIGHT,,,43563.39291,False,29,Accepted,5,5,O,,INATTENTION,,2019,1
375,24909470,0510100,HENDERSON POLICE DEPARTMENT,Accepted,HENDERSON,US0041A,,GREEN,ST,N,,5TH,,,,,37.84329459,-87.58598695,16.218,2019-03-20,1144,2,2,0,0,CLEAR,DRY,False,OTHER INTERSECTION COLLISIONS,REAR END,STRAIGHT & LEVEL,DAYLIGHT,,,43563.39323,False,29,Accepted,5,5,O,,INATTENTION,,2019,1
377,24911461,0510100,HENDERSON POLICE DEPARTMENT,Accepted,HENDERSON,US0041A,301,GREEN,ST,S,,,,,,,37.83365936,-87.59358526,15.425,2019-04-01,1100,2,2,0,0,CLEAR,DRY,False,1 VEHICLE ENTERING/LEAVING ENTRANCE,ANGLE,STRAIGHT & LEVEL,DAYLIGHT,,,43563.6523,False,26,Accepted,5,5,O,,"FAILED TO YIELD RIGHT OF WAY, INATTENTION",,2019,1
378,24916439,0510100,HENDERSON POLICE DEPARTMENT,Accepted,HENDERSON,,417,MAIN,ST,S,,,,,,,37.83421357,-87.59755791,1.766,2019-04-08,1637,2,2,0,0,CLEAR,DRY,False,REAR END IN TRAFFIC LANES BOTH VEHICLES MOVING,REAR END,STRAIGHT & LEVEL,DAYLIGHT,,,43564.70197,False,37,Accepted,5,5,O,,MISJUDGE CLEARANCE,,2019,1
379,24916442,0510100,HENDERSON POLICE DEPARTMENT,Accepted,HENDERSON,,,INGRAM,ST,N,KY0351,2ND,,,,,37.83891524,-87.58685777,0.475,2019-04-08,1300,2,2,0,0,CLOUDY,DRY,False,ANGLE COLLISION - OTHER,ANGLE,STRAIGHT & LEVEL,DAYLIGHT,,,43564.70278,False,34,Accepted,5,5,O,,"INATTENTION, MISJUDGE CLEARANCE",,2019,1
384,24922633,0510100,HENDERSON POLICE DEPARTMENT,Accepted,HENDERSON,,,1ST,ST,,US0041A,GREEN,,,,,37.83819909,-87.58927184,0.294,2019-04-08,2040,2,2,0,0,CLEAR,DRY,False,OPPOSING LEFT TURN,OPPOSING LEFT TURN,STRAIGHT & LEVEL,DARK-HWY LIGHTED/ON,,,43565.88161,False,34,Accepted,5,5,O,,"FAILED TO YIELD RIGHT OF WAY, INATTENTION",,2019,1
385,24925928,0510100,HENDERSON POLICE DEPARTMENT,Accepted,HENDERSON,,,GREEN,ST,S,,YEAMAN,,,,,37.81952513,-87.60952055,,2019-04-09,1300,2,2,0,0,CLEAR,DRY,False,OTHER INTERSECTION COLLISIONS,REAR END,STRAIGHT & LEVEL,DAYLIGHT,,,43566.55073,False,23,Accepted,5,5,O,,INATTENTION,,2019,1
386,24925929,0510100,HENDERSON POLICE DEPARTMENT,Accepted,HENDERSON,,,PLUM,ST,,,INGRAM,,,,,37.82938674,-87.59560794,0.082,2019-04-07,1046,2,2,0,0,CLOUDY,WET,False,ANGLE COLLISION - OTHER,ANGLE,STRAIGHT & LEVEL,DAYLIGHT,,,43566.55081,False,26,Accepted,5,5,O,SLIPPERY SURFACE,MISJUDGE CLEARANCE,,2019,1
387,24925930,0510100,HENDERSON POLICE DEPARTMENT,Accepted,HENDERSON,,,ALVASIA,ST,,,,,CLAY ,,MARTIN LUTHER KING,37.83142375,-87.58995476,,2019-04-10,300,2,2,0,0,CLEAR,DRY,True,1 VEHICLE PARKED POSITION (NOT PARKING LOT/DRIVEWAY),SIDESWIPE-OPPOSITE DIRECTION,STRAIGHT & GRADE,DARK-HWY LIGHTED/ON,,,43566.55085,False,23,Accepted,5,5,O,,,,2019,1
388,24925931,0510100,HENDERSON POLICE DEPARTMENT,Accepted,HENDERSON,KY0351,202,2ND,ST,,,,,,,,37.83930034,-87.58799647,0.027,2019-04-10,1052,2,2,0,0,CLEAR,DRY,False,VEHICLE BACKING NON INTERSECTION,BACKING,STRAIGHT & LEVEL,DAYLIGHT,,,43566.5509,False,26,Accepted,5,5,O,,INATTENTION,,2019,1
389,24925932,0510100,HENDERSON POLICE DEPARTMENT,Accepted,HENDERSON,,,1ST,ST,,,,,WATER,,MAIN,37.83994027,-87.59377017,0.02,2019-04-10,1205,2,2,0,0,CLEAR,DRY,False,VEHICLE BACKING NON INTERSECTION,BACKING,STRAIGHT & LEVEL,DAYLIGHT,,,43566.55093,False,36,Accepted,5,5,O,,INATTENTION,,2019,1
391,24926904,0510100,HENDERSON POLICE DEPARTMENT,Accepted,HENDERSON,,400,KRESGE,DR,,,,,,,,37.81502995,-87.61434592,0.093,2019-04-08,2000,2,2,0,0,CLEAR,DRY,False,SIDESWIPE COLLISION - OPPOSITE DIRECTION,SIDESWIPE-OPPOSITE DIRECTION,CURVE & LEVEL,DARK-HWY LIGHTED/ON,,,43566.66542,False,46,Accepted,5,5,O,,INATTENTION,,2019,1
392,24927149,0510100,HENDERSON POLICE DEPARTMENT,Accepted,HENDERSON,KY2084,93,KY2084,,,,,,,,,37.82975974,-87.56769606,0.427,2019-04-10,1753,1,1,0,1,CLEAR,DRY,False,COLLISION WITH FIXED OBJECT NON - INTERSECTION - FIRST EVENT COLLISION 09 - 32 EXCLUDING 16,SINGLE VEHICLE,CURVE & LEVEL,DAYLIGHT,,,43566.69751,False,64,Accepted,5,3,B,,CELL PHONE,,2019,1
393,24930191,0510100,HENDERSON POLICE DEPARTMENT,Accepted,HENDERSON,US0041A,,GREEN,ST,N,,,KY0351,2ND,,1ST,37.83848274,-87.58905847,15.848,2019-04-04,1329,2,2,0,0,CLEAR,DRY,True,SIDESWIPE COLLISION - SAME DIRECTION,SIDESWIPE-SAME DIRECTION,STRAIGHT & LEVEL,DAYLIGHT,,,43567.46392,False,48,Accepted,5,5,O,,INATTENTION,,2019,1
394,24930193,0510100,HENDERSON POLICE DEPARTMENT,Accepted,HENDERSON,,,DR MARTIN LUTHER KING JR,AVE,,,ADAMS,,,,,37.83130996,-87.59192802,0.162,2019-04-08,1145,1,1,0,0,CLEAR,DRY,True,COLLISION WITH FIXED OBJECT IN INTERSECTION - FIRST EVENT COLLISION 09 - 32,SINGLE VEHICLE,STRAIGHT & LEVEL,DAYLIGHT,,,43567.46405,False,8,Accepted,5,5,O,,"INATTENTION, NOT UNDER PROPER CONTROL",,2019,1
395,24930195,0510100,HENDERSON POLICE DEPARTMENT,Accepted,HENDERSON,,618,GREEN,ST,S,,,,PLUM,,CHERRY,37.82951075,-87.59747871,,2019-04-12,715,1,1,0,0,CLOUDY,WET,False,COLLISION WITH FIXED OBJECT NON - INTERSECTION - FIRST EVENT COLLISION 09 - 32 EXCLUDING 16,SINGLE VEHICLE,STRAIGHT & GRADE,DAYLIGHT,,,43567.46409,False,23,Accepted,5,5,O,HOLES/DEEP RUTS/BUMPS,,,2019,1
397,24931998,0510100,HENDERSON POLICE DEPARTMENT,Accepted,HENDERSON,US0041A,,GREEN,ST,N,,,,3RD,,4TH,37.84102634,-87.58745812,16.043,2019-04-10,1545,2,2,0,1,CLEAR,DRY,False,SIDESWIPE COLLISION - SAME DIRECTION,SIDESWIPE-SAME DIRECTION,STRAIGHT & LEVEL,DAYLIGHT,,,43567.74063,False,34,Accepted,5,4,C,,"MISJUDGE CLEARANCE, OTHER","MIRRORS, OTHER",2019,1
398,24932000,0510100,HENDERSON POLICE DEPARTMENT,Accepted,HENDERSON,US0041,,US41,,N,,,,,,,37.83182469,-87.56623913,14.18,2019-04-11,1709,2,2,0,0,CLEAR,DRY,False,SIDESWIPE COLLISION - OPPOSITE DIRECTION,SIDESWIPE-OPPOSITE DIRECTION,STRAIGHT & LEVEL,DAYLIGHT,,,43567.74086,False,50,Accepted,5,5,O,,INATTENTION,,2019,1
399,24933142,0510100,HENDERSON POLICE DEPARTMENT,Accepted,HENDERSON,,,INGRAM,ST,N,,4TH,,,,,37.84139348,-87.58536336,0.277,2019-04-11,1606,1,1,0,0,CLEAR,DRY,False,OTHER INTERSECTION COLLISIONS,SINGLE VEHICLE,STRAIGHT & LEVEL,DAYLIGHT,,,43568.11719,False,66,Accepted,5,5,O,,INATTENTION,,2019,1
400,24933612,0510100,HENDERSON POLICE DEPARTMENT,Accepted,HENDERSON,US0041A,,GREEN,ST,N,,5TH,,,,,37.84330688,-87.58599807,16.217,2019-04-12,1115,2,2,0,1,CLOUDY,DRY,False,OPPOSING LEFT TURN,OPPOSING LEFT TURN,STRAIGHT & LEVEL,DAYLIGHT,,,43568.36723,False,67,Accepted,5,4,C,,FAILED TO YIELD RIGHT OF WAY,,2019,1
401,24933613,0510100,HENDERSON POLICE DEPARTMENT,Accepted,HENDERSON,KY0285,1308,OLD MADISONVILLE,RD,,,,,,,,37.79833128,-87.5899707,1.341,2019-04-01,2000,1,1,0,0,CLEAR,DRY,False,COLLISION WITH FIXED OBJECT NON - INTERSECTION - FIRST EVENT COLLISION 09 - 32 EXCLUDING 16,SINGLE VEHICLE,STRAIGHT & LEVEL,DARK-HWY LIGHTED/ON,,,43568.36746,False,46,Accepted,5,5,O,,,BRAKES DEFECTIVE,2019,1
402,24935316,0510100,HENDERSON POLICE DEPARTMENT,Accepted,HENDERSON,US0060,,US60,,E,,,,,,,37.86469692,-87.55504783,11.394,2019-04-13,2141,2,2,0,2,RAINING,WET,False,HEAD-ON COLLISION,HEAD ON,STRAIGHT & HILLCREST,DARK-HWY LIGHTED/ON,,,43569.07927,False,62,Accepted,4,4,C,"VIEW OBSTRUCTED, LIMITED DUE TO WEATHER CONDITIONS",INATTENTION,,2019,1
403,24936584,0510100,HENDERSON POLICE DEPARTMENT,Accepted,HENDERSON,US0041A,,GREEN,ST,N,,14TH,,,,,37.85419044,-87.57878589,17.068,2019-04-13,2027,2,2,0,0,RAINING,WET,False,OTHER INTERSECTION COLLISIONS,REAR END,STRAIGHT & LEVEL,DARK (UNKNOWN ROADWAY LIGHTING),,,43569.70994,False,64,Accepted,5,5,O,"VIEW OBSTRUCTED, LIMITED DUE TO WEATHER CONDITIONS",INATTENTION,,2019,1
405,24937352,0510100,HENDERSON POLICE DEPARTMENT,Accepted,HENDERSON,US0041,1900,US41,,N,,,,,,,37.8654542,-87.57313913,16.667,2019-04-14,330,1,1,0,1,RAINING,WET,False,OTHER ROADWAY OR MID-BLOCK COLLISION,SINGLE VEHICLE,CURVE & GRADE,DARK (UNKNOWN ROADWAY LIGHTING),,,43569.98229,False,63,Accepted,5,4,C,SLIPPERY SURFACE,TOO FAST FOR CONDITIONS,STEERING FAILURE,2019,1
406,24941423,0510100,HENDERSON POLICE DEPARTMENT,Accepted,HENDERSON,,,12TH,ST,,,,,,,,37.8528345,-87.58181527,0.176,2019-04-14,1912,1,1,0,1,CLEAR,DRY,False,COLLISION WITH FIXED OBJECT NON - INTERSECTION - FIRST EVENT COLLISION 09 - 32 EXCLUDING 16,SINGLE VEHICLE,STRAIGHT & HILLCREST,DAYLIGHT,,,43570.66399,False,50,Accepted,4,4,C,,ALCOHOL INVOLVEMENT,,2019,1
407,24944662,0510100,HENDERSON POLICE DEPARTMENT,Accepted,HENDERSON,US0041,,US41,,N,,,,WALNUT,,WATSON,37.8788637,-87.56592218,17.67,2019-04-11,1611,2,2,0,0,CLEAR,DRY,False,SIDESWIPE COLLISION - SAME DIRECTION,SIDESWIPE-SAME DIRECTION,STRAIGHT & LEVEL,DAYLIGHT,,,43571.44213,False,65,Accepted,5,5,O,,INATTENTION,,2019,1
408,24944667,0510100,HENDERSON POLICE DEPARTMENT,Accepted,HENDERSON,KY0812,,AIRLINE,RD,,KY2084,KY2084,,,,,37.82013047,-87.56936349,7.396,2019-04-11,1524,2,2,0,0,CLEAR,DRY,False,ANGLE COLLISION - OTHER,ANGLE,STRAIGHT & LEVEL,DAYLIGHT,,,43571.44218,False,65,Accepted,5,5,O,,"FAILED TO YIELD RIGHT OF WAY, INATTENTION",,2019,1
409,24944671,0510100,HENDERSON POLICE DEPARTMENT,Accepted,HENDERSON,,312,LETCHER,ST,,,,,,,,37.82615827,-87.57998057,0.201,2019-04-11,1010,2,2,0,0,CLEAR,DRY,True,1 VEHICLE PARKED POSITION (NOT PARKING LOT/DRIVEWAY),SIDESWIPE-SAME DIRECTION,STRAIGHT & LEVEL,DARK (UNKNOWN ROADWAY LIGHTING),,,43571.44221,False,65,Accepted,5,5,O,,,,2019,1
411,24949735,0510100,HENDERSON POLICE DEPARTMENT,Accepted,HENDERSON,KY2084,301,KY2084,,S,,,,,,,37.81994469,-87.56947579,2.124,2019-04-16,735,2,2,0,0,CLEAR,DRY,False,1 VEHICLE ENTERING/LEAVING ENTRANCE,ANGLE,STRAIGHT & LEVEL,DAYLIGHT,,,43572.43137,False,26,Accepted,5,5,O,,"INATTENTION, MISJUDGE CLEARANCE",,2019,1
412,24952346,0510100,HENDERSON POLICE DEPARTMENT,Accepted,HENDERSON,US0041,2749,US41,,N,,,,,,,37.86465373,-87.57371645,16.603,2019-04-16,1600,2,2,0,0,CLEAR,DRY,False,1 VEHICLE ENTERING/LEAVING ENTRANCE,ANGLE,STRAIGHT & LEVEL,DAYLIGHT,,,43572.7613,False,46,Accepted,5,5,O,,INATTENTION,,2019,1
413,24952680,0510100,HENDERSON POLICE DEPARTMENT,Accepted,HENDERSON,US0041A,300,GREEN,ST,S,,CLAY,,,,,37.8338925,-87.59322086,15.437,2019-04-15,1600,2,2,0,0,CLEAR,DRY,False,REAR END - ONE VEHICLE TURNING LEFT,REAR END,STRAIGHT & LEVEL,DAYLIGHT,,,43572.85766,False,46,Accepted,5,5,O,,INATTENTION,,2019,1
414,24952684,0510100,HENDERSON POLICE DEPARTMENT,Accepted,HENDERSON,US0041A,,GREEN,ST,N,,1ST,,,,,37.83820265,-87.58926062,15.825,2019-04-15,1442,3,3,0,1,CLEAR,DRY,False,ANGLE COLLISION - OTHER,ANGLE,STRAIGHT & LEVEL,DAYLIGHT,,,43572.86015,False,55,Accepted,4,4,C,,"DISREGARD TRAFFIC CONTROL, INATTENTION",,2019,1
416,24957263,0510100,HENDERSON POLICE DEPARTMENT,Accepted,HENDERSON,,,2ND,ST,,US0041A,GREEN,,,,,37.83947134,-87.58836501,0.005,2019-04-16,1730,2,2,0,0,CLEAR,DRY,False,OTHER INTERSECTION COLLISIONS,REAR END,STRAIGHT & LEVEL,DAYLIGHT,,,43573.85086,False,37,Accepted,5,5,O,,INATTENTION,,2019,1
417,24957264,0510100,HENDERSON POLICE DEPARTMENT,Accepted,HENDERSON,,1127,MADISON,CT,,,,,,,,37.82231671,-87.58957212,0.047,2019-04-16,1951,2,2,0,0,CLEAR,DRY,False,1 VEHICLE PARKED POSITION (NOT PARKING LOT/DRIVEWAY),BACKING,STRAIGHT & LEVEL,DARK-HWY NOT LIGHTED,,,43573.85088,False,37,Accepted,5,5,O,,MISJUDGE CLEARANCE,,2019,1
418,24957299,0510100,HENDERSON POLICE DEPARTMENT,Accepted,HENDERSON,US0041,,US41,,N,,,,,,,37.85498319,-87.57103377,15.869,2019-04-14,1619,2,2,0,0,CLOUDY,DRY,False,SIDESWIPE COLLISION - SAME DIRECTION,SIDESWIPE-SAME DIRECTION,STRAIGHT & LEVEL,DAYLIGHT,,,43573.86187,False,15,Accepted,5,5,O,,MISJUDGE CLEARANCE,,2019,1
419,24959029,0510100,HENDERSON POLICE DEPARTMENT,Accepted,HENDERSON,US0041,,,,,,,,,,,37.85769266,-87.57392741,0.127,2019-04-18,1151,1,1,0,0,CLOUDY,WET,False,COLLISION WITH FIXED OBJECT NOT IN GORE ,SINGLE VEHICLE,CURVE & GRADE,DAYLIGHT,US0041,US0041,43574.38254,False,60,Accepted,5,5,O,,,,2019,1
420,24959217,0510100,HENDERSON POLICE DEPARTMENT,Accepted,HENDERSON,,,ELM,ST,N,,,,,,,37.84008377,-87.59004474,0.164,2019-04-17,1246,2,2,0,0,CLEAR,DRY,False,1 VEHICLE ENTERING/LEAVING ENTRANCE,ANGLE,STRAIGHT & LEVEL,DAYLIGHT,,,43574.42455,False,19,Accepted,5,5,O,,INATTENTION,,2019,1
421,24960551,0510100,HENDERSON POLICE DEPARTMENT,Accepted,HENDERSON,US0041A,2336,GREEN,ST,S,,,,,,,37.81334727,-87.61913148,13.347,2019-04-13,1946,2,2,0,0,RAINING,WET,False,VEHICLE BACKING NON INTERSECTION,BACKING,STRAIGHT & LEVEL,DARK-HWY LIGHTED/ON,,,43574.68593,False,38,Accepted,5,5,O,,INATTENTION,,2019,1
422,24962351,0510100,HENDERSON POLICE DEPARTMENT,Accepted,HENDERSON,,200,INGRAM,ST,N,KY0351,2ND,,,,,37.83888745,-87.58697703,0.482,2019-04-17,1125,2,2,0,0,CLEAR,DRY,False,ANGLE COLLISION - OTHER,ANGLE,STRAIGHT & LEVEL,DAYLIGHT,,,43575.44087,False,7,Accepted,5,5,O,,INATTENTION,,2019,1
425,24962837,0510000,HENDERSON COUNTY SHERIFF DEPT.,Accepted,HENDERSON,KY0136,,MADISON,ST,,,,,,,,37.80167954,-87.5720928,22.059,2019-04-18,2022,2,2,0,1,RAINING,WET,False,1 VEHICLE ENTERING/LEAVING ENTRANCE,ANGLE,STRAIGHT & LEVEL,DARK-HWY LIGHTED/ON,,,43575.66257,False,131,Accepted,5,4,C,,"INATTENTION, FAILED TO YIELD RIGHT OF WAY, TURNING IMPROPERLY",,2019,1
427,24963391,0510100,HENDERSON POLICE DEPARTMENT,Accepted,HENDERSON,,1213,OBYRNE,ST,,,,,,,,37.82628451,-87.58397581,0.074,2019-04-19,1815,2,2,0,0,CLOUDY,WET,False,1 VEHICLE PARKED POSITION (NOT PARKING LOT/DRIVEWAY),BACKING,STRAIGHT & LEVEL,DUSK,,,43575.85168,False,38,Accepted,5,5,O,,INATTENTION,,2019,1
428,24964786,0510100,HENDERSON POLICE DEPARTMENT,Accepted,HENDERSON,,,GREEN,ST,S,,CLAY,,,,,37.83375561,-87.59336245,,2019-04-19,1250,2,2,0,0,CLOUDY,WET,False,ANGLE COLLISION - OTHER,ANGLE,STRAIGHT & LEVEL,DAYLIGHT,,,43576.63511,False,23,Accepted,5,5,O,,"FAILED TO YIELD RIGHT OF WAY, INATTENTION",,2019,1
429,24964787,0510100,HENDERSON POLICE DEPARTMENT,Accepted,HENDERSON,,,WASHINGTON,ST,,,MEADOW,,,,,37.8308933,-87.58205585,,2019-04-19,1720,2,2,0,0,RAINING,WET,False,ANGLE COLLISION - OTHER,ANGLE,STRAIGHT & GRADE,DAYLIGHT,,,43576.63516,False,23,Accepted,5,5,O,"VIEW OBSTRUCTED, LIMITED DUE TO WEATHER CONDITIONS",INATTENTION,,2019,1