OBJECTID,IncidentID,AgencyORI,AgencyName,IncidentStatusDesc,County,RdwyNumber,Street,RoadwayName,StreetSfx,StreetDir,IntersectionRdwy,IntersectionRdwyName,BetweenStRdwy1,BetweenStRdwyName1,BetweenStRdwy2,BetweenStRdwyName2,Latitude,Longitude,Milepoint,CollisionDate,CollisionTime,UnitsInvolved,MotorVehiclesInvolved,NumberKilled,NumberInjured,Weather,RdwyConditionCode,HitandRun,DirAnalysisCode,MannerofCollision,RdwyCharacter,LightCondition,RampFromRdwyId,RampToRdwyId,AcceptedDate,IsSecondaryCollision,OwnerBadge,IncidentStatus,InjurySeverityCde,KABCO_Code,KABCO,Environmental_Factors,Human_Factors,Vehicular_Factors,CollisionYear,CityCrash
430,24964788,0510100,HENDERSON POLICE DEPARTMENT,Accepted,HENDERSON,US0041A,,GREEN,ST,S,,DR MARTIN LUTHER KING JR,,,,,37.83274778,-87.59426459,15.337,2019-04-12,958,2,2,0,3,CLEAR,DRY,False,OPPOSING LEFT TURN,OPPOSING LEFT TURN,STRAIGHT & GRADE,DAYLIGHT,,,43576.63523,False,36,Accepted,5,3,B,,FAILED TO YIELD RIGHT OF WAY,,2019,1
431,24964789,0510100,HENDERSON POLICE DEPARTMENT,Accepted,HENDERSON,,,CENTER,ST,,,ADAMS,,,,,37.83582864,-87.58716076,0.657,2019-04-21,1058,2,2,0,0,CLEAR,DRY,False,ANGLE COLLISION - OTHER,ANGLE,STRAIGHT & LEVEL,DAYLIGHT,,,43576.63529,False,26,Accepted,5,5,O,,"FAILED TO YIELD RIGHT OF WAY, INATTENTION",,2019,1
432,24964808,0510100,HENDERSON POLICE DEPARTMENT,Accepted,HENDERSON,US0041A,,GREEN,ST,N,,2ND,,,,,37.83947234,-87.58846129,15.923,2019-04-16,1609,2,2,0,0,CLEAR,DRY,False,ANGLE COLLISION - ONE VEHICLE TURNING LEFT,ANGLE,STRAIGHT & LEVEL,DAYLIGHT,,,43576.64268,False,18,Accepted,5,5,O,,DISREGARD TRAFFIC CONTROL,,2019,1
433,24964809,0510100,HENDERSON POLICE DEPARTMENT,Accepted,HENDERSON,,,ELM,ST,N,,,,,,,37.86206589,-87.57585009,1.869,2019-04-20,1622,2,2,0,0,CLEAR,DRY,False,REAR END IN TRAFFIC LANES BOTH VEHICLES MOVING,REAR END,STRAIGHT & GRADE,DAYLIGHT,,,43576.64271,False,24,Accepted,5,5,O,,"INATTENTION, MISJUDGE CLEARANCE",,2019,1
436,24968821,0510100,HENDERSON POLICE DEPARTMENT,Accepted,HENDERSON,,2479,WOOD,DR,,,,,,,,37.86857488,-87.56335886,0.163,2019-04-21,1336,2,2,0,0,CLEAR,DRY,False,VEHICLE BACKING NON INTERSECTION,BACKING,STRAIGHT & GRADE,DAYLIGHT,,,43577.54622,False,67,Accepted,5,5,O,,INATTENTION,,2019,1
437,24970053,0510100,HENDERSON POLICE DEPARTMENT,Accepted,HENDERSON,US0041,,US41,,N,US0041,US41 RAMP TO US41 N,,,,,37.85979712,-87.57523061,16.243,2019-04-18,1800,1,1,0,0,RAINING,WET,False,OTHER INTERSECTION COLLISIONS,SINGLE VEHICLE,CURVE & GRADE,DUSK,,,43577.72375,False,34,Accepted,5,5,O,"SLIPPERY SURFACE, WATER POOLING",TOO FAST FOR CONDITIONS,TIRES,2019,1
441,24974491,0510100,HENDERSON POLICE DEPARTMENT,Accepted,HENDERSON,KY0351,1624,2ND,ST,,,,,,,,37.83220764,-87.5711931,1.071,2019-04-19,1804,2,2,0,0,RAINING,WET,False,1 VEHICLE ENTERING/LEAVING ENTRANCE,ANGLE,STRAIGHT & LEVEL,DAYLIGHT,,,43578.69436,False,37,Accepted,5,5,O,SLIPPERY SURFACE,"FAILED TO YIELD RIGHT OF WAY, INATTENTION, MISJUDGE CLEARANCE",,2019,1
442,24974493,0510100,HENDERSON POLICE DEPARTMENT,Accepted,HENDERSON,US0041,,US41,,N,US0041,US41 E RAMP TO US41 S,,,,,37.8546136,-87.57078513,15.877,2019-04-22,1514,2,2,0,0,CLEAR,DRY,False,SIDESWIPE-SAME DIRECTION,SIDESWIPE-SAME DIRECTION,STRAIGHT & LEVEL,DAYLIGHT,,,43578.69439,False,64,Accepted,5,5,O,,INATTENTION,,2019,1
443,24974496,0510100,HENDERSON POLICE DEPARTMENT,Accepted,HENDERSON,KY0812,2000,AIRLINE,RD,,,,,,,,37.82076768,-87.57041152,7.468,2019-04-22,1538,2,2,0,0,CLEAR,DRY,False,REAR END IN TRAFFIC LANES BOTH VEHICLES MOVING,REAR END,STRAIGHT & LEVEL,DAYLIGHT,,,43578.69442,False,64,Accepted,5,5,O,,INATTENTION,BRAKES DEFECTIVE,2019,1
444,24974497,0510100,HENDERSON POLICE DEPARTMENT,Accepted,HENDERSON,US0041A,1700,GREEN,ST,S,,KRESGE,,,,,37.81610249,-87.61477501,13.675,2019-04-22,1720,2,2,0,0,CLEAR,DRY,False,ANGLE COLLISION - OTHER,ANGLE,STRAIGHT & LEVEL,DAYLIGHT,,,43578.69444,False,46,Accepted,5,5,O,,MISJUDGE CLEARANCE,,2019,1
446,24979479,0510100,HENDERSON POLICE DEPARTMENT,Accepted,HENDERSON,KY0351,,2ND,ST,,,INGRAM,,,,,37.83961451,-87.58838582,0.009,2019-04-23,1706,2,2,0,0,RAINING,WET,False,ANGLE COLLISION - OTHER,ANGLE,STRAIGHT & LEVEL,DAYLIGHT,,,43579.7303,False,37,Accepted,5,5,O,SLIPPERY SURFACE,"INATTENTION, MISJUDGE CLEARANCE",,2019,1
447,24983195,0510100,HENDERSON POLICE DEPARTMENT,Accepted,HENDERSON,,,US 41 N,,,,,,WATSON ,,WALNUT,37.87563765,-87.56777401,,2019-04-23,1100,2,2,0,0,CLEAR,DRY,False,OTHER ROADWAY OR MID-BLOCK COLLISION,REAR END,STRAIGHT & LEVEL,DAYLIGHT,,,43580.57455,False,23,Accepted,5,5,O,,INATTENTION,,2019,1
448,24983196,0510100,HENDERSON POLICE DEPARTMENT,Accepted,HENDERSON,,338,2ND,ST,,,,,,,,37.83949832,-87.58854968,0.005,2019-04-22,1030,2,2,0,0,CLEAR,DRY,False,VEHICLE BACKING NON INTERSECTION,BACKING,STRAIGHT & LEVEL,DAYLIGHT,,,43580.57459,False,58,Accepted,5,5,O,,"INATTENTION, MISJUDGE CLEARANCE",,2019,1
449,24983197,0510100,HENDERSON POLICE DEPARTMENT,Accepted,HENDERSON,US0041A,,GREEN,ST,N,,,KY0351,2ND,,3RD,37.84000919,-87.58813484,15.964,2019-04-19,1141,2,2,0,0,RAINING,WET,False,1 VEHICLE ENTERING/LEAVING ENTRANCE,ANGLE,STRAIGHT & LEVEL,DAYLIGHT,,,43580.57465,False,19,Accepted,5,5,O,,INATTENTION,,2019,1
450,24983574,0510100,HENDERSON POLICE DEPARTMENT,Accepted,HENDERSON,US0041A,936,GREEN,ST,N,,,,,,,37.84917521,-87.58219502,16.683,2019-04-24,1345,2,2,0,2,CLOUDY,DRY,False,OTHER ROADWAY OR MID-BLOCK COLLISION,REAR END,STRAIGHT & LEVEL,DAYLIGHT,,,43580.6328,False,67,Accepted,4,3,B,,INATTENTION,,2019,1
451,24983578,0510100,HENDERSON POLICE DEPARTMENT,Accepted,HENDERSON,US0041A,,GREEN,ST,N,,4TH,,,,,37.84205805,-87.58680067,16.122,2019-04-24,1114,2,2,0,1,CLOUDY,DRY,False,OTHER INTERSECTION COLLISIONS,REAR END,STRAIGHT & HILLCREST,DAYLIGHT,,,43580.63322,False,67,Accepted,4,4,C,,INATTENTION,,2019,1
452,24984247,0510100,HENDERSON POLICE DEPARTMENT,Accepted,HENDERSON,,100,GARDEN MILE,RD,N,,,,,,,37.82680585,-87.55828136,0.105,2019-04-24,1802,2,2,0,0,RAINING,WET,True,1 VEHICLE ENTERING/LEAVING ENTRANCE,ANGLE,STRAIGHT & LEVEL,DAYLIGHT,,,43580.73205,False,64,Accepted,5,5,O,,,,2019,1
453,24984273,0510100,HENDERSON POLICE DEPARTMENT,Accepted,HENDERSON,,,ELM,ST,N,,10TH,,,,,37.85023148,-87.58353959,0.944,2019-04-21,1850,2,2,0,0,CLEAR,DRY,False,ANGLE COLLISION - OTHER,ANGLE,STRAIGHT & LEVEL,DAYLIGHT,,,43580.73969,False,34,Accepted,5,5,O,,INATTENTION,,2019,1
455,24987937,0510100,HENDERSON POLICE DEPARTMENT,Accepted,HENDERSON,US0041A,1300,GREEN,ST,S,,,KY0136,SAND,,FAIR,37.82260455,-87.60433369,14.421,2019-04-25,1433,2,2,0,0,CLOUDY,WATER (STANDING OR MOVING),False,REAR END IN TRAFFIC LANES BOTH VEHICLES MOVING,REAR END,STRAIGHT & LEVEL,DAYLIGHT,,,43581.60142,False,34,Accepted,5,5,O,SLIPPERY SURFACE,INATTENTION,TIRES,2019,1
456,24991699,0510100,HENDERSON POLICE DEPARTMENT,Accepted,HENDERSON,,1600,PRINGLE,ST,,,SHELBY,,,,,37.821067,-87.58271636,0.168,2019-04-25,2220,2,2,0,0,CLEAR,DRY,False,ANGLE COLLISION - OTHER,ANGLE,STRAIGHT & LEVEL,DARK-HWY LIGHTED/ON,,,43582.88429,False,35,Accepted,5,5,O,,INATTENTION,,2019,1
457,24994583,0510100,HENDERSON POLICE DEPARTMENT,Accepted,HENDERSON,,,POWELL,ST,,,MEADOW,,,,,37.8298324,-87.5829541,0.907,2019-04-24,2104,2,2,0,0,CLEAR,DRY,False,ANGLE COLLISION - OTHER,ANGLE,STRAIGHT & LEVEL,DAYLIGHT,,,43583.70354,False,64,Accepted,5,5,O,,MISJUDGE CLEARANCE,OTHER,2019,1
458,24994584,0510100,HENDERSON POLICE DEPARTMENT,Accepted,HENDERSON,,500,ALVES,ST,S,,,,,,,37.82818642,-87.59315408,0.585,2019-04-22,2045,2,2,0,0,CLEAR,DRY,True,REAR END IN TRAFFIC LANES BOTH VEHICLES MOVING,REAR END,STRAIGHT & LEVEL,DARK-HWY LIGHTED/ON,,,43583.70358,False,46,Accepted,5,5,O,,INATTENTION,,2019,1
459,24994585,0510100,HENDERSON POLICE DEPARTMENT,Accepted,HENDERSON,,,CANOE CREEK,DR,,US0041A,GREEN,,,,,37.81952569,-87.60732831,0.072,2019-04-26,1729,2,2,0,0,CLEAR,DRY,False,VEHICLE BACKING IN INTERSECTION,BACKING,STRAIGHT & LEVEL,DAYLIGHT,,,43583.7036,False,38,Accepted,5,5,O,,NOT UNDER PROPER CONTROL,OTHER,2019,1
460,24994586,0510100,HENDERSON POLICE DEPARTMENT,Accepted,HENDERSON,US0041,2757,US41,,N,,,,,,,37.87734687,-87.56677487,17.556,2019-04-26,1606,2,2,0,0,CLEAR,DRY,False,1 VEHICLE ENTERING/LEAVING ENTRANCE,ANGLE,STRAIGHT & LEVEL,DAYLIGHT,,,43583.70362,False,24,Accepted,5,5,O,,"INATTENTION, MISJUDGE CLEARANCE, TURNING IMPROPERLY",,2019,1
461,24997891,0510100,HENDERSON POLICE DEPARTMENT,Accepted,HENDERSON,US0041A,,GREEN,ST,S,,WASHINGTON,,,,,37.83629538,-87.5908098,15.664,2019-04-24,1121,2,2,0,0,CLEAR,DRY,False,OTHER INTERSECTION COLLISIONS,REAR END,STRAIGHT & GRADE,DAYLIGHT,,,43584.46564,False,8,Accepted,5,5,O,,INATTENTION,,2019,1
462,24997894,0510100,HENDERSON POLICE DEPARTMENT,Accepted,HENDERSON,US0041,1800,US41,,N,,,,,,,37.86128971,-87.57528177,16.36,2019-04-28,1202,2,2,0,0,CLOUDY,DRY,False,SIDESWIPE COLLISION - SAME DIRECTION,SIDESWIPE-SAME DIRECTION,CURVE & GRADE,DAYLIGHT,,,43584.46589,False,67,Accepted,5,5,O,,INATTENTION,,2019,1
465,25000499,0510100,HENDERSON POLICE DEPARTMENT,Accepted,HENDERSON,,307,WALNUT,LN,,,,,,,,37.8809382,-87.56923063,0.107,2019-04-28,1824,2,2,0,0,CLEAR,DRY,False,VEHICLE BACKING NON INTERSECTION,BACKING,STRAIGHT & LEVEL,DAYLIGHT,,,43584.97215,False,50,Accepted,5,5,O,,OTHER,,2019,1
466,25000500,0510100,HENDERSON POLICE DEPARTMENT,Accepted,HENDERSON,US0041,,US41,,N,,,,,,,37.82791465,-87.56666833,13.89,2019-04-25,1743,2,2,0,0,CLOUDY,DRY,False,SIDESWIPE COLLISION - SAME DIRECTION,SIDESWIPE-SAME DIRECTION,CURVE & LEVEL,DAYLIGHT,,,43584.97219,False,34,Accepted,5,5,O,,IMPROPER PASSING,,2019,1
467,25000502,0510100,HENDERSON POLICE DEPARTMENT,Accepted,HENDERSON,,,RACETRACK,RD,,,,,,,,37.88406699,-87.56536085,0.137,2019-04-29,1528,2,1,0,1,CLEAR,DRY,False,COLLISION WITH BICYCLIST NON INTERSECTION,SINGLE VEHICLE,STRAIGHT & LEVEL,DAYLIGHT,,,43584.97223,False,50,Accepted,5,4,C,,,,2019,1
468,25002115,0510100,HENDERSON POLICE DEPARTMENT,Accepted,HENDERSON,,,MEADOW,ST,,,,,THOMPSON,,WASHINGTON,37.83121335,-87.58167292,0.561,2019-04-29,1230,2,2,0,0,CLEAR,DRY,False,1 VEHICLE PARKED POSITION (NOT PARKING LOT/DRIVEWAY),SIDESWIPE-OPPOSITE DIRECTION,STRAIGHT & LEVEL,DAYLIGHT,,,43585.41195,False,60,Accepted,5,5,O,,NOT UNDER PROPER CONTROL,,2019,1
469,25004820,0510100,HENDERSON POLICE DEPARTMENT,Accepted,HENDERSON,US0041,,US41,,N,,,,,,,37.87533014,-87.56769744,17.415,2019-04-29,1737,2,2,0,0,CLEAR,DRY,False,OTHER ROADWAY OR MID-BLOCK COLLISION,REAR END,STRAIGHT & LEVEL,DAYLIGHT,,,43585.71695,False,50,Accepted,5,5,O,,INATTENTION,,2019,1
470,25007588,KSP1600,"KY STATE POLICE, POST 16",Accepted,HENDERSON,KY0351,,ZION,RD,,,,,,,,37.8284085,-87.55816118,1.836,2019-04-29,1545,2,2,0,0,CLOUDY,DRY,False,REAR END IN TRAFFIC LANES BOTH VEHICLES MOVING,REAR END,STRAIGHT & LEVEL,DAYLIGHT,,,43586.43672,False,469,Accepted,5,5,O,,FOLLOWING TOO CLOSE,,2019,1
471,25007713,0510100,HENDERSON POLICE DEPARTMENT,Accepted,HENDERSON,US0041A,,GREEN,ST,N,,,,4TH,,5TH,37.84302516,-87.5861878,16.197,2019-04-14,1915,2,1,0,1,CLEAR,DRY,True,1 VEHICLE ENTERING/LEAVING ENTRANCE,ANGLE,STRAIGHT & LEVEL,DARK-HWY LIGHTED/ON,,,43586.44998,False,34,Accepted,5,4,C,,ALCOHOL INVOLVEMENT,,2019,1
472,25009597,0510100,HENDERSON POLICE DEPARTMENT,Accepted,HENDERSON,,,WATSON,LN,,US0041,US41,,,,,37.8754225,-87.56783326,1.099,2019-04-30,1618,2,2,0,0,CLEAR,DRY,False,ANGLE COLLISION - OTHER,ANGLE,STRAIGHT & LEVEL,DAYLIGHT,,,43586.68658,False,37,Accepted,5,5,O,,"INATTENTION, MISJUDGE CLEARANCE",,2019,1
473,25011198,0510100,HENDERSON POLICE DEPARTMENT,Accepted,HENDERSON,,,POWELL,ST,,,ALVES,,,,,37.83290966,-87.58826376,0.548,2019-04-30,239,2,2,0,0,CLEAR,DRY,True,COLLISION WITH PARKED VEHICLE,SIDESWIPE-SAME DIRECTION,STRAIGHT & LEVEL,DARK-HWY LIGHTED/ON,,,43587.19219,False,17,Accepted,5,5,O,,INATTENTION,,2019,1
474,25011205,0510100,HENDERSON POLICE DEPARTMENT,Accepted,HENDERSON,US0041A,700,GREEN,ST,N,,,,,,,37.84531955,-87.58480786,16.375,2019-04-18,1927,2,2,0,0,RAINING,WET,True,SIDESWIPE COLLISION - SAME DIRECTION,SIDESWIPE-SAME DIRECTION,STRAIGHT & LEVEL,DARK-HWY LIGHTED/ON,,,43587.19237,False,63,Accepted,5,5,O,,INATTENTION,,2019,1
476,25014546,0510100,HENDERSON POLICE DEPARTMENT,Accepted,HENDERSON,US0041,2030,US41,,N,,,,,,,37.86494525,-87.57349215,16.627,2019-05-01,1552,2,2,0,0,CLOUDY,WET,False,REAR END IN TRAFFIC LANES BOTH VEHICLES MOVING,REAR END,STRAIGHT & LEVEL,DAYLIGHT,,,43587.72072,False,24,Accepted,5,5,O,,"INATTENTION, MISJUDGE CLEARANCE",,2019,1
477,25014547,0510100,HENDERSON POLICE DEPARTMENT,Accepted,HENDERSON,US0041,2855,US41,,N,,,,,,,37.87922209,-87.56591462,17.692,2019-05-01,1732,3,3,0,0,CLOUDY,DRY,False,1 VEHICLE ENTERING/LEAVING ENTRANCE,ANGLE,STRAIGHT & LEVEL,DAYLIGHT,,,43587.72075,False,24,Accepted,5,5,O,,"IMPROPER PASSING, INATTENTION, TOO FAST FOR CONDITIONS",,2019,1
478,25014548,0510100,HENDERSON POLICE DEPARTMENT,Accepted,HENDERSON,US0041,,US41,,N,,MARYWOOD,,,,,37.86728595,-87.57214759,16.806,2019-05-01,1610,2,2,0,0,CLOUDY,WET,False,OTHER INTERSECTION COLLISIONS,REAR END,STRAIGHT & GRADE,DAYLIGHT,,,43587.72077,False,24,Accepted,5,5,O,,"INATTENTION, MISJUDGE CLEARANCE, OTHER",,2019,1
480,25019006,0510100,HENDERSON POLICE DEPARTMENT,Accepted,HENDERSON,US0041A,,GREEN,ST,S,,,,,,,37.82375518,-87.60314673,14.522,2019-04-29,1856,2,2,0,5,CLEAR,DRY,False,1 VEHICLE ENTERING/LEAVING ENTRANCE,ANGLE,STRAIGHT & LEVEL,DAYLIGHT,,,43588.66716,False,50,Accepted,5,4,C,,"OTHER, INATTENTION",,2019,1
481,25019320,0510100,HENDERSON POLICE DEPARTMENT,Accepted,HENDERSON,,,PEBBLE CREEK,DR,,US0060,US60,,,,,37.8646778,-87.54920245,0.002,2019-05-02,1817,2,2,0,0,CLOUDY,DRY,False,ANGLE COLLISION - OTHER,ANGLE,STRAIGHT & GRADE,DAYLIGHT,,,43588.72665,False,24,Accepted,5,5,O,,"INATTENTION, MISJUDGE CLEARANCE",,2019,1
482,25019323,0510100,HENDERSON POLICE DEPARTMENT,Accepted,HENDERSON,KY0351,2519,ZION,RD,,,,,,,,37.82897462,-87.5600177,1.728,2019-05-02,1703,2,2,0,0,CLEAR,DRY,False,1 VEHICLE ENTERING/LEAVING ENTRANCE,ANGLE,STRAIGHT & LEVEL,DAYLIGHT,,,43588.72685,False,50,Accepted,5,5,O,,INATTENTION,,2019,1
483,25022924,0370300,KY STATE PARK RANGERS DIVISION,Accepted,HENDERSON,US0041,3200,US41,,N,,,,,,,37.88252373,-87.56368475,17.94,2019-02-14,1730,1,1,0,0,CLOUDY,WET,False,COLLISION WITH ANIMAL NON INTERSECTION,SINGLE VEHICLE,STRAIGHT & LEVEL,DARK-HWY LIGHTED/ON,,,43590.04652,False,65,Accepted,5,5,O,ANIMALS ACTION,,,2019,1
484,25023767,0510100,HENDERSON POLICE DEPARTMENT,Accepted,HENDERSON,,800,WATSON,LN,,,,,,,,37.87227786,-87.55911247,0.572,2019-05-04,1040,1,1,0,0,RAINING,WATER (STANDING OR MOVING),False,COLLISION WITH FIXED OBJECT NON - INTERSECTION - FIRST EVENT COLLISION 09 - 32 EXCLUDING 16,SINGLE VEHICLE,CURVE & GRADE,DAYLIGHT,,,43590.42882,False,27,Accepted,5,5,O,"SLIPPERY SURFACE, WATER POOLING",TOO FAST FOR CONDITIONS,,2019,1
485,25023841,0510100,HENDERSON POLICE DEPARTMENT,Accepted,HENDERSON,US0041,2044,US41,,N,,,,,,,37.86598704,-87.57283661,16.708,2019-05-04,1116,2,2,0,0,RAINING,WET,False,SIDESWIPE COLLISION - SAME DIRECTION,SIDESWIPE-SAME DIRECTION,STRAIGHT & LEVEL,DAYLIGHT,,,43590.48785,False,67,Accepted,5,5,O,SLIPPERY SURFACE,INATTENTION,,2019,1
486,25024296,0510100,HENDERSON POLICE DEPARTMENT,Accepted,HENDERSON,US0041A,301,GREEN,ST,S,,,,,,,37.83331333,-87.59375587,15.4,2019-05-03,1625,2,2,0,0,CLOUDY,DRY,False,1 VEHICLE ENTERING/LEAVING ENTRANCE,ANGLE,STRAIGHT & LEVEL,DAYLIGHT,,,43590.66842,False,38,Accepted,5,5,O,,INATTENTION,,2019,1
487,25024382,0510100,HENDERSON POLICE DEPARTMENT,Accepted,HENDERSON,,230,BLUE RIDGE,RD,,,,,,,,37.82327718,-87.57061077,0.135,2019-05-04,2111,2,2,0,0,CLOUDY,DRY,False,1 VEHICLE PARKED POSITION (NOT PARKING LOT/DRIVEWAY),SIDESWIPE-OPPOSITE DIRECTION,STRAIGHT & LEVEL,DARK-HWY NOT LIGHTED,,,43590.68565,False,24,Accepted,5,5,O,,"DISTRACTION, INATTENTION, MISJUDGE CLEARANCE",,2019,1
492,25030297,0510100,HENDERSON POLICE DEPARTMENT,Accepted,HENDERSON,US0041,2910,US41,,N,,,,,,,37.88151891,-87.56448351,17.858,2019-05-03,1608,2,2,0,0,CLOUDY,DRY,False,REAR END IN TRAFFIC LANES BOTH VEHICLES MOVING,REAR END,STRAIGHT & LEVEL,DAYLIGHT,,,43591.76903,False,24,Accepted,5,5,O,,"INATTENTION, MISJUDGE CLEARANCE",,2019,1
493,25030298,0510100,HENDERSON POLICE DEPARTMENT,Accepted,HENDERSON,US0041,2525,US41,,N,,,,,,,37.87280232,-87.56930782,17.213,2019-05-05,1408,1,1,0,0,CLEAR,DRY,False,COLLISION WITH FIXED OBJECT NON - INTERSECTION - FIRST EVENT COLLISION 09 - 32 EXCLUDING 16,SINGLE VEHICLE,STRAIGHT & LEVEL,DAYLIGHT,,,43591.76907,False,24,Accepted,5,5,O,OTHER,,OTHER,2019,1
494,25030301,0510100,HENDERSON POLICE DEPARTMENT,Accepted,HENDERSON,,2820,SUNSET,LN,,,,,,,,37.87824056,-87.57213581,0.161,2019-05-05,1621,2,2,0,0,CLEAR,DRY,False,1 VEHICLE PARKED POSITION (NOT PARKING LOT/DRIVEWAY),BACKING,STRAIGHT & LEVEL,DAYLIGHT,,,43591.76909,False,24,Accepted,5,5,O,,"INATTENTION, MISJUDGE CLEARANCE",,2019,1
497,25033596,0510000,HENDERSON COUNTY SHERIFF DEPT.,Accepted,HENDERSON,,,GREEN RIVER RD 1,,,,,,TIMBERLANE,,WATHEN,37.88507284,-87.53142914,5.395,2019-05-04,1019,1,1,0,0,RAINING,WET,False,COLLISION WITH ANIMAL NON INTERSECTION,SINGLE VEHICLE,STRAIGHT & GRADE,DAYLIGHT,,,43592.50509,False,132,Accepted,5,5,O,ANIMALS ACTION,NOT UNDER PROPER CONTROL,,2019,1
498,25034982,0510100,HENDERSON POLICE DEPARTMENT,Accepted,HENDERSON,US0060,,US60,,E,,PEBBLE CREEK,,,,,37.86468661,-87.54943608,11.7,2019-05-06,1800,1,1,0,0,CLEAR,DRY,False,COLLISION WITH FIXED OBJECT IN INTERSECTION - FIRST EVENT COLLISION 09 - 32,SINGLE VEHICLE,STRAIGHT & HILLCREST,DAYLIGHT,,,43592.70161,False,37,Accepted,5,5,O,MAINTENANCE/UTILITY WORK ZONE,,,2019,1
502,25039831,0510100,HENDERSON POLICE DEPARTMENT,Accepted,HENDERSON,,1700,KRESGE,DR,,US0041A,GREEN,,,,,37.81608187,-87.6148432,0.005,2019-05-07,1615,3,3,0,1,CLEAR,DRY,False,ANGLE COLLISION - OTHER,ANGLE,STRAIGHT & LEVEL,DAYLIGHT,,,43593.68283,False,46,Accepted,3,3,B,,INATTENTION,,2019,1
503,25039832,0510100,HENDERSON POLICE DEPARTMENT,Accepted,HENDERSON,,138,HUBBARD,LN,,,,,,,,37.82331997,-87.56568952,0.059,2019-05-07,1725,2,2,0,0,CLEAR,DRY,False,1 VEHICLE PARKED POSITION (NOT PARKING LOT/DRIVEWAY),BACKING,STRAIGHT & LEVEL,DAYLIGHT,,,43593.6829,False,18,Accepted,5,5,O,,IMPROPER BACKING,,2019,1
504,25043410,0510100,HENDERSON POLICE DEPARTMENT,Accepted,HENDERSON,US0041A,,GREEN,ST,N,,,,,,,37.85135359,-87.58080479,16.854,2019-05-04,946,1,1,0,0,CLOUDY,WET,True,COLLISION WITH FIXED OBJECT NON - INTERSECTION - FIRST EVENT COLLISION 09 - 32 EXCLUDING 16,SINGLE VEHICLE,STRAIGHT & LEVEL,DAYLIGHT,,,43594.5221,False,19,Accepted,5,5,O,,ALCOHOL INVOLVEMENT,,2019,1
505,25043415,0510100,HENDERSON POLICE DEPARTMENT,Accepted,HENDERSON,KY0351,,2ND,ST,,US0041A,GREEN,,,,,37.83942045,-87.5882683,0.011,2019-05-05,1251,2,2,0,0,CLEAR,DRY,False,OTHER INTERSECTION COLLISIONS,REAR END,STRAIGHT & LEVEL,DAYLIGHT,,,43594.52245,False,26,Accepted,5,5,O,,"INATTENTION, MISJUDGE CLEARANCE",,2019,1
506,25044174,0510100,HENDERSON POLICE DEPARTMENT,Accepted,HENDERSON,,506,10TH,ST,,,,,,,,37.84876365,-87.58058487,0.266,2019-05-09,655,1,1,0,0,CLEAR,DRY,True,COLLISION WITH FIXED OBJECT NON - INTERSECTION - FIRST EVENT COLLISION 09 - 32 EXCLUDING 16,SINGLE VEHICLE,STRAIGHT & LEVEL,DARK-HWY NOT LIGHTED,,,43594.64461,False,36,Accepted,5,5,O,,,,2019,1
507,25044485,0510100,HENDERSON POLICE DEPARTMENT,Accepted,HENDERSON,US0041A,,GREEN,ST,S,,,,,,,37.83632186,-87.59077281,15.666,2019-05-03,1248,3,3,0,2,CLEAR,DRY,False,1 VEHICLE ENTERING/LEAVING ENTRANCE,ANGLE,STRAIGHT & GRADE,DAYLIGHT,,,43594.70088,False,19,Accepted,5,3,B,,"DISREGARD TRAFFIC CONTROL, INATTENTION",,2019,1
508,25045467,0510100,HENDERSON POLICE DEPARTMENT,Accepted,HENDERSON,,631,6TH,ST,,,,,,,,37.84464881,-87.58543922,0.11,2019-05-08,1902,3,3,0,0,CLEAR,DRY,False,REAR END IN TRAFFIC LANES BOTH VEHICLES MOVING,REAR END,STRAIGHT & HILLCREST,DAYLIGHT,,,43594.98402,False,37,Accepted,5,5,O,,"FOLLOWING TOO CLOSE, INATTENTION",BRAKES DEFECTIVE,2019,1
509,25045468,0510100,HENDERSON POLICE DEPARTMENT,Accepted,HENDERSON,,,6TH,ST,,,MAIN,,,,,37.84589957,-87.58858105,0.281,2019-05-08,1724,2,2,0,0,CLEAR,DRY,False,ANGLE COLLISION - OTHER,ANGLE,STRAIGHT & LEVEL,DAYLIGHT,,,43594.98405,False,37,Accepted,5,5,O,,"INATTENTION, MISJUDGE CLEARANCE",,2019,1
510,25045470,0510100,HENDERSON POLICE DEPARTMENT,Accepted,HENDERSON,KY0351,,ZION,RD,,,,,,,,37.82830523,-87.55780001,1.856,2019-05-09,1611,2,2,0,0,CLEAR,DRY,False,REAR END IN TRAFFIC LANES BOTH VEHICLES MOVING,REAR END,STRAIGHT & LEVEL,DAYLIGHT,,,43594.98407,False,50,Accepted,5,5,O,,INATTENTION,MIRRORS,2019,1
511,25047171,0510100,HENDERSON POLICE DEPARTMENT,Accepted,HENDERSON,US0041A,1300,GREEN,ST,N,,,,,,,37.85308274,-87.57968903,16.991,2019-05-02,1253,2,2,0,0,CLOUDY,DRY,False,1 VEHICLE ENTERING/LEAVING ENTRANCE,ANGLE,STRAIGHT & LEVEL,DAYLIGHT,,,43595.41318,False,19,Accepted,5,5,O,,INATTENTION,,2019,1