OBJECTID,IncidentID,AgencyORI,AgencyName,IncidentStatusDesc,County,RdwyNumber,Street,RoadwayName,StreetSfx,StreetDir,IntersectionRdwy,IntersectionRdwyName,BetweenStRdwy1,BetweenStRdwyName1,BetweenStRdwy2,BetweenStRdwyName2,Latitude,Longitude,Milepoint,CollisionDate,CollisionTime,UnitsInvolved,MotorVehiclesInvolved,NumberKilled,NumberInjured,Weather,RdwyConditionCode,HitandRun,DirAnalysisCode,MannerofCollision,RdwyCharacter,LightCondition,RampFromRdwyId,RampToRdwyId,AcceptedDate,IsSecondaryCollision,OwnerBadge,IncidentStatus,InjurySeverityCde,KABCO_Code,KABCO,Environmental_Factors,Human_Factors,Vehicular_Factors,CollisionYear,CityCrash
512,25047193,0510100,HENDERSON POLICE DEPARTMENT,Accepted,HENDERSON,US0041A,,GREEN,ST,S,,,,CLAY,,DIXON,37.83371627,-87.59332914,15.439,2019-04-26,1229,2,2,0,0,CLEAR,DRY,False,OTHER ROADWAY OR MID-BLOCK COLLISION,REAR END,STRAIGHT & LEVEL,DAYLIGHT,,,43595.41547,False,65,Accepted,5,5,O,,INATTENTION,,2019,1
515,25048745,0510100,HENDERSON POLICE DEPARTMENT,Accepted,HENDERSON,US0041A,,GREEN,ST,S,,BORAX,,,,,37.81108307,-87.62267722,13.098,2019-05-08,1545,2,2,0,0,CLEAR,DRY,False,ANGLE COLLISION - OTHER,ANGLE,STRAIGHT & LEVEL,DAYLIGHT,,,43595.69735,False,46,Accepted,5,5,O,,INATTENTION,,2019,1
516,25051215,0510100,HENDERSON POLICE DEPARTMENT,Accepted,HENDERSON,US0041A,34,GREEN,ST,N,,2ND,,,,,37.83856065,-87.58901613,15.854,2019-05-08,1340,2,2,0,0,CLEAR,DRY,False,COLLISION WITH PARKED VEHICLE,HEAD ON,STRAIGHT & LEVEL,DAYLIGHT,,,43596.58664,False,19,Accepted,5,5,O,,INATTENTION,,2019,1
517,25051247,0510100,HENDERSON POLICE DEPARTMENT,Accepted,HENDERSON,US0060,2278,GREEN,ST,S,,,,,,,37.80415592,-87.63660661,9.383,2019-05-09,2039,2,2,0,1,CLEAR,DRY,False,1 VEHICLE ENTERING/LEAVING ENTRANCE,ANGLE,CURVE & LEVEL,DARK-HWY LIGHTED/ON,,,43596.60084,False,19,Accepted,5,4,C,,INATTENTION,,2019,1
518,25053222,0510100,HENDERSON POLICE DEPARTMENT,Accepted,HENDERSON,US0041,2111,US41,,N,,,,,,,37.86749491,-87.5722436,16.793,2019-05-10,739,4,4,0,0,CLOUDY,DRY,False,REAR END IN TRAFFIC LANES BOTH VEHICLES MOVING,REAR END,STRAIGHT & LEVEL,DAYLIGHT,,,43597.34973,False,67,Accepted,5,5,O,,FELL ASLEEP,,2019,1
519,25053225,0510100,HENDERSON POLICE DEPARTMENT,Accepted,HENDERSON,US0041A,1328,GREEN,ST,S,,,,,,,37.82210602,-87.60489149,14.375,2019-05-09,1533,2,2,0,0,CLEAR,DRY,True,VEHICLE BACKING NON INTERSECTION,BACKING,STRAIGHT & LEVEL,DAYLIGHT,,,43597.34986,False,19,Accepted,5,5,O,,INATTENTION,,2019,1
520,25053798,0510100,HENDERSON POLICE DEPARTMENT,Accepted,HENDERSON,,,ELM,ST,N,,14TH,,,,,37.85481359,-87.58067482,1.3,2019-05-10,1851,2,2,0,0,CLEAR,DRY,False,ANGLE COLLISION - OTHER,ANGLE,STRAIGHT & HILLCREST,DAYLIGHT,,,43597.61981,False,18,Accepted,5,5,O,GLARE (SUN),MISJUDGE CLEARANCE,,2019,1
521,25053799,0510100,HENDERSON POLICE DEPARTMENT,Accepted,HENDERSON,US0041A,1700,GREEN,ST,S,,,,,,,37.82077893,-87.60691356,14.231,2019-05-09,1431,3,3,0,1,CLOUDY,DRY,False,1 VEHICLE ENTERING/LEAVING ENTRANCE,ANGLE,STRAIGHT & LEVEL,DAYLIGHT,,,43597.61985,False,61,Accepted,5,4,C,,"FAILED TO KEEP PROPER LANE, MISJUDGE CLEARANCE, PHYSICAL DISABILITY",,2019,1
522,25054162,0510100,HENDERSON POLICE DEPARTMENT,Accepted,HENDERSON,,,GREEN RIVER,RD,,,WATSON,,,,,37.86858128,-87.55754995,0.713,2019-05-11,1723,2,2,0,0,RAINING,WET,False,OTHER INTERSECTION COLLISIONS,REAR END,STRAIGHT & LEVEL,DAYLIGHT,,,43597.72461,False,17,Accepted,5,5,O,SLIPPERY SURFACE,INATTENTION,,2019,1
523,25054164,0510100,HENDERSON POLICE DEPARTMENT,Accepted,HENDERSON,US0041,2005,US41,,N,,,,,,,37.87056933,-87.5702978,17.05,2019-05-10,2017,2,2,0,0,CLEAR,DRY,False,1 VEHICLE ENTERING/LEAVING ENTRANCE,ANGLE,STRAIGHT & LEVEL,DARK-HWY LIGHTED/ON,,,43597.72469,False,17,Accepted,5,5,O,,INATTENTION,,2019,1
525,25058641,0510100,HENDERSON POLICE DEPARTMENT,Accepted,HENDERSON,US0041,,US41,,N,,,,PARK,,BARRET,37.86440405,-87.57384837,16.58,2019-05-13,642,2,2,0,0,CLEAR,DRY,False,SIDESWIPE COLLISION - SAME DIRECTION,SIDESWIPE-SAME DIRECTION,STRAIGHT & LEVEL,DAYLIGHT,,,43598.612,False,29,Accepted,5,5,O,,INATTENTION,,2019,1
526,25059540,0510100,HENDERSON POLICE DEPARTMENT,Accepted,HENDERSON,,335,INGRAM,ST,N,,,,,,,37.84188958,-87.58505481,0.25,2019-05-09,2055,2,2,0,0,CLEAR,DRY,False,1 VEHICLE PARKED POSITION (NOT PARKING LOT/DRIVEWAY),REAR END,STRAIGHT & LEVEL,DUSK,,,43598.75325,False,17,Accepted,5,5,O,,INATTENTION,,2019,1
527,25064232,0510100,HENDERSON POLICE DEPARTMENT,Accepted,HENDERSON,US0041,,,,,,,,,,,37.85761838,-87.57383437,0.138,2019-05-13,1715,2,2,0,0,CLEAR,DRY,False,OTHER RAMP RELATED COLLISIONS NOT LISTED ABOVE,REAR END,CURVE & LEVEL,DAYLIGHT,US0041,US0041,43599.71377,False,19,Accepted,5,5,O,,INATTENTION,,2019,1
528,25064233,0510100,HENDERSON POLICE DEPARTMENT,Accepted,HENDERSON,KY1539,,LARUE,RD,,,,,,,,37.83472198,-87.55274514,0.529,2019-05-13,2114,2,2,0,0,CLEAR,DRY,False,SIDESWIPE COLLISION - OPPOSITE DIRECTION,SIDESWIPE-OPPOSITE DIRECTION,STRAIGHT & LEVEL,DARK-HWY NOT LIGHTED,,,43599.71379,False,50,Accepted,5,5,O,OTHER,MISJUDGE CLEARANCE,,2019,1
529,25066561,0510100,HENDERSON POLICE DEPARTMENT,Accepted,HENDERSON,,,POWELL,ST,,,MEADOW,,,,,37.82981059,-87.58293233,0.909,2019-05-07,1336,2,2,0,2,CLEAR,DRY,False,ANGLE COLLISION - OTHER,ANGLE,STRAIGHT & LEVEL,DAYLIGHT,,,43600.37171,False,22,Accepted,5,4,C,,FAILED TO YIELD RIGHT OF WAY,,2019,1
530,25071784,0510100,HENDERSON POLICE DEPARTMENT,Accepted,HENDERSON,US0041,,US41,,N,,,,WALKER,,BARKER,37.86980402,-87.57072375,16.993,2019-05-11,1327,3,3,0,0,RAINING,WET,False,REAR END IN TRAFFIC LANES BOTH VEHICLES MOVING,REAR END,STRAIGHT & LEVEL,DAYLIGHT,,,43601.43859,False,65,Accepted,5,5,O,,INATTENTION,,2019,1
531,25071788,0510100,HENDERSON POLICE DEPARTMENT,Accepted,HENDERSON,US0041A,,GREEN,ST,S,,CLAY,,,,,37.83406034,-87.59308127,15.462,2019-05-15,1335,2,2,0,0,CLEAR,DRY,False,ANGLE COLLISION - OTHER,ANGLE,STRAIGHT & LEVEL,DAYLIGHT,,,43601.43908,False,60,Accepted,5,5,O,,FAILED TO YIELD RIGHT OF WAY,,2019,1
533,25083961,0510100,HENDERSON POLICE DEPARTMENT,Accepted,HENDERSON,US0041,,US41,,N,,,,ROBIN,,HARMONY,37.86880879,-87.57144945,16.912,2019-05-18,724,2,2,0,0,CLEAR,DRY,False,1 VEHICLE ENTERING/LEAVING ENTRANCE,ANGLE,STRAIGHT & LEVEL,DAYLIGHT,,,43604.58829,False,67,Accepted,5,5,O,,INATTENTION,,2019,1
534,25084657,0510100,HENDERSON POLICE DEPARTMENT,Accepted,HENDERSON,,200,ELM,ST,N,,,,,,,37.85941254,-87.57773973,1.658,2019-05-17,1418,2,2,0,0,CLEAR,DRY,False,1 VEHICLE ENTERING OR LEAVING PARKED POSITION (NOT PARKING LOT),ANGLE,STRAIGHT & LEVEL,DAYLIGHT,,,43604.81496,False,46,Accepted,5,5,O,,INATTENTION,,2019,1
535,25084661,0510100,HENDERSON POLICE DEPARTMENT,Accepted,HENDERSON,US0041,2910,US41,,N,,,,,,,37.87196118,-87.56962489,17.152,2019-05-17,1708,2,2,0,1,CLEAR,DRY,False,1 VEHICLE ENTERING/LEAVING ENTRANCE,ANGLE,STRAIGHT & LEVEL,DAYLIGHT,,,43604.81516,False,17,Accepted,5,4,C,,"FAILED TO YIELD RIGHT OF WAY, INATTENTION",,2019,1
536,25085051,0510100,HENDERSON POLICE DEPARTMENT,Accepted,HENDERSON,KY0812,2142,AIRLINE,RD,,,,,,,,37.82023385,-87.56958308,7.385,2019-05-15,1539,3,3,0,2,CLEAR,DRY,False,1 VEHICLE ENTERING/LEAVING ENTRANCE,ANGLE,STRAIGHT & LEVEL,DAYLIGHT,,,43604.93743,False,38,Accepted,5,4,C,BACKUP DUE TO REGULAR CONGESTION,INATTENTION,,2019,1
539,25088476,0510100,HENDERSON POLICE DEPARTMENT,Accepted,HENDERSON,,,CLAY,ST,,,ATKINSON,,,,,37.82455661,-87.57754047,,2019-05-08,1040,2,2,0,0,CLEAR,DRY,True,ANGLE COLLISION - OTHER,ANGLE,STRAIGHT & LEVEL,DAYLIGHT,,,43605.57541,False,22,Accepted,5,5,O,,DISREGARD TRAFFIC CONTROL,,2019,1
540,25088477,0510100,HENDERSON POLICE DEPARTMENT,Accepted,HENDERSON,,2480,BROOMSAGE,LN,,,,,,,,37.82235092,-87.55451105,0.019,2019-05-18,1152,2,2,0,0,CLEAR,DRY,False,1 VEHICLE PARKED POSITION (NOT PARKING LOT/DRIVEWAY),BACKING,STRAIGHT & LEVEL,DAYLIGHT,,,43605.57546,False,58,Accepted,5,5,O,,INATTENTION,,2019,1
544,25092719,0510000,HENDERSON COUNTY SHERIFF DEPT.,Accepted,HENDERSON,US0041,,US41,,,,,KY0812,AIRLINE,AU9005,US41 S RAMP TO AU9005 E,37.81720311,-87.56312731,1.9,2019-05-15,2100,1,1,0,0,CLEAR,DRY,False,COLLISION WITH ANIMAL NON INTERSECTION,SINGLE VEHICLE,STRAIGHT & LEVEL,DARK-HWY NOT LIGHTED,,,43606.4268,False,133,Accepted,5,5,O,ANIMALS ACTION,,,2019,1
546,25094382,0510100,HENDERSON POLICE DEPARTMENT,Accepted,HENDERSON,,,WASHINGTON,ST,,,MCKINLEY,,,,,37.82782725,-87.57658232,0.234,2019-05-14,721,2,2,0,0,CLEAR,DRY,False,ANGLE COLLISION - ONE VEHICLE TURNING LEFT,ANGLE,STRAIGHT & LEVEL,DAYLIGHT,,,43606.65408,False,22,Accepted,5,5,O,,MISJUDGE CLEARANCE,,2019,1
547,25103190,0510100,HENDERSON POLICE DEPARTMENT,Accepted,HENDERSON,US0041,,US41,,N,,RACETRACK,,,,,37.88297779,-87.56348579,17.972,2019-05-22,804,2,2,0,1,RAINING,WET,False,ANGLE COLLISION - OTHER,ANGLE,STRAIGHT & LEVEL,DAYLIGHT,,,43608.50414,False,67,Accepted,4,4,C,SLIPPERY SURFACE,FAILED TO YIELD RIGHT OF WAY,,2019,1
548,25103280,0510100,HENDERSON POLICE DEPARTMENT,Accepted,HENDERSON,,,2ND,ST,,,WATER,,,,,37.84135837,-87.59315806,0.287,2019-05-23,927,2,2,0,0,CLOUDY,DRY,False,OTHER INTERSECTION COLLISIONS,REAR END,STRAIGHT & GRADE,DAYLIGHT,,,43608.5348,False,36,Accepted,5,5,O,,INATTENTION,,2019,1
549,25104502,0510100,HENDERSON POLICE DEPARTMENT,Accepted,HENDERSON,KY0425,,KY425,,,,OLD HENDERSON CORYDON,,,,,37.79455402,-87.64381526,0.431,2019-05-21,1918,2,2,0,0,CLEAR,DRY,False,ANGLE COLLISION - OTHER,ANGLE,STRAIGHT & LEVEL,DAYLIGHT,,,43608.73761,False,19,Accepted,5,5,O,,INATTENTION,,2019,1
550,25104505,0510100,HENDERSON POLICE DEPARTMENT,Accepted,HENDERSON,US0041,,US41,,N,,MARYWOOD,,,,,37.86728811,-87.57212456,16.807,2019-05-22,1410,2,2,0,2,CLEAR,DRY,False,ANGLE COLLISION - OTHER,ANGLE,STRAIGHT & LEVEL,DAYLIGHT,,,43608.73764,False,19,Accepted,5,4,C,,INATTENTION,,2019,1
554,25111277,0510100,HENDERSON POLICE DEPARTMENT,Accepted,HENDERSON,,300,5TH,ST,,,,,,,,37.84363936,-87.58683567,1.006,2019-05-17,1437,2,2,0,0,CLEAR,DRY,False,1 VEHICLE ENTERING/LEAVING ENTRANCE,ANGLE,STRAIGHT & LEVEL,DAYLIGHT,,,43609.77772,False,11,Accepted,5,5,O,,INATTENTION,,2019,1
555,25111280,0510100,HENDERSON POLICE DEPARTMENT,Accepted,HENDERSON,US0041A,1409,GREEN,ST,N,,,,,,,37.85428956,-87.57863376,17.094,2019-05-23,1642,2,2,0,0,CLEAR,DRY,False,SIDESWIPE COLLISION - SAME DIRECTION,SIDESWIPE-SAME DIRECTION,STRAIGHT & LEVEL,DAYLIGHT,,,43609.77776,False,19,Accepted,5,5,O,,INATTENTION,,2019,1
556,25113154,0510100,HENDERSON POLICE DEPARTMENT,Accepted,HENDERSON,US0041,,US41,,N,,WALKER,,,,,37.86975384,-87.57062324,16.986,2019-05-04,1751,2,2,0,0,CLOUDY,DRY,False,ANGLE COLLISION - OTHER,ANGLE,STRAIGHT & LEVEL,DAYLIGHT,,,43610.13798,False,24,Accepted,5,5,O,,"INATTENTION, MISJUDGE CLEARANCE",,2019,1
557,25113801,0510100,HENDERSON POLICE DEPARTMENT,Accepted,HENDERSON,US0041,,US41,,N,,,,BARKER,,PAUL,37.87334865,-87.56879909,17.259,2019-05-22,846,2,2,0,0,RAINING,WET,False,REAR END IN TRAFFIC LANES BOTH VEHICLES MOVING,REAR END,STRAIGHT & LEVEL,DAYLIGHT,,,43610.35668,False,36,Accepted,5,5,O,,SICK,,2019,1
558,25113802,0510100,HENDERSON POLICE DEPARTMENT,Accepted,HENDERSON,US0041,,US41,,N,,,,WATSON,,PAUL,37.87449557,-87.56821457,17.309,2019-05-24,1137,2,2,0,0,CLEAR,DRY,False,1 VEHICLE ENTERING/LEAVING ENTRANCE,ANGLE,STRAIGHT & LEVEL,DAYLIGHT,,,43610.35671,False,67,Accepted,5,5,O,,INATTENTION,,2019,1
559,25114761,0510100,HENDERSON POLICE DEPARTMENT,Accepted,HENDERSON,,,WATHEN,LN,,,,,BRAXTON PARK,,WOLF HILLS,37.87323524,-87.52954627,0.744,2019-05-21,1913,1,1,0,1,CLEAR,DRY,False,OTHER COLLISIONS ON SHOULDER,SINGLE VEHICLE,STRAIGHT & LEVEL,DAYLIGHT,,,43610.69404,False,34,Accepted,3,3,B,,DRUG INVOLVEMENT,,2019,1
560,25116164,0510100,HENDERSON POLICE DEPARTMENT,Accepted,HENDERSON,,1300,MAIN,ST,S,,,,,,,37.82488972,-87.60668708,0.952,2019-05-19,143,1,1,0,0,CLOUDY,DRY,True,COLLISION WITH FIXED OBJECT NON - INTERSECTION - FIRST EVENT COLLISION 09 - 32 EXCLUDING 16,SINGLE VEHICLE,STRAIGHT & LEVEL,DARK (UNKNOWN ROADWAY LIGHTING),,,43611.09558,False,42,Accepted,5,5,O,,,,2019,1
561,25117198,0510100,HENDERSON POLICE DEPARTMENT,Accepted,HENDERSON,,,WILDERNESS,DR,,,,,VILLAGE,,WATSON,37.86589367,-87.55366841,0.147,2019-05-25,854,2,2,0,0,CLEAR,DRY,False,1 VEHICLE PARKED POSITION (NOT PARKING LOT/DRIVEWAY),HEAD ON,STRAIGHT & HILLCREST,DAYLIGHT,,,43611.59116,False,67,Accepted,5,5,O,,INATTENTION,,2019,1
562,25120515,0510100,HENDERSON POLICE DEPARTMENT,Accepted,HENDERSON,US0041,,US41,,N,,,,WALKER,,BARKER,37.87155661,-87.56982286,17.123,2019-05-25,1136,2,2,0,3,CLEAR,DRY,False,OTHER ROADWAY OR MID-BLOCK COLLISION,REAR END,STRAIGHT & LEVEL,DAYLIGHT,,,43612.47288,False,67,Accepted,4,3,B,,INATTENTION,,2019,1
563,25122900,0510100,HENDERSON POLICE DEPARTMENT,Accepted,HENDERSON,,,2ND,ST,,,MAIN,,,,,37.84098459,-87.59209033,0.224,2019-05-24,2219,2,2,0,0,CLEAR,DRY,True,COLLISION WITH PARKED VEHICLE,BACKING,STRAIGHT & LEVEL,DARK-HWY LIGHTED/ON,,,43613.00177,False,24,Accepted,5,5,O,,"INATTENTION, MISJUDGE CLEARANCE",,2019,1
564,25125148,0510100,HENDERSON POLICE DEPARTMENT,Accepted,HENDERSON,,48,HOLLOWAY,ST,S,,,,,,,37.83260186,-87.58457171,0.211,2019-05-14,1258,2,2,0,0,CLEAR,DRY,True,1 VEHICLE PARKED POSITION (NOT PARKING LOT/DRIVEWAY),SIDESWIPE-SAME DIRECTION,STRAIGHT & LEVEL,DAYLIGHT,,,43613.38308,False,58,Accepted,5,5,O,,,,2019,1
565,25125149,0510100,HENDERSON POLICE DEPARTMENT,Accepted,HENDERSON,US0041,,US41,,N,,,,,,,37.86739328,-87.57222186,16.798,2019-05-14,801,2,2,0,0,CLEAR,DRY,False,REAR END IN TRAFFIC LANES BOTH VEHICLES MOVING,REAR END,STRAIGHT & LEVEL,DAYLIGHT,,,43613.38311,False,58,Accepted,5,5,O,,INATTENTION,,2019,1
569,25130454,0510000,HENDERSON COUNTY SHERIFF DEPT.,Accepted,HENDERSON,,,MILL,ST,,,CUMNOCK,,,,,37.82608387,-87.58209726,0.546,2019-05-28,1609,2,2,0,0,CLEAR,DRY,False,ANGLE COLLISION - OTHER,ANGLE,STRAIGHT & LEVEL,DAYLIGHT,,,43614.40687,False,133,Accepted,5,5,O,,INATTENTION,,2019,1
572,25132947,0510100,HENDERSON POLICE DEPARTMENT,Accepted,HENDERSON,US0041,,US41,,N,,BARRET,,,,,37.86461992,-87.57371462,16.601,2019-05-21,1730,2,2,0,0,CLEAR,DRY,False,SIDESWIPE-SAME DIRECTION,SIDESWIPE-SAME DIRECTION,STRAIGHT & LEVEL,DAYLIGHT,,,43614.76829,False,34,Accepted,5,5,O,,"MISJUDGE CLEARANCE, OTHER",,2019,1
573,25132948,0510100,HENDERSON POLICE DEPARTMENT,Accepted,HENDERSON,US0041,,US41,,N,,,US0041,US41 N EXIT81 OFF RAMP TO US60 W,US0041,US41 RAMP TO US41 N,37.85805027,-87.57410396,16.116,2019-05-22,1439,2,2,0,3,CLEAR,DRY,False,REAR END IN TRAFFIC LANES BOTH VEHICLES MOVING,REAR END,STRAIGHT & LEVEL,DAYLIGHT,,,43614.76833,True,34,Accepted,5,3,B,,INATTENTION,,2019,1
574,25134202,0510100,HENDERSON POLICE DEPARTMENT,Accepted,HENDERSON,,724,COMANCHE,DR,,,,,,,,37.86457211,-87.57043649,0.274,2019-05-28,2309,2,2,0,0,CLEAR,DRY,False,1 VEHICLE PARKED POSITION (NOT PARKING LOT/DRIVEWAY),BACKING,STRAIGHT & LEVEL,DARK-HWY LIGHTED/ON,,,43615.08681,False,62,Accepted,5,5,O,,INATTENTION,,2019,1
575,25135470,0510100,HENDERSON POLICE DEPARTMENT,Accepted,HENDERSON,US0041,,US41,,N,,,,MARYWOOD,,BARRET,37.86645413,-87.57258117,16.743,2019-05-27,946,3,3,0,4,CLOUDY,DRY,False,OTHER ROADWAY OR MID-BLOCK COLLISION,REAR END,STRAIGHT & LEVEL,DAYLIGHT,,,43615.40919,False,51,Accepted,5,3,B,,DISTRACTION,,2019,1
576,25135471,0510100,HENDERSON POLICE DEPARTMENT,Accepted,HENDERSON,US0041A,,GREEN,ST,N,,,,14TH,,HERRON,37.85409805,-87.5788792,17.074,2019-05-28,556,1,1,0,0,CLEAR,DRY,False,COLLISION WITH FIXED OBJECT NON - INTERSECTION - FIRST EVENT COLLISION 09 - 32 EXCLUDING 16,SINGLE VEHICLE,CURVE & LEVEL,DAYLIGHT,,,43615.40925,False,36,Accepted,5,5,O,DEBRIS IN ROADWAY,FAILED TO KEEP PROPER LANE,,2019,1
577,25135472,0510100,HENDERSON POLICE DEPARTMENT,Accepted,HENDERSON,US0041A,,GREEN,ST,N,,5TH,,,,,37.84328126,-87.58599639,16.217,2019-05-28,1203,2,2,0,0,CLEAR,DRY,False,OPPOSING LEFT TURN,OPPOSING LEFT TURN,STRAIGHT & LEVEL,DAYLIGHT,,,43615.40928,False,36,Accepted,5,5,O,,FAILED TO YIELD RIGHT OF WAY,,2019,1
578,25135473,0510100,HENDERSON POLICE DEPARTMENT,Accepted,HENDERSON,US0041,,US41,,N,,,,WALNUT,,WATSON,37.8761043,-87.56743575,17.464,2019-05-29,734,2,2,0,0,CLOUDY,DRY,True,SIDESWIPE COLLISION - SAME DIRECTION,SIDESWIPE-SAME DIRECTION,STRAIGHT & LEVEL,DAYLIGHT,,,43615.40931,False,29,Accepted,5,5,O,,"FAILED TO YIELD RIGHT OF WAY, INATTENTION, MISJUDGE CLEARANCE",,2019,1
579,25139759,0510100,HENDERSON POLICE DEPARTMENT,Accepted,HENDERSON,,,OLD MADISONVILLE,RD,,,,,MADISON,,LEE,37.81703321,-87.58387095,,2019-05-30,1120,2,2,0,0,CLOUDY,WET,False,OTHER ROADWAY OR MID-BLOCK COLLISION,REAR END,STRAIGHT & LEVEL,DAYLIGHT,,,43616.34559,False,23,Accepted,5,5,O,,INATTENTION,,2019,1
580,25139887,0510100,HENDERSON POLICE DEPARTMENT,Accepted,HENDERSON,US0041,,US41,,N,,KIMSEY,,,,,37.84978782,-87.56728131,15.447,2019-05-11,659,2,2,0,0,CLEAR,DRY,False,SIDESWIPE-SAME DIRECTION,SIDESWIPE-SAME DIRECTION,STRAIGHT & LEVEL,DAYLIGHT,,,43616.35869,False,22,Accepted,5,5,O,,MISJUDGE CLEARANCE,,2019,1
581,25139960,0510100,HENDERSON POLICE DEPARTMENT,Accepted,HENDERSON,,,ELM,ST,N,,14TH,,,,,37.85482045,-87.58061222,1.3,2019-05-30,843,2,2,0,0,RAINING,WET,False,OPPOSING LEFT TURN,OPPOSING LEFT TURN,STRAIGHT & GRADE,DAYLIGHT,,,43616.36495,False,36,Accepted,5,5,O,,FAILED TO YIELD RIGHT OF WAY,,2019,1
585,25142970,0510100,HENDERSON POLICE DEPARTMENT,Accepted,HENDERSON,US0041A,1126,GREEN,ST,S,,,,,,,37.82443451,-87.60248258,14.6,2019-05-28,1735,2,2,0,0,CLEAR,DRY,False,REAR END IN TRAFFIC LANES BOTH VEHICLES MOVING,REAR END,STRAIGHT & LEVEL,DAYLIGHT,,,43616.8981,False,11,Accepted,5,5,O,,INATTENTION,,2019,1
586,25142971,0510100,HENDERSON POLICE DEPARTMENT,Accepted,HENDERSON,,,ATKINSON,ST,,KY0136,MADISON,,,,,37.81760374,-87.58421578,0.839,2019-05-30,1737,2,2,0,0,CLEAR,DRY,False,ANGLE COLLISION - OTHER,ANGLE,STRAIGHT & LEVEL,DAYLIGHT,,,43616.89813,False,19,Accepted,5,5,O,,INATTENTION,,2019,1
587,25142972,0510100,HENDERSON POLICE DEPARTMENT,Accepted,HENDERSON,US0041,,,,,,,,,,,37.85585321,-87.57563912,0.038,2019-05-26,1728,2,2,0,0,CLEAR,DRY,False,OTHER RAMP RELATED COLLISIONS NOT LISTED ABOVE,SIDESWIPE-SAME DIRECTION,CURVE & LEVEL,DAYLIGHT,US0041,US0041,43616.89816,False,17,Accepted,5,5,O,,INATTENTION,,2019,1
588,25143212,0510100,HENDERSON POLICE DEPARTMENT,Accepted,HENDERSON,US0041,3113,US41,,N,,,,,,,37.87042761,-87.57039041,17.039,2019-05-30,1634,2,2,0,0,CLEAR,DRY,False,1 VEHICLE ENTERING/LEAVING ENTRANCE,ANGLE,STRAIGHT & LEVEL,DAYLIGHT,,,43616.95275,False,17,Accepted,5,5,O,VIEW OBSTRUCTED/LIMITED DUE TO RDWY,INATTENTION,OTHER,2019,1
589,25143217,0510100,HENDERSON POLICE DEPARTMENT,Accepted,HENDERSON,,200,ALVES,ST,N,,,,,,,37.83738623,-87.58431403,0.175,2019-05-31,1720,2,2,0,0,CLEAR,DRY,False,1 VEHICLE PARKED POSITION (NOT PARKING LOT/DRIVEWAY),BACKING,STRAIGHT & LEVEL,DAYLIGHT,,,43616.95288,False,18,Accepted,5,5,O,,"IMPROPER BACKING, INATTENTION",,2019,1
590,25143218,0510100,HENDERSON POLICE DEPARTMENT,Accepted,HENDERSON,US0041A,1400,GREEN,ST,N,,,,,,,37.85179703,-87.58053593,16.889,2019-05-29,1543,2,2,0,0,CLEAR,DRY,False,1 VEHICLE ENTERING/LEAVING ENTRANCE,ANGLE,STRAIGHT & LEVEL,DAYLIGHT,,,43616.95291,False,11,Accepted,5,5,O,,FAILED TO YIELD RIGHT OF WAY,,2019,1
591,25145422,0510100,HENDERSON POLICE DEPARTMENT,Accepted,HENDERSON,,300,12TH,ST,,,MAIN,,,,,37.85332008,-87.58351215,0.103,2019-05-31,1405,2,2,0,0,CLEAR,DRY,False,ANGLE COLLISION - OTHER,ANGLE,STRAIGHT & LEVEL,DAYLIGHT,,,43617.71064,False,19,Accepted,5,5,O,,INATTENTION,,2019,1
592,25145425,0510100,HENDERSON POLICE DEPARTMENT,Accepted,HENDERSON,,300,ATKINSON,ST,,,,,,,,37.82414765,-87.57786692,0.281,2019-05-21,1500,2,2,0,0,CLEAR,DRY,False,SIDESWIPE COLLISION - OPPOSITE DIRECTION,SIDESWIPE-OPPOSITE DIRECTION,STRAIGHT & LEVEL,DAYLIGHT,,,43617.71069,False,18,Accepted,5,5,O,,,,2019,1
595,25147645,0510100,HENDERSON POLICE DEPARTMENT,Accepted,HENDERSON,,2172,AUGUSTA,DR,,,,,,,,37.82126151,-87.56540885,0.09,2019-05-31,1015,1,1,0,1,CLOUDY,DRY,False,COLLISION WITH FIXED OBJECT NON - INTERSECTION - FIRST EVENT COLLISION 09 - 32 EXCLUDING 16,SINGLE VEHICLE,CURVE & GRADE,DAYLIGHT,,,43618.42924,False,23,Accepted,5,4,C,,INATTENTION,STEERING FAILURE,2019,1
596,25147646,0510100,HENDERSON POLICE DEPARTMENT,Accepted,HENDERSON,,1334,WASHINGTON,ST,,,,,,,,37.82911939,-87.57880417,0.387,2019-05-18,523,2,2,0,0,CLEAR,DRY,False,1 VEHICLE PARKED POSITION (NOT PARKING LOT/DRIVEWAY),HEAD ON,STRAIGHT & LEVEL,DAYLIGHT,,,43618.42926,False,22,Accepted,5,5,O,,"ALCOHOL INVOLVEMENT, NOT UNDER PROPER CONTROL",,2019,1
597,25147647,0510100,HENDERSON POLICE DEPARTMENT,Accepted,HENDERSON,KY0351,,2ND,ST,,US0041A,GREEN,,,,,37.83949025,-87.58838705,0.004,2019-05-30,1251,2,2,0,0,CLEAR,DRY,False,ANGLE COLLISION - ONE VEHICLE TURNING LEFT,ANGLE,STRAIGHT & LEVEL,DAYLIGHT,,,43618.4293,False,60,Accepted,5,5,O,,"FAILED TO YIELD RIGHT OF WAY, INATTENTION",,2019,1