OBJECTID,IncidentID,AgencyORI,AgencyName,IncidentStatusDesc,County,RdwyNumber,Street,RoadwayName,StreetSfx,StreetDir,IntersectionRdwy,IntersectionRdwyName,BetweenStRdwy1,BetweenStRdwyName1,BetweenStRdwy2,BetweenStRdwyName2,Latitude,Longitude,Milepoint,CollisionDate,CollisionTime,UnitsInvolved,MotorVehiclesInvolved,NumberKilled,NumberInjured,Weather,RdwyConditionCode,HitandRun,DirAnalysisCode,MannerofCollision,RdwyCharacter,LightCondition,RampFromRdwyId,RampToRdwyId,AcceptedDate,IsSecondaryCollision,OwnerBadge,IncidentStatus,InjurySeverityCde,KABCO_Code,KABCO,Environmental_Factors,Human_Factors,Vehicular_Factors,CollisionYear,CityCrash
598,25147648,0510100,HENDERSON POLICE DEPARTMENT,Accepted,HENDERSON,,,WASHINGTON,ST,,,,,MCKINLEY,,MAPLE,37.82768303,-87.57633485,,2019-06-01,1048,2,2,0,0,CLEAR,DRY,False,1 VEHICLE PARKED POSITION (NOT PARKING LOT/DRIVEWAY),SIDESWIPE-SAME DIRECTION,STRAIGHT & LEVEL,DAYLIGHT,,,43618.42932,False,23,Accepted,5,5,O,,"FATIGUE, INATTENTION",,2019,1
599,25148996,0510100,HENDERSON POLICE DEPARTMENT,Accepted,HENDERSON,,,ALVASIA,ST,S,,,,,,,37.82825499,-87.59099929,0.555,2019-06-01,2102,2,2,0,0,CLEAR,DRY,False,1 VEHICLE ENTERING/LEAVING ENTRANCE,ANGLE,STRAIGHT & LEVEL,DARK-HWY LIGHTED/ON,,,43618.84913,False,50,Accepted,5,5,O,,OTHER,,2019,1
600,25149031,0510100,HENDERSON POLICE DEPARTMENT,Accepted,HENDERSON,US0041,1905,US41,,N,,,,,,,37.87424835,-87.56835709,17.32,2019-05-30,1954,3,3,0,1,CLEAR,DRY,True,SIDESWIPE COLLISION - SAME DIRECTION,SIDESWIPE-SAME DIRECTION,CURVE & LEVEL,DUSK,,,43618.86712,False,17,Accepted,5,4,C,,,,2019,1
601,25149642,0510100,HENDERSON POLICE DEPARTMENT,Accepted,HENDERSON,,2607,IRISH IVY,LN,,,,,,,,37.8346796,-87.54888873,0.172,2019-06-02,23,2,2,0,1,CLOUDY,DRY,False,1 VEHICLE PARKED POSITION (NOT PARKING LOT/DRIVEWAY),HEAD ON,STRAIGHT & LEVEL,DARK (UNKNOWN ROADWAY LIGHTING),,,43619.00303,False,62,Accepted,3,3,B,,"ALCOHOL INVOLVEMENT, DRUG INVOLVEMENT",,2019,1
603,25152239,0510000,HENDERSON COUNTY SHERIFF DEPT.,Accepted,HENDERSON,AU9005,,AU9005 W,,,,,AU9005,AU9005 TURN AROUND0,AU9005,AU9005 TURN AROUND4,37.81018331,-87.54422725,1.059,2019-06-03,553,1,1,0,0,CLEAR,DRY,False,COLLISION WITH ANIMAL NON INTERSECTION,SINGLE VEHICLE,STRAIGHT & LEVEL,DAYLIGHT,,,43619.49911,False,142,Accepted,5,5,O,ANIMALS ACTION,,,2019,1
605,25156993,0510100,HENDERSON POLICE DEPARTMENT,Accepted,HENDERSON,,,CENTER,CIR,,,,,CENTER,,CENTER,37.83243067,-87.57923333,0.069,2019-06-01,650,2,2,0,0,CLEAR,DRY,False,1 VEHICLE PARKED POSITION (NOT PARKING LOT/DRIVEWAY),SIDESWIPE-OPPOSITE DIRECTION,STRAIGHT & LEVEL,DAYLIGHT,,,43620.43136,False,65,Accepted,5,5,O,,INATTENTION,,2019,1
606,25157543,0510100,HENDERSON POLICE DEPARTMENT,Accepted,HENDERSON,US0041A,,GREEN,ST,S,,,,FAIR,KY0136,SAND,37.82365835,-87.60331884,14.511,2019-06-03,629,2,2,0,0,CLEAR,DRY,False,SIDESWIPE COLLISION - SAME DIRECTION,SIDESWIPE-SAME DIRECTION,STRAIGHT & LEVEL,DAYLIGHT,,,43620.49795,False,60,Accepted,5,5,O,,MISJUDGE CLEARANCE,,2019,1
607,25157544,0510100,HENDERSON POLICE DEPARTMENT,Accepted,HENDERSON,,,GREEN,ST,N,,,,RICHARDSON,,ELK,37.85583689,-87.57698233,0.019,2019-06-03,647,2,2,0,1,CLEAR,DRY,False,1 VEHICLE ENTERING/LEAVING ENTRANCE,ANGLE,STRAIGHT & LEVEL,DAYLIGHT,,,43620.49807,False,51,Accepted,5,4,C,GLARE (SUN),INATTENTION,,2019,1
608,25162995,0510100,HENDERSON POLICE DEPARTMENT,Accepted,HENDERSON,US0041,,US41,,N,,,,ROBIN,,HARMONY,37.86881453,-87.57126082,16.958,2019-06-04,1223,2,2,0,0,CLEAR,DRY,False,REAR END IN TRAFFIC LANES BOTH VEHICLES MOVING,REAR END,STRAIGHT & LEVEL,DAYLIGHT,,,43621.53332,False,36,Accepted,5,5,O,,INATTENTION,,2019,1
609,25162996,0510100,HENDERSON POLICE DEPARTMENT,Accepted,HENDERSON,US0041,,US41,,N,,,,,,,37.84646566,-87.56632168,15.213,2019-06-01,1043,1,1,0,0,CLEAR,DRY,False,COLLISION WITH FIXED OBJECT NON - INTERSECTION - FIRST EVENT COLLISION 09 - 32 EXCLUDING 16,SINGLE VEHICLE,STRAIGHT & GRADE,DAYLIGHT,,,43621.53336,False,26,Accepted,5,5,O,,,OTHER,2019,1
610,25162997,0510100,HENDERSON POLICE DEPARTMENT,Accepted,HENDERSON,KY0351,,2ND,ST,,US0041A,GREEN,,,,,37.83948057,-87.58845906,,2019-06-01,1000,2,2,0,0,CLEAR,DRY,False,ANGLE COLLISION - ONE VEHICLE TURNING RIGHT,ANGLE,STRAIGHT & LEVEL,DAWN,,,43621.53337,False,26,Accepted,5,5,O,,,BRAKES DEFECTIVE,2019,1
611,25162999,0510100,HENDERSON POLICE DEPARTMENT,Accepted,HENDERSON,,,2ND,ST,,,,,ELM,,MAIN,37.84055547,-87.59103826,0.159,2019-06-04,1056,2,2,0,0,CLEAR,DRY,False,VEHICLE BACKING NON INTERSECTION,BACKING,STRAIGHT & LEVEL,DAYLIGHT,,,43621.53348,False,36,Accepted,5,5,O,,INATTENTION,,2019,1
612,25165375,0510100,HENDERSON POLICE DEPARTMENT,Accepted,HENDERSON,KY0351,,ZION,RD,,US0041,US41 RAMP FROM KY351,,,,,37.83026994,-87.56427981,1.468,2019-06-03,2320,1,1,0,0,CLEAR,DRY,False,COLLISION WITH ANIMAL IN INTERSECTION,SINGLE VEHICLE,STRAIGHT & LEVEL,DARK-HWY NOT LIGHTED,,,43622.05461,False,24,Accepted,5,5,O,ANIMALS ACTION,,,2019,1
613,25166534,0510100,HENDERSON POLICE DEPARTMENT,Accepted,HENDERSON,KY0285,,OLD MADISONVILLE,RD,,,,,RUSSELL,,THORNTON,37.80900677,-87.58790822,2.106,2019-05-30,1209,1,1,0,1,CLOUDY,WET,False,COLLISION WITH FIXED OBJECT NON - INTERSECTION - FIRST EVENT COLLISION 09 - 32 EXCLUDING 16,SINGLE VEHICLE,CURVE & GRADE,DAYLIGHT,,,43622.37536,False,67,Accepted,5,4,C,,INATTENTION,,2019,1
615,25167501,0510100,HENDERSON POLICE DEPARTMENT,Accepted,HENDERSON,,70,PARTRIDGE,RUN,N,,,,,,,37.82260564,-87.55056939,0.069,2019-05-22,953,2,2,0,0,CLEAR,DRY,True,1 VEHICLE PARKED POSITION (NOT PARKING LOT/DRIVEWAY),SIDESWIPE-OPPOSITE DIRECTION,STRAIGHT & LEVEL,DARK-HWY LIGHTED/ON,,,43622.53707,False,22,Accepted,5,5,O,,,,2019,1
616,25169140,0510100,HENDERSON POLICE DEPARTMENT,Accepted,HENDERSON,US0041,,US41,,N,,,,RACETRACK,,JOHN JAMES AUDUBON STATE,37.88240308,-87.56390685,17.927,2019-06-04,1356,2,2,0,0,CLEAR,DRY,False,REAR END IN TRAFFIC LANES BOTH VEHICLES MOVING,REAR END,STRAIGHT & LEVEL,DAYLIGHT,,,43622.78736,False,48,Accepted,5,5,O,,INATTENTION,,2019,1
617,25169144,0510100,HENDERSON POLICE DEPARTMENT,Accepted,HENDERSON,,2709,WATSON,LN,,,,,,,,37.87519074,-87.56795674,1.098,2019-06-06,1508,2,2,0,0,CLOUDY,DRY,False,REAR END IN TRAFFIC LANES BOTH VEHICLES MOVING,REAR END,STRAIGHT & LEVEL,DAYLIGHT,,,43622.7874,False,19,Accepted,5,5,O,,INATTENTION,,2019,1
618,25182286,0510100,HENDERSON POLICE DEPARTMENT,Accepted,HENDERSON,US0041A,1126,GREEN,ST,S,,,,,,,37.82396012,-87.60266161,14.502,2019-06-06,1202,1,1,0,1,CLEAR,DRY,False,COLLISION WITH FIXED OBJECT NON - INTERSECTION - FIRST EVENT COLLISION 09 - 32 EXCLUDING 16,SINGLE VEHICLE,STRAIGHT & LEVEL,DAYLIGHT,,,43623.57942,False,60,Accepted,5,3,B,,NOT UNDER PROPER CONTROL,,2019,1
619,25183035,0510100,HENDERSON POLICE DEPARTMENT,Accepted,HENDERSON,,1100,BARRET,BLVD,,,,,,,,37.8593666,-87.56744019,0.308,2019-06-04,1546,2,2,0,0,CLEAR,DRY,False,REAR END IN TRAFFIC LANES BOTH VEHICLES MOVING,REAR END,STRAIGHT & LEVEL,DAYLIGHT,,,43623.71452,False,17,Accepted,5,5,O,,INATTENTION,,2019,1
620,25183037,0510100,HENDERSON POLICE DEPARTMENT,Accepted,HENDERSON,,853,ASPEN,CT,,,,,,,,37.86559742,-87.56590539,0.021,2019-06-03,1535,2,2,0,0,CLEAR,DRY,False,1 VEHICLE PARKED POSITION (NOT PARKING LOT/DRIVEWAY),BACKING,STRAIGHT & LEVEL,DAYLIGHT,,,43623.71465,False,17,Accepted,5,5,O,,INATTENTION,,2019,1
621,25184203,0510100,HENDERSON POLICE DEPARTMENT,Accepted,HENDERSON,,1717,FRANKLIN,AVE,,,,,,,,37.8295777,-87.57190093,0.094,2019-06-06,2240,2,2,0,0,CLOUDY,DRY,True,SIDESWIPE COLLISION - OPPOSITE DIRECTION,SIDESWIPE-OPPOSITE DIRECTION,CURVE & LEVEL,DARK-HWY LIGHTED/ON,,,43624.04212,False,62,Accepted,5,5,O,,,,2019,1
622,25185207,0510100,HENDERSON POLICE DEPARTMENT,Accepted,HENDERSON,KY0351,,2ND,ST,,,,US0041A,GREEN,,INGRAM,37.83928098,-87.5880144,0.027,2019-06-06,956,2,2,0,0,CLOUDY,DRY,True,1 VEHICLE ENTERING/LEAVING ENTRANCE,ANGLE,STRAIGHT & LEVEL,DAYLIGHT,,,43624.45357,False,36,Accepted,5,5,O,BACKUP DUE TO REGULAR CONGESTION,,,2019,1
623,25185208,0510100,HENDERSON POLICE DEPARTMENT,Accepted,HENDERSON,US0041,,US41,,N,,RETTIG,,,,,37.86732737,-87.57230949,16.797,2019-06-07,1148,2,2,0,0,CLOUDY,DRY,False,OTHER INTERSECTION COLLISIONS,REAR END,STRAIGHT & LEVEL,DAYLIGHT,,,43624.4536,False,67,Accepted,5,5,O,,INATTENTION,,2019,1
624,25185293,0510100,HENDERSON POLICE DEPARTMENT,Accepted,HENDERSON,US0041A,,GREEN,ST,N,,,,RAY,,9TH,37.84754291,-87.58323215,16.551,2019-06-07,718,2,2,0,0,CLOUDY,DRY,False,OTHER ROADWAY OR MID-BLOCK COLLISION,REAR END,STRAIGHT & LEVEL,DAYLIGHT,,,43624.51302,False,36,Accepted,5,5,O,,"CELL PHONE, DISTRACTION",,2019,1
625,25187815,0510100,HENDERSON POLICE DEPARTMENT,Accepted,HENDERSON,,,PEBBLE CREEK,DR,,US0060,US60,,,,,37.86450346,-87.54917542,0.014,2019-06-08,1155,2,2,0,0,CLOUDY,DRY,False,HEAD-ON COLLISION,HEAD ON,STRAIGHT & GRADE,DAYLIGHT,,,43625.45071,False,67,Accepted,5,5,O,,INATTENTION,,2019,1
626,25188084,0510100,HENDERSON POLICE DEPARTMENT,Accepted,HENDERSON,US0060,,US60,,E,,,,WATSON,,FRONTIER,37.86467254,-87.55412756,11.446,2019-06-07,1053,2,2,0,1,CLOUDY,DRY,False,REAR END IN TRAFFIC LANES BOTH VEHICLES MOVING,REAR END,STRAIGHT & GRADE,DAYLIGHT,,,43625.5922,False,36,Accepted,5,4,C,,INATTENTION,,2019,1
631,25195447,0510100,HENDERSON POLICE DEPARTMENT,Accepted,HENDERSON,US0041,,US41,,N,,,,,,,37.85477079,-87.57066888,15.874,2019-06-10,1320,2,2,0,0,CLEAR,DRY,False,SIDESWIPE COLLISION - SAME DIRECTION,SIDESWIPE-SAME DIRECTION,STRAIGHT & LEVEL,DAYLIGHT,,,43626.96002,False,50,Accepted,5,5,O,,"INATTENTION, OTHER",,2019,1
632,25195448,0510100,HENDERSON POLICE DEPARTMENT,Accepted,HENDERSON,KY0812,,AIRLINE,RD,,,,,,,,37.81594807,-87.56202906,6.905,2019-06-09,1543,1,1,0,2,RAINING,WET,False,OTHER ROADWAY OR MID-BLOCK COLLISION,SINGLE VEHICLE,STRAIGHT & HILLCREST,DAYLIGHT,,,43626.96017,False,64,Accepted,3,2,A,SLIPPERY SURFACE,NOT UNDER PROPER CONTROL,,2019,1
633,25195449,0510100,HENDERSON POLICE DEPARTMENT,Accepted,HENDERSON,US0041,,US41,,N,,WATSON,,,,,37.87532117,-87.5678758,17.409,2019-06-10,1419,3,3,0,0,CLEAR,DRY,False,ANGLE COLLISION - OTHER,ANGLE,STRAIGHT & LEVEL,DAYLIGHT,,,43626.9602,False,48,Accepted,5,5,O,,"FAILED TO YIELD RIGHT OF WAY, INATTENTION",,2019,1
634,25195452,0510100,HENDERSON POLICE DEPARTMENT,Accepted,HENDERSON,,880,MCGUIRE,LN,,,,,,,,37.8713395,-87.55514146,0.012,2019-06-08,1714,2,2,0,0,CLEAR,DRY,False,1 VEHICLE PARKED POSITION (NOT PARKING LOT/DRIVEWAY),ANGLE,STRAIGHT & LEVEL,DAYLIGHT,,,43626.96029,False,17,Accepted,5,5,O,,INATTENTION,,2019,1
635,25195783,0510100,HENDERSON POLICE DEPARTMENT,Accepted,HENDERSON,US0041A,,GREEN,ST,S,,SAND,,,,,37.82379609,-87.60312445,14.519,2019-06-08,19,2,2,0,0,CLOUDY,WET,True,ANGLE COLLISION - OTHER,ANGLE,STRAIGHT & LEVEL,DARK-HWY LIGHTED/ON,,,43627.03592,False,46,Accepted,5,5,O,,INATTENTION,,2019,1
636,25195794,0510100,HENDERSON POLICE DEPARTMENT,Accepted,HENDERSON,US0041A,400,GREEN,ST,N,,,,,,,37.84286718,-87.58631004,16.184,2019-06-09,2340,1,1,0,0,CLOUDY,DRY,False,COLLISION WITH FIXED OBJECT NON - INTERSECTION - FIRST EVENT COLLISION 09 - 32 EXCLUDING 16,SINGLE VEHICLE,STRAIGHT & LEVEL,DARK-HWY LIGHTED/ON,,,43627.03602,False,62,Accepted,5,5,O,,,STEERING FAILURE,2019,1
637,25199792,0510100,HENDERSON POLICE DEPARTMENT,Accepted,HENDERSON,KY0351,,2ND,ST,,,ALVES,,,,,37.83771594,-87.58412224,0.26,2019-06-09,1817,2,2,0,1,CLEAR,DRY,False,ANGLE COLLISION - OTHER,ANGLE,STRAIGHT & LEVEL,DAYLIGHT,,,43627.74622,False,48,Accepted,5,4,C,,"FAILED TO YIELD RIGHT OF WAY, INATTENTION",,2019,1
638,25199793,0510100,HENDERSON POLICE DEPARTMENT,Accepted,HENDERSON,US0041A,500,GREEN,ST,N,,5TH,,,,,37.84359861,-87.58579885,16.242,2019-06-06,1609,2,2,0,0,CLEAR,DRY,False,SIDESWIPE-SAME DIRECTION,SIDESWIPE-SAME DIRECTION,STRAIGHT & LEVEL,DAYLIGHT,,,43627.74625,False,37,Accepted,5,5,O,,MISJUDGE CLEARANCE,,2019,1
639,25200991,0510100,HENDERSON POLICE DEPARTMENT,Accepted,HENDERSON,,1024,PRINGLE,ST,,,,,,,,37.82421774,-87.58834736,0.554,2019-06-10,2322,2,2,0,0,CLEAR,DRY,True,1 VEHICLE PARKED POSITION (NOT PARKING LOT/DRIVEWAY),SIDESWIPE-OPPOSITE DIRECTION,STRAIGHT & LEVEL,DARK-HWY NOT LIGHTED,,,43628.06409,False,24,Accepted,5,5,O,,"ALCOHOL INVOLVEMENT, DISTRACTION, INATTENTION, MISJUDGE CLEARANCE",,2019,1
640,25203110,0510100,HENDERSON POLICE DEPARTMENT,Accepted,HENDERSON,US0041,2067,US41,,N,,,,,,,37.86650557,-87.5727388,16.745,2019-06-08,946,2,2,0,0,CLEAR,DRY,False,REAR END IN TRAFFIC LANES BOTH VEHICLES MOVING,REAR END,STRAIGHT & LEVEL,DAYLIGHT,,,43628.47961,False,26,Accepted,5,5,O,,INATTENTION,,2019,1
641,25205090,0510100,HENDERSON POLICE DEPARTMENT,Accepted,HENDERSON,,,ELM,ST,N,,,,,,,37.8599181,-87.57747045,1.694,2019-06-11,1803,1,1,0,0,CLEAR,DRY,False,COLLISION WITH FIXED OBJECT NON - INTERSECTION - FIRST EVENT COLLISION 09 - 32 EXCLUDING 16,SINGLE VEHICLE,STRAIGHT & GRADE,DAYLIGHT,,,43628.75702,False,19,Accepted,5,5,O,,,,2019,1
643,25209461,0510100,HENDERSON POLICE DEPARTMENT,Accepted,HENDERSON,US0041,,US41,,,,,,,,,37.81478492,-87.56339961,1.729,2019-06-07,2014,1,1,0,2,CLEAR,DRY,False,RAN OFF ROADWAY (1 VEHICLE WITH/EARTH EMBANKMENT/DITCH),SINGLE VEHICLE,STRAIGHT & LEVEL,DUSK,,,43629.70316,False,55,Accepted,4,4,C,,OVERCORRECTING/OVERSTEERING,,2019,1
644,25210736,0510100,HENDERSON POLICE DEPARTMENT,Accepted,HENDERSON,US0041A,600,GREEN,ST,N,,,,,,,37.84504401,-87.58485893,16.357,2019-06-13,412,1,1,0,0,CLEAR,DRY,False,COLLISION WITH FIXED OBJECT NON - INTERSECTION - FIRST EVENT COLLISION 09 - 32 EXCLUDING 16,SINGLE VEHICLE,STRAIGHT & LEVEL,DARK-HWY LIGHTED/ON,,,43630.08477,False,66,Accepted,5,5,O,,FELL ASLEEP,,2019,1
645,25212168,0510100,HENDERSON POLICE DEPARTMENT,Accepted,HENDERSON,US0041,,US41,,N,,,,STRATMAN,,RACETRACK,37.88403593,-87.56235618,18.065,2019-06-10,843,3,3,0,5,CLOUDY,DRY,False,1 VEHICLE ENTERING/LEAVING ENTRANCE,ANGLE,STRAIGHT & LEVEL,DAYLIGHT,,,43630.42687,True,60,Accepted,3,3,B,,FAILED TO YIELD RIGHT OF WAY,,2019,1
646,25212172,0510100,HENDERSON POLICE DEPARTMENT,Accepted,HENDERSON,US0041A,,GREEN,ST,S,,,,DRURY,,KRESGE,37.81502526,-87.61638638,,2019-06-12,1030,2,2,0,0,CLEAR,DRY,False,SIDESWIPE COLLISION - SAME DIRECTION,SIDESWIPE-SAME DIRECTION,STRAIGHT & LEVEL,DAYLIGHT,,,43630.42696,False,23,Accepted,5,5,O,OTHER,INATTENTION,,2019,1
648,25212593,0510000,HENDERSON COUNTY SHERIFF DEPT.,Accepted,HENDERSON,KY0425,,KY425,,,,,,,,,37.78897966,-87.63295979,1.152,2019-06-13,2300,1,1,0,0,CLEAR,DRY,False,COLLISION WITH ANIMAL NON INTERSECTION,SINGLE VEHICLE,STRAIGHT & LEVEL,DARK-HWY NOT LIGHTED,,,43630.49999,False,137,Accepted,5,5,O,ANIMALS ACTION,,,2019,1
649,25213793,0510100,HENDERSON POLICE DEPARTMENT,Accepted,HENDERSON,US0041A,,GREEN,ST,N,,12TH,,,,,37.851998,-87.5803883,16.905,2019-06-12,1422,2,2,0,0,CLOUDY,DRY,False,OTHER INTERSECTION COLLISIONS,REAR END,STRAIGHT & HILLCREST,DAYLIGHT,,,43630.68406,False,34,Accepted,5,5,O,,INATTENTION,,2019,1
650,25215819,0510100,HENDERSON POLICE DEPARTMENT,Accepted,HENDERSON,,,SUTTON,DR,,,ILEX,,,,,37.80551527,-87.59105448,,2019-06-14,800,1,1,0,0,CLEAR,DRY,False,COLLISION WITH FIXED OBJECT IN INTERSECTION - FIRST EVENT COLLISION 09 - 32,SINGLE VEHICLE,CURVE & LEVEL,DAYLIGHT,,,43631.31915,False,23,Accepted,5,5,O,,INATTENTION,,2019,1
651,25215820,0510100,HENDERSON POLICE DEPARTMENT,Accepted,HENDERSON,US0041A,,GREEN,ST,N,,5TH,,,,,37.84329241,-87.58598633,16.218,2019-06-13,1123,2,2,0,0,CLEAR,DRY,True,OPPOSING LEFT TURN,OPPOSING LEFT TURN,STRAIGHT & LEVEL,DAYLIGHT,,,43631.31919,False,65,Accepted,5,5,O,,INATTENTION,,2019,1
652,25219602,0510100,HENDERSON POLICE DEPARTMENT,Accepted,HENDERSON,US0060,2011,US60,,E,,,,,,,37.86001384,-87.56750117,10.616,2019-06-14,1459,2,2,0,0,CLEAR,DRY,False,1 VEHICLE ENTERING/LEAVING ENTRANCE,ANGLE,STRAIGHT & LEVEL,DAYLIGHT,,,43632.72177,False,17,Accepted,5,5,O,,INATTENTION,,2019,1
653,25219606,0510100,HENDERSON POLICE DEPARTMENT,Accepted,HENDERSON,,956,FRONTIER,DR,,,,,,,,37.86540652,-87.55105871,0.052,2019-06-14,1828,2,2,0,0,CLEAR,DRY,False,1 VEHICLE PARKED POSITION (NOT PARKING LOT/DRIVEWAY),SIDESWIPE-OPPOSITE DIRECTION,STRAIGHT & LEVEL,DAYLIGHT,,,43632.7218,False,17,Accepted,5,5,O,,INATTENTION,,2019,1
654,25219607,0510100,HENDERSON POLICE DEPARTMENT,Accepted,HENDERSON,US0041,2222,US41,,N,,,,,,,37.8681629,-87.5716521,16.867,2019-06-15,1417,2,2,0,0,RAINING,WET,False,1 VEHICLE ENTERING/LEAVING ENTRANCE,ANGLE,STRAIGHT & LEVEL,DAYLIGHT,,,43632.72182,False,17,Accepted,5,5,O,SLIPPERY SURFACE,TOO FAST FOR CONDITIONS,,2019,1
655,25219941,0510100,HENDERSON POLICE DEPARTMENT,Accepted,HENDERSON,,,8TH,ST,,US0041A,GREEN,,,,,37.84717854,-87.58377129,0.584,2019-06-15,2110,2,2,0,0,CLEAR,DRY,True,OTHER INTERSECTION COLLISIONS,REAR END,STRAIGHT & LEVEL,DARK-HWY LIGHTED/ON,,,43632.84863,False,17,Accepted,5,5,O,,,,2019,1
656,25223415,0510100,HENDERSON POLICE DEPARTMENT,Accepted,HENDERSON,KY2084,,KY2084,,S,,REID,,,,,37.81842349,-87.56984462,2.015,2019-06-16,1713,2,2,0,0,CLEAR,DRY,False,ANGLE COLLISION - OTHER,ANGLE,STRAIGHT & LEVEL,DAYLIGHT,,,43633.58277,False,64,Accepted,5,5,O,,IMPROPER PASSING,"STEERING FAILURE, TIRES",2019,1
657,25223416,0510100,HENDERSON POLICE DEPARTMENT,Accepted,HENDERSON,US0041A,,GREEN,ST,S,,DR MARTIN LUTHER KING JR,,,,,37.83273691,-87.59427964,15.336,2019-06-16,1408,2,2,0,8,CLEAR,DRY,False,ANGLE COLLISION - OTHER,ANGLE,STRAIGHT & LEVEL,DAYLIGHT,,,43633.58282,False,64,Accepted,4,3,B,VIEW OBSTRUCTED/LIMITED DUE TO RDWY,INATTENTION,,2019,1
663,25224749,0510100,HENDERSON POLICE DEPARTMENT,Accepted,HENDERSON,US0041A,,GREEN,ST,S,,,,,,,37.81102229,-87.62283641,13.099,2019-06-17,1453,1,1,0,1,CLEAR,DRY,False,OTHER ROADWAY OR MID-BLOCK COLLISION,SINGLE VEHICLE,STRAIGHT & LEVEL,DAYLIGHT,,,43633.84239,False,50,Accepted,4,4,C,,,LOAD SECUREMENT,2019,1
664,25229494,0510100,HENDERSON POLICE DEPARTMENT,Accepted,HENDERSON,,,GREEN RIVER,RD,,US0060,US60,,,,,37.86133223,-87.56414154,0.003,2019-06-16,1537,2,2,0,2,CLEAR,DRY,False,ANGLE COLLISION - OTHER,ANGLE,STRAIGHT & LEVEL,DAYLIGHT,,,43634.87367,False,17,Accepted,5,4,C,,INATTENTION,,2019,1
665,25229496,0510100,HENDERSON POLICE DEPARTMENT,Accepted,HENDERSON,US0041,1905,US41,,N,,,,,,,37.8617922,-87.57518224,16.393,2019-06-17,1416,2,2,0,0,CLEAR,DRY,True,SIDESWIPE COLLISION - SAME DIRECTION,SIDESWIPE-SAME DIRECTION,CURVE & LEVEL,DAYLIGHT,,,43634.87372,False,17,Accepted,5,5,O,,,,2019,1
666,25230935,0510100,HENDERSON POLICE DEPARTMENT,Accepted,HENDERSON,,,ZION,RD,,,US 41N,,,,,37.83076732,-87.56651895,,2019-06-18,1210,2,2,0,0,RAINING,WET,False,OTHER INTERSECTION COLLISIONS,REAR END,STRAIGHT & LEVEL,DAYLIGHT,,,43635.33649,False,23,Accepted,5,5,O,,INATTENTION,,2019,1
667,25231521,0510100,HENDERSON POLICE DEPARTMENT,Accepted,HENDERSON,US0060,2190,US60,,E,,,,,,,37.860634,-87.5658307,10.722,2019-06-18,1257,2,2,0,0,RAINING,WET,False,OTHER ROADWAY OR MID-BLOCK COLLISION,REAR END,STRAIGHT & LEVEL,DAYLIGHT,,,43635.39535,False,11,Accepted,5,5,O,,INATTENTION,,2019,1
669,25234394,0510100,HENDERSON POLICE DEPARTMENT,Accepted,HENDERSON,,301,2ND,ST,,,,,,,,37.83985009,-87.589235,0.049,2019-06-18,1652,2,2,0,0,CLEAR,DRY,False,1 VEHICLE ENTERING/LEAVING ENTRANCE,ANGLE,STRAIGHT & LEVEL,DAYLIGHT,,,43635.9286,False,58,Accepted,5,5,O,,FAILED TO KEEP PROPER LANE,,2019,1
670,25234396,0510100,HENDERSON POLICE DEPARTMENT,Accepted,HENDERSON,US0041A,100,GREEN,ST,N,,1ST,,,,,37.8381979,-87.58927211,15.826,2019-06-15,1846,2,2,0,0,CLEAR,DRY,False,ANGLE COLLISION - OTHER,ANGLE,STRAIGHT & LEVEL,DAYLIGHT,,,43635.92865,False,61,Accepted,5,5,O,,FAILED TO YIELD RIGHT OF WAY,,2019,1
671,25234398,0510100,HENDERSON POLICE DEPARTMENT,Accepted,HENDERSON,,2200,ELM,ST,N,,BARKER,,,,,37.87248,-87.57074563,2.662,2019-06-18,1625,2,2,0,0,CLOUDY,DRY,False,ANGLE COLLISION - OTHER,ANGLE,STRAIGHT & LEVEL,DAYLIGHT,,,43635.92871,False,34,Accepted,5,5,O,,DISREGARD TRAFFIC CONTROL,,2019,1
672,25234401,0510100,HENDERSON POLICE DEPARTMENT,Accepted,HENDERSON,US0041A,100,GREEN,ST,N,,1ST,,,,,37.83832325,-87.58920516,15.818,2019-06-13,1803,3,3,0,0,CLEAR,DRY,False,OTHER INTERSECTION COLLISIONS,REAR END,STRAIGHT & LEVEL,DAYLIGHT,,,43635.92877,False,37,Accepted,5,5,O,,"FOLLOWING TOO CLOSE, INATTENTION",,2019,1
673,25234404,0510100,HENDERSON POLICE DEPARTMENT,Accepted,HENDERSON,KY0351,400,2ND,ST,,,,,INGRAM,US0041A,GREEN,37.83925576,-87.58791212,0.033,2019-06-17,1540,2,2,0,0,CLEAR,DRY,False,1 VEHICLE ENTERING/LEAVING ENTRANCE,ANGLE,STRAIGHT & LEVEL,DAYLIGHT,,,43635.92883,False,34,Accepted,5,5,O,BACKUP DUE TO REGULAR CONGESTION,OTHER,,2019,1