OBJECTID,IncidentID,AgencyORI,AgencyName,IncidentStatusDesc,County,RdwyNumber,Street,RoadwayName,StreetSfx,StreetDir,IntersectionRdwy,IntersectionRdwyName,BetweenStRdwy1,BetweenStRdwyName1,BetweenStRdwy2,BetweenStRdwyName2,Latitude,Longitude,Milepoint,CollisionDate,CollisionTime,UnitsInvolved,MotorVehiclesInvolved,NumberKilled,NumberInjured,Weather,RdwyConditionCode,HitandRun,DirAnalysisCode,MannerofCollision,RdwyCharacter,LightCondition,RampFromRdwyId,RampToRdwyId,AcceptedDate,IsSecondaryCollision,OwnerBadge,IncidentStatus,InjurySeverityCde,KABCO_Code,KABCO,Environmental_Factors,Human_Factors,Vehicular_Factors,CollisionYear,CityCrash
674,25236218,0510100,HENDERSON POLICE DEPARTMENT,Accepted,HENDERSON,US0041A,,GREEN,ST,S,,,,KRESGE,,MCCLAIN,37.81686425,-87.61350445,13.772,2019-06-18,1220,2,2,0,2,RAINING,WET,False,1 VEHICLE ENTERING/LEAVING ENTRANCE,ANGLE,STRAIGHT & LEVEL,DAYLIGHT,,,43636.41992,False,36,Accepted,4,4,C,,FAILED TO YIELD RIGHT OF WAY,,2019,1
675,25236220,0510100,HENDERSON POLICE DEPARTMENT,Accepted,HENDERSON,US0041A,200,GREEN,ST,N,,,,,,,37.83944752,-87.58834409,15.917,2019-06-19,909,2,2,0,0,CLEAR,DRY,False,REAR END IN TRAFFIC LANES BOTH VEHICLES MOVING,REAR END,STRAIGHT & LEVEL,DAYLIGHT,,,43636.42,False,11,Accepted,5,5,O,,INATTENTION,,2019,1
676,25236361,0510100,HENDERSON POLICE DEPARTMENT,Accepted,HENDERSON,KY2084,,KY2084,,S,KY0812,AIRLINE,,,,,37.8201295,-87.56936384,2.138,2019-06-19,1258,2,2,0,1,CLOUDY,DRY,False,ANGLE COLLISION - OTHER,ANGLE,STRAIGHT & LEVEL,DAYLIGHT,,,43636.43961,False,67,Accepted,5,4,C,,DISREGARD TRAFFIC CONTROL,,2019,1
681,25238044,0510000,HENDERSON COUNTY SHERIFF DEPT.,Accepted,HENDERSON,AU9005,,,,,,,,,,,37.81231729,-87.56342687,0.342,2019-06-17,2130,1,1,0,0,CLOUDY,FLOODED,False,COLLISION WITH FIXED OBJECT NOT IN GORE ,SINGLE VEHICLE,CURVE & GRADE,DARK-HWY LIGHTED/ON,AU9005,US0041,43636.71126,False,144,Accepted,5,5,O,,"NOT UNDER PROPER CONTROL, OVERCORRECTING/OVERSTEERING",,2019,1
686,25243089,0510100,HENDERSON POLICE DEPARTMENT,Accepted,HENDERSON,US0060,1999,US60,,E,,,,,,,37.85963367,-87.56861581,10.554,2019-06-19,1749,2,2,0,0,RAINING,WET,False,REAR END IN TRAFFIC LANES BOTH VEHICLES MOVING,REAR END,STRAIGHT & GRADE,DAYLIGHT,,,43637.68022,False,48,Accepted,5,5,O,SLIPPERY SURFACE,FOLLOWING TOO CLOSE,,2019,1
687,25243090,0510100,HENDERSON POLICE DEPARTMENT,Accepted,HENDERSON,US0041A,300,GREEN,ST,S,,,,,,,37.83397802,-87.59310504,15.432,2019-06-20,1350,2,2,0,1,CLEAR,DRY,False,1 VEHICLE ENTERING/LEAVING ENTRANCE,ANGLE,STRAIGHT & LEVEL,DAYLIGHT,,,43637.68025,False,50,Accepted,5,4,C,,,,2019,1
690,25247763,0510100,HENDERSON POLICE DEPARTMENT,Accepted,HENDERSON,,,US41,,,,ZION ,,,,,37.83324718,-87.56549866,,2019-06-21,1255,2,2,0,0,CLEAR,DRY,False,OTHER INTERSECTION COLLISIONS,REAR END,CURVE & GRADE,DAYLIGHT,,,43639.43564,False,23,Accepted,5,5,O,,INATTENTION,,2019,1
691,25247764,0510100,HENDERSON POLICE DEPARTMENT,Accepted,HENDERSON,US0041A,,GREEN,ST,S,,WASHINGTON,,,,,37.83628151,-87.59080945,15.664,2019-06-19,1350,2,2,0,0,CLOUDY,DRY,False,ANGLE COLLISION - OTHER,ANGLE,STRAIGHT & GRADE,DAYLIGHT,,,43639.43569,False,36,Accepted,5,5,O,,OTHER,,2019,1
694,25254101,0510100,HENDERSON POLICE DEPARTMENT,Accepted,HENDERSON,,,ATKINSON,ST,,,,,,,,37.81740612,-87.58396365,0.853,2019-06-23,1849,2,2,0,0,RAINING,WET,False,OTHER ROADWAY OR MID-BLOCK COLLISION,REAR END,STRAIGHT & LEVEL,DAYLIGHT,,,43640.94625,False,19,Accepted,5,5,O,,INATTENTION,,2019,1
695,25254104,0510100,HENDERSON POLICE DEPARTMENT,Accepted,HENDERSON,US0041,,US41,,N,,,,,,,37.86985158,-87.57087066,16.992,2019-06-21,1811,2,2,0,1,RAINING,WET,False,OTHER ROADWAY OR MID-BLOCK COLLISION,REAR END,STRAIGHT & LEVEL,DAYLIGHT,,,43640.9463,False,19,Accepted,4,4,C,,INATTENTION,,2019,1
696,25260672,0510100,HENDERSON POLICE DEPARTMENT,Accepted,HENDERSON,US0041A,,US41 ALT,,,US0060,GREEN,,,,,37.81115573,-87.62256125,12.975,2019-06-25,754,2,2,0,0,CLEAR,DRY,False,OTHER INTERSECTION COLLISIONS,REAR END,STRAIGHT & LEVEL,DAYLIGHT,,,43642.4161,False,60,Accepted,5,5,O,,INATTENTION,,2019,1
697,25260673,0510100,HENDERSON POLICE DEPARTMENT,Accepted,HENDERSON,US0041,2700,US41,,N,,,,,,,37.87538779,-87.56785027,17.411,2019-06-23,705,3,3,0,0,CLEAR,WET,False,1 VEHICLE ENTERING/LEAVING ENTRANCE,ANGLE,STRAIGHT & LEVEL,DAYLIGHT,,,43642.41614,False,11,Accepted,5,5,O,SLIPPERY SURFACE,FAILED TO YIELD RIGHT OF WAY,,2019,1
698,25263856,0510100,HENDERSON POLICE DEPARTMENT,Accepted,HENDERSON,US0060,,GREEN,ST,S,,,US0041A,US41 ALT,,OHIO,37.80658794,-87.63024506,9.769,2019-06-26,440,1,1,0,0,CLEAR,DRY,False,COLLISION WITH ANIMAL NON INTERSECTION,SINGLE VEHICLE,STRAIGHT & LEVEL,DARK (UNKNOWN ROADWAY LIGHTING),,,43643.02207,False,16,Accepted,5,5,O,ANIMALS ACTION,,,2019,1
701,25267272,0510100,HENDERSON POLICE DEPARTMENT,Accepted,HENDERSON,US0060,2278,GREEN,ST,S,,,,,,,37.80582953,-87.63216896,9.622,2019-06-24,1441,2,2,0,0,CLEAR,DRY,False,1 VEHICLE ENTERING/LEAVING ENTRANCE,ANGLE,STRAIGHT & LEVEL,DAYLIGHT,,,43643.72399,False,50,Accepted,5,5,O,,OTHER,,2019,1
702,25267276,0510100,HENDERSON POLICE DEPARTMENT,Accepted,HENDERSON,US0041A,1435,GREEN,ST,S,,,,,,,37.82127877,-87.60642708,14.272,2019-06-25,1435,2,2,0,0,CLEAR,DRY,False,REAR END IN TRAFFIC LANES BOTH VEHICLES MOVING,REAR END,STRAIGHT & LEVEL,DAYLIGHT,,,43643.72441,False,58,Accepted,5,5,O,,INATTENTION,,2019,1
703,25267282,0510100,HENDERSON POLICE DEPARTMENT,Accepted,HENDERSON,KY0351,,2ND,ST,,,PRIEST,,,,,37.83321496,-87.57323624,0.945,2019-06-26,1723,2,2,0,0,CLEAR,DRY,False,ANGLE COLLISION - OTHER,ANGLE,STRAIGHT & LEVEL,DAYLIGHT,,,43643.72468,False,64,Accepted,5,5,O,,"FAILED TO YIELD RIGHT OF WAY, INATTENTION",,2019,1
704,25269936,0510100,HENDERSON POLICE DEPARTMENT,Accepted,HENDERSON,,1122,POWELL,ST,,,,,,,,37.82969431,-87.58270932,0.924,2019-06-23,847,2,2,0,0,CLEAR,,True,1 VEHICLE PARKED POSITION (NOT PARKING LOT/DRIVEWAY),SIDESWIPE-OPPOSITE DIRECTION,STRAIGHT & LEVEL,DAYLIGHT,,,43644.4346,False,65,Accepted,5,5,O,,,,2019,1
705,25270011,0510100,HENDERSON POLICE DEPARTMENT,Accepted,HENDERSON,US0041A,,GREEN,ST,N,,5TH,,,,,37.84328126,-87.58599639,16.217,2019-06-11,1151,2,2,0,0,CLEAR,DRY,False,OPPOSING LEFT TURN,OPPOSING LEFT TURN,STRAIGHT & LEVEL,DAYLIGHT,,,43644.44684,False,36,Accepted,5,5,O,BACKUP DUE TO REGULAR CONGESTION,OTHER,,2019,1
706,25270013,0510100,HENDERSON POLICE DEPARTMENT,Accepted,HENDERSON,,,BARKER,RD,,,,,ELM,,NORTHPARK,37.87240966,-87.57035152,0.049,2019-06-25,949,2,2,0,0,CLEAR,DRY,False,1 VEHICLE PARKED POSITION (NOT PARKING LOT/DRIVEWAY),SIDESWIPE-OPPOSITE DIRECTION,STRAIGHT & LEVEL,DAYLIGHT,,,43644.44693,False,51,Accepted,5,5,O,CONSTRUCTION WORK ZONE,INATTENTION,,2019,1
710,25271513,0510100,HENDERSON POLICE DEPARTMENT,Accepted,HENDERSON,US0060,2000,US60,,E,,,,,,,37.86026235,-87.56677568,10.662,2019-06-28,1530,2,2,0,0,CLEAR,DRY,False,REAR END IN TRAFFIC LANES BOTH VEHICLES MOVING,REAR END,STRAIGHT & LEVEL,DAYLIGHT,,,43644.77136,False,58,Accepted,5,5,O,,INATTENTION,,2019,1
711,25273145,0510100,HENDERSON POLICE DEPARTMENT,Accepted,HENDERSON,,,INGRAM,ST,,,,,CLAY,,MLK,37.83247745,-87.5926586,,2019-06-28,950,2,2,0,0,CLEAR,DRY,True,1 VEHICLE PARKED POSITION (NOT PARKING LOT/DRIVEWAY),SIDESWIPE-SAME DIRECTION,STRAIGHT & LEVEL,DARK-HWY NOT LIGHTED,,,43645.37054,False,23,Accepted,5,5,O,,,,2019,1
712,25273148,0510100,HENDERSON POLICE DEPARTMENT,Accepted,HENDERSON,,1600,2ND,ST,,,,,,,,37.83981234,-87.58919315,0.046,2019-06-25,1027,2,2,0,0,CLEAR,DRY,False,1 VEHICLE ENTERING/LEAVING ENTRANCE,ANGLE,STRAIGHT & LEVEL,DAYLIGHT,,,43645.3706,False,11,Accepted,5,5,O,,FAILED TO YIELD RIGHT OF WAY,,2019,1
714,25273885,0510100,HENDERSON POLICE DEPARTMENT,Accepted,HENDERSON,US0041A,1800,GREEN,ST,S,,,,,,,37.81166348,-87.62185641,13.158,2019-06-25,1546,2,2,0,0,CLEAR,DRY,False,1 VEHICLE ENTERING/LEAVING ENTRANCE,ANGLE,STRAIGHT & LEVEL,DAYLIGHT,,,43645.7145,False,58,Accepted,5,5,O,,INATTENTION,,2019,1
715,25274047,0510100,HENDERSON POLICE DEPARTMENT,Accepted,HENDERSON,US0041,,,,,,,,,,,37.83046376,-87.56499438,0.126,2019-06-28,1747,2,2,0,0,CLEAR,DRY,False,OTHER RAMP RELATED COLLISIONS NOT LISTED ABOVE,REAR END,STRAIGHT & LEVEL,DAYLIGHT,KY0351,US0041,43645.7533,False,50,Accepted,5,5,O,,INATTENTION,,2019,1
716,25274049,0510100,HENDERSON POLICE DEPARTMENT,Accepted,HENDERSON,US0041,1956,US41,,N,,,,,,,37.86812628,-87.5719165,16.859,2019-05-11,1401,2,2,0,0,RAINING,WET,False,1 VEHICLE ENTERING/LEAVING ENTRANCE,ANGLE,STRAIGHT & LEVEL,DARK-HWY LIGHTED/OFF,,,43645.75337,False,17,Accepted,5,5,O,,INATTENTION,,2019,1
717,25275614,0510100,HENDERSON POLICE DEPARTMENT,Accepted,HENDERSON,US0060,,GREEN,ST,S,,,,DANA,US0060,US60 TURN LANE,37.80045429,-87.646382,8.793,2019-06-28,1141,1,1,0,0,CLEAR,DRY,False,COLLISION WITH ANIMAL NON INTERSECTION,SINGLE VEHICLE,STRAIGHT & LEVEL,DAYLIGHT,,,43646.45084,False,65,Accepted,5,5,O,ANIMALS ACTION,,,2019,1
718,25275712,0510100,HENDERSON POLICE DEPARTMENT,Accepted,HENDERSON,US0060,,GREEN,ST,S,,,,DANA,US0060,US60 TURN LANE,37.80045429,-87.646382,8.793,2019-06-28,1141,1,1,0,0,CLEAR,DRY,False,COLLISION WITH ANIMAL NON INTERSECTION,SINGLE VEHICLE,STRAIGHT & LEVEL,DAYLIGHT,,,43646.48202,False,65,Accepted,5,5,O,ANIMALS ACTION,,,2019,1
719,25275714,0510100,HENDERSON POLICE DEPARTMENT,Accepted,HENDERSON,,,ELM,ST,N,,,,14TH,,HERRON,37.85524788,-87.58034277,1.337,2019-06-27,1052,2,2,0,0,CLEAR,DRY,False,OTHER ROADWAY OR MID-BLOCK COLLISION,OPPOSING LEFT TURN,STRAIGHT & GRADE,DAYLIGHT,,,43646.48206,False,36,Accepted,5,5,O,,FAILED TO YIELD RIGHT OF WAY,,2019,1
720,25275715,0510100,HENDERSON POLICE DEPARTMENT,Accepted,HENDERSON,US0041A,,GREEN,ST,N,,,,13TH,,14TH,37.8539849,-87.57901642,17.064,2019-06-27,1150,2,2,0,0,CLEAR,DRY,False,OTHER ROADWAY OR MID-BLOCK COLLISION,REAR END,CURVE & LEVEL,DAYLIGHT,,,43646.48208,False,36,Accepted,5,5,O,,INATTENTION,,2019,1
721,25275736,0510100,HENDERSON POLICE DEPARTMENT,Accepted,HENDERSON,,,MEADOW,ST,,,CLAY,,,,,37.82837041,-87.58430075,0.362,2019-06-28,1313,2,1,0,1,CLEAR,DRY,False,COLLISION WITH BICYCLE IN INTERSECTION,SINGLE VEHICLE,STRAIGHT & LEVEL,DAYLIGHT,,,43646.48607,False,65,Accepted,5,4,C,,,,2019,1
723,25280870,0510100,HENDERSON POLICE DEPARTMENT,Accepted,HENDERSON,KY2084,331,KY2084,,S,,,,,,,37.81951764,-87.56950984,2.095,2019-06-30,1154,2,2,0,1,CLEAR,DRY,False,1 VEHICLE ENTERING/LEAVING ENTRANCE,ANGLE,STRAIGHT & LEVEL,DAYLIGHT,,,43647.54589,False,11,Accepted,4,4,C,,INATTENTION,,2019,1
725,25281645,0510000,HENDERSON COUNTY SHERIFF DEPT.,Accepted,HENDERSON,US0060,,US60,,E,,BARRET,,,,,37.85990612,-87.56775274,10.6,2019-06-26,1405,3,3,0,1,CLEAR,DRY,False,OPPOSING LEFT TURN,OPPOSING LEFT TURN,STRAIGHT & LEVEL,DAYLIGHT,,,43647.63464,False,144,Accepted,5,4,C,,"FAILED TO YIELD RIGHT OF WAY, INATTENTION",,2019,1
726,25281646,0510000,HENDERSON COUNTY SHERIFF DEPT.,Accepted,HENDERSON,US0041,,US41,,,,,,,,,37.81598524,-87.56301489,12.948,2019-06-24,1047,2,2,0,0,RAINING,WET,False,SIDESWIPE COLLISION - SAME DIRECTION,SIDESWIPE-SAME DIRECTION,STRAIGHT & GRADE,DAYLIGHT,,,43647.63467,False,138,Accepted,5,5,O,SLIPPERY SURFACE,TOO FAST FOR CONDITIONS,,2019,1
727,25282981,0510100,HENDERSON POLICE DEPARTMENT,Accepted,HENDERSON,US0041A,1600,GREEN,ST,S,,,,,,,37.81720351,-87.61306044,13.81,2019-06-24,1610,3,3,0,3,CLEAR,DRY,False,SIDESWIPE COLLISION - OPPOSITE DIRECTION,SIDESWIPE-OPPOSITE DIRECTION,STRAIGHT & LEVEL,DAYLIGHT,,,43647.91495,False,19,Accepted,5,3,B,,SICK,,2019,1
728,25283002,0510100,HENDERSON POLICE DEPARTMENT,Accepted,HENDERSON,KY1539,100,LARUE,RD,,,TARTAN,,,,,37.82932202,-87.55781404,0.066,2019-06-27,1755,2,2,0,0,CLEAR,DRY,False,REAR END - ONE VEHICLE TURNING RIGHT,REAR END,STRAIGHT & LEVEL,DAYLIGHT,,,43647.92165,False,48,Accepted,5,5,O,,INATTENTION,,2019,1
732,25286729,0510100,HENDERSON POLICE DEPARTMENT,Accepted,HENDERSON,,100,ELM,ST,N,,,,,,,37.83985455,-87.59018115,0.147,2019-06-28,1549,2,2,0,1,CLEAR,DRY,False,1 VEHICLE ENTERING/LEAVING ENTRANCE,ANGLE,STRAIGHT & LEVEL,DAYLIGHT,,,43648.68728,False,17,Accepted,5,4,C,,INATTENTION,,2019,1
733,25286730,0510100,HENDERSON POLICE DEPARTMENT,Accepted,HENDERSON,US0041A,,US41 ALT,,,,,,,,,37.85727163,-87.57329469,17.435,2019-06-28,1627,2,2,0,0,CLEAR,DRY,False,REAR END IN TRAFFIC LANES BOTH VEHICLES MOVING,REAR END,STRAIGHT & LEVEL,DAYLIGHT,,,43648.68734,False,17,Accepted,5,5,O,,INATTENTION,,2019,1
734,25286734,0510100,HENDERSON POLICE DEPARTMENT,Accepted,HENDERSON,US0041A,,GREEN,ST,N,,,,,,,37.84083022,-87.58757701,16.015,2019-06-30,1735,2,2,0,0,CLEAR,DRY,False,SIDESWIPE COLLISION - SAME DIRECTION,SIDESWIPE-SAME DIRECTION,STRAIGHT & LEVEL,DAYLIGHT,,,43648.68743,False,50,Accepted,5,5,O,,INATTENTION,,2019,1
735,25286735,0510100,HENDERSON POLICE DEPARTMENT,Accepted,HENDERSON,US0041A,,GREEN,ST,N,,,,,,,37.83821859,-87.58925442,15.824,2019-07-01,1359,2,2,0,0,CLEAR,DRY,False,1 VEHICLE ENTERING/LEAVING ENTRANCE,ANGLE,STRAIGHT & LEVEL,DAYLIGHT,,,43648.68744,False,50,Accepted,5,5,O,,INATTENTION,,2019,1
737,25294229,0510100,HENDERSON POLICE DEPARTMENT,Accepted,HENDERSON,,800,WATSON,LN,,,,,,,,37.86865996,-87.55757921,0.307,2019-07-02,1249,2,2,0,0,CLEAR,DRY,False,1 VEHICLE ENTERING/LEAVING ENTRANCE,ANGLE,STRAIGHT & LEVEL,DAYLIGHT,,,43650.39709,False,11,Accepted,5,5,O,,FAILED TO YIELD RIGHT OF WAY,,2019,1
738,25294230,0510100,HENDERSON POLICE DEPARTMENT,Accepted,HENDERSON,,1000,MILLCREEK,DR,,,,,,,,37.86602423,-87.53878269,0.158,2019-07-02,1027,2,2,0,0,CLEAR,DRY,False,1 VEHICLE PARKED POSITION (NOT PARKING LOT/DRIVEWAY),ANGLE,STRAIGHT & LEVEL,DAYLIGHT,,,43650.39714,False,11,Accepted,5,5,O,,INATTENTION,,2019,1
739,25294450,0510100,HENDERSON POLICE DEPARTMENT,Accepted,HENDERSON,US0060,,US60,,E,,BARRET,,,,,37.85990708,-87.56775362,10.6,2019-06-24,1021,2,2,0,0,RAINING,WET,True,OPPOSING LEFT TURN,OPPOSING LEFT TURN,STRAIGHT & LEVEL,DAYLIGHT,,,43650.45283,False,65,Accepted,5,5,O,,INATTENTION,,2019,1
740,25294529,0510100,HENDERSON POLICE DEPARTMENT,Accepted,HENDERSON,US0041A,,GREEN,ST,S,,KRESGE,,,,,37.81609162,-87.61476002,13.676,2019-07-01,1253,2,2,0,1,CLEAR,DRY,False,OPPOSING LEFT TURN,OPPOSING LEFT TURN,STRAIGHT & LEVEL,DAYLIGHT,,,43650.46933,False,65,Accepted,5,4,C,,INATTENTION,,2019,1
741,25294530,0510100,HENDERSON POLICE DEPARTMENT,Accepted,HENDERSON,,,MAIN,ST,N,,,,1ST,,2ND,37.84012692,-87.59204249,0.053,2019-07-02,1259,2,2,0,0,CLEAR,DRY,False,REAR END IN TRAFFIC LANES BOTH VEHICLES MOVING,REAR END,STRAIGHT & GRADE,DAYLIGHT,,,43650.46937,False,36,Accepted,5,5,O,,INATTENTION,,2019,1
743,25301485,0510100,HENDERSON POLICE DEPARTMENT,Accepted,HENDERSON,US0041,,US41,,N,,,US0041,US41,KY0351,ZION,37.82516285,-87.56541199,13.675,2019-07-04,1130,1,1,0,0,CLOUDY,WET,True,COLLISION WITH FIXED OBJECT NON - INTERSECTION - FIRST EVENT COLLISION 09 - 32 EXCLUDING 16,SINGLE VEHICLE,CURVE & LEVEL,DAYLIGHT,,,43652.43829,False,65,Accepted,5,5,O,,INATTENTION,,2019,1
744,25302706,0510100,HENDERSON POLICE DEPARTMENT,Accepted,HENDERSON,,1,CLARK,ST,,,,,,,,37.83247496,-87.58045205,0.001,2019-07-01,2111,2,2,0,0,CLEAR,DRY,False,1 VEHICLE ENTERING/LEAVING ENTRANCE,ANGLE,STRAIGHT & LEVEL,DARK-HWY NOT LIGHTED,,,43652.81642,False,19,Accepted,5,5,O,,INATTENTION,,2019,1
745,25302707,0510100,HENDERSON POLICE DEPARTMENT,Accepted,HENDERSON,,1119,MADISON,CT,,,,,,,,37.82248684,-87.58990007,0.027,2019-07-04,1630,2,2,0,0,CLOUDY,DRY,False,1 VEHICLE PARKED POSITION (NOT PARKING LOT/DRIVEWAY),BACKING,STRAIGHT & LEVEL,DAYLIGHT,,,43652.81644,False,38,Accepted,5,5,O,IMPROPERLY PARKED VEHICLE(S),INATTENTION,,2019,1
746,25302708,0510100,HENDERSON POLICE DEPARTMENT,Accepted,HENDERSON,,1200,ELM,ST,N,,,,,,,37.85277695,-87.5819253,1.146,2019-07-04,2234,2,2,0,0,CLEAR,DRY,False,OTHER ROADWAY OR MID-BLOCK COLLISION,REAR END,STRAIGHT & LEVEL,DARK-HWY NOT LIGHTED,,,43652.81646,False,19,Accepted,5,5,O,,,BRAKES DEFECTIVE,2019,1
747,25302709,0510100,HENDERSON POLICE DEPARTMENT,Accepted,HENDERSON,US0041A,1200,GREEN,ST,N,,12TH,,,,,37.85209593,-87.58031164,16.9,2019-07-05,1404,2,2,0,0,CLEAR,DRY,False,ANGLE COLLISION - OTHER,ANGLE,STRAIGHT & LEVEL,DAYLIGHT,,,43652.81648,False,58,Accepted,5,5,O,,OTHER,,2019,1
748,25306089,0510100,HENDERSON POLICE DEPARTMENT,Accepted,HENDERSON,,200,HOLLOWAY,ST,S,,CLAY,,,,,37.8301258,-87.5869763,0.011,2019-07-02,1922,1,1,0,0,CLEAR,DRY,False,NON-COLLISION OBJECT COLLISION,SINGLE VEHICLE,STRAIGHT & LEVEL,DAYLIGHT,,,43653.98671,False,58,Accepted,5,5,O,,WEAVING IN TRAFFIC,,2019,1
749,25306090,0510100,HENDERSON POLICE DEPARTMENT,Accepted,HENDERSON,US0041,,US41,,N,,,,,,,37.87565231,-87.56770809,17.43,2019-07-07,1549,2,2,0,0,CLEAR,DRY,False,OTHER ROADWAY OR MID-BLOCK COLLISION,REAR END,STRAIGHT & LEVEL,DAYLIGHT,,,43653.98673,False,19,Accepted,5,5,O,,INATTENTION,,2019,1
755,25308860,0510000,HENDERSON COUNTY SHERIFF DEPT.,Accepted,HENDERSON,US0041,,US41,,,,,,,,,37.80572452,-87.56422532,1.101,2019-07-07,830,1,1,0,1,CLEAR,DRY,False,COLLISION WITH FIXED OBJECT NON - INTERSECTION - FIRST EVENT COLLISION 09 - 32 EXCLUDING 16,SINGLE VEHICLE,CURVE & GRADE,DAYLIGHT,,,43654.48213,False,138,Accepted,4,4,C,,"FATIGUE, FELL ASLEEP",,2019,1
756,25309928,0510100,HENDERSON POLICE DEPARTMENT,Accepted,HENDERSON,,1400,OAK,ST,,,,,,,,37.82134496,-87.58143873,0.046,2019-07-03,618,2,2,0,0,CLEAR,DRY,False,1 VEHICLE PARKED POSITION (NOT PARKING LOT/DRIVEWAY),ANGLE,STRAIGHT & LEVEL,DAYLIGHT,,,43654.6311,False,11,Accepted,5,5,O,,INATTENTION,,2019,1
757,25309931,0510100,HENDERSON POLICE DEPARTMENT,Accepted,HENDERSON,US0041A,,GREEN,ST,N,,5TH,,,,,37.84327038,-87.58597821,16.216,2019-07-03,1020,2,2,0,0,CLEAR,DRY,False,OPPOSING LEFT TURN,OPPOSING LEFT TURN,STRAIGHT & LEVEL,DAYLIGHT,,,43654.63116,False,34,Accepted,5,5,O,,INATTENTION,,2019,1
758,25309932,0510100,HENDERSON POLICE DEPARTMENT,Accepted,HENDERSON,KY0351,,ZION,RD,,,,,ADAMS,,DENISE,37.82482802,-87.54390342,2.643,2019-07-07,1219,2,2,0,0,CLEAR,DRY,False,SIDESWIPE COLLISION - SAME DIRECTION,SIDESWIPE-SAME DIRECTION,STRAIGHT & LEVEL,DAYLIGHT,,,43654.63118,False,65,Accepted,5,5,O,,"IMPROPER PASSING, TURNING IMPROPERLY",,2019,1
759,25313064,0510100,HENDERSON POLICE DEPARTMENT,Accepted,HENDERSON,US0041A,,GREEN,ST,N,,RICHARDSON,,,,,37.85547187,-87.57666573,17.231,2019-07-07,1045,2,2,0,0,CLEAR,DRY,False,OTHER INTERSECTION COLLISIONS,REAR END,STRAIGHT & LEVEL,DAYLIGHT,,,43655.39279,False,34,Accepted,5,5,O,BACKUP DUE TO REGULAR CONGESTION,FOLLOWING TOO CLOSE,,2019,1
760,25313068,0510100,HENDERSON POLICE DEPARTMENT,Accepted,HENDERSON,,236,2ND,ST,,,,,MAIN,,ELM,37.84037002,-87.59093415,0.148,2019-07-03,1200,2,2,0,0,CLEAR,DRY,False,1 VEHICLE PARKED POSITION (NOT PARKING LOT/DRIVEWAY),BACKING,STRAIGHT & LEVEL,DAYLIGHT,,,43655.39287,False,34,Accepted,5,5,O,,MISJUDGE CLEARANCE,,2019,1
761,25316209,0510100,HENDERSON POLICE DEPARTMENT,Accepted,HENDERSON,,800,ATKINSON,ST,,,PRINGLE,,,,,37.82017,-87.5815046,0.607,2019-07-09,30,2,2,0,0,CLEAR,DRY,True,OTHER INTERSECTION COLLISIONS,REAR END,STRAIGHT & LEVEL,DARK-HWY LIGHTED/ON,,,43655.93272,False,35,Accepted,5,5,O,,"EMOTIONAL, FOLLOWING TOO CLOSE, NOT UNDER PROPER CONTROL",,2019,1
762,25317563,0510100,HENDERSON POLICE DEPARTMENT,Accepted,HENDERSON,US0041A,,GREEN,ST,S,,,,KRESGE,,MCCLAIN,37.81688249,-87.61353793,13.772,2019-07-05,1143,2,2,0,0,CLEAR,DRY,False,REAR END IN TRAFFIC LANES BOTH VEHICLES MOVING,REAR END,STRAIGHT & LEVEL,DAYLIGHT,,,43656.34871,False,65,Accepted,5,5,O,,,LOAD SECUREMENT,2019,1
763,25317564,0510100,HENDERSON POLICE DEPARTMENT,Accepted,HENDERSON,,,GREEN,ST,N,,,,7TH,,8TH,37.84628461,-87.58409536,,2019-07-09,1225,2,2,0,2,CLEAR,DRY,False,OTHER ROADWAY OR MID-BLOCK COLLISION,REAR END,STRAIGHT & LEVEL,DAYLIGHT,,,43656.34875,False,23,Accepted,4,4,C,,DISTRACTION,,2019,1
764,25319319,0510100,HENDERSON POLICE DEPARTMENT,Accepted,HENDERSON,US0060,,GREEN,ST,S,KY0425,KY425,,,,,37.79996845,-87.64770711,8.714,2019-07-01,906,2,2,0,1,CLEAR,DRY,False,ANGLE COLLISION - OTHER,ANGLE,STRAIGHT & GRADE,DAYLIGHT,,,43656.61156,False,8,Accepted,5,4,C,,DISTRACTION,,2019,1
765,25319322,0510100,HENDERSON POLICE DEPARTMENT,Accepted,HENDERSON,US0041A,,GREEN,ST,N,,5TH,,,,,37.84325526,-87.58591366,16.214,2019-07-03,1358,2,2,0,1,CLOUDY,DRY,False,OPPOSING LEFT TURN,OPPOSING LEFT TURN,STRAIGHT & LEVEL,DAYLIGHT,,,43656.61173,False,34,Accepted,4,4,C,,"DISREGARD TRAFFIC CONTROL, FAILED TO YIELD RIGHT OF WAY",,2019,1
766,25319323,0510100,HENDERSON POLICE DEPARTMENT,Accepted,HENDERSON,US0041,,US41,,N,,,,WATSON,,WALNUT,37.87671645,-87.566867,17.514,2019-07-10,703,2,2,0,0,CLEAR,DRY,False,SIDESWIPE COLLISION - SAME DIRECTION,SIDESWIPE-SAME DIRECTION,STRAIGHT & LEVEL,DAYLIGHT,,,43656.61177,False,34,Accepted,5,5,O,OTHER,MISJUDGE CLEARANCE,,2019,1
769,25324610,0510100,HENDERSON POLICE DEPARTMENT,Accepted,HENDERSON,,500,ADAMS,ST,N,,,,,,,37.8425942,-87.58314481,0.492,2019-07-08,1620,2,2,0,0,CLEAR,DRY,False,VEHICLE BACKING NON INTERSECTION,BACKING,STRAIGHT & LEVEL,DAYLIGHT,,,43657.68562,False,18,Accepted,5,5,O,,IMPROPER BACKING,,2019,1