OBJECTID,IncidentID,AgencyORI,AgencyName,IncidentStatusDesc,County,RdwyNumber,Street,RoadwayName,StreetSfx,StreetDir,IntersectionRdwy,IntersectionRdwyName,BetweenStRdwy1,BetweenStRdwyName1,BetweenStRdwy2,BetweenStRdwyName2,Latitude,Longitude,Milepoint,CollisionDate,CollisionTime,UnitsInvolved,MotorVehiclesInvolved,NumberKilled,NumberInjured,Weather,RdwyConditionCode,HitandRun,DirAnalysisCode,MannerofCollision,RdwyCharacter,LightCondition,RampFromRdwyId,RampToRdwyId,AcceptedDate,IsSecondaryCollision,OwnerBadge,IncidentStatus,InjurySeverityCde,KABCO_Code,KABCO,Environmental_Factors,Human_Factors,Vehicular_Factors,CollisionYear,CityCrash
928,25548573,0510100,HENDERSON POLICE DEPARTMENT,Accepted,HENDERSON,,,ATKINSON,ST,,KY0136,MADISON,,,,,37.81737437,-87.58398929,0.856,2019-08-22,1259,2,2,0,0,CLEAR,DRY,False,OTHER INTERSECTION COLLISIONS,REAR END,STRAIGHT & LEVEL,DAYLIGHT,,,43703.51981,False,65,Accepted,5,5,O,,INATTENTION,,2019,1
931,25550644,0510100,HENDERSON POLICE DEPARTMENT,Accepted,HENDERSON,US0060,2200,US60,,E,,MARYWOOD,,,,,37.86102755,-87.56482045,10.787,2019-08-24,1514,2,2,0,0,CLEAR,DRY,False,ANGLE COLLISION - OTHER,ANGLE,STRAIGHT & LEVEL,DAYLIGHT,,,43703.78705,False,58,Accepted,5,5,O,,INATTENTION,,2019,1
935,25555220,0510100,HENDERSON POLICE DEPARTMENT,Accepted,HENDERSON,,320,1ST,ST,,,,,,,,37.83900801,-87.59132416,0.168,2019-08-25,1647,2,2,0,0,CLEAR,DRY,False,1 VEHICLE ENTERING/LEAVING ENTRANCE,ANGLE,STRAIGHT & LEVEL,DAYLIGHT,,,43704.66483,False,50,Accepted,5,5,O,,OTHER,,2019,1
936,25555995,0510100,HENDERSON POLICE DEPARTMENT,Accepted,HENDERSON,,207,JULIA,ST,S,,,,,,,37.83005459,-87.58492747,0.271,2019-08-24,2019,2,2,0,0,CLEAR,DRY,True,1 VEHICLE PARKED POSITION (NOT PARKING LOT/DRIVEWAY),SIDESWIPE-SAME DIRECTION,STRAIGHT & LEVEL,DARK-HWY LIGHTED/OFF,,,43704.79239,False,37,Accepted,5,5,O,,"INATTENTION, NOT UNDER PROPER CONTROL",,2019,1
937,25560469,0510100,HENDERSON POLICE DEPARTMENT,Accepted,HENDERSON,US0041A,1773,GREEN,ST,S,,,,,,,37.81378589,-87.61837968,13.453,2019-08-22,1440,2,2,0,0,RAINING,WET,False,REAR END IN TRAFFIC LANES BOTH VEHICLES MOVING,REAR END,STRAIGHT & LEVEL,DAYLIGHT,,,43705.71601,False,38,Accepted,5,5,O,SLIPPERY SURFACE,INATTENTION,,2019,1
938,25560501,0510100,HENDERSON POLICE DEPARTMENT,Accepted,HENDERSON,US0041A,800,GREEN,ST,N,,,,,,,37.84661626,-87.58400993,16.49,2019-08-26,1948,2,2,0,0,CLEAR,DRY,True,1 VEHICLE ENTERING/LEAVING ENTRANCE,ANGLE,STRAIGHT & LEVEL,DUSK,,,43705.72024,False,64,Accepted,5,5,O,,INATTENTION,,2019,1
939,25564554,0510100,HENDERSON POLICE DEPARTMENT,Accepted,HENDERSON,US0041A,,GREEN,ST,S,,DRURY,,,,,37.81422536,-87.61802096,13.439,2019-08-26,1244,2,2,0,0,RAINING,WET,False,OTHER INTERSECTION COLLISIONS,REAR END,STRAIGHT & LEVEL,DAYLIGHT,,,43706.47802,False,60,Accepted,5,5,O,SLIPPERY SURFACE,NOT UNDER PROPER CONTROL,,2019,1
940,25564556,0510100,HENDERSON POLICE DEPARTMENT,Accepted,HENDERSON,,,HANCOCK,ST,,,ELM,,,,,37.82957156,-87.59968784,0.096,2019-08-26,1146,2,2,0,0,RAINING,WET,False,ANGLE COLLISION - OTHER,ANGLE,STRAIGHT & GRADE,DAYLIGHT,,,43706.47827,False,60,Accepted,5,5,O,,NOT UNDER PROPER CONTROL,,2019,1
941,25564557,0510100,HENDERSON POLICE DEPARTMENT,Accepted,HENDERSON,,,GREEN,ST,S,,MCCLAIN ,,,,,37.81718207,-87.61310181,,2019-08-28,640,2,2,0,0,CLEAR,DRY,False,OTHER INTERSECTION COLLISIONS,REAR END,STRAIGHT & GRADE,DAYLIGHT,,,43706.47838,False,23,Accepted,5,5,O,ANIMALS ACTION,INATTENTION,,2019,1
942,25564558,0510100,HENDERSON POLICE DEPARTMENT,Accepted,HENDERSON,US0041A,528,GREEN,ST,N,,,,,,,37.84409054,-87.5854841,16.281,2019-08-26,649,2,2,0,0,RAINING,WET,False,1 VEHICLE ENTERING/LEAVING ENTRANCE,ANGLE,STRAIGHT & LEVEL,DAYLIGHT,,,43706.47844,False,26,Accepted,5,5,O,,"FAILED TO YIELD RIGHT OF WAY, INATTENTION",,2019,1
943,25564560,0510100,HENDERSON POLICE DEPARTMENT,Accepted,HENDERSON,US0041A,1000,GREEN,ST,N,,,,,,,37.8498211,-87.58182488,16.733,2019-08-27,736,2,2,0,0,CLOUDY,DRY,False,SIDESWIPE COLLISION - SAME DIRECTION,SIDESWIPE-SAME DIRECTION,STRAIGHT & GRADE,DAYLIGHT,,,43706.47855,False,26,Accepted,5,5,O,,INATTENTION,,2019,1
944,25565492,0510000,HENDERSON COUNTY SHERIFF DEPT.,Accepted,HENDERSON,,,WATER,ST,S,,1ST,,,,,37.84009146,-87.59408211,0.001,2019-08-28,1742,2,2,0,0,CLEAR,DRY,False,ANGLE COLLISION - OTHER,ANGLE,STRAIGHT & LEVEL,DAYLIGHT,,,43706.59525,False,133,Accepted,5,5,O,,"FAILED TO YIELD RIGHT OF WAY, INATTENTION",,2019,1
946,25569539,0510100,HENDERSON POLICE DEPARTMENT,Accepted,HENDERSON,,,GREEN,ST,,,CLAY,,,,,37.83404139,-87.59316536,,2019-08-29,1100,1,1,0,0,CLEAR,DRY,False,OTHER INTERSECTION COLLISIONS,SINGLE VEHICLE,STRAIGHT & LEVEL,DAYLIGHT,,,43707.37016,False,23,Accepted,5,5,O,OTHER,,,2019,1
947,25569542,0510100,HENDERSON POLICE DEPARTMENT,Accepted,HENDERSON,,600,LAKEVIEW,DR,,,,,,,,37.86731694,-87.5642114,0.153,2019-08-29,805,1,1,0,0,CLEAR,DRY,False,OTHER ROADWAY OR MID-BLOCK COLLISION,SINGLE VEHICLE,STRAIGHT & LEVEL,DAYLIGHT,,,43707.37038,False,67,Accepted,5,5,O,,INATTENTION,,2019,1
950,25573392,0510100,HENDERSON POLICE DEPARTMENT,Accepted,HENDERSON,US0060,2100,US60,,E,,MARYWOOD,,,,,37.86096235,-87.56490664,10.781,2019-08-23,1743,2,2,0,1,CLEAR,DRY,False,ANGLE COLLISION - OTHER,ANGLE,STRAIGHT & LEVEL,DAYLIGHT,,,43708.01972,False,17,Accepted,5,4,C,,"FAILED TO YIELD RIGHT OF WAY, INATTENTION",,2019,1
951,25573393,0510100,HENDERSON POLICE DEPARTMENT,Accepted,HENDERSON,US0060,,US60,,E,,,,,,,37.85957294,-87.56854792,10.555,2019-08-28,1758,2,2,0,0,CLEAR,DRY,False,REAR END IN TRAFFIC LANES BOTH VEHICLES MOVING,REAR END,STRAIGHT & LEVEL,DAYLIGHT,,,43708.01985,False,50,Accepted,5,5,O,,,,2019,1
952,25575062,0510100,HENDERSON POLICE DEPARTMENT,Accepted,HENDERSON,US0041A,,GREEN,ST,S,,,,POWELL,,WASHINGTON,37.83579669,-87.5913114,15.62,2019-08-30,1605,2,2,0,0,CLEAR,DRY,False,REAR END IN TRAFFIC LANES BOTH VEHICLES MOVING,REAR END,STRAIGHT & LEVEL,DAYLIGHT,,,43708.65603,False,44,Accepted,5,5,O,,INATTENTION,"BRAKES DEFECTIVE, OTHER LIGHTING DEFECTIVE",2019,1
953,25575063,0510100,HENDERSON POLICE DEPARTMENT,Accepted,HENDERSON,US0041A,,GREEN,ST,N,,1ST,,,,,37.83819527,-87.58926986,15.826,2019-08-30,1815,2,2,0,0,CLEAR,DRY,False,ANGLE COLLISION - ONE VEHICLE TURNING LEFT,ANGLE,STRAIGHT & LEVEL,DAYLIGHT,,,43708.65616,False,44,Accepted,5,5,O,,"DISREGARD TRAFFIC CONTROL, INATTENTION",,2019,1
954,25575065,0510100,HENDERSON POLICE DEPARTMENT,Accepted,HENDERSON,US0041,,US41,,N,,WALKER,,,,,37.86986805,-87.57088414,16.994,2019-08-30,907,2,2,0,1,CLEAR,DRY,False,OTHER INTERSECTION COLLISIONS,REAR END,STRAIGHT & LEVEL,DAYLIGHT,,,43708.65624,False,67,Accepted,5,4,C,,INATTENTION,,2019,1
955,25575066,0510100,HENDERSON POLICE DEPARTMENT,Accepted,HENDERSON,,,YOUNG,ST,,,ATKINSON,,,,,37.81833706,-87.5831164,,2019-08-29,713,2,2,0,0,CLEAR,DRY,False,ANGLE COLLISION - OTHER,ANGLE,STRAIGHT & LEVEL,DAYLIGHT,,,43708.65642,False,65,Accepted,5,5,O,,INATTENTION,,2019,1
956,25575069,0510100,HENDERSON POLICE DEPARTMENT,Accepted,HENDERSON,,,WASHINGTON,ST,,,,,HOLLOWAY,,ALVASIA,37.83251863,-87.58467204,0.785,2019-08-29,1218,2,2,0,0,CLEAR,DRY,False,1 VEHICLE PARKED POSITION (NOT PARKING LOT/DRIVEWAY),SIDESWIPE-SAME DIRECTION,STRAIGHT & LEVEL,DAYLIGHT,,,43708.65654,False,65,Accepted,5,5,O,,INATTENTION,,2019,1
957,25575236,0510100,HENDERSON POLICE DEPARTMENT,Accepted,HENDERSON,,411,CLAY,ST,,,,,,,,37.82668731,-87.58150697,0.258,2019-08-29,1847,2,2,0,0,CLEAR,DRY,False,REAR END IN TRAFFIC LANES BOTH VEHICLES MOVING,REAR END,STRAIGHT & LEVEL,DAYLIGHT,,,43708.68568,False,19,Accepted,5,5,O,,OTHER,,2019,1
958,25575237,0510100,HENDERSON POLICE DEPARTMENT,Accepted,HENDERSON,,800,DR MARTIN LUTHER KING JR,AVE,,,,,,,,37.82876451,-87.58783402,0.447,2019-08-29,1708,2,2,0,0,CLEAR,DRY,False,1 VEHICLE ENTERING/LEAVING ENTRANCE,ANGLE,STRAIGHT & LEVEL,DAYLIGHT,,,43708.68587,False,38,Accepted,5,5,O,,INATTENTION,,2019,1
959,25575238,0510100,HENDERSON POLICE DEPARTMENT,Accepted,HENDERSON,US0041A,1100,GREEN,ST,S,,,,,,,37.82246616,-87.60464367,14.392,2019-08-30,1536,2,2,0,0,CLEAR,DRY,False,SIDESWIPE COLLISION - SAME DIRECTION,SIDESWIPE-SAME DIRECTION,STRAIGHT & LEVEL,DAYLIGHT,,,43708.68607,False,46,Accepted,5,5,O,,INATTENTION,,2019,1
960,25575239,0510100,HENDERSON POLICE DEPARTMENT,Accepted,HENDERSON,,2875,GREEN RIVER,RD,,,,,,,,37.8639148,-87.56458551,0.208,2019-08-28,1600,2,2,0,0,CLEAR,DRY,False,1 VEHICLE ENTERING/LEAVING ENTRANCE,ANGLE,STRAIGHT & LEVEL,DAYLIGHT,,,43708.68618,False,17,Accepted,5,5,O,,INATTENTION,,2019,1
961,25575241,0510100,HENDERSON POLICE DEPARTMENT,Accepted,HENDERSON,US0041,2000,US41,,N,,MARYWOOD,,,,,37.86728286,-87.57213684,16.806,2019-08-28,1433,2,2,0,0,CLEAR,DRY,False,OTHER INTERSECTION COLLISIONS,REAR END,STRAIGHT & LEVEL,DAYLIGHT,,,43708.68626,False,17,Accepted,5,5,O,,INATTENTION,BRAKES DEFECTIVE,2019,1
962,25575264,0510100,HENDERSON POLICE DEPARTMENT,Accepted,HENDERSON,US0041A,1502,GREEN,ST,N,,HERRON,,,,,37.8548353,-87.57780749,17.15,2019-08-23,1730,2,2,0,1,CLEAR,DRY,False,ANGLE COLLISION - OTHER,ANGLE,STRAIGHT & LEVEL,DAYLIGHT,,,43708.69384,False,58,Accepted,5,3,B,,INATTENTION,,2019,1
963,25575646,0510100,HENDERSON POLICE DEPARTMENT,Accepted,HENDERSON,US0041A,1400,GREEN,ST,N,,,,,,,37.85535176,-87.57688554,17.216,2019-08-31,1610,2,2,0,0,CLEAR,DRY,False,OTHER ROADWAY OR MID-BLOCK COLLISION,REAR END,STRAIGHT & LEVEL,DAYLIGHT,,,43708.78865,False,50,Accepted,5,5,O,,INATTENTION,,2019,1
964,25577528,0510100,HENDERSON POLICE DEPARTMENT,Accepted,HENDERSON,,,WASHINGTON,ST,,,HOLLOWAY,,,,,37.83251747,-87.58466959,0.785,2019-08-31,1255,3,3,0,0,CLEAR,DRY,False,ANGLE COLLISION - OTHER,ANGLE,STRAIGHT & LEVEL,DAYLIGHT,,,43709.43818,False,65,Accepted,5,5,O,,INATTENTION,,2019,1
965,25578523,0510100,HENDERSON POLICE DEPARTMENT,Accepted,HENDERSON,US0041A,1640,GREEN,ST,S,,,,,,,37.8184259,-87.61114741,13.944,2019-08-27,1644,3,3,0,0,CLEAR,DRY,False,OTHER ROADWAY OR MID-BLOCK COLLISION,REAR END,STRAIGHT & LEVEL,DAYLIGHT,,,43709.77404,False,58,Accepted,5,5,O,,FOLLOWING TOO CLOSE,,2019,1
966,25582006,0510100,HENDERSON POLICE DEPARTMENT,Accepted,HENDERSON,,,SADDLEBROOK,DR,,,,,,,,37.86532271,-87.54475958,0.038,2019-08-29,1728,1,1,0,0,CLEAR,DRY,False,COLLISION WITH FIXED OBJECT NON - INTERSECTION - FIRST EVENT COLLISION 09 - 32 EXCLUDING 16,SINGLE VEHICLE,STRAIGHT & LEVEL,DAYLIGHT,,,43710.73699,False,17,Accepted,5,5,O,,INATTENTION,,2019,1
967,25584107,0510100,HENDERSON POLICE DEPARTMENT,Accepted,HENDERSON,US0041A,800,GREEN,ST,N,,,,,,,37.84712313,-87.58356584,16.514,2019-08-31,1105,2,2,0,0,CLOUDY,DRY,False,REAR END IN TRAFFIC LANES BOTH VEHICLES MOVING,REAR END,STRAIGHT & LEVEL,DAYLIGHT,,,43711.34328,False,27,Accepted,5,5,O,,NOT UNDER PROPER CONTROL,,2019,1
968,25584110,0510100,HENDERSON POLICE DEPARTMENT,Accepted,HENDERSON,US0041A,,GREEN,ST,N,,14TH,,,,,37.85408193,-87.57886368,17.075,2019-08-30,1205,2,2,0,0,CLEAR,DRY,False,OPPOSING LEFT TURN,OPPOSING LEFT TURN,STRAIGHT & LEVEL,DAYLIGHT,,,43711.34339,False,65,Accepted,5,5,O,,INATTENTION,,2019,1
969,25584112,0510100,HENDERSON POLICE DEPARTMENT,Accepted,HENDERSON,US0041A,,GREEN,ST,S,,,,MCCLAIN,,ROCKS,37.81762382,-87.61242151,13.855,2019-08-29,1201,2,2,0,0,CLEAR,DRY,False,REAR END IN TRAFFIC LANES BOTH VEHICLES MOVING,REAR END,STRAIGHT & LEVEL,DAYLIGHT,,,43711.34347,False,36,Accepted,5,5,O,,FOLLOWING TOO CLOSE,,2019,1
971,25585915,KSP1600,"KY STATE POLICE, POST 16",Accepted,HENDERSON,US0041,,US41,,S,,,,,,,37.81081789,-87.5718867,12.229,2019-08-29,1242,4,4,0,4,CLEAR,DRY,False,OTHER ROADWAY OR MID-BLOCK COLLISION,REAR END,STRAIGHT & LEVEL,DAYLIGHT,,,43711.47819,False,50,Accepted,5,4,C,MAINTENANCE/UTILITY WORK ZONE,INATTENTION,,2019,1
974,25592007,0510100,HENDERSON POLICE DEPARTMENT,Accepted,HENDERSON,US0060,,US60,,E,,PEBBLE CREEK,,,,,37.86470425,-87.54925447,11.71,2019-08-23,1130,2,2,0,0,RAINING,WET,False,ANGLE COLLISION - OTHER,ANGLE,STRAIGHT & HILLCREST,DAYLIGHT,,,43712.48743,False,37,Accepted,5,5,O,"VIEW OBSTRUCTED, LIMITED DUE TO WEATHER CONDITIONS",MISJUDGE CLEARANCE,,2019,1
975,25596602,0510100,HENDERSON POLICE DEPARTMENT,Accepted,HENDERSON,,,JULIA,ST,S,,,,POWELL,,WASHINGTON,37.83120119,-87.58378964,0.171,2019-09-03,751,2,2,0,0,CLEAR,DRY,False,1 VEHICLE PARKED POSITION (NOT PARKING LOT/DRIVEWAY),SIDESWIPE-SAME DIRECTION,STRAIGHT & LEVEL,DAYLIGHT,,,43713.3465,False,36,Accepted,5,5,O,,INATTENTION,,2019,1
976,25596979,0510100,HENDERSON POLICE DEPARTMENT,Accepted,HENDERSON,,622,3RD,ST,,,,,,,,37.83913994,-87.58409174,0.514,2019-08-30,30,2,2,0,0,CLEAR,DRY,True,1 VEHICLE PARKED POSITION (NOT PARKING LOT/DRIVEWAY),SIDESWIPE-SAME DIRECTION,STRAIGHT & LEVEL,DARK (UNKNOWN ROADWAY LIGHTING),,,43713.38782,False,34,Accepted,5,5,O,,,,2019,1
977,25596985,0510100,HENDERSON POLICE DEPARTMENT,Accepted,HENDERSON,,,SPRINGWOOD,DR,,,ELM,,,,,37.86883335,-87.57408591,0.023,2019-09-03,1222,2,2,0,0,CLEAR,DRY,False,SIDESWIPE-SAME DIRECTION,SIDESWIPE-SAME DIRECTION,STRAIGHT & LEVEL,DAYLIGHT,,,43713.38841,False,37,Accepted,5,5,O,,MISJUDGE CLEARANCE,,2019,1
978,25596987,0510100,HENDERSON POLICE DEPARTMENT,Accepted,HENDERSON,US0041,,US41,,N,,RACETRACK,,,,,37.88298757,-87.56343316,17.972,2019-09-03,1328,2,2,0,0,CLEAR,DRY,False,OPPOSING LEFT TURN,OPPOSING LEFT TURN,STRAIGHT & LEVEL,DAYLIGHT,,,43713.38856,False,37,Accepted,5,5,O,,"INATTENTION, MISJUDGE CLEARANCE",,2019,1
979,25597737,0510100,HENDERSON POLICE DEPARTMENT,Accepted,HENDERSON,,,ELM,ST,N,,10TH,,,,,37.85012194,-87.58367341,0.939,2019-09-04,1120,3,2,0,2,CLEAR,DRY,False,ANGLE COLLISION - OTHER,ANGLE,STRAIGHT & LEVEL,DAYLIGHT,,,43713.47357,False,37,Accepted,4,3,B,VIEW OBSTRUCTED/LIMITED DUE TO RDWY,"INATTENTION, MISJUDGE CLEARANCE, TURNING IMPROPERLY",,2019,1
980,25598243,0510100,HENDERSON POLICE DEPARTMENT,Accepted,HENDERSON,US0041A,,GREEN,ST,N,,,,CRESTVIEW,,12TH,37.85195051,-87.58039322,16.902,2019-09-04,1103,3,3,0,2,CLEAR,DRY,False,OTHER ROADWAY OR MID-BLOCK COLLISION,REAR END,STRAIGHT & GRADE,DAYLIGHT,,,43713.57268,False,36,Accepted,5,3,B,,INATTENTION,,2019,1
983,25602540,0510100,HENDERSON POLICE DEPARTMENT,Accepted,HENDERSON,,,US 41,,,,WATSON,,,,,37.87532814,-87.56771886,,2019-09-05,1020,2,2,0,0,CLEAR,DRY,False,OTHER INTERSECTION COLLISIONS,REAR END,STRAIGHT & LEVEL,DAYLIGHT,,,43714.44885,False,23,Accepted,5,5,O,,FAILED TO YIELD RIGHT OF WAY,,2019,1
984,25602552,0510100,HENDERSON POLICE DEPARTMENT,Accepted,HENDERSON,US0041A,1320,GREEN,ST,N,,14TH,,,,,37.85391701,-87.57902172,17.06,2019-09-05,726,2,2,0,3,CLEAR,DRY,False,OTHER INTERSECTION COLLISIONS,REAR END,STRAIGHT & LEVEL,DAYLIGHT,,,43714.44933,False,37,Accepted,5,4,C,,"DRUG INVOLVEMENT, INATTENTION",,2019,1
985,25605854,0510100,HENDERSON POLICE DEPARTMENT,Accepted,HENDERSON,US0041,2067,US41,,N,,,,,,,37.86522858,-87.5733555,16.648,2019-09-04,1247,2,2,0,0,CLEAR,DRY,False,1 VEHICLE ENTERING/LEAVING ENTRANCE,ANGLE,STRAIGHT & LEVEL,DAYLIGHT,,,43715.09226,False,27,Accepted,5,5,O,,FAILED TO YIELD RIGHT OF WAY,,2019,1
986,25605859,0510100,HENDERSON POLICE DEPARTMENT,Accepted,HENDERSON,,200,12TH,ST,,,,,,,,37.85282022,-87.5819691,0.2,2019-09-04,1338,2,2,0,0,CLEAR,DRY,False,REAR END IN TRAFFIC LANES BOTH VEHICLES MOVING,REAR END,STRAIGHT & LEVEL,DAYLIGHT,,,43715.09245,False,27,Accepted,5,5,O,,INATTENTION,,2019,1
987,25607408,0510100,HENDERSON POLICE DEPARTMENT,Accepted,HENDERSON,,351,HI Y,DR,,,,,,,,37.85799403,-87.57762091,0.05,2019-09-02,2101,2,2,0,0,CLEAR,DRY,False,1 VEHICLE PARKED POSITION (NOT PARKING LOT/DRIVEWAY),ANGLE,STRAIGHT & HILLCREST,DARK-HWY LIGHTED/ON,,,43715.68723,False,50,Accepted,5,5,O,,INATTENTION,,2019,1
988,25607409,0510100,HENDERSON POLICE DEPARTMENT,Accepted,HENDERSON,US0060,,US60,,E,,BARRET,,,,,37.85995162,-87.5675051,10.59,2019-09-02,1830,2,2,0,0,CLEAR,DRY,False,ANGLE COLLISION - OTHER,ANGLE,STRAIGHT & LEVEL,DAYLIGHT,,,43715.68736,False,17,Accepted,5,5,O,,"FAILED TO YIELD RIGHT OF WAY, INATTENTION",,2019,1
989,25607411,0510100,HENDERSON POLICE DEPARTMENT,Accepted,HENDERSON,,14,RIVERDALE,CT,,,,,,,,37.82861124,-87.604718,0.082,2019-09-03,1430,2,2,0,0,CLEAR,DRY,False,1 VEHICLE PARKED POSITION (NOT PARKING LOT/DRIVEWAY),BACKING,STRAIGHT & LEVEL,DAYLIGHT,,,43715.68769,False,46,Accepted,5,5,O,,MISJUDGE CLEARANCE,,2019,1
990,25610907,0510100,HENDERSON POLICE DEPARTMENT,Accepted,HENDERSON,US0041A,,GREEN,ST,S,KY0136,SAND,,,,,37.82391528,-87.60316237,14.512,2019-09-06,1417,2,2,0,0,CLEAR,DRY,False,OPPOSING LEFT TURN,OPPOSING LEFT TURN,STRAIGHT & LEVEL,DAYLIGHT,,,43716.97423,False,38,Accepted,5,5,O,,"FAILED TO YIELD RIGHT OF WAY, INATTENTION",,2019,1
993,25615173,0510100,HENDERSON POLICE DEPARTMENT,Accepted,HENDERSON,KY0351,2000,ZION,RD,,,,,,,,37.83069008,-87.5660579,1.366,2019-09-05,1645,2,2,0,0,CLEAR,DRY,False,REAR END IN TRAFFIC LANES BOTH VEHICLES MOVING,REAR END,STRAIGHT & LEVEL,DAYLIGHT,,,43717.6758,False,46,Accepted,5,5,O,,"INATTENTION, MISJUDGE CLEARANCE",,2019,1
999,25620371,0510100,HENDERSON POLICE DEPARTMENT,Accepted,HENDERSON,,400,WATSON,LN,,US0041,US41,,,,,37.87528578,-87.56761025,1.096,2019-09-06,2026,2,2,0,0,CLEAR,DRY,False,OTHER INTERSECTION COLLISIONS,REAR END,STRAIGHT & LEVEL,DARK-HWY LIGHTED/ON,,,43718.67682,False,17,Accepted,5,5,O,,INATTENTION,,2019,1
1000,25620373,0510100,HENDERSON POLICE DEPARTMENT,Accepted,HENDERSON,US0041A,1400,GREEN,ST,N,,,,,,,37.85419678,-87.57877664,17.067,2019-09-09,1548,2,2,0,0,CLEAR,DRY,False,SIDESWIPE COLLISION - SAME DIRECTION,SIDESWIPE-SAME DIRECTION,STRAIGHT & LEVEL,DARK-HWY NOT LIGHTED,,,43718.67692,False,50,Accepted,5,5,O,,INATTENTION,OTHER,2019,1
1001,25623072,0510100,HENDERSON POLICE DEPARTMENT,Accepted,HENDERSON,,,HOLLOWAY,ST,S,,,,POWELL,,WASHINGTON,37.83188684,-87.58523032,,2019-09-10,1120,2,2,0,0,CLEAR,DRY,False,1 VEHICLE PARKED POSITION (NOT PARKING LOT/DRIVEWAY),BACKING,STRAIGHT & LEVEL,DAYLIGHT,,,43719.36833,False,23,Accepted,5,5,O,,INATTENTION,,2019,1
1003,25625323,0510100,HENDERSON POLICE DEPARTMENT,Accepted,HENDERSON,US0060,2300,GREEN,ST,S,,OHIO,,,,,37.80585787,-87.63245732,9.628,2019-09-10,1427,2,2,0,0,CLEAR,DRY,False,OTHER INTERSECTION COLLISIONS,REAR END,STRAIGHT & LEVEL,DAYLIGHT,,,43719.68595,False,38,Accepted,5,5,O,,FOLLOWING TOO CLOSE,,2019,1
1004,25625913,0510100,HENDERSON POLICE DEPARTMENT,Accepted,HENDERSON,US0041,2000,US41,,N,,BARKER,,,,,37.87082902,-87.57019217,17.069,2019-09-09,1821,2,2,0,0,CLEAR,DRY,False,ANGLE COLLISION - OTHER,ANGLE,STRAIGHT & LEVEL,DAYLIGHT,,,43719.77525,False,17,Accepted,5,5,O,,INATTENTION,,2019,1
1006,25634226,0510100,HENDERSON POLICE DEPARTMENT,Accepted,HENDERSON,US0060,,GREEN,ST,S,,,,BORAX,,OHIO,37.81099981,-87.6227672,10.278,2019-09-11,730,3,3,0,0,CLEAR,DRY,False,REAR END IN TRAFFIC LANES BOTH VEHICLES MOVING,REAR END,STRAIGHT & GRADE,DAYLIGHT,,,43721.43587,False,36,Accepted,5,5,O,,NOT UNDER PROPER CONTROL,,2019,1
1007,25634235,0510100,HENDERSON POLICE DEPARTMENT,Accepted,HENDERSON,,,GREEN RIVER,RD,,,LAMONT,,,,,37.86799333,-87.55881027,0.633,2019-09-11,1142,2,2,0,1,CLEAR,DRY,False,ANGLE COLLISION - OTHER,ANGLE,STRAIGHT & LEVEL,DAYLIGHT,,,43721.43617,False,67,Accepted,5,4,C,,INATTENTION,,2019,1
1008,25634236,0510100,HENDERSON POLICE DEPARTMENT,Accepted,HENDERSON,KY0351,,2ND,ST,,,INGRAM,,,,,37.83888188,-87.58698206,0.088,2019-09-08,1222,2,2,0,3,CLEAR,DRY,False,ANGLE COLLISION - OTHER,ANGLE,STRAIGHT & LEVEL,DAYLIGHT,,,43721.43644,False,65,Accepted,4,4,C,,"FAILED TO YIELD RIGHT OF WAY, INATTENTION",,2019,1
1009,25636988,0510100,HENDERSON POLICE DEPARTMENT,Accepted,HENDERSON,US0041A,1000,GREEN,ST,N,,,,,,,37.84979208,-87.58179269,16.732,2019-09-12,1630,2,2,0,0,CLEAR,DRY,False,SIDESWIPE COLLISION - SAME DIRECTION,SIDESWIPE-SAME DIRECTION,STRAIGHT & GRADE,DAYLIGHT,,,43721.94886,False,44,Accepted,5,5,O,,"INATTENTION, MISJUDGE CLEARANCE",,2019,1
1010,25636990,0510100,HENDERSON POLICE DEPARTMENT,Accepted,HENDERSON,,1195,BARRET,BLVD,,,,,,,,37.85764312,-87.56745897,0.18,2019-09-12,1636,2,2,0,0,CLEAR,DRY,False,1 VEHICLE ENTERING OR LEAVING PARKED POSITION (NOT PARKING LOT),REAR TO REAR,STRAIGHT & LEVEL,DAYLIGHT,,,43721.94906,False,17,Accepted,5,5,O,,INATTENTION,,2019,1
1011,25638288,0510100,HENDERSON POLICE DEPARTMENT,Accepted,HENDERSON,,,US 41N,,,,US 60,,,,,37.8593206,-87.57523804,,2019-09-13,1325,2,2,0,0,CLEAR,DRY,False,SIDESWIPE-SAME DIRECTION,SIDESWIPE-SAME DIRECTION,CURVE & LEVEL,DAYLIGHT,,,43722.45473,False,23,Accepted,5,5,O,,MISJUDGE CLEARANCE,,2019,1
1012,25638723,0510100,HENDERSON POLICE DEPARTMENT,Accepted,HENDERSON,US0041,1800,US41,,N,,,,,,,37.85448552,-87.57029127,15.809,2019-09-13,1642,2,2,0,0,CLEAR,DRY,False,REAR END IN TRAFFIC LANES BOTH VEHICLES MOVING,REAR END,STRAIGHT & LEVEL,DAYLIGHT,,,43722.67771,False,19,Accepted,5,5,O,,INATTENTION,,2019,1