OBJECTID,IncidentID,AgencyORI,AgencyName,IncidentStatusDesc,County,RdwyNumber,Street,RoadwayName,StreetSfx,StreetDir,IntersectionRdwy,IntersectionRdwyName,BetweenStRdwy1,BetweenStRdwyName1,BetweenStRdwy2,BetweenStRdwyName2,Latitude,Longitude,Milepoint,CollisionDate,CollisionTime,UnitsInvolved,MotorVehiclesInvolved,NumberKilled,NumberInjured,Weather,RdwyConditionCode,HitandRun,DirAnalysisCode,MannerofCollision,RdwyCharacter,LightCondition,RampFromRdwyId,RampToRdwyId,AcceptedDate,IsSecondaryCollision,OwnerBadge,IncidentStatus,InjurySeverityCde,KABCO_Code,KABCO,Environmental_Factors,Human_Factors,Vehicular_Factors,CollisionYear,CityCrash
1013,25638724,0510100,HENDERSON POLICE DEPARTMENT,Accepted,HENDERSON,US0041,,US41,,N,,,,,,,37.82625435,-87.56633998,13.468,2019-09-13,1520,2,2,0,1,CLEAR,DRY,False,SIDESWIPE COLLISION - SAME DIRECTION,SIDESWIPE-SAME DIRECTION,CURVE & GRADE,DAYLIGHT,,,43722.67796,False,44,Accepted,5,4,C,,"OVERCORRECTING/OVERSTEERING, INATTENTION, MISJUDGE CLEARANCE",,2019,1
1014,25638725,0510100,HENDERSON POLICE DEPARTMENT,Accepted,HENDERSON,,300,3RD,ST,,,,,,,,37.84076319,-87.58782631,0.281,2019-09-13,1541,2,2,0,0,CLEAR,DRY,True,SIDESWIPE COLLISION - OPPOSITE DIRECTION,SIDESWIPE-OPPOSITE DIRECTION,STRAIGHT & LEVEL,DAYLIGHT,,,43722.6781,False,58,Accepted,5,5,O,,"FAILED TO KEEP PROPER LANE, IMPROPER PASSING, TURNING IMPROPERLY",,2019,1
1015,25638726,0510100,HENDERSON POLICE DEPARTMENT,Accepted,HENDERSON,,2611,ELM,ST,N,,,,,,,37.87458694,-87.56958365,2.821,2019-09-13,1626,2,2,0,0,CLEAR,DRY,False,1 VEHICLE PARKED POSITION (NOT PARKING LOT/DRIVEWAY),BACKING,STRAIGHT & LEVEL,DAYLIGHT,,,43722.67819,False,58,Accepted,5,5,O,,INATTENTION,,2019,1
1016,25640780,0510100,HENDERSON POLICE DEPARTMENT,Accepted,HENDERSON,US0041A,,GREEN,ST,N,,12TH,,,,,37.85197945,-87.58037696,16.905,2019-09-13,1120,2,2,0,0,CLEAR,DRY,False,ANGLE COLLISION - ONE VEHICLE TURNING RIGHT,ANGLE,STRAIGHT & LEVEL,DAYLIGHT,,,43723.38036,False,34,Accepted,5,5,O,,"DISREGARD TRAFFIC CONTROL, INATTENTION",,2019,1
1017,25640781,0510100,HENDERSON POLICE DEPARTMENT,Accepted,HENDERSON,US0041A,,GREEN,ST,N,,5TH,,,,,37.84323014,-87.58599074,16.214,2019-09-13,1217,3,3,0,0,CLEAR,DRY,False,ANGLE COLLISION - OTHER,ANGLE,STRAIGHT & LEVEL,DAYLIGHT,,,43723.38068,False,34,Accepted,5,5,O,,DISREGARD TRAFFIC CONTROL,,2019,1
1018,25640782,0510100,HENDERSON POLICE DEPARTMENT,Accepted,HENDERSON,US0060,,US60,,E,,BARRET,,,,,37.85993162,-87.56778662,10.598,2019-09-14,1236,2,2,0,0,CLEAR,DRY,False,SIDESWIPE-SAME DIRECTION,SIDESWIPE-SAME DIRECTION,STRAIGHT & HILLCREST,DAYLIGHT,,,43723.3808,False,67,Accepted,5,5,O,,INATTENTION,,2019,1
1019,25641100,0510100,HENDERSON POLICE DEPARTMENT,Accepted,HENDERSON,US0041A,202,GREEN,ST,N,,,,,,,37.83954519,-87.58842342,15.918,2019-09-03,1557,2,2,0,0,CLEAR,DRY,False,1 VEHICLE ENTERING/LEAVING ENTRANCE,ANGLE,STRAIGHT & LEVEL,DAYLIGHT,,,43723.62002,False,50,Accepted,5,5,O,,INATTENTION,,2019,1
1020,25645210,0510100,HENDERSON POLICE DEPARTMENT,Accepted,HENDERSON,KY2084,300,KY2084,,S,KY0812,AIRLINE,,,,,37.82012569,-87.56936631,2.138,2019-09-15,1952,2,2,0,0,CLEAR,DRY,True,ANGLE COLLISION - OTHER,ANGLE,STRAIGHT & LEVEL,DARK-HWY LIGHTED/ON,,,43724.50799,False,64,Accepted,5,5,O,,"INATTENTION, MISJUDGE CLEARANCE",,2019,1
1021,25649790,0510100,HENDERSON POLICE DEPARTMENT,Accepted,HENDERSON,US0041A,,GREEN,ST,N,,,,9TH,,10TH,37.84894423,-87.58235686,16.664,2019-09-15,1138,2,2,0,0,CLEAR,DRY,False,REAR END IN TRAFFIC LANES BOTH VEHICLES MOVING,REAR END,STRAIGHT & GRADE,DAYLIGHT,,,43725.42185,False,36,Accepted,5,5,O,,FOLLOWING TOO CLOSE,,2019,1
1025,25652257,0510100,HENDERSON POLICE DEPARTMENT,Accepted,HENDERSON,,1500,ELM,ST,N,,,,,,,37.85737652,-87.57900217,1.501,2019-09-16,1711,2,2,0,0,CLOUDY,WET,False,REAR END IN TRAFFIC LANES BOTH VEHICLES MOVING,REAR END,STRAIGHT & LEVEL,DAYLIGHT,,,43725.71682,False,50,Accepted,5,5,O,"SLIPPERY SURFACE, OTHER",INATTENTION,,2019,1
1026,25658121,0510100,HENDERSON POLICE DEPARTMENT,Accepted,HENDERSON,US0041,3113,US41,,N,,,,,,,37.87260364,-87.56912595,17.206,2019-09-17,1840,2,2,0,0,CLEAR,DRY,False,SIDESWIPE COLLISION - SAME DIRECTION,SIDESWIPE-SAME DIRECTION,STRAIGHT & LEVEL,DAYLIGHT,,,43726.82369,False,17,Accepted,5,5,O,,"DISTRACTION, INATTENTION",,2019,1
1027,25658124,0510100,HENDERSON POLICE DEPARTMENT,Accepted,HENDERSON,US0060,2100,US60,,E,,BARRET,,,,,37.85989679,-87.56771747,10.598,2019-08-24,2053,2,2,0,1,CLEAR,DRY,False,ANGLE COLLISION - OTHER,ANGLE,STRAIGHT & LEVEL,DARK-HWY LIGHTED/ON,,,43726.82407,False,58,Accepted,5,3,B,,MISJUDGE CLEARANCE,,2019,1
1028,25658992,0510100,HENDERSON POLICE DEPARTMENT,Accepted,HENDERSON,,,MERRITT,DR,,,12TH,,,,,37.8541104,-87.58510566,0.689,2019-09-17,2231,2,2,0,0,CLEAR,DRY,True,OTHER INTERSECTION COLLISIONS,REAR END,STRAIGHT & HILLCREST,DARK (UNKNOWN ROADWAY LIGHTING),,,43727.04453,False,66,Accepted,5,5,O,,EMOTIONAL,,2019,1
1030,25660250,0510100,HENDERSON POLICE DEPARTMENT,Accepted,HENDERSON,,,WATSON,LN,,US0041,US41,,,,,37.87526585,-87.56758902,1.096,2019-09-11,1230,3,3,0,0,CLEAR,DRY,False,OTHER INTERSECTION COLLISIONS,REAR END,STRAIGHT & LEVEL,DAYLIGHT,,,43727.38046,False,26,Accepted,5,5,O,,DISTRACTION,,2019,1
1031,25661473,0510100,HENDERSON POLICE DEPARTMENT,Accepted,HENDERSON,US0041A,,GREEN,ST,N,,14TH,,,,,37.85404311,-87.57884284,17.072,2019-09-19,836,2,2,0,0,CLEAR,DRY,False,OTHER INTERSECTION COLLISIONS,REAR END,STRAIGHT & LEVEL,DAYLIGHT,,,43727.51812,False,60,Accepted,5,5,O,OTHER,NOT UNDER PROPER CONTROL,,2019,1
1033,25672729,0510100,HENDERSON POLICE DEPARTMENT,Accepted,HENDERSON,,701,CHERRY,ST,,,,,,,,37.82871774,-87.59724218,0.042,2019-09-18,1545,2,2,0,0,CLEAR,DRY,False,1 VEHICLE PARKED POSITION (NOT PARKING LOT/DRIVEWAY),BACKING,STRAIGHT & LEVEL,DAYLIGHT,,,43730.60949,False,46,Accepted,5,5,O,,INATTENTION,,2019,1
1034,25678430,0510100,HENDERSON POLICE DEPARTMENT,Accepted,HENDERSON,,,13TH,ST,,,,US0041A,GREEN,,ELM,37.85359541,-87.58086193,0.074,2019-09-19,856,1,1,0,0,CLEAR,DRY,False,COLLISION WITH FIXED OBJECT NON - INTERSECTION - FIRST EVENT COLLISION 09 - 32 EXCLUDING 16,SINGLE VEHICLE,STRAIGHT & GRADE,DAYLIGHT,,,43731.61405,False,36,Accepted,5,5,O,OTHER,DISTRACTION,,2019,1
1037,25682315,0510100,HENDERSON POLICE DEPARTMENT,Accepted,HENDERSON,KY0351,,2ND,ST,,,,US0041A,GREEN,,INGRAM,37.83919437,-87.58778477,0.041,2019-09-23,1321,2,2,0,0,CLEAR,DRY,False,1 VEHICLE PARKED POSITION (NOT PARKING LOT/DRIVEWAY),SIDESWIPE-SAME DIRECTION,STRAIGHT & LEVEL,DAYLIGHT,,,43732.43453,False,36,Accepted,5,5,O,,FAILED TO KEEP PROPER LANE,,2019,1
1038,25683980,0510100,HENDERSON POLICE DEPARTMENT,Accepted,HENDERSON,,700,DR MARTIN LUTHER KING JR,AVE,,,,,,,,37.82879408,-87.58786727,0.444,2019-09-23,1615,2,2,0,0,CLEAR,DRY,False,1 VEHICLE PARKED POSITION (NOT PARKING LOT/DRIVEWAY),ANGLE,STRAIGHT & LEVEL,DAYLIGHT,,,43732.64442,False,46,Accepted,5,5,O,,INATTENTION,,2019,1
1039,25683981,0510100,HENDERSON POLICE DEPARTMENT,Accepted,HENDERSON,US0041A,1600,GREEN,ST,S,,,,,,,37.82047683,-87.60818925,14.156,2019-09-23,1634,2,1,0,1,CLEAR,DRY,False,COLLISION WITH PEDESTRIAN NON - INTERSECTION,SINGLE VEHICLE,STRAIGHT & LEVEL,DAYLIGHT,,,43732.64455,False,64,Accepted,5,2,A,,,,2019,1
1041,25690039,0510100,HENDERSON POLICE DEPARTMENT,Accepted,HENDERSON,US0041,1917,US41,,N,,,,,,,37.87105432,-87.57014591,17.084,2019-09-19,1815,2,2,0,0,CLEAR,DRY,False,SIDESWIPE COLLISION - SAME DIRECTION,SIDESWIPE-SAME DIRECTION,STRAIGHT & LEVEL,DAYLIGHT,,,43733.79731,False,38,Accepted,5,5,O,,INATTENTION,,2019,1
1042,25690040,0510100,HENDERSON POLICE DEPARTMENT,Accepted,HENDERSON,US0041A,1500,GREEN,ST,S,,MCCLAIN,,,,,37.81719368,-87.61311571,13.805,2019-09-25,1500,2,2,0,0,CLEAR,DRY,False,ANGLE COLLISION - OTHER,ANGLE,STRAIGHT & LEVEL,DAYLIGHT,,,43733.79746,False,46,Accepted,5,5,O,MAINTENANCE/UTILITY WORK ZONE,INATTENTION,,2019,1
1043,25691020,0510100,HENDERSON POLICE DEPARTMENT,Accepted,HENDERSON,,,LETCHER,ST,,,POWELL,,,,,37.82745164,-87.57874415,0.088,2019-09-21,137,1,1,0,0,CLEAR,DRY,True,COLLISION WITH FIXED OBJECT IN INTERSECTION - FIRST EVENT COLLISION 09 - 32,SINGLE VEHICLE,STRAIGHT & LEVEL,DARK-HWY LIGHTED/ON,,,43734.07938,False,56,Accepted,5,5,O,,"TOO FAST FOR CONDITIONS, TURNING IMPROPERLY",,2019,1
1045,25692298,0510100,HENDERSON POLICE DEPARTMENT,Accepted,HENDERSON,US0060,,US60,,E,,BARRET,,,,,37.85993271,-87.56771663,10.598,2019-09-25,918,2,2,0,0,CLOUDY,DRY,False,SIDESWIPE-SAME DIRECTION,SIDESWIPE-SAME DIRECTION,STRAIGHT & LEVEL,DAYLIGHT,,,43734.42406,False,67,Accepted,5,5,O,,INATTENTION,,2019,1
1046,25692299,0510100,HENDERSON POLICE DEPARTMENT,Accepted,HENDERSON,US0041A,,GREEN,ST,S,,,,CLAY,,DIXON,37.83319651,-87.59387699,15.317,2019-09-25,1225,2,2,0,0,CLEAR,DRY,False,SIDESWIPE COLLISION - SAME DIRECTION,SIDESWIPE-SAME DIRECTION,STRAIGHT & LEVEL,DAYLIGHT,,,43734.4242,False,60,Accepted,5,5,O,,INATTENTION,,2019,1
1047,25693931,0510100,HENDERSON POLICE DEPARTMENT,Accepted,HENDERSON,,,GARDEN MILE,RD,N,KY0351,ZION,,,,,37.828213,-87.55777186,0.005,2019-09-25,1624,2,2,0,0,CLEAR,DRY,False,OTHER INTERSECTION COLLISIONS,REAR END,STRAIGHT & LEVEL,DAYLIGHT,,,43734.6773,False,64,Accepted,5,5,O,,INATTENTION,,2019,1
1049,25700207,0510100,HENDERSON POLICE DEPARTMENT,Accepted,HENDERSON,US0041A,,GREEN,ST,S,,,,,,,37.83499113,-87.59207919,15.551,2019-09-26,321,1,1,0,0,CLOUDY,DRY,True,OTHER ROADWAY OR MID-BLOCK COLLISION,SINGLE VEHICLE,STRAIGHT & LEVEL,DARK-HWY LIGHTED/ON,,,43736.00581,False,62,Accepted,5,5,O,,"DRUG INVOLVEMENT, INATTENTION",,2019,1
1050,25700229,0510100,HENDERSON POLICE DEPARTMENT,Accepted,HENDERSON,,1200,WASHINGTON,ST,,,,,,,,37.82902991,-87.57880698,0.383,2019-09-26,416,2,2,0,0,CLEAR,DRY,False,COLLISION WITH FIXED OBJECT NON - INTERSECTION - FIRST EVENT COLLISION 09 - 32 EXCLUDING 16,SIDESWIPE-SAME DIRECTION,STRAIGHT & LEVEL,DARK (UNKNOWN ROADWAY LIGHTING),,,43736.01189,False,63,Accepted,5,5,O,,INATTENTION,,2019,1
1051,25701685,0510100,HENDERSON POLICE DEPARTMENT,Accepted,HENDERSON,KY0351,,2ND,ST,,,PRIEST,,,,,37.83320106,-87.57320363,0.947,2019-09-22,954,1,1,0,1,CLEAR,DRY,False,COLLISION WITH FIXED OBJECT IN INTERSECTION - FIRST EVENT COLLISION 09 - 32,SINGLE VEHICLE,STRAIGHT & LEVEL,DAYLIGHT,,,43736.62518,False,65,Accepted,4,4,C,OTHER,,,2019,1
1052,25701800,0510100,HENDERSON POLICE DEPARTMENT,Accepted,HENDERSON,,,BARKER,RD,,,ELM,,,,,37.87250582,-87.57070048,0.069,2019-09-27,1450,1,1,0,0,CLEAR,DRY,True,OTHER INTERSECTION COLLISIONS,SINGLE VEHICLE,STRAIGHT & LEVEL,DAYLIGHT,,,43736.66989,False,18,Accepted,5,5,O,,,,2019,1
1054,25701805,0510100,HENDERSON POLICE DEPARTMENT,Accepted,HENDERSON,,1200,12TH,ST,,US0041A,GREEN,,,,,37.85214892,-87.58026903,0.296,2019-09-27,1543,2,2,0,3,CLEAR,DRY,False,ANGLE COLLISION - OTHER,ANGLE,STRAIGHT & LEVEL,DAYLIGHT,,,43736.67007,False,38,Accepted,3,3,B,,"INATTENTION, FAILED TO KEEP PROPER LANE",,2019,1
1055,25704671,0510100,HENDERSON POLICE DEPARTMENT,Accepted,HENDERSON,,724,MAIN,ST,N,,,,,,,37.84790575,-87.58701774,0.657,2019-09-28,1530,5,5,0,0,CLEAR,DRY,False,1 VEHICLE PARKED POSITION (NOT PARKING LOT/DRIVEWAY),ANGLE,STRAIGHT & LEVEL,DAYLIGHT,,,43737.71159,False,18,Accepted,5,5,O,,"FATIGUE, FELL ASLEEP",,2019,1
1056,25704677,0510100,HENDERSON POLICE DEPARTMENT,Accepted,HENDERSON,US0041A,500,GREEN,ST,S,,AUDUBON,,,,,37.83066272,-87.59635157,15.198,2019-09-26,1600,2,2,0,0,CLEAR,DRY,False,SIDESWIPE-SAME DIRECTION,SIDESWIPE-SAME DIRECTION,STRAIGHT & LEVEL,DAYLIGHT,,,43737.71183,False,46,Accepted,5,5,O,,INATTENTION,,2019,1
1060,25710740,0510100,HENDERSON POLICE DEPARTMENT,Accepted,HENDERSON,US0041A,,GREEN,ST,N,,,,,,,37.83820572,-87.58927731,15.825,2019-09-29,1355,2,2,0,0,CLEAR,DRY,False,1 VEHICLE ENTERING/LEAVING ENTRANCE,ANGLE,STRAIGHT & LEVEL,DAYLIGHT,,,43738.7167,False,50,Accepted,5,5,O,,"FAILED TO YIELD RIGHT OF WAY, INATTENTION",,2019,1
1061,25710953,0510100,HENDERSON POLICE DEPARTMENT,Accepted,HENDERSON,US0041A,300,GREEN,ST,S,,DIXON,,,,,37.83290368,-87.59412402,15.327,2019-09-29,1945,2,1,0,1,CLEAR,DRY,False,COLLISION WITH PEDESTRIAN IN INTERSECTION,SINGLE VEHICLE,STRAIGHT & LEVEL,DARK-HWY LIGHTED/ON,,,43738.755,False,46,Accepted,3,3,B,,,,2019,1
1062,25710954,0510100,HENDERSON POLICE DEPARTMENT,Accepted,HENDERSON,US0041,2900,US41,,N,,,,,,,37.87834043,-87.56609197,17.634,2019-09-26,1733,2,2,0,0,CLEAR,DRY,False,REAR END IN TRAFFIC LANES BOTH VEHICLES MOVING,REAR END,STRAIGHT & LEVEL,DAYLIGHT,,,43738.75509,False,17,Accepted,5,5,O,,INATTENTION,,2019,1
1066,25714716,0510100,HENDERSON POLICE DEPARTMENT,Accepted,HENDERSON,US0041A,,GREEN,ST,N,,14TH,,,,,37.85408805,-87.57885271,17.074,2019-09-25,1320,4,4,0,0,CLEAR,DRY,False,OPPOSING LEFT TURN,OPPOSING LEFT TURN,CURVE & LEVEL,DAYLIGHT,,,43739.5309,False,36,Accepted,5,5,O,,FAILED TO YIELD RIGHT OF WAY,,2019,1
1067,25714746,0510100,HENDERSON POLICE DEPARTMENT,Accepted,HENDERSON,,,BURDETTE,ST,,,POWELL,,,,,37.82536082,-87.57509855,0.122,2019-09-30,705,2,2,0,3,CLEAR,DRY,False,ANGLE COLLISION - OTHER,ANGLE,STRAIGHT & LEVEL,DAYLIGHT,,,43739.53525,False,34,Accepted,4,4,C,,"FAILED TO YIELD RIGHT OF WAY, INATTENTION",,2019,1
1068,25715452,0510100,HENDERSON POLICE DEPARTMENT,Accepted,HENDERSON,,2341,GREEN RIVER,RD,,,,,,,,37.86305175,-87.56537911,0.138,2019-08-26,642,1,1,0,0,RAINING,WATER (STANDING OR MOVING),True,OTHER COLLISIONS ON SHOULDER,SINGLE VEHICLE,CURVE & LEVEL,DAWN,,,43739.60819,False,34,Accepted,5,5,O,SLIPPERY SURFACE,TOO FAST FOR CONDITIONS,TIRES,2019,1
1069,25715461,0510100,HENDERSON POLICE DEPARTMENT,Accepted,HENDERSON,US0041A,,GREEN,ST,N,,,,1ST,KY0351,2ND,37.83890109,-87.58879237,15.88,2019-09-25,922,2,2,0,1,CLEAR,DRY,False,REAR END IN TRAFFIC LANES BOTH VEHICLES MOVING,REAR END,STRAIGHT & LEVEL,DAYLIGHT,,,43739.6085,False,36,Accepted,5,4,C,BACKUP DUE TO REGULAR CONGESTION,INATTENTION,,2019,1
1070,25717429,0510100,HENDERSON POLICE DEPARTMENT,Accepted,HENDERSON,,215,INGRAM,ST,S,,,,,,,37.82778961,-87.59720395,0.048,2019-09-29,2140,1,1,0,0,CLEAR,DRY,False,COLLISION WITH FIXED OBJECT NON - INTERSECTION - FIRST EVENT COLLISION 09 - 32 EXCLUDING 16,SINGLE VEHICLE,STRAIGHT & LEVEL,DARK-HWY LIGHTED/ON,,,43739.96152,False,46,Accepted,5,5,O,,INATTENTION,,2019,1
1071,25717430,0510100,HENDERSON POLICE DEPARTMENT,Accepted,HENDERSON,US0041A,1000,GREEN,ST,N,,,,,,,37.84961634,-87.58192175,16.709,2019-10-01,1426,2,2,0,1,CLEAR,DRY,False,OTHER ROADWAY OR MID-BLOCK COLLISION,REAR END,STRAIGHT & LEVEL,DAYLIGHT,,,43739.96173,False,50,Accepted,4,4,C,,INATTENTION,,2019,1
1072,25717432,0510100,HENDERSON POLICE DEPARTMENT,Accepted,HENDERSON,,,POWELL,ST,,,,,,,,37.82672395,-87.57746677,1.274,2019-10-01,1506,2,2,0,0,CLEAR,DRY,False,REAR END IN TRAFFIC LANES BOTH VEHICLES MOVING,REAR END,STRAIGHT & LEVEL,DAYLIGHT,,,43739.96191,False,50,Accepted,5,5,O,,INATTENTION,,2019,1
1073,25717433,0510100,HENDERSON POLICE DEPARTMENT,Accepted,HENDERSON,,100,1ST,ST,,,,,,,,37.83822267,-87.58931078,0.291,2019-10-01,1545,2,2,0,0,CLEAR,DRY,False,SIDESWIPE COLLISION - SAME DIRECTION,SIDESWIPE-SAME DIRECTION,STRAIGHT & LEVEL,DAYLIGHT,,,43739.96201,False,50,Accepted,5,5,O,,INATTENTION,,2019,1
1074,25717436,0510100,HENDERSON POLICE DEPARTMENT,Accepted,HENDERSON,US0041A,810,GREEN,ST,N,,,,,,,37.84662321,-87.58385578,16.485,2019-09-30,2052,2,2,0,0,CLEAR,DRY,False,SIDESWIPE COLLISION - SAME DIRECTION,SIDESWIPE-SAME DIRECTION,STRAIGHT & LEVEL,DARK-HWY LIGHTED/ON,,,43739.96214,False,50,Accepted,5,5,O,,INATTENTION,,2019,1
1075,25720357,0510100,HENDERSON POLICE DEPARTMENT,Accepted,HENDERSON,US0041A,1139,GREEN,ST,N,,,,,,,37.85192687,-87.58042954,16.9,2019-09-30,1145,2,2,0,0,CLEAR,DRY,False,SIDESWIPE COLLISION - SAME DIRECTION,SIDESWIPE-SAME DIRECTION,STRAIGHT & LEVEL,DAYLIGHT,,,43740.55158,False,26,Accepted,5,5,O,,"INATTENTION, MISJUDGE CLEARANCE",,2019,1
1076,25720360,0510100,HENDERSON POLICE DEPARTMENT,Accepted,HENDERSON,KY0351,,2ND,ST,,US0041A,GREEN,,,,,37.83953113,-87.58853613,0.005,2019-09-25,1337,2,2,0,0,CLEAR,DRY,False,OTHER INTERSECTION COLLISIONS,REAR END,STRAIGHT & LEVEL,DAYLIGHT,,,43740.55182,False,26,Accepted,5,5,O,,INATTENTION,,2019,1
1079,25725552,0510100,HENDERSON POLICE DEPARTMENT,Accepted,HENDERSON,US0041,,US41,,N,,,,WATSON,,PAUL,37.87518604,-87.56775887,17.396,2019-10-01,924,2,2,0,0,CLEAR,DRY,False,REAR END IN TRAFFIC LANES BOTH VEHICLES MOVING,REAR END,STRAIGHT & LEVEL,DAYLIGHT,,,43741.495,False,36,Accepted,5,5,O,,FOLLOWING TOO CLOSE,,2019,1
1080,25725562,0510100,HENDERSON POLICE DEPARTMENT,Accepted,HENDERSON,US0060,,US60,,E,,,,BARRET,,MANOR,37.86021986,-87.56709358,10.644,2019-10-02,1132,2,2,0,1,CLEAR,DRY,False,OTHER ROADWAY OR MID-BLOCK COLLISION,REAR END,STRAIGHT & LEVEL,DAYLIGHT,,,43741.49548,False,67,Accepted,5,4,C,,INATTENTION,,2019,1
1081,25725563,0510100,HENDERSON POLICE DEPARTMENT,Accepted,HENDERSON,US0041,,US41,,N,,,,RETTIG,,CANARY,37.86744663,-87.5722249,16.796,2019-10-02,1329,2,2,0,1,CLEAR,DRY,False,OTHER ROADWAY OR MID-BLOCK COLLISION,REAR END,STRAIGHT & LEVEL,DAYLIGHT,,,43741.49568,False,67,Accepted,3,3,B,,INATTENTION,,2019,1
1082,25725565,0510100,HENDERSON POLICE DEPARTMENT,Accepted,HENDERSON,,2162,SPRUCE,DR,,,,,,,,37.865896,-87.57011976,0.032,2019-10-01,1217,2,2,0,0,CLEAR,DRY,True,1 VEHICLE PARKED POSITION (NOT PARKING LOT/DRIVEWAY),BACKING,STRAIGHT & LEVEL,DAYLIGHT,,,43741.49588,False,67,Accepted,5,5,O,,INATTENTION,,2019,1
1084,25736356,0510100,HENDERSON POLICE DEPARTMENT,Accepted,HENDERSON,,862,ASPEN,CT,,,,,,,,37.86567708,-87.56645591,0.051,2019-10-04,1859,2,2,0,0,CLEAR,DRY,False,1 VEHICLE PARKED POSITION (NOT PARKING LOT/DRIVEWAY),SIDESWIPE-OPPOSITE DIRECTION,CURVE & HILLCREST,DARK (UNKNOWN ROADWAY LIGHTING),,,43744.07164,False,16,Accepted,5,5,O,,INATTENTION,,2019,1
1085,25738168,0510100,HENDERSON POLICE DEPARTMENT,Accepted,HENDERSON,,2637,STADIUM,DR,,,,,,,,37.82284433,-87.55666181,0.104,2019-10-04,2130,2,2,0,0,CLEAR,DRY,False,1 VEHICLE PARKED POSITION (NOT PARKING LOT/DRIVEWAY),SIDESWIPE-OPPOSITE DIRECTION,STRAIGHT & LEVEL,DARK-HWY NOT LIGHTED,,,43744.80777,False,19,Accepted,5,5,O,,INATTENTION,,2019,1
1086,25738169,0510100,HENDERSON POLICE DEPARTMENT,Accepted,HENDERSON,,,WASHINGTON,ST,,,,,,,,37.83089178,-87.58195613,0.597,2019-10-04,2028,2,2,0,0,CLEAR,DRY,False,OTHER ROADWAY OR MID-BLOCK COLLISION,OPPOSING LEFT TURN,STRAIGHT & GRADE,DARK-HWY LIGHTED/ON,,,43744.80786,False,19,Accepted,5,5,O,,INATTENTION,,2019,1
1087,25738170,0510100,HENDERSON POLICE DEPARTMENT,Accepted,HENDERSON,,1638,CLAY,ST,,,,,,,,37.82456666,-87.57756326,0.001,2019-10-04,1836,1,1,0,0,CLEAR,DRY,False,COLLISION WITH FIXED OBJECT NON - INTERSECTION - FIRST EVENT COLLISION 09 - 32 EXCLUDING 16,SINGLE VEHICLE,STRAIGHT & LEVEL,DARK-HWY LIGHTED/ON,,,43744.80793,False,19,Accepted,5,5,O,,INATTENTION,OTHER,2019,1
1090,25738603,0510100,HENDERSON POLICE DEPARTMENT,Accepted,HENDERSON,,10,INGRAM,ST,N,,CENTER,,,,,37.83652974,-87.58850259,0.665,2019-10-02,1429,2,1,0,1,CLEAR,DRY,False,COLLISION WITH PEDESTRIAN IN INTERSECTION,SINGLE VEHICLE,STRAIGHT & LEVEL,DAYLIGHT,,,43744.96834,False,58,Accepted,5,3,B,,INATTENTION,,2019,1
1091,25738604,0510100,HENDERSON POLICE DEPARTMENT,Accepted,HENDERSON,KY0351,600,2ND,ST,,,,,,,,37.8377621,-87.58414776,0.258,2019-10-02,1621,2,2,0,3,CLEAR,DRY,False,VEHICLE BACKING NON INTERSECTION,BACKING,STRAIGHT & LEVEL,DAYLIGHT,,,43744.96852,False,50,Accepted,5,4,C,GLARE (SUN),INATTENTION,,2019,1
1092,25738606,0510100,HENDERSON POLICE DEPARTMENT,Accepted,HENDERSON,,,3RD,ST,,US0041A,GREEN,,,,,37.84059636,-87.58767935,0.294,2019-10-01,1100,2,2,0,0,CLEAR,DRY,False,VEHICLE BACKING IN INTERSECTION,BACKING,STRAIGHT & LEVEL,DAYLIGHT,,,43744.96859,False,44,Accepted,5,5,O,,"IMPROPER BACKING, INATTENTION",,2019,1
1093,25738659,0510100,HENDERSON POLICE DEPARTMENT,Accepted,HENDERSON,,702,CLAY,ST,,,ALVES,,,,,37.83112141,-87.58902054,0.774,2019-10-01,2154,1,1,0,0,CLEAR,DRY,True,COLLISION WITH FIXED OBJECT IN INTERSECTION - FIRST EVENT COLLISION 09 - 32,SINGLE VEHICLE,STRAIGHT & LEVEL,DARK-HWY LIGHTED/ON,,,43744.98785,False,61,Accepted,5,5,O,,,,2019,1
1094,25740559,0370200,"KY STATE POLICE, CVE",Accepted,HENDERSON,US0041,,US41,,N,,,,WATSON,,PAUL,37.87460177,-87.56807713,17.356,2019-10-02,828,2,2,0,0,CLEAR,DRY,False,OTHER ROADWAY OR MID-BLOCK COLLISION,REAR END,STRAIGHT & LEVEL,DAYLIGHT,,,43745.39389,False,,Accepted,5,5,O,,FOLLOWING TOO CLOSE,,2019,1
1095,25740805,0510100,HENDERSON POLICE DEPARTMENT,Accepted,HENDERSON,US0060,,US60,,E,,BARRET,,,,,37.85992496,-87.56776895,10.599,2019-10-04,1321,2,2,0,0,CLEAR,DRY,False,OTHER INTERSECTION COLLISIONS,REAR END,STRAIGHT & LEVEL,DAYLIGHT,,,43745.42419,False,67,Accepted,5,5,O,,INATTENTION,,2019,1