OBJECTID,IncidentID,AgencyORI,AgencyName,IncidentStatusDesc,County,RdwyNumber,Street,RoadwayName,StreetSfx,StreetDir,IntersectionRdwy,IntersectionRdwyName,BetweenStRdwy1,BetweenStRdwyName1,BetweenStRdwy2,BetweenStRdwyName2,Latitude,Longitude,Milepoint,CollisionDate,CollisionTime,UnitsInvolved,MotorVehiclesInvolved,NumberKilled,NumberInjured,Weather,RdwyConditionCode,HitandRun,DirAnalysisCode,MannerofCollision,RdwyCharacter,LightCondition,RampFromRdwyId,RampToRdwyId,AcceptedDate,IsSecondaryCollision,OwnerBadge,IncidentStatus,InjurySeverityCde,KABCO_Code,KABCO,Environmental_Factors,Human_Factors,Vehicular_Factors,CollisionYear,CityCrash
1096,25741757,0510100,HENDERSON POLICE DEPARTMENT,Accepted,HENDERSON,,400,BARKER,RD,,,,,,,,37.87249329,-87.570745,0.071,2019-10-04,1453,1,1,0,0,CLEAR,DRY,False,COLLISION WITH FIXED OBJECT NON - INTERSECTION - FIRST EVENT COLLISION 09 - 32 EXCLUDING 16,SINGLE VEHICLE,STRAIGHT & LEVEL,DAYLIGHT,,,43745.53179,False,19,Accepted,5,5,O,GLARE (SUN),INATTENTION,,2019,1
1097,25741764,0510100,HENDERSON POLICE DEPARTMENT,Accepted,HENDERSON,US0041A,1000,GREEN,ST,N,,10TH,,,,,37.84956436,-87.5819688,16.711,2019-10-06,1650,2,2,0,2,CLOUDY,WET,False,OPPOSING LEFT TURN,OPPOSING LEFT TURN,STRAIGHT & GRADE,DAYLIGHT,,,43745.5322,False,44,Accepted,5,4,C,,"INATTENTION, TURNING IMPROPERLY",,2019,1
1099,25748513,0510100,HENDERSON POLICE DEPARTMENT,Accepted,HENDERSON,,447,ADAMS,ST,S,,,,,,,37.83537625,-87.58791226,0.048,2019-10-07,1722,2,1,0,1,CLEAR,DRY,False,COLLISION WITH PEDESTRIAN NON - INTERSECTION,SINGLE VEHICLE,STRAIGHT & LEVEL,DAYLIGHT,,,43746.75189,False,46,Accepted,3,3,B,,,,2019,1
1101,25749070,0510000,HENDERSON COUNTY SHERIFF DEPT.,Accepted,HENDERSON,KY2099,2315,ADAMS,LN,,,,,,,,37.80543338,-87.56783929,0.257,2019-10-04,200,1,1,0,0,CLEAR,DRY,False,COLLISION WITH FIXED OBJECT NON - INTERSECTION - FIRST EVENT COLLISION 09 - 32 EXCLUDING 16,SINGLE VEHICLE,STRAIGHT & LEVEL,DARK-HWY NOT LIGHTED,,,43746.90778,False,132,Accepted,5,5,O,,"ALCOHOL INVOLVEMENT, INATTENTION, NOT UNDER PROPER CONTROL",,2019,1
1104,25753839,0510100,HENDERSON POLICE DEPARTMENT,Accepted,HENDERSON,US0041,,,,,,,,,,,37.85573426,-87.57622145,0.252,2019-10-08,1349,2,2,0,0,CLEAR,DRY,False,OTHER RAMP RELATED COLLISIONS NOT LISTED ABOVE,REAR END,CURVE & HILLCREST,DAYLIGHT,US0041,US0060,43747.73937,False,38,Accepted,5,5,O,CONSTRUCTION WORK ZONE,INATTENTION,,2019,1
1105,25753842,0510100,HENDERSON POLICE DEPARTMENT,Accepted,HENDERSON,,10,MAIN,ST,S,,,,,,,37.8381834,-87.5935402,2.096,2019-10-08,1434,1,1,0,0,CLEAR,DRY,False,COLLISION WITH FIXED OBJECT NON - INTERSECTION - FIRST EVENT COLLISION 09 - 32 EXCLUDING 16,SINGLE VEHICLE,STRAIGHT & LEVEL,DAYLIGHT,,,43747.73951,False,50,Accepted,5,5,O,,OTHER,,2019,1
1106,25753843,0510100,HENDERSON POLICE DEPARTMENT,Accepted,HENDERSON,,203,ELM,ST,N,,,,,,,37.8400589,-87.59004695,0.163,2019-10-08,1657,2,2,0,0,CLEAR,DRY,False,VEHICLE BACKING NON INTERSECTION,BACKING,STRAIGHT & LEVEL,DAYLIGHT,,,43747.73958,False,50,Accepted,5,5,O,,INATTENTION,,2019,1
1107,25754081,0510100,HENDERSON POLICE DEPARTMENT,Accepted,HENDERSON,US0041A,800,GREEN,ST,N,,,,,,,37.84666374,-87.58379847,16.485,2019-10-09,1458,2,2,0,0,CLEAR,DRY,False,OTHER ROADWAY OR MID-BLOCK COLLISION,REAR END,STRAIGHT & LEVEL,DAYLIGHT,,,43747.78997,False,50,Accepted,5,5,O,,INATTENTION,,2019,1
1108,25754433,0510100,HENDERSON POLICE DEPARTMENT,Accepted,HENDERSON,US0041,2053,US41,,N,,,,,,,37.87069077,-87.57026572,17.058,2019-10-07,1740,2,2,0,0,CLEAR,DRY,False,1 VEHICLE ENTERING/LEAVING ENTRANCE,ANGLE,STRAIGHT & LEVEL,DAYLIGHT,,,43747.89857,False,17,Accepted,5,5,O,,INATTENTION,,2019,1
1109,25755832,0510100,HENDERSON POLICE DEPARTMENT,Accepted,HENDERSON,,300,2ND,ST,,,,,,,,37.83949097,-87.58831493,0.007,2019-10-09,730,2,2,0,0,CLEAR,DRY,False,REAR END IN TRAFFIC LANES BOTH VEHICLES MOVING,REAR END,STRAIGHT & LEVEL,DAYLIGHT,,,43748.3428,False,27,Accepted,5,5,O,,INATTENTION,,2019,1
1112,25758631,0510100,HENDERSON POLICE DEPARTMENT,Accepted,HENDERSON,US0041,2749,US41,,N,,,,,,,37.87274148,-87.56909376,17.215,2019-09-27,1604,2,2,0,1,CLEAR,DRY,False,1 VEHICLE ENTERING/LEAVING ENTRANCE,ANGLE,STRAIGHT & LEVEL,DAYLIGHT,,,43748.69319,False,17,Accepted,5,4,C,,"FAILED TO YIELD RIGHT OF WAY, INATTENTION",,2019,1
1113,25758633,0510100,HENDERSON POLICE DEPARTMENT,Accepted,HENDERSON,KY2084,,KY2084,,S,KY0812,AIRLINE,,,,,37.81994695,-87.56946636,2.124,2019-10-01,1906,2,2,0,0,CLEAR,DRY,False,OTHER INTERSECTION COLLISIONS,REAR END,STRAIGHT & LEVEL,DARK-HWY LIGHTED/ON,,,43748.69332,False,17,Accepted,5,5,O,,,BRAKES DEFECTIVE,2019,1
1114,25758634,0510100,HENDERSON POLICE DEPARTMENT,Accepted,HENDERSON,US0041A,1409,GREEN,ST,N,,,,,,,37.85458466,-87.57834803,17.12,2019-10-02,1722,2,2,0,0,CLEAR,DRY,False,REAR END IN TRAFFIC LANES BOTH VEHICLES MOVING,REAR END,STRAIGHT & LEVEL,DAYLIGHT,,,43748.69356,False,58,Accepted,5,5,O,,INATTENTION,,2019,1
1115,25758635,0510100,HENDERSON POLICE DEPARTMENT,Accepted,HENDERSON,,1238,POWELL,ST,,,,,,,,37.8284917,-87.58158574,1.008,2019-10-03,1510,2,2,0,0,CLEAR,DRY,True,1 VEHICLE ENTERING/LEAVING ENTRANCE,ANGLE,STRAIGHT & LEVEL,DAYLIGHT,,,43748.69368,False,44,Accepted,5,5,O,,EXCEEDED STATED SPEED LIMIT,,2019,1
1116,25758638,0510100,HENDERSON POLICE DEPARTMENT,Accepted,HENDERSON,US0041,2600,US41,,N,,WATSON,,,,,37.87533215,-87.56766729,17.416,2019-10-03,1926,2,2,0,2,CLEAR,DRY,False,ANGLE COLLISION - ONE VEHICLE TURNING RIGHT,ANGLE,STRAIGHT & LEVEL,DARK-HWY LIGHTED/ON,,,43748.6938,False,58,Accepted,5,4,C,,INATTENTION,,2019,1
1117,25758639,0510100,HENDERSON POLICE DEPARTMENT,Accepted,HENDERSON,US0041A,,GREEN,ST,N,,14TH,,,,,37.85407432,-87.57884562,17.074,2019-10-03,2020,2,2,0,0,CLEAR,DRY,True,ANGLE COLLISION - ONE VEHICLE TURNING LEFT,ANGLE,CURVE & LEVEL,DARK-HWY LIGHTED/ON,,,43748.69397,False,44,Accepted,5,5,O,,,,2019,1
1118,25758640,0510100,HENDERSON POLICE DEPARTMENT,Accepted,HENDERSON,,,3RD,ST,,,INGRAM,,,,,37.84002371,-87.58624728,0.381,2019-10-04,1420,2,2,0,0,CLEAR,DRY,False,ANGLE COLLISION - OTHER,ANGLE,STRAIGHT & LEVEL,DAYLIGHT,,,43748.69411,False,44,Accepted,5,5,O,,INATTENTION,,2019,1
1119,25758643,0510100,HENDERSON POLICE DEPARTMENT,Accepted,HENDERSON,US0041A,,GREEN,ST,S,,CLAY,,,,,37.83377895,-87.59326078,15.444,2019-10-04,1610,2,2,0,0,CLEAR,DRY,False,ANGLE COLLISION - OTHER,ANGLE,STRAIGHT & LEVEL,DAYLIGHT,,,43748.69441,False,44,Accepted,5,5,O,VIEW OBSTRUCTED/LIMITED DUE TO RDWY,"FAILED TO YIELD RIGHT OF WAY, INATTENTION",,2019,1
1120,25758651,0510100,HENDERSON POLICE DEPARTMENT,Accepted,HENDERSON,,200,ALVASIA,ST,N,,,,,,,37.83757353,-87.58238369,0.264,2019-10-05,1716,2,2,0,0,CLEAR,DRY,False,1 VEHICLE PARKED POSITION (NOT PARKING LOT/DRIVEWAY),BACKING,STRAIGHT & LEVEL,DAYLIGHT,,,43748.69459,False,50,Accepted,5,5,O,,INATTENTION,,2019,1
1121,25764351,0510100,HENDERSON POLICE DEPARTMENT,Accepted,HENDERSON,US0041A,341,GREEN,ST,S,,DIXON,,,,,37.83298439,-87.59411789,15.324,2019-10-10,1646,2,2,0,0,CLEAR,DRY,False,OTHER INTERSECTION COLLISIONS,REAR END,STRAIGHT & LEVEL,DAYLIGHT,,,43749.83037,False,46,Accepted,5,5,O,,INATTENTION,,2019,1
1122,25765942,0510100,HENDERSON POLICE DEPARTMENT,Accepted,HENDERSON,US0041,1868,US41,,N,,,,,,,37.86232073,-87.57481166,16.482,2019-10-11,1058,1,1,0,1,CLOUDY,WET,False,COLLISION WITH FIXED OBJECT NON - INTERSECTION - FIRST EVENT COLLISION 09 - 32 EXCLUDING 16,SINGLE VEHICLE,STRAIGHT & LEVEL,DAYLIGHT,,,43750.44023,False,67,Accepted,5,3,B,,INATTENTION,,2019,1
1123,25765943,0510100,HENDERSON POLICE DEPARTMENT,Accepted,HENDERSON,,843,WATSON,LN,,,,,,,,37.87006598,-87.55809615,0.411,2019-10-11,1311,2,2,0,0,CLOUDY,WET,False,REAR END IN TRAFFIC LANES BOTH VEHICLES MOVING,REAR END,STRAIGHT & HILLCREST,DAYLIGHT,,,43750.44032,False,67,Accepted,5,5,O,,INATTENTION,,2019,1
1124,25765944,0510100,HENDERSON POLICE DEPARTMENT,Accepted,HENDERSON,,843,WATSON,LN,,,,,,,,37.8697153,-87.55797403,0.386,2019-10-11,1210,4,4,0,2,CLOUDY,WET,False,REAR END IN TRAFFIC LANES BOTH VEHICLES MOVING,REAR END,STRAIGHT & LEVEL,DAYLIGHT,,,43750.44044,False,67,Accepted,5,4,C,,INATTENTION,,2019,1
1125,25766237,0510100,HENDERSON POLICE DEPARTMENT,Accepted,HENDERSON,US0041A,1700,GREEN,ST,S,,,,,,,37.81611943,-87.61476816,13.674,2019-10-11,1508,2,2,0,0,RAINING,WET,False,SIDESWIPE COLLISION - SAME DIRECTION,SIDESWIPE-SAME DIRECTION,STRAIGHT & LEVEL,DAYLIGHT,,,43750.61366,False,19,Accepted,5,5,O,,MISJUDGE CLEARANCE,,2019,1
1126,25766238,0510100,HENDERSON POLICE DEPARTMENT,Accepted,HENDERSON,,,OBYRNE,ST,,,,,,,,37.82545091,-87.5827131,0.162,2019-10-11,1748,2,2,0,0,RAINING,WET,False,1 VEHICLE ENTERING/LEAVING ENTRANCE,ANGLE,STRAIGHT & LEVEL,DAYLIGHT,,,43750.61374,False,19,Accepted,5,5,O,,INATTENTION,OTHER,2019,1
1127,25766239,0510100,HENDERSON POLICE DEPARTMENT,Accepted,HENDERSON,US0041,2053,US41,,N,,,,,,,37.87388239,-87.56855439,17.298,2019-10-11,1654,2,2,0,0,CLOUDY,WET,False,1 VEHICLE ENTERING/LEAVING ENTRANCE,ANGLE,STRAIGHT & LEVEL,OTHER,,,43750.61385,False,17,Accepted,5,5,O,,INATTENTION,,2019,1
1128,25768698,0510100,HENDERSON POLICE DEPARTMENT,Accepted,HENDERSON,US0041A,,GREEN,ST,S,,WASHINGTON,,,,,37.836296,-87.59080715,15.664,2019-10-12,1247,2,2,0,0,CLEAR,DRY,False,ANGLE COLLISION - OTHER,ANGLE,STRAIGHT & LEVEL,DAYLIGHT,,,43751.61668,False,22,Accepted,5,5,O,,"DISREGARD TRAFFIC CONTROL, FAILED TO YIELD RIGHT OF WAY, INATTENTION",,2019,1
1129,25768699,0510100,HENDERSON POLICE DEPARTMENT,Accepted,HENDERSON,US0041A,,GREEN,ST,N,,14TH,,,,,37.854198,-87.57876151,17.067,2019-10-10,1115,3,3,0,1,CLEAR,DRY,False,OTHER INTERSECTION COLLISIONS,REAR END,STRAIGHT & LEVEL,DAYLIGHT,,,43751.61679,False,37,Accepted,4,4,C,,LOST CONSCIOUSNESS/FAINTED,,2019,1
1130,25768738,0510100,HENDERSON POLICE DEPARTMENT,Accepted,HENDERSON,US0041A,,GREEN,ST,S,,WASHINGTON,,,,,37.83628847,-87.59079942,15.663,2019-10-08,1303,2,2,0,0,CLEAR,DRY,False,ANGLE COLLISION - OTHER,ANGLE,STRAIGHT & HILLCREST,DAYLIGHT,,,43751.64276,False,34,Accepted,5,5,O,,"DISREGARD TRAFFIC CONTROL, FAILED TO YIELD RIGHT OF WAY, INATTENTION",,2019,1
1131,25776129,0510100,HENDERSON POLICE DEPARTMENT,Accepted,HENDERSON,US0041A,1600,GREEN,ST,S,,,,,,,37.81849859,-87.61117171,13.947,2019-10-14,1421,3,3,0,0,CLEAR,DRY,False,1 VEHICLE ENTERING/LEAVING ENTRANCE,ANGLE,STRAIGHT & LEVEL,DAYLIGHT,,,43752.93569,False,46,Accepted,5,5,O,,INATTENTION,,2019,1
1138,25779393,0510100,HENDERSON POLICE DEPARTMENT,Accepted,HENDERSON,US0041A,,GREEN,ST,N,,12TH,,,,,37.85200025,-87.58038348,16.906,2019-10-14,1259,2,2,0,0,CLEAR,DRY,True,SIDESWIPE-SAME DIRECTION,SIDESWIPE-SAME DIRECTION,STRAIGHT & LEVEL,DAYLIGHT,,,43753.59303,False,22,Accepted,5,5,O,,FAILED TO YIELD RIGHT OF WAY,,2019,1
1139,25780657,0510100,HENDERSON POLICE DEPARTMENT,Accepted,HENDERSON,KY2099,2367,ADAMS,LN,,,,,,,,37.80485604,-87.56196651,0.577,2019-10-14,2044,1,1,0,0,CLEAR,DRY,False,COLLISION WITH FIXED OBJECT NON - INTERSECTION - FIRST EVENT COLLISION 09 - 32 EXCLUDING 16,SINGLE VEHICLE,STRAIGHT & GRADE,DARK-HWY NOT LIGHTED,,,43753.72361,False,19,Accepted,5,5,O,,OVERCORRECTING/OVERSTEERING,,2019,1
1140,25783167,0510100,HENDERSON POLICE DEPARTMENT,Accepted,HENDERSON,US0041,2709,US41,,N,,,,,,,37.87583642,-87.56765231,17.443,2019-10-15,750,4,4,0,0,CLEAR,DRY,True,OTHER ROADWAY OR MID-BLOCK COLLISION,REAR END,STRAIGHT & LEVEL,DAYLIGHT,,,43754.38917,False,67,Accepted,5,5,O,,FELL ASLEEP,,2019,1
1141,25784677,0510100,HENDERSON POLICE DEPARTMENT,Accepted,HENDERSON,,,GREEN,ST,S,,FAIR,,,,,37.82220017,-87.60478087,,2019-10-16,720,2,2,0,0,CLEAR,DRY,False,OTHER INTERSECTION COLLISIONS,REAR END,STRAIGHT & LEVEL,DAYLIGHT,,,43754.61754,False,23,Accepted,5,5,O,,INATTENTION,,2019,1
1142,25784685,0510100,HENDERSON POLICE DEPARTMENT,Accepted,HENDERSON,US0060,,US60,,E,,,,MANOR,,BARRET,37.86033137,-87.56706132,10.65,2019-10-16,743,2,2,0,0,CLEAR,DRY,False,REAR END IN TRAFFIC LANES BOTH VEHICLES MOVING,REAR END,STRAIGHT & LEVEL,DAYLIGHT,,,43754.61774,False,67,Accepted,5,5,O,,INATTENTION,,2019,1
1143,25785657,0510100,HENDERSON POLICE DEPARTMENT,Accepted,HENDERSON,,200,ELM,ST,N,,,,,,,37.84126318,-87.58926484,0.256,2019-10-15,1833,3,3,0,0,CLOUDY,DRY,False,1 VEHICLE ENTERING/LEAVING ENTRANCE,ANGLE,STRAIGHT & LEVEL,DARK-HWY LIGHTED/ON,,,43754.74286,False,50,Accepted,5,5,O,,INATTENTION,,2019,1
1144,25785872,0510100,HENDERSON POLICE DEPARTMENT,Accepted,HENDERSON,,2279,OLD HENDERSON CORYDON,RD,,,,,,,,37.79827115,-87.63798308,0.403,2019-10-11,1446,3,3,0,0,RAINING,WET,True,1 VEHICLE PARKED POSITION (NOT PARKING LOT/DRIVEWAY),ANGLE,CURVE & LEVEL,DAYLIGHT,,,43754.78274,True,38,Accepted,5,5,O,SLIPPERY SURFACE,"ALCOHOL INVOLVEMENT, NOT UNDER PROPER CONTROL, TOO FAST FOR CONDITIONS",,2019,1
1145,25789781,0510100,HENDERSON POLICE DEPARTMENT,Accepted,HENDERSON,KY0136,,MADISON,ST,,,ATKINSON,,,,,37.81737819,-87.584011,20.74,2019-10-16,1300,2,2,0,0,CLOUDY,DRY,False,OTHER INTERSECTION COLLISIONS,REAR END,STRAIGHT & LEVEL,DAYLIGHT,,,43755.59857,False,67,Accepted,5,5,O,,INATTENTION,,2019,1
1149,25791018,0510100,HENDERSON POLICE DEPARTMENT,Accepted,HENDERSON,US0041,2855,US41,,N,,,,,,,37.87905638,-87.56582279,17.684,2019-10-05,1417,1,1,0,1,CLEAR,DRY,False,OCCUPANT FELL FROM MOVING VEHICLE,SINGLE VEHICLE,STRAIGHT & LEVEL,DAYLIGHT,,,43755.72695,False,58,Accepted,5,2,A,,ALCOHOL INVOLVEMENT,,2019,1
1150,25793359,0510100,HENDERSON POLICE DEPARTMENT,Accepted,HENDERSON,,,1ST,ST,,,,,WATER,,MAIN,37.84000759,-87.59390403,0.011,2019-10-07,1250,2,2,0,0,CLEAR,DRY,False,VEHICLE BACKING NON INTERSECTION,BACKING,STRAIGHT & LEVEL,DAYLIGHT,,,43756.38096,False,65,Accepted,5,5,O,,INATTENTION,,2019,1
1151,25793362,0510100,HENDERSON POLICE DEPARTMENT,Accepted,HENDERSON,US0060,,US60,,E,,,,GREEN RIVER,,KILLIECRANKIE,37.86242278,-87.56236928,10.948,2019-10-17,741,2,2,0,0,CLEAR,DRY,False,OTHER ROADWAY OR MID-BLOCK COLLISION,OPPOSING LEFT TURN,STRAIGHT & LEVEL,DAYLIGHT,,,43756.38125,False,67,Accepted,5,5,O,,FAILED TO YIELD RIGHT OF WAY,,2019,1
1153,25794506,0510100,HENDERSON POLICE DEPARTMENT,Accepted,HENDERSON,,,WASHINGTON,ST,,,ELM,,,,,37.83715703,-87.59221619,1.306,2019-10-15,1238,2,2,0,0,CLEAR,DRY,False,ANGLE COLLISION - OTHER,ANGLE,STRAIGHT & LEVEL,DAYLIGHT,,,43756.53208,False,22,Accepted,5,5,O,,"DISREGARD TRAFFIC CONTROL, FAILED TO YIELD RIGHT OF WAY",,2019,1
1154,25796076,0510100,HENDERSON POLICE DEPARTMENT,Accepted,HENDERSON,US0041A,300,GREEN,ST,S,,,,,,,37.83339907,-87.59363245,15.409,2019-10-13,1916,2,2,0,1,CLEAR,DRY,False,1 VEHICLE ENTERING/LEAVING ENTRANCE,ANGLE,STRAIGHT & LEVEL,DARK-HWY LIGHTED/ON,,,43756.8497,False,46,Accepted,5,3,B,,INATTENTION,,2019,1
1155,25796903,0510100,HENDERSON POLICE DEPARTMENT,Accepted,HENDERSON,US0041,1800,US41,,N,,,,,,,37.86085126,-87.57542325,16.326,2019-10-17,2219,1,1,0,0,CLEAR,DRY,False,OTHER ROADWAY OR MID-BLOCK COLLISION,SINGLE VEHICLE,CURVE & LEVEL,DARK-HWY LIGHTED/ON,,,43757.10079,False,63,Accepted,5,5,O,,INATTENTION,,2019,1
1156,25796951,0510100,HENDERSON POLICE DEPARTMENT,Accepted,HENDERSON,US0041A,,GREEN,ST,N,,,,,,,37.84328365,-87.58606279,16.214,2019-10-18,513,2,2,0,0,CLEAR,DRY,False,1 VEHICLE ENTERING/LEAVING ENTRANCE,ANGLE,STRAIGHT & LEVEL,DARK-HWY LIGHTED/ON,,,43757.11668,False,62,Accepted,5,5,O,,"DISREGARD TRAFFIC CONTROL, INATTENTION",,2019,1
1157,25798803,0510100,HENDERSON POLICE DEPARTMENT,Accepted,HENDERSON,US0041,15,US41,,N,,,,,,,37.84929504,-87.56711308,15.412,2019-10-17,1556,5,5,0,3,CLEAR,DRY,False,REAR END IN TRAFFIC LANES BOTH VEHICLES MOVING,REAR END,STRAIGHT & LEVEL,DAYLIGHT,,,43757.92581,False,38,Accepted,5,4,C,"BACKUP DUE TO REGULAR CONGESTION, CONSTRUCTION WORK ZONE","FOLLOWING TOO CLOSE, INATTENTION",,2019,1
1158,25798805,0510100,HENDERSON POLICE DEPARTMENT,Accepted,HENDERSON,US0041,2746,US41,,N,,,,,,,37.88191737,-87.56421933,17.862,2019-10-17,1630,2,2,0,0,CLEAR,DRY,False,1 VEHICLE ENTERING/LEAVING ENTRANCE,ANGLE,STRAIGHT & LEVEL,DAYLIGHT,,,43757.92603,False,46,Accepted,5,5,O,,INATTENTION,,2019,1
1159,25798806,0510100,HENDERSON POLICE DEPARTMENT,Accepted,HENDERSON,US0041A,,GREEN,ST,N,,10TH,,,,,37.84935731,-87.58204742,16.692,2019-10-18,1620,2,2,0,3,CLEAR,DRY,False,OTHER INTERSECTION COLLISIONS,REAR END,STRAIGHT & GRADE,DAYLIGHT,,,43757.92612,False,44,Accepted,4,4,C,,INATTENTION,,2019,1
1160,25799065,0510100,HENDERSON POLICE DEPARTMENT,Accepted,HENDERSON,,7700,GREEN RIVER,RD,,,,,,,,37.87573952,-87.54394088,1.613,2019-10-17,7,1,1,0,0,CLEAR,DRY,False,OTHER ROADWAY OR MID-BLOCK COLLISION,SINGLE VEHICLE,CURVE & HILLCREST,DARK-HWY NOT LIGHTED,,,43758.01957,False,63,Accepted,5,5,O,,INATTENTION,,2019,1
1161,25800882,0510100,HENDERSON POLICE DEPARTMENT,Accepted,HENDERSON,US0041A,23,GREEN,ST,N,,,,,,,37.83818935,-87.58928191,15.825,2019-10-16,1550,2,2,0,0,CLEAR,DRY,False,REAR END IN TRAFFIC LANES BOTH VEHICLES MOVING,REAR END,STRAIGHT & LEVEL,DAYLIGHT,,,43758.80639,False,50,Accepted,5,5,O,,OTHER,,2019,1
1162,25800884,0510100,HENDERSON POLICE DEPARTMENT,Accepted,HENDERSON,US0041A,500,GREEN,ST,N,,,,,,,37.84327146,-87.5860061,16.216,2019-10-19,1635,2,2,0,0,CLEAR,DRY,False,REAR END IN TRAFFIC LANES BOTH VEHICLES MOVING,REAR END,STRAIGHT & LEVEL,DAYLIGHT,,,43758.80655,False,50,Accepted,5,5,O,,INATTENTION,,2019,1
1163,25800888,0510100,HENDERSON POLICE DEPARTMENT,Accepted,HENDERSON,US0041A,1400,GREEN,ST,N,,,,,,,37.85356059,-87.57940344,17.028,2019-10-19,1844,2,2,0,0,CLEAR,DRY,False,REAR END IN TRAFFIC LANES BOTH VEHICLES MOVING,REAR END,STRAIGHT & LEVEL,DARK-HWY LIGHTED/ON,,,43758.8068,False,50,Accepted,5,5,O,,INATTENTION,,2019,1
1164,25804335,0510100,HENDERSON POLICE DEPARTMENT,Accepted,HENDERSON,US0041,2452,US41,,N,,,,,,,37.87168602,-87.56985944,17.13,2019-10-19,1546,2,2,0,0,CLEAR,DRY,False,REAR END IN TRAFFIC LANES BOTH VEHICLES MOVING,REAR END,STRAIGHT & LEVEL,DAYLIGHT,,,43759.47271,False,58,Accepted,5,5,O,,"FOLLOWING TOO CLOSE, INATTENTION",,2019,1
1168,25809353,0510000,HENDERSON COUNTY SHERIFF DEPT.,Accepted,HENDERSON,AU9005,,AU9005 W,,,,,,,,,37.81036577,-87.55274654,0.592,2019-10-21,845,1,1,0,0,RAINING,WET,False,OTHER ROADWAY OR MID-BLOCK COLLISION,SINGLE VEHICLE,STRAIGHT & GRADE,DAYLIGHT,,,43760.39178,False,138,Accepted,5,5,O,SLIPPERY SURFACE,NOT UNDER PROPER CONTROL,,2019,1
1169,25811100,0510100,HENDERSON POLICE DEPARTMENT,Accepted,HENDERSON,,,2ND,ST,,,,US0041A,GREEN,,ELM,37.83972955,-87.58905793,0.037,2019-10-14,919,2,2,0,1,CLEAR,DRY,False,SIDESWIPE COLLISION - SAME DIRECTION,SIDESWIPE-SAME DIRECTION,STRAIGHT & LEVEL,DAYLIGHT,,,43760.61062,False,36,Accepted,4,4,C,,IMPROPER PASSING,,2019,1
1170,25811882,0510100,HENDERSON POLICE DEPARTMENT,Accepted,HENDERSON,,400,ALVES,ST,S,,,,,,,37.82905528,-87.59227046,0.662,2019-10-21,1910,2,2,0,0,CLOUDY,DRY,False,1 VEHICLE ENTERING/LEAVING ENTRANCE,ANGLE,STRAIGHT & HILLCREST,DARK-HWY LIGHTED/ON,,,43760.69069,False,19,Accepted,5,5,O,,CELL PHONE,,2019,1
1171,25811886,0510100,HENDERSON POLICE DEPARTMENT,Accepted,HENDERSON,,325,MCCLAIN,AVE,,,,,,,,37.81765087,-87.6135442,0.041,2019-10-21,1608,2,2,0,0,CLEAR,DRY,False,1 VEHICLE ENTERING/LEAVING ENTRANCE,ANGLE,STRAIGHT & LEVEL,DAYLIGHT,,,43760.69083,False,46,Accepted,5,5,O,,INATTENTION,,2019,1
1176,25818019,0510100,HENDERSON POLICE DEPARTMENT,Accepted,HENDERSON,US0041A,122,GREEN,ST,S,,,,,,,37.83622802,-87.59086997,15.668,2019-10-17,1157,3,3,0,0,CLEAR,DRY,False,OTHER ROADWAY OR MID-BLOCK COLLISION,REAR END,STRAIGHT & LEVEL,DAYLIGHT,,,43761.89772,False,7,Accepted,5,5,O,,INATTENTION,,2019,1
1177,25818020,0510100,HENDERSON POLICE DEPARTMENT,Accepted,HENDERSON,US0041,,US41,,N,,,,WALNUT,,WATSON,37.87854782,-87.56595072,17.65,2019-10-22,922,2,2,0,1,CLEAR,DRY,False,OTHER ROADWAY OR MID-BLOCK COLLISION,OPPOSING LEFT TURN,STRAIGHT & LEVEL,DAYLIGHT,,,43761.89783,False,67,Accepted,3,3,B,,INATTENTION,,2019,1
1178,25819852,0510100,HENDERSON POLICE DEPARTMENT,Accepted,HENDERSON,,,ELM,ST,N,,5TH,,,,,37.84392382,-87.58759168,0.457,2019-10-22,1138,2,2,0,0,CLEAR,DRY,False,ANGLE COLLISION - OTHER,ANGLE,STRAIGHT & LEVEL,DAYLIGHT,,,43762.38584,False,22,Accepted,5,5,O,OTHER,"DISREGARD TRAFFIC CONTROL, FAILED TO YIELD RIGHT OF WAY",,2019,1
1179,25819853,0510100,HENDERSON POLICE DEPARTMENT,Accepted,HENDERSON,,,CLAY,ST,,US0041A,GREEN,,,,,37.83374372,-87.59331689,1.068,2019-10-22,1215,2,2,0,0,CLEAR,DRY,False,OTHER INTERSECTION COLLISIONS,REAR END,STRAIGHT & LEVEL,DAYLIGHT,,,43762.38605,False,22,Accepted,5,5,O,,DISTRACTION,,2019,1
1180,25819862,0510100,HENDERSON POLICE DEPARTMENT,Accepted,HENDERSON,,112,LETCHER,ST,,,,,,,,37.82781283,-87.57850296,0.062,2019-10-23,1117,2,2,0,0,CLEAR,DRY,False,1 VEHICLE PARKED POSITION (NOT PARKING LOT/DRIVEWAY),SIDESWIPE-SAME DIRECTION,STRAIGHT & LEVEL,DAYLIGHT,,,43762.38628,False,22,Accepted,5,5,O,,DISTRACTION,,2019,1