OBJECTID,IncidentID,AgencyORI,AgencyName,IncidentStatusDesc,County,RdwyNumber,Street,RoadwayName,StreetSfx,StreetDir,IntersectionRdwy,IntersectionRdwyName,BetweenStRdwy1,BetweenStRdwyName1,BetweenStRdwy2,BetweenStRdwyName2,Latitude,Longitude,Milepoint,CollisionDate,CollisionTime,UnitsInvolved,MotorVehiclesInvolved,NumberKilled,NumberInjured,Weather,RdwyConditionCode,HitandRun,DirAnalysisCode,MannerofCollision,RdwyCharacter,LightCondition,RampFromRdwyId,RampToRdwyId,AcceptedDate,IsSecondaryCollision,OwnerBadge,IncidentStatus,InjurySeverityCde,KABCO_Code,KABCO,Environmental_Factors,Human_Factors,Vehicular_Factors,CollisionYear,CityCrash
1181,25822858,0510100,HENDERSON POLICE DEPARTMENT,Accepted,HENDERSON,US0041,2500,US41,,N,,,,,,,37.87229771,-87.5695299,17.176,2019-10-23,2023,2,2,0,0,CLEAR,DRY,False,SIDESWIPE COLLISION - SAME DIRECTION,SIDESWIPE-SAME DIRECTION,STRAIGHT & LEVEL,DARK-HWY LIGHTED/ON,,,43762.90421,False,50,Accepted,5,5,O,,INATTENTION,,2019,1
1182,25822860,0510100,HENDERSON POLICE DEPARTMENT,Accepted,HENDERSON,,508,10TH,ST,,,,,,,,37.84860477,-87.58017016,0.311,2019-10-23,1730,2,2,0,0,CLEAR,DRY,False,1 VEHICLE PARKED POSITION (NOT PARKING LOT/DRIVEWAY),BACKING,STRAIGHT & LEVEL,DAYLIGHT,,,43762.90454,False,44,Accepted,5,5,O,,INATTENTION,,2019,1
1183,25822862,0510100,HENDERSON POLICE DEPARTMENT,Accepted,HENDERSON,KY2084,,KY2084,,S,KY0812,AIRLINE,,,,,37.82012948,-87.56938837,2.137,2019-10-23,1539,2,2,0,0,CLEAR,DRY,False,ANGLE COLLISION - OTHER,ANGLE,STRAIGHT & LEVEL,DAYLIGHT,,,43762.90467,False,64,Accepted,5,5,O,,DISREGARD TRAFFIC CONTROL,,2019,1
1184,25822908,0510100,HENDERSON POLICE DEPARTMENT,Accepted,HENDERSON,,430,GABE,ST,,,,,,,,37.8260893,-87.58945097,0.071,2019-10-23,2100,2,2,0,0,CLEAR,DRY,False,1 VEHICLE PARKED POSITION (NOT PARKING LOT/DRIVEWAY),SIDESWIPE-SAME DIRECTION,STRAIGHT & LEVEL,DARK-HWY LIGHTED/ON,,,43762.9113,False,46,Accepted,5,5,O,,INATTENTION,,2019,1
1188,25827187,0510100,HENDERSON POLICE DEPARTMENT,Accepted,HENDERSON,,1333,DYLAN,CIR,,,,,,,,37.87371777,-87.53242572,0.281,2019-10-19,1713,2,2,0,1,CLEAR,DRY,False,REAR END IN TRAFFIC LANES BOTH VEHICLES MOVING,REAR END,STRAIGHT & LEVEL,DAYLIGHT,,,43763.80348,False,58,Accepted,5,3,B,,,BRAKES DEFECTIVE,2019,1
1189,25838898,0510100,HENDERSON POLICE DEPARTMENT,Accepted,HENDERSON,US0041,,US41,,N,,WALKER,,,,,37.86980113,-87.57072495,17,2019-10-25,749,2,2,0,0,CLOUDY,DRY,False,OTHER INTERSECTION COLLISIONS,REAR END,STRAIGHT & LEVEL,DAYLIGHT,,,43764.42766,False,67,Accepted,5,5,O,,INATTENTION,,2019,1
1190,25839619,0510100,HENDERSON POLICE DEPARTMENT,Accepted,HENDERSON,KY0136,400,SAND,LN,,,,,,,,37.82346052,-87.60267883,19.58,2019-10-24,1821,2,2,0,0,CLEAR,DRY,False,1 VEHICLE ENTERING/LEAVING ENTRANCE,ANGLE,STRAIGHT & LEVEL,DARK-HWY NOT LIGHTED,,,43764.68252,False,38,Accepted,5,5,O,,INATTENTION,,2019,1
1191,25841782,0510100,HENDERSON POLICE DEPARTMENT,Accepted,HENDERSON,,1300,ELM,ST,N,,,,,,,37.85554522,-87.58027274,1.356,2019-10-26,1646,2,2,0,0,RAINING,WET,False,OTHER ROADWAY OR MID-BLOCK COLLISION,REAR END,STRAIGHT & LEVEL,DAYLIGHT,,,43765.57148,False,64,Accepted,5,5,O,GLARE (SUN),,,2019,1
1192,25841783,0510100,HENDERSON POLICE DEPARTMENT,Accepted,HENDERSON,US0060,2000,US60,,E,,BARRET,,,,,37.8599036,-87.56773833,10.599,2019-10-26,1350,2,2,0,0,RAINING,WET,False,ANGLE COLLISION - OTHER,ANGLE,STRAIGHT & LEVEL,DAYLIGHT,,,43765.57175,False,58,Accepted,5,5,O,SLIPPERY SURFACE,TOO FAST FOR CONDITIONS,,2019,1
1193,25841784,0510100,HENDERSON POLICE DEPARTMENT,Accepted,HENDERSON,US0041A,1200,GREEN,ST,S,,,,,,,37.8240767,-87.60280901,14.502,2019-10-26,1930,2,2,0,0,RAINING,WET,False,OTHER ROADWAY OR MID-BLOCK COLLISION,OPPOSING LEFT TURN,STRAIGHT & LEVEL,DARK-HWY LIGHTED/ON,,,43765.57181,False,38,Accepted,5,5,O,,INATTENTION,,2019,1
1194,25847848,0510100,HENDERSON POLICE DEPARTMENT,Accepted,HENDERSON,,,KLUTEY PARK PLAZA,DR,,,,,H AND H,KY0351,2ND,37.83409037,-87.57008974,0.143,2019-10-24,1249,2,2,0,0,CLEAR,DRY,False,SIDESWIPE COLLISION - SAME DIRECTION,SIDESWIPE-SAME DIRECTION,STRAIGHT & LEVEL,DAYLIGHT,,,43766.66502,False,65,Accepted,5,5,O,,INATTENTION,,2019,1
1195,25847850,0510100,HENDERSON POLICE DEPARTMENT,Accepted,HENDERSON,US0041A,,GREEN,ST,N,KY0351,2ND,,,,,37.8395169,-87.58845771,15.92,2019-10-22,745,2,2,0,0,CLOUDY,DRY,False,OPPOSING LEFT TURN,OPPOSING LEFT TURN,STRAIGHT & LEVEL,DAYLIGHT,,,43766.66532,False,36,Accepted,5,5,O,,FAILED TO YIELD RIGHT OF WAY,,2019,1
1196,25848041,0510100,HENDERSON POLICE DEPARTMENT,Accepted,HENDERSON,US0041,3100,US41,,N,,RACETRACK,,,,,37.88298053,-87.56347353,17.972,2019-10-26,1434,2,2,0,1,RAINING,WET,False,ANGLE COLLISION - OTHER,ANGLE,STRAIGHT & LEVEL,DAYLIGHT,,,43766.68572,False,58,Accepted,5,3,B,SLIPPERY SURFACE,,,2019,1
1197,25848042,0510100,HENDERSON POLICE DEPARTMENT,Accepted,HENDERSON,US0060,2200,GREEN,ST,S,,,,,,,37.80384168,-87.63748783,9.324,2019-10-27,1807,2,2,0,1,CLEAR,DRY,False,1 VEHICLE ENTERING/LEAVING ENTRANCE,ANGLE,STRAIGHT & LEVEL,DUSK,,,43766.6859,False,19,Accepted,5,2,A,,INATTENTION,,2019,1
1203,25852651,0510100,HENDERSON POLICE DEPARTMENT,Accepted,HENDERSON,US0041A,,GREEN,ST,N,,,,12TH,,CRESTVIEW,37.85128762,-87.58084819,16.849,2019-10-19,1155,2,2,0,0,CLEAR,DRY,True,REAR END IN TRAFFIC LANES BOTH VEHICLES MOVING,REAR END,STRAIGHT & LEVEL,DAYLIGHT,,,43767.58196,False,65,Accepted,5,5,O,,INATTENTION,,2019,1
1204,25853908,0510100,HENDERSON POLICE DEPARTMENT,Accepted,HENDERSON,KY0351,1600,2ND,ST,,,,,,,,37.83302257,-87.57281981,0.966,2019-10-28,1612,2,2,0,0,CLEAR,DRY,False,1 VEHICLE ENTERING/LEAVING ENTRANCE,ANGLE,STRAIGHT & LEVEL,DAYLIGHT,,,43767.71691,False,50,Accepted,5,5,O,,"FAILED TO YIELD RIGHT OF WAY, INATTENTION",,2019,1
1206,25859037,0510100,HENDERSON POLICE DEPARTMENT,Accepted,HENDERSON,KY0351,400,2ND,ST,,,,,,,,37.83930479,-87.5880357,0.025,2019-10-29,1814,2,2,0,0,CLEAR,DRY,False,1 VEHICLE ENTERING/LEAVING ENTRANCE,ANGLE,STRAIGHT & LEVEL,DARK-HWY LIGHTED/ON,,,43768.70095,False,18,Accepted,5,5,O,,TURNING IMPROPERLY,,2019,1
1207,25859386,0510100,HENDERSON POLICE DEPARTMENT,Accepted,HENDERSON,US0041,2230,US41,,N,,,,,,,37.87000407,-87.57065505,17.008,2019-10-26,1602,2,2,0,0,RAINING,WET,False,1 VEHICLE ENTERING/LEAVING ENTRANCE,ANGLE,STRAIGHT & LEVEL,DAYLIGHT,,,43768.77468,False,12,Accepted,5,5,O,SLIPPERY SURFACE,"FAILED TO YIELD RIGHT OF WAY, MISJUDGE CLEARANCE",,2019,1
1210,25861691,0510000,HENDERSON COUNTY SHERIFF DEPT.,Accepted,HENDERSON,US0041,,US41,,,,,,,,,37.81799609,-87.56303002,1.958,2019-10-26,427,1,1,0,1,RAINING,WET,False,COLLISION WITH FIXED OBJECT NON - INTERSECTION - FIRST EVENT COLLISION 09 - 32 EXCLUDING 16,SINGLE VEHICLE,CURVE & LEVEL,DARK-HWY NOT LIGHTED,,,43769.39482,False,135,Accepted,5,2,A,"SLIPPERY SURFACE, WATER POOLING",NOT UNDER PROPER CONTROL,,2019,1
1211,25863871,0510100,HENDERSON POLICE DEPARTMENT,Accepted,HENDERSON,US0041A,,GREEN,ST,S,,WASHINGTON,,,,,37.83629799,-87.59080057,15.664,2019-10-30,1733,2,2,0,2,RAINING,WET,False,ANGLE COLLISION - OTHER,ANGLE,STRAIGHT & HILLCREST,DAYLIGHT,,,43769.70368,False,44,Accepted,5,4,C,,DISREGARD TRAFFIC CONTROL,BRAKES DEFECTIVE,2019,1
1212,25863873,0510100,HENDERSON POLICE DEPARTMENT,Accepted,HENDERSON,US0041,2000,US41,,N,,RETTIG,,,,,37.86731868,-87.57227506,16.799,2019-10-30,1459,2,2,0,1,RAINING,WET,False,OTHER INTERSECTION COLLISIONS,REAR END,STRAIGHT & LEVEL,DAYLIGHT,,,43769.70413,False,58,Accepted,4,4,C,,INATTENTION,,2019,1
1213,25863876,0510100,HENDERSON POLICE DEPARTMENT,Accepted,HENDERSON,US0041A,10,GREEN,ST,S,,,,,,,37.83717006,-87.59006657,15.738,2019-10-30,1744,2,2,0,0,CLOUDY,WET,False,1 VEHICLE ENTERING/LEAVING ENTRANCE,ANGLE,STRAIGHT & LEVEL,DUSK,,,43769.70442,False,64,Accepted,5,5,O,,INATTENTION,,2019,1
1214,25865869,0510100,HENDERSON POLICE DEPARTMENT,Accepted,HENDERSON,,3117,BRAXTON PARK,DR,,,,,,,,37.87700213,-87.52434973,0.074,2019-10-30,820,1,1,0,0,RAINING,WET,False,COLLISION WITH FIXED OBJECT NON - INTERSECTION - FIRST EVENT COLLISION 09 - 32 EXCLUDING 16,SINGLE VEHICLE,STRAIGHT & LEVEL,DAYLIGHT,,,43770.32814,False,67,Accepted,5,5,O,,INATTENTION,,2019,1
1215,25865870,0510100,HENDERSON POLICE DEPARTMENT,Accepted,HENDERSON,US0041,,US41,,N,,,US0041,US41 CROSSOVER,,KIMSEY,37.85425924,-87.57027246,15.797,2019-10-30,1003,2,2,0,0,RAINING,WET,False,SIDESWIPE COLLISION - SAME DIRECTION,SIDESWIPE-SAME DIRECTION,CURVE & LEVEL,DAYLIGHT,,,43770.32833,False,36,Accepted,5,5,O,,FAILED TO YIELD RIGHT OF WAY,,2019,1
1216,25865871,0510100,HENDERSON POLICE DEPARTMENT,Accepted,HENDERSON,,,ELM,ST,N,,6TH,,,,,37.84515959,-87.58674123,0.553,2019-10-31,737,2,2,0,0,CLOUDY,WET,False,ANGLE COLLISION - OTHER,ANGLE,STRAIGHT & LEVEL,DAYLIGHT,,,43770.32856,False,22,Accepted,5,5,O,,FAILED TO YIELD RIGHT OF WAY,,2019,1
1217,25865873,0510100,HENDERSON POLICE DEPARTMENT,Accepted,HENDERSON,US0041,,US41,,N,,,,BARRET,,MARYWOOD,37.86668657,-87.57246875,16.761,2019-10-31,723,2,2,0,0,RAINING,WET,False,REAR END IN TRAFFIC LANES BOTH VEHICLES MOVING,REAR END,STRAIGHT & LEVEL,DAYLIGHT,,,43770.32873,False,67,Accepted,5,5,O,SLIPPERY SURFACE,INATTENTION,,2019,1
1219,25870335,0510100,HENDERSON POLICE DEPARTMENT,Accepted,HENDERSON,US0041A,,GREEN,ST,N,,5TH,,,,,37.84327487,-87.58596124,16.216,2019-11-01,831,2,1,0,1,CLEAR,DRY,False,COLLISION WITH PEDESTRIAN IN INTERSECTION,SINGLE VEHICLE,STRAIGHT & LEVEL,DAYLIGHT,,,43771.62268,False,36,Accepted,5,3,B,GLARE (SUN),FAILED TO YIELD RIGHT OF WAY,,2019,1
1220,25870590,0510100,HENDERSON POLICE DEPARTMENT,Accepted,HENDERSON,US0041,2044,US41,,N,,BARRET,,,,,37.86446251,-87.57365355,16.576,2019-10-29,1829,2,1,0,1,CLEAR,DRY,False,COLLISION WITH PEDESTRIAN IN INTERSECTION,SINGLE VEHICLE,STRAIGHT & LEVEL,DARK-HWY LIGHTED/OFF,,,43771.68373,False,17,Accepted,4,4,C,,INATTENTION,,2019,1
1222,25870592,0510100,HENDERSON POLICE DEPARTMENT,Accepted,HENDERSON,US0060,,US60,,E,,BARRET,,,,,37.85989818,-87.56774627,10.599,2019-10-31,1630,2,2,0,0,CLEAR,DRY,False,OTHER INTERSECTION COLLISIONS,REAR END,STRAIGHT & LEVEL,DAYLIGHT,,,43771.68403,False,17,Accepted,5,5,O,,INATTENTION,,2019,1
1223,25870593,0510100,HENDERSON POLICE DEPARTMENT,Accepted,HENDERSON,US0060,,US60,,E,,BARRET,,,,,37.85991191,-87.56776031,10.599,2019-10-31,1647,2,2,0,0,CLEAR,DRY,False,OTHER INTERSECTION COLLISIONS,REAR END,STRAIGHT & LEVEL,DAYLIGHT,,,43771.68414,False,17,Accepted,5,5,O,,INATTENTION,,2019,1
1224,25872905,0510100,HENDERSON POLICE DEPARTMENT,Accepted,HENDERSON,,,ELM,ST,S,,AUDUBON,,,,,37.83117174,-87.59801854,0.693,2019-11-01,1333,2,2,0,0,CLEAR,DRY,False,HEAD-ON COLLISION,HEAD ON,STRAIGHT & LEVEL,DAYLIGHT,,,43772.57874,False,56,Accepted,5,5,O,,FAILED TO YIELD RIGHT OF WAY,,2019,1
1225,25873344,0510100,HENDERSON POLICE DEPARTMENT,Accepted,HENDERSON,US0041,2400,US41,,N,,,,,,,37.87243099,-87.5693296,17.19,2019-11-01,1620,2,2,0,0,CLEAR,DRY,False,SIDESWIPE COLLISION - SAME DIRECTION,SIDESWIPE-SAME DIRECTION,STRAIGHT & LEVEL,DAYLIGHT,,,43772.68189,False,44,Accepted,5,5,O,,"INATTENTION, TURNING IMPROPERLY, IMPROPER PASSING",,2019,1
1226,25873345,0510100,HENDERSON POLICE DEPARTMENT,Accepted,HENDERSON,US0041A,1400,GREEN,ST,N,,,,,,,37.85481234,-87.57784267,17.152,2019-11-02,1655,2,2,0,0,CLEAR,DRY,False,SIDESWIPE COLLISION - SAME DIRECTION,SIDESWIPE-SAME DIRECTION,STRAIGHT & LEVEL,DAYLIGHT,,,43772.68205,False,44,Accepted,5,5,O,OTHER,INATTENTION,,2019,1
1227,25873346,0510100,HENDERSON POLICE DEPARTMENT,Accepted,HENDERSON,US0041A,1000,GREEN,ST,N,,10TH,,,,,37.84935163,-87.58201795,16.69,2019-11-01,1513,2,2,0,0,CLEAR,DRY,False,ANGLE COLLISION - OTHER,ANGLE,STRAIGHT & LEVEL,DAYLIGHT,,,43772.68219,False,58,Accepted,5,5,O,,INATTENTION,,2019,1
1228,25873347,0510100,HENDERSON POLICE DEPARTMENT,Accepted,HENDERSON,US0041,,US41 TURN AROUND,,,,,,,,,37.8184465,-87.56293747,0.01,2019-11-01,1620,2,2,0,0,CLEAR,DRY,False,VEHICLE BACKING NON INTERSECTION,BACKING,STRAIGHT & LEVEL,DAYLIGHT,,,43772.68234,False,58,Accepted,5,5,O,,"IMPROPER BACKING, INATTENTION",,2019,1
1229,25873351,0510100,HENDERSON POLICE DEPARTMENT,Accepted,HENDERSON,US0041,2000,US41,,N,,RETTIG,,,,,37.86730227,-87.57228582,16.798,2019-10-26,1640,2,2,0,0,CLEAR,WET,False,ANGLE COLLISION - OTHER,ANGLE,STRAIGHT & LEVEL,DAYLIGHT,,,43772.68272,False,58,Accepted,5,5,O,,INATTENTION,,2019,1
1230,25873352,0510100,HENDERSON POLICE DEPARTMENT,Accepted,HENDERSON,US0041,2452,US41,,N,,,,,,,37.87376182,-87.56849464,17.291,2019-11-01,1710,2,2,0,0,CLEAR,DRY,False,REAR END IN TRAFFIC LANES BOTH VEHICLES MOVING,REAR END,STRAIGHT & LEVEL,DAYLIGHT,,,43772.68295,False,58,Accepted,5,5,O,,INATTENTION,,2019,1
1231,25873354,0510100,HENDERSON POLICE DEPARTMENT,Accepted,HENDERSON,US0041,2749,US41,,N,,,,,,,37.87782797,-87.56652486,17.592,2019-11-02,1452,2,2,0,0,CLEAR,DRY,False,1 VEHICLE ENTERING/LEAVING ENTRANCE,ANGLE,STRAIGHT & LEVEL,DAYLIGHT,,,43772.68314,False,58,Accepted,5,5,O,,INATTENTION,,2019,1
1232,25873356,0510100,HENDERSON POLICE DEPARTMENT,Accepted,HENDERSON,KY0425,5000,KY425,,,,OLD HENDERSON CORYDON,,,,,37.79469188,-87.64384184,0.435,2019-11-02,1648,2,2,0,0,CLEAR,DRY,False,ANGLE COLLISION - OTHER,ANGLE,STRAIGHT & LEVEL,DAYLIGHT,,,43772.6833,False,38,Accepted,5,5,O,,INATTENTION,,2019,1
1233,25877213,KSP1600,"KY STATE POLICE, POST 16",Accepted,HENDERSON,US0041,,US41,,,,,,,,,37.81737322,-87.56308993,1.912,2019-11-02,26,1,1,0,0,CLEAR,DRY,False,COLLISION WITH ANIMAL NON INTERSECTION,SINGLE VEHICLE,STRAIGHT & LEVEL,DARK-HWY NOT LIGHTED,,,43773.48844,False,317,Accepted,5,5,O,ANIMALS ACTION,,,2019,1
1236,25880600,0510100,HENDERSON POLICE DEPARTMENT,Accepted,HENDERSON,US0041A,,GREEN,ST,S,,,,,,,37.83719883,-87.58989253,15.743,2019-10-24,110,2,2,0,1,CLEAR,DRY,False,1 VEHICLE ENTERING/LEAVING ENTRANCE,ANGLE,STRAIGHT & LEVEL,DARK-HWY LIGHTED/ON,,,43774.05244,False,62,Accepted,5,4,C,,INATTENTION,,2019,1
1237,25882560,0510100,HENDERSON POLICE DEPARTMENT,Accepted,HENDERSON,US0041,,US41,,N,,,,BARKER,,PAUL,37.87295674,-87.56901703,17.23,2019-11-05,717,2,2,0,0,RAINING,WET,False,SIDESWIPE COLLISION - SAME DIRECTION,SIDESWIPE-SAME DIRECTION,STRAIGHT & LEVEL,DAYLIGHT,,,43774.49734,False,67,Accepted,5,5,O,SLIPPERY SURFACE,INATTENTION,,2019,1
1239,25883084,0510100,HENDERSON POLICE DEPARTMENT,Accepted,HENDERSON,KY0136,1000,SAND,LN,,,,,,,,37.82078311,-87.59125155,20.274,2019-10-31,720,2,2,0,0,CLOUDY,DRY,False,VEHICLE BACKING NON INTERSECTION,BACKING,STRAIGHT & LEVEL,DARK-HWY LIGHTED/ON,,,43774.61123,False,26,Accepted,5,5,O,,"IMPROPER BACKING, INATTENTION",,2019,1
1240,25886922,0510100,HENDERSON POLICE DEPARTMENT,Accepted,HENDERSON,US0041,,US41,,N,US0041,US41 S EXIT81 OFF RAMP TO US60 W,,,,,37.86111172,-87.5755102,16.347,2019-11-04,657,1,1,0,1,CLEAR,DRY,False,COLLISION WITH FIXED OBJECT IN INTERSECTION - FIRST EVENT COLLISION 09 - 32,SINGLE VEHICLE,STRAIGHT & LEVEL,DAYLIGHT,,,43775.44547,False,56,Accepted,5,4,C,,"FATIGUE, FELL ASLEEP",,2019,1
1241,25891587,0510100,HENDERSON POLICE DEPARTMENT,Accepted,HENDERSON,,,INGRAM,ST,N,KY0351,2ND,,,,,37.83904381,-87.58691916,0.47,2019-11-02,1149,2,2,0,0,CLEAR,DRY,False,VEHICLE BACKING IN INTERSECTION,BACKING,STRAIGHT & LEVEL,DAYLIGHT,,,43776.3523,False,26,Accepted,5,5,O,,"IMPROPER BACKING, INATTENTION",,2019,1
1242,25894918,0510100,HENDERSON POLICE DEPARTMENT,Accepted,HENDERSON,US0041A,1773,GREEN,ST,S,,,,,,,37.81314083,-87.61956081,13.32,2019-11-05,1648,1,1,0,1,CLEAR,DRY,False,OTHER COLLISIONS ON SHOULDER,SINGLE VEHICLE,STRAIGHT & LEVEL,DAYLIGHT,,,43776.7963,False,38,Accepted,3,3,B,,FELL ASLEEP,,2019,1
1243,25897034,0510100,HENDERSON POLICE DEPARTMENT,Accepted,HENDERSON,US0041,,,,,,,,,,,37.85777766,-87.57420589,0.114,2019-11-07,1217,1,1,0,0,RAINING,WET,False,OTHER RAMP RELATED COLLISIONS NOT LISTED ABOVE,SINGLE VEHICLE,CURVE & LEVEL,DAYLIGHT,US0041,US0041,43777.41409,False,37,Accepted,5,5,O,SLIPPERY SURFACE,NOT UNDER PROPER CONTROL,,2019,1
1245,25897394,0510100,HENDERSON POLICE DEPARTMENT,Accepted,HENDERSON,US0041,,US41,,N,,BARRET,,,,,37.86433047,-87.57373484,16.582,2019-11-04,1510,2,2,0,0,CLEAR,DRY,False,SIDESWIPE-SAME DIRECTION,SIDESWIPE-SAME DIRECTION,STRAIGHT & LEVEL,DAYLIGHT,,,43777.47166,False,22,Accepted,5,5,O,,MISJUDGE CLEARANCE,,2019,1
1248,25900579,0510100,HENDERSON POLICE DEPARTMENT,Accepted,HENDERSON,US0060,2600,US60,,E,,,,,,,37.86462294,-87.54966287,11.687,2019-11-08,2035,1,1,0,0,CLEAR,DRY,False,COLLISION WITH ANIMAL NON INTERSECTION,SINGLE VEHICLE,STRAIGHT & LEVEL,DARK-HWY LIGHTED/ON,,,43778.18432,False,35,Accepted,5,5,O,,,,2019,1
1249,25901110,0510100,HENDERSON POLICE DEPARTMENT,Accepted,HENDERSON,,614,8TH ST COURT,,,,,,,,,37.84501554,-87.58045567,0.041,2019-11-07,728,2,2,0,0,CLEAR,DRY,True,1 VEHICLE PARKED POSITION (NOT PARKING LOT/DRIVEWAY),REAR END,STRAIGHT & LEVEL,DARK-HWY NOT LIGHTED,,,43778.454,False,37,Accepted,5,5,O,,,,2019,1
1250,25901653,0510100,HENDERSON POLICE DEPARTMENT,Accepted,HENDERSON,US0041A,1700,GREEN,ST,S,,,,,,,37.81444007,-87.61735679,13.475,2019-11-08,1731,2,1,0,1,CLEAR,DRY,False,COLLISION WITH PEDESTRIAN NON - INTERSECTION,SINGLE VEHICLE,STRAIGHT & LEVEL,DARK-HWY NOT LIGHTED,,,43778.6874,False,58,Accepted,4,4,C,,,,2019,1
1251,25901663,0510100,HENDERSON POLICE DEPARTMENT,Accepted,HENDERSON,,700,ELM,ST,N,,,,,,,37.84641717,-87.58592409,0.648,2019-11-05,1353,2,2,0,0,CLEAR,DRY,False,1 VEHICLE ENTERING/LEAVING ENTRANCE,ANGLE,STRAIGHT & LEVEL,DAYLIGHT,,,43778.68818,False,50,Accepted,5,5,O,,INATTENTION,,2019,1
1252,25903768,0510100,HENDERSON POLICE DEPARTMENT,Accepted,HENDERSON,,,ELM,ST,N,,WATSON,,,,,37.87557662,-87.56900884,2.896,2019-11-09,958,2,2,0,0,CLEAR,DRY,False,OPPOSITE DIRECTION - BOTH VEHICLES GOING STRAIGHT AHEAD,SIDESWIPE-OPPOSITE DIRECTION,CURVE & LEVEL,DAYLIGHT,,,43779.3911,False,37,Accepted,5,5,O,,MISJUDGE CLEARANCE,,2019,1
1253,25903830,0510100,HENDERSON POLICE DEPARTMENT,Accepted,HENDERSON,,,14TH,ST,,,ELM,,,,,37.85478753,-87.58055911,0.005,2019-11-08,948,1,1,0,0,CLEAR,DRY,False,COLLISION WITH FIXED OBJECT IN INTERSECTION - FIRST EVENT COLLISION 09 - 32,SINGLE VEHICLE,STRAIGHT & HILLCREST,DAYLIGHT,,,43779.42024,False,37,Accepted,5,5,O,,MISJUDGE CLEARANCE,,2019,1
1254,25904641,0510100,HENDERSON POLICE DEPARTMENT,Accepted,HENDERSON,,26,MAPLE,ST,,,,,,,,37.82810998,-87.5748878,0.056,2019-11-09,1738,2,2,0,0,CLEAR,DRY,True,1 VEHICLE PARKED POSITION (NOT PARKING LOT/DRIVEWAY),REAR END,STRAIGHT & LEVEL,DARK-HWY NOT LIGHTED,,,43779.6929,False,50,Accepted,5,5,O,,"INATTENTION, OTHER",,2019,1
1256,25908641,0510100,HENDERSON POLICE DEPARTMENT,Accepted,HENDERSON,KY0812,,AIRLINE,RD,,,DOVE TRAIL,,,,,37.81831671,-87.56613954,7.181,2019-11-08,1533,2,2,0,0,CLEAR,DRY,False,OTHER INTERSECTION COLLISIONS,REAR END,STRAIGHT & LEVEL,DAYLIGHT,,,43780.68006,False,15,Accepted,5,5,O,,MISJUDGE CLEARANCE,,2019,1
1257,25910903,0510100,HENDERSON POLICE DEPARTMENT,Accepted,HENDERSON,US0041,2044,US41,,N,,,,,,,37.86600614,-87.57280017,16.71,2019-11-08,1425,2,2,0,0,CLEAR,DRY,False,1 VEHICLE ENTERING/LEAVING ENTRANCE,ANGLE,STRAIGHT & LEVEL,DAYLIGHT,,,43781.32923,False,17,Accepted,5,5,O,,INATTENTION,,2019,1
1258,25910904,0510100,HENDERSON POLICE DEPARTMENT,Accepted,HENDERSON,US0041,3113,US41,,N,,,,,,,37.8758551,-87.56741453,17.449,2019-11-10,1022,2,2,0,0,CLEAR,DRY,True,SIDESWIPE COLLISION - SAME DIRECTION,SIDESWIPE-SAME DIRECTION,STRAIGHT & LEVEL,DAYLIGHT,,,43781.32934,False,17,Accepted,5,5,O,,,,2019,1
1264,25915433,0510000,HENDERSON COUNTY SHERIFF DEPT.,Accepted,HENDERSON,US0041,,US41,,,,,KY2099,ADAMS,AU9005,US41 N RAMP TO AU9005 E,37.80629935,-87.56409109,12.282,2019-11-12,905,1,1,0,0,CLEAR,ICE,False,RAN OFF ROADWAY (1 VEHICLE WITH/EARTH EMBANKMENT/DITCH),SINGLE VEHICLE,CURVE & LEVEL,DAYLIGHT,,,43781.96352,False,128,Accepted,5,5,O,SLIPPERY SURFACE,TOO FAST FOR CONDITIONS,,2019,1
1265,25915434,0510000,HENDERSON COUNTY SHERIFF DEPT.,Accepted,HENDERSON,AU9005,,AU9005 W,,,,,KY0812,AIRLINE,AU9005,AU9005 W EXIT1B OFF RAMP TO US41 N,37.81051087,-87.55733779,0.344,2019-11-12,1020,1,1,0,0,CLEAR,ICE,False,RAN OFF ROADWAY (1 VEHICLE WITH/EARTH EMBANKMENT/DITCH),SINGLE VEHICLE,STRAIGHT & LEVEL,DAYLIGHT,,,43781.96368,False,128,Accepted,5,5,O,SLIPPERY SURFACE,TOO FAST FOR CONDITIONS,,2019,1
1266,25915681,0510100,HENDERSON POLICE DEPARTMENT,Accepted,HENDERSON,,,MEADOW,ST,,,CLAY,,,,,37.82838235,-87.5842366,0.366,2019-11-12,225,2,2,0,0,CLEAR,SNOW/SLUSH,True,REAR END - ONE VEHICLE TURNING RIGHT,REAR END,STRAIGHT & LEVEL,DARK-HWY LIGHTED/ON,,,43782.02609,False,24,Accepted,5,5,O,SLIPPERY SURFACE,INATTENTION,,2019,1
1267,25916729,0510100,HENDERSON POLICE DEPARTMENT,Accepted,HENDERSON,,1100,5TH,ST,,,,,,,,37.83927451,-87.57613418,0.347,2019-11-12,655,1,1,0,0,CLEAR,ICE,False,RAN OFF ROADWAY (1 VEHICLE WITH/EARTH EMBANKMENT/DITCH),SINGLE VEHICLE,STRAIGHT & LEVEL,DAYLIGHT,,,43782.36672,False,56,Accepted,5,5,O,SLIPPERY SURFACE,,,2019,1