OBJECTID,IncidentID,AgencyORI,AgencyName,IncidentStatusDesc,County,RdwyNumber,Street,RoadwayName,StreetSfx,StreetDir,IntersectionRdwy,IntersectionRdwyName,BetweenStRdwy1,BetweenStRdwyName1,BetweenStRdwy2,BetweenStRdwyName2,Latitude,Longitude,Milepoint,CollisionDate,CollisionTime,UnitsInvolved,MotorVehiclesInvolved,NumberKilled,NumberInjured,Weather,RdwyConditionCode,HitandRun,DirAnalysisCode,MannerofCollision,RdwyCharacter,LightCondition,RampFromRdwyId,RampToRdwyId,AcceptedDate,IsSecondaryCollision,OwnerBadge,IncidentStatus,InjurySeverityCde,KABCO_Code,KABCO,Environmental_Factors,Human_Factors,Vehicular_Factors,CollisionYear,CityCrash
1269,25917414,0510100,HENDERSON POLICE DEPARTMENT,Accepted,HENDERSON,US0060,,GREEN,ST,S,,,,DANA,,COMMUNITY,37.80292895,-87.63985575,9.186,2019-11-08,1321,2,2,0,0,CLEAR,DRY,False,HEAD-ON COLLISION,HEAD ON,STRAIGHT & LEVEL,DAYLIGHT,,,43782.45326,False,34,Accepted,5,5,O,,OTHER,LOAD SECUREMENT,2019,1
1270,25917415,0510100,HENDERSON POLICE DEPARTMENT,Accepted,HENDERSON,KY0351,,2ND,ST,,,,US0041A,GREEN,,INGRAM,37.83919437,-87.58778477,0.041,2019-11-05,1306,2,2,0,1,CLEAR,DRY,False,OTHER ROADWAY OR MID-BLOCK COLLISION,OPPOSING LEFT TURN,STRAIGHT & LEVEL,DAYLIGHT,,,43782.4534,False,36,Accepted,5,3,B,,FAILED TO YIELD RIGHT OF WAY,,2019,1
1271,25917419,0510100,HENDERSON POLICE DEPARTMENT,Accepted,HENDERSON,,,WASHINGTON,ST,,US0041A,GREEN,,,,,37.83624,-87.59074832,1.205,2019-11-12,1000,2,2,0,0,CLEAR,SNOW/SLUSH,False,OTHER INTERSECTION COLLISIONS,REAR END,STRAIGHT & HILLCREST,DAYLIGHT,,,43782.45377,False,34,Accepted,5,5,O,SLIPPERY SURFACE,TOO FAST FOR CONDITIONS,BRAKES DEFECTIVE,2019,1
1272,25917482,0510100,HENDERSON POLICE DEPARTMENT,Accepted,HENDERSON,,,WASHINGTON,ST,,,MEADOW,,,,,37.83086915,-87.58194433,0.595,2019-11-04,1208,2,2,0,0,CLEAR,DRY,False,ANGLE COLLISION - OTHER,ANGLE,STRAIGHT & GRADE,DAYLIGHT,,,43782.45924,False,36,Accepted,5,5,O,,FAILED TO YIELD RIGHT OF WAY,,2019,1
1273,25917487,0510100,HENDERSON POLICE DEPARTMENT,Accepted,HENDERSON,,,BARRET,BLVD,,US0041,US41,,,,,37.86432079,-87.57359136,0.893,2019-11-12,646,2,2,0,0,CLEAR,SNOW/SLUSH,False,OTHER INTERSECTION COLLISIONS,REAR END,STRAIGHT & LEVEL,DAYLIGHT,,,43782.45943,False,67,Accepted,5,5,O,SLIPPERY SURFACE,INATTENTION,,2019,1
1274,25917489,0510100,HENDERSON POLICE DEPARTMENT,Accepted,HENDERSON,,,GARDEN MILE,RD,S,KY0812,AIRLINE,,,,,37.81481794,-87.56015422,0.003,2019-11-12,716,1,1,0,0,CLEAR,ICE,False,COLLISION WITH FIXED OBJECT IN INTERSECTION - FIRST EVENT COLLISION 09 - 32,SINGLE VEHICLE,STRAIGHT & LEVEL,DAYLIGHT,,,43782.4596,False,36,Accepted,5,5,O,SLIPPERY SURFACE,TOO FAST FOR CONDITIONS,,2019,1
1276,25922096,0510100,HENDERSON POLICE DEPARTMENT,Accepted,HENDERSON,US0041A,1711,GREEN,ST,S,,,,,,,37.81690301,-87.61349721,13.775,2019-11-09,1107,2,2,0,1,CLEAR,DRY,False,COLLISION WITH FIXED OBJECT NON - INTERSECTION - FIRST EVENT COLLISION 09 - 32 EXCLUDING 16,HEAD ON,STRAIGHT & LEVEL,DAYLIGHT,,,43783.392,True,56,Accepted,5,4,C,,"DISTRACTION, INATTENTION",,2019,1
1277,25922408,0510100,HENDERSON POLICE DEPARTMENT,Accepted,HENDERSON,US0041A,,GREEN,ST,N,,12TH,,,,,37.85216815,-87.58028408,16.897,2019-11-13,1035,2,2,0,0,CLEAR,DRY,False,ANGLE COLLISION - OTHER,ANGLE,STRAIGHT & LEVEL,DAYLIGHT,,,43783.43515,False,36,Accepted,5,5,O,,DISREGARD TRAFFIC CONTROL,,2019,1
1278,25923406,0510000,HENDERSON COUNTY SHERIFF DEPT.,Accepted,HENDERSON,,,POWELL,ST,,,MILL,,,,,37.82825558,-87.58020427,1.087,2019-11-13,1553,1,1,0,0,CLEAR,DRY,False,COLLISION WITH FIXED OBJECT IN INTERSECTION - FIRST EVENT COLLISION 09 - 32,SINGLE VEHICLE,STRAIGHT & LEVEL,DAYLIGHT,,,43783.6173,False,133,Accepted,5,5,O,,"EXCEEDED STATED SPEED LIMIT, NOT UNDER PROPER CONTROL",,2019,1
1280,25924793,0510100,HENDERSON POLICE DEPARTMENT,Accepted,HENDERSON,US0041,2000,US41,,N,,,,,,,37.8671334,-87.57217848,16.796,2019-11-06,1342,2,2,0,0,RAINING,WET,False,SIDESWIPE COLLISION - SAME DIRECTION,SIDESWIPE-SAME DIRECTION,STRAIGHT & LEVEL,DAYLIGHT,,,43783.8712,False,17,Accepted,5,5,O,,INATTENTION,,2019,1
1281,25925008,0510100,HENDERSON POLICE DEPARTMENT,Accepted,HENDERSON,,1500,COMMONWEALTH,DR,,,,,,,,37.81614659,-87.58882004,0.451,2019-11-13,2152,2,2,0,0,CLEAR,DRY,False,1 VEHICLE PARKED POSITION (NOT PARKING LOT/DRIVEWAY),BACKING,STRAIGHT & LEVEL,DARK-HWY LIGHTED/ON,,,43783.92566,False,61,Accepted,5,5,O,,INATTENTION,,2019,1
1282,25928178,0510100,HENDERSON POLICE DEPARTMENT,Accepted,HENDERSON,,1612,ROOSEVELT,ST,,,,,,,,37.82781367,-87.57451773,0.102,2019-11-14,939,2,2,0,0,CLEAR,DRY,False,1 VEHICLE PARKED POSITION (NOT PARKING LOT/DRIVEWAY),BACKING,STRAIGHT & LEVEL,DAYLIGHT,,,43784.56644,False,65,Accepted,5,5,O,,INATTENTION,,2019,1
1283,25932698,0510100,HENDERSON POLICE DEPARTMENT,Accepted,HENDERSON,US0041A,301,GREEN,ST,S,,,,,,,37.83344925,-87.59357546,15.414,2019-11-15,1714,3,3,0,1,CLOUDY,DRY,False,REAR END IN TRAFFIC LANES BOTH VEHICLES MOVING,REAR END,STRAIGHT & LEVEL,DARK-HWY LIGHTED/ON,,,43785.88253,False,38,Accepted,5,3,B,,"INATTENTION, FOLLOWING TOO CLOSE",,2019,1
1284,25933043,0510100,HENDERSON POLICE DEPARTMENT,Accepted,HENDERSON,,500,MAIN,ST,S,,,,,,,37.83363553,-87.59810069,1.673,2019-10-28,1430,2,2,0,0,CLEAR,DRY,False,1 VEHICLE ENTERING/LEAVING ENTRANCE,ANGLE,STRAIGHT & LEVEL,DAYLIGHT,,,43786.00375,False,6,Accepted,5,5,O,,,,2019,1
1285,25933202,0510100,HENDERSON POLICE DEPARTMENT,Accepted,HENDERSON,US0060,,US60,,E,,,US0041,US41 N EXIT81 OFF RAMP TO US60 E,,BARRET,37.85929669,-87.56935392,10.511,2019-11-15,2158,2,2,0,0,CLEAR,DRY,False,SIDESWIPE COLLISION - SAME DIRECTION,SIDESWIPE-SAME DIRECTION,STRAIGHT & LEVEL,DARK-HWY LIGHTED/ON,,,43786.04523,False,63,Accepted,5,5,O,,INATTENTION,,2019,1
1286,25933683,0510100,HENDERSON POLICE DEPARTMENT,Accepted,HENDERSON,US0041,2900,US41,,N,,,,,,,37.88228288,-87.56394298,17.92,2019-11-16,321,2,2,0,0,CLEAR,DRY,False,COLLISION WITH FIXED OBJECT NON - INTERSECTION - FIRST EVENT COLLISION 09 - 32 EXCLUDING 16,HEAD ON,STRAIGHT & LEVEL,DARK-HWY LIGHTED/ON,,,43786.22676,True,63,Accepted,5,5,O,,ALCOHOL INVOLVEMENT,,2019,1
1287,25933935,0510100,HENDERSON POLICE DEPARTMENT,Accepted,HENDERSON,US0041,2855,US41,,N,,,,,,,37.87927039,-87.56573815,17.7,2019-11-13,1040,4,4,0,0,CLEAR,DRY,False,REAR END IN TRAFFIC LANES BOTH VEHICLES MOVING,REAR END,STRAIGHT & LEVEL,DAYLIGHT,,,43786.34955,False,27,Accepted,5,5,O,GLARE (OTHER),"DISTRACTION, INATTENTION",,2019,1
1288,25933937,0510100,HENDERSON POLICE DEPARTMENT,Accepted,HENDERSON,US0041A,,GREEN,ST,N,,,,CRESTVIEW,,12TH,37.85202059,-87.58040294,16.904,2019-11-13,1110,2,2,0,0,CLEAR,DRY,False,REAR END IN TRAFFIC LANES BOTH VEHICLES MOVING,REAR END,STRAIGHT & GRADE,DAYLIGHT,,,43786.34997,False,36,Accepted,5,5,O,,INATTENTION,,2019,1
1289,25933938,0510100,HENDERSON POLICE DEPARTMENT,Accepted,HENDERSON,US0041A,1600,GREEN,ST,S,,,,KRESGE,,MCCLAIN,37.81677714,-87.61374715,13.757,2019-11-14,745,2,2,0,0,CLEAR,DRY,False,SIDESWIPE COLLISION - SAME DIRECTION,SIDESWIPE-SAME DIRECTION,STRAIGHT & LEVEL,DAYLIGHT,,,43786.3501,False,36,Accepted,5,5,O,,INATTENTION,,2019,1
1290,25933939,0510100,HENDERSON POLICE DEPARTMENT,Accepted,HENDERSON,,,SUREWAY,DR,,,,,WATSON,,PAUL,37.87435745,-87.56707621,0.056,2019-11-15,723,2,2,0,0,CLEAR,DRY,False,1 VEHICLE ENTERING/LEAVING ENTRANCE,ANGLE,STRAIGHT & LEVEL,DAYLIGHT,,,43786.35034,False,67,Accepted,5,5,O,,INATTENTION,,2019,1
1291,25933940,0510100,HENDERSON POLICE DEPARTMENT,Accepted,HENDERSON,US0041,3113,US41,,N,,,,,,,37.88369733,-87.56294316,18.028,2019-11-16,908,1,1,0,0,CLEAR,DRY,False,COLLISION WITH FIXED OBJECT NON - INTERSECTION - FIRST EVENT COLLISION 09 - 32 EXCLUDING 16,SINGLE VEHICLE,STRAIGHT & LEVEL,DAYLIGHT,,,43786.35061,False,67,Accepted,5,5,O,,INATTENTION,,2019,1
1292,25935619,0510100,HENDERSON POLICE DEPARTMENT,Accepted,HENDERSON,KY0351,2800,ZION,RD,,,,,,,,37.82671117,-87.5513805,2.218,2019-11-16,1707,2,2,0,0,CLEAR,DRY,False,REAR END IN TRAFFIC LANES BOTH VEHICLES MOVING,REAR END,STRAIGHT & LEVEL,DARK (UNKNOWN ROADWAY LIGHTING),,,43786.98373,False,64,Accepted,5,5,O,,,OTHER,2019,1
1297,25940967,0510000,HENDERSON COUNTY SHERIFF DEPT.,Accepted,HENDERSON,,,BARRET,BLVD,,US0060,US60,,,,,37.85992037,-87.56774601,0.35,2019-10-26,1330,2,2,0,0,RAINING,WET,False,REAR END - ONE VEHICLE TURNING RIGHT,REAR END,STRAIGHT & LEVEL,DAYLIGHT,,,43787.7654,False,142,Accepted,5,5,O,,INATTENTION,,2019,1
1298,25941261,0510100,HENDERSON POLICE DEPARTMENT,Accepted,HENDERSON,,500,ALVES,ST,N,,,,,,,37.83762156,-87.58421238,0.192,2019-11-18,1549,2,2,0,0,CLEAR,DRY,False,SIDESWIPE COLLISION - OPPOSITE DIRECTION,SIDESWIPE-OPPOSITE DIRECTION,STRAIGHT & LEVEL,DAYLIGHT,,,43787.85353,False,50,Accepted,5,5,O,,,,2019,1
1299,25943612,0510100,HENDERSON POLICE DEPARTMENT,Accepted,HENDERSON,US0041,,US41,,N,,,,VAN WYK,,VAN WYK,37.83938368,-87.564824,14.712,2019-11-16,939,2,2,0,0,CLEAR,DRY,False,SIDESWIPE COLLISION - OPPOSITE DIRECTION,SIDESWIPE-OPPOSITE DIRECTION,STRAIGHT & LEVEL,DAYLIGHT,,,43788.41691,False,56,Accepted,5,5,O,,,STEERING FAILURE,2019,1
1300,25943613,0510100,HENDERSON POLICE DEPARTMENT,Accepted,HENDERSON,KY0425,,KY425,,,,OLD HENDERSON CORYDON,,,,,37.79459314,-87.64380526,0.429,2019-11-12,937,2,2,0,0,CLEAR,ICE,False,VEHICLE BACKING IN INTERSECTION,BACKING,STRAIGHT & LEVEL,DAYLIGHT,,,43788.4177,False,26,Accepted,5,5,O,,"IMPROPER BACKING, INATTENTION",,2019,1
1301,25944300,0510100,HENDERSON POLICE DEPARTMENT,Accepted,HENDERSON,US0060,,GREEN,ST,S,,BORAX,,,,,37.8111297,-87.62279478,10.279,2019-11-12,713,2,2,0,0,CLEAR,ICE,False,OTHER INTERSECTION COLLISIONS,REAR END,STRAIGHT & LEVEL,DAYLIGHT,,,43788.48406,False,26,Accepted,5,5,O,SLIPPERY SURFACE,,,2019,1
1302,25954114,0510100,HENDERSON POLICE DEPARTMENT,Accepted,HENDERSON,,,POWELL,ST,,,ATKINSON,,,,,37.82673187,-87.57749206,1.275,2019-11-18,755,2,2,0,1,CLEAR,DRY,False,ANGLE COLLISION - OTHER,ANGLE,STRAIGHT & LEVEL,DAYLIGHT,,,43790.44378,False,65,Accepted,4,4,C,,INATTENTION,,2019,1
1303,25958407,0510100,HENDERSON POLICE DEPARTMENT,Accepted,HENDERSON,US0041A,,GREEN,ST,N,,,,HARDING,,12TH,37.85262068,-87.5799761,16.955,2019-11-19,1332,2,2,0,0,CLOUDY,DRY,False,OTHER ROADWAY OR MID-BLOCK COLLISION,REAR END,STRAIGHT & LEVEL,DAYLIGHT,,,43791.3542,False,67,Accepted,5,5,O,,INATTENTION,,2019,1
1304,25959493,0510100,HENDERSON POLICE DEPARTMENT,Accepted,HENDERSON,,901,CENTER,ST,,,,,,,,37.83442081,-87.58434579,0.48,2019-11-18,2034,1,1,0,0,CLEAR,DRY,True,COLLISION WITH FIXED OBJECT NON - INTERSECTION - FIRST EVENT COLLISION 09 - 32 EXCLUDING 16,SINGLE VEHICLE,STRAIGHT & LEVEL,DARK-HWY LIGHTED/ON,,,43791.50925,False,50,Accepted,5,5,O,,OTHER,,2019,1
1305,25959856,0510100,HENDERSON POLICE DEPARTMENT,Accepted,HENDERSON,US0041A,100,GREEN,ST,N,,1ST,,,,,37.83822886,-87.58920385,15.822,2019-11-17,1320,2,2,0,1,CLEAR,DRY,False,ANGLE COLLISION - OTHER,ANGLE,STRAIGHT & LEVEL,DAYLIGHT,,,43791.56945,False,58,Accepted,5,4,C,,INATTENTION,,2019,1
1306,25959859,0510100,HENDERSON POLICE DEPARTMENT,Accepted,HENDERSON,US0041,2222,US41,,N,,,,,,,37.86913477,-87.57105509,16.953,2019-11-21,1648,2,2,0,0,CLEAR,WET,False,OTHER ROADWAY OR MID-BLOCK COLLISION,REAR END,STRAIGHT & LEVEL,DARK-HWY LIGHTED/ON,,,43791.56969,False,58,Accepted,5,5,O,,INATTENTION,,2019,1
1309,25960133,0510000,HENDERSON COUNTY SHERIFF DEPT.,Accepted,HENDERSON,US0041,,US41,,N,,,,,,,37.84063675,-87.56516019,14.802,2019-11-20,1542,2,2,0,2,CLEAR,DRY,False,HEAD-ON COLLISION,HEAD ON,STRAIGHT & LEVEL,DAYLIGHT,,,43791.61031,False,140,Accepted,5,4,C,OTHER,"EMOTIONAL, EXCEEDED STATED SPEED LIMIT, NOT UNDER PROPER CONTROL",,2019,1
1310,25963233,0510100,HENDERSON POLICE DEPARTMENT,Accepted,HENDERSON,KY0351,400,2ND,ST,,,,,,,,37.8388972,-87.58697963,0.087,2019-11-22,1732,2,2,0,1,CLEAR,DRY,False,1 VEHICLE ENTERING/LEAVING ENTRANCE,ANGLE,STRAIGHT & LEVEL,DARK-HWY NOT LIGHTED,,,43792.61508,False,50,Accepted,5,4,C,,INATTENTION,,2019,1
1311,25963235,0510100,HENDERSON POLICE DEPARTMENT,Accepted,HENDERSON,,,GREEN RIVER,RD,,,BELLEMONT,,,,,37.8662659,-87.56186807,0.431,2019-11-21,1046,1,1,0,0,RAINING,WET,False,COLLISION WITH FIXED OBJECT IN INTERSECTION - FIRST EVENT COLLISION 09 - 32,SINGLE VEHICLE,STRAIGHT & LEVEL,DAYLIGHT,,,43792.61551,False,17,Accepted,5,5,O,SLIPPERY SURFACE,,,2019,1
1312,25965622,0510100,HENDERSON POLICE DEPARTMENT,Accepted,HENDERSON,US0041,2202,US41,,N,,CANARY,,,,,37.86792458,-87.57191564,16.842,2019-11-22,1959,2,2,0,0,CLEAR,DRY,False,ANGLE COLLISION - OTHER,ANGLE,STRAIGHT & LEVEL,DARK-HWY LIGHTED/ON,,,43793.58574,False,58,Accepted,5,5,O,,INATTENTION,,2019,1
1313,25967268,0510100,HENDERSON POLICE DEPARTMENT,Accepted,HENDERSON,US0060,2500,US60,,E,,BEND GATE,,,,,37.86481508,-87.5559243,11.348,2019-11-20,1730,1,1,0,0,CLEAR,WET,False,COLLISION WITH ANIMAL IN INTERSECTION,SINGLE VEHICLE,STRAIGHT & HILLCREST,DARK-HWY LIGHTED/ON,,,43793.99894,False,61,Accepted,5,5,O,,,,2019,1
1318,25970774,0510100,HENDERSON POLICE DEPARTMENT,Accepted,HENDERSON,,,PEBBLE CREEK,DR,,US0060,US60,,,,,37.86453961,-87.54903881,0.014,2019-11-23,958,2,2,0,0,RAINING,WET,False,OPPOSITE DIRECTION - BOTH VEHICLES GOING STRAIGHT AHEAD,SIDESWIPE-OPPOSITE DIRECTION,STRAIGHT & LEVEL,DAYLIGHT,,,43794.54489,False,67,Accepted,5,5,O,SLIPPERY SURFACE,INATTENTION,,2019,1
1319,25973262,0510100,HENDERSON POLICE DEPARTMENT,Accepted,HENDERSON,US0041A,1000,GREEN,ST,N,,,,,,,37.84958144,-87.58195343,16.71,2019-11-24,1836,2,2,0,0,CLEAR,DRY,True,SIDESWIPE COLLISION - SAME DIRECTION,SIDESWIPE-SAME DIRECTION,STRAIGHT & LEVEL,DARK-HWY LIGHTED/ON,,,43794.82204,False,50,Accepted,5,5,O,,"INATTENTION, NOT UNDER PROPER CONTROL, OTHER",MIRRORS,2019,1
1320,25973785,0510100,HENDERSON POLICE DEPARTMENT,Accepted,HENDERSON,,,WATSON,LN,,,WILDERNESS,,,,,37.86527317,-87.55507131,0.038,2019-11-24,2149,1,1,0,1,CLEAR,DRY,False,OTHER INTERSECTION COLLISIONS,SINGLE VEHICLE,CURVE & GRADE,DARK-HWY NOT LIGHTED,,,43794.98971,False,24,Accepted,2,2,A,,"FELL ASLEEP, INATTENTION, NOT UNDER PROPER CONTROL",,2019,1
1321,25976642,0510100,HENDERSON POLICE DEPARTMENT,Accepted,HENDERSON,,2480,SUMMIT,DR,,,,,,,,37.86961854,-87.56574861,0.041,2019-11-22,1141,2,2,0,0,CLOUDY,WET,False,1 VEHICLE PARKED POSITION (NOT PARKING LOT/DRIVEWAY),BACKING,STRAIGHT & GRADE,DAYLIGHT,,,43795.53402,False,67,Accepted,5,5,O,,INATTENTION,,2019,1
1322,25977129,0510100,HENDERSON POLICE DEPARTMENT,Accepted,HENDERSON,,1000,WASHINGTON,ST,,,,,,,,37.83089501,-87.58194651,0.597,2019-11-24,1208,2,2,0,0,CLEAR,DRY,False,1 VEHICLE ENTERING/LEAVING ENTRANCE,ANGLE,STRAIGHT & LEVEL,DAYLIGHT,,,43795.58672,False,56,Accepted,5,5,O,,INATTENTION,,2019,1
1323,25977132,0510100,HENDERSON POLICE DEPARTMENT,Accepted,HENDERSON,KY0812,,AIRLINE,RD,,,,KY2084,KY2084,,HALLWAY,37.81919732,-87.56773667,7.29,2019-11-23,715,1,1,0,0,RAINING,WET,False,COLLISION WITH FIXED OBJECT NON - INTERSECTION - FIRST EVENT COLLISION 09 - 32 EXCLUDING 16,SINGLE VEHICLE,STRAIGHT & LEVEL,DAYLIGHT,,,43795.587,False,65,Accepted,5,5,O,,NOT UNDER PROPER CONTROL,,2019,1
1324,25977133,0510100,HENDERSON POLICE DEPARTMENT,Accepted,HENDERSON,KY0812,,AIRLINE,RD,,KY2084,KY2084,,,,,37.82013014,-87.56936457,7.396,2019-11-21,714,2,2,0,0,CLEAR,DRY,False,ANGLE COLLISION - ONE VEHICLE TURNING RIGHT,ANGLE,STRAIGHT & LEVEL,DAYLIGHT,,,43795.58718,False,65,Accepted,5,5,O,,INATTENTION,,2019,1
1325,25977134,0510100,HENDERSON POLICE DEPARTMENT,Accepted,HENDERSON,US0041,,US41,,N,,,,VAN WYK,,KIMSEY,37.84523863,-87.56605735,15.122,2019-11-22,747,1,1,0,0,CLEAR,DRY,False,RAN OFF ROADWAY (1 VEHICLE WITH/EARTH EMBANKMENT/DITCH),SINGLE VEHICLE,STRAIGHT & LEVEL,DAYLIGHT,,,43795.58746,False,65,Accepted,5,5,O,,NOT UNDER PROPER CONTROL,,2019,1
1326,25977136,0510100,HENDERSON POLICE DEPARTMENT,Accepted,HENDERSON,,,ELM,ST,N,,,,1ST,,2ND,37.8395204,-87.59045257,0.119,2019-11-21,1300,2,2,0,1,CLOUDY,DRY,False,VEHICLE BACKING NON INTERSECTION,BACKING,STRAIGHT & GRADE,DAYLIGHT,,,43795.58764,False,36,Accepted,5,4,C,,INATTENTION,,2019,1
1330,25977902,0510100,HENDERSON POLICE DEPARTMENT,Accepted,HENDERSON,,,CENTER,ST,,,INGRAM,,,,,37.83651402,-87.58855002,0.751,2019-11-25,1555,2,2,0,3,CLEAR,DRY,True,ANGLE COLLISION - OTHER,ANGLE,STRAIGHT & LEVEL,DAYLIGHT,,,43795.65808,False,44,Accepted,5,4,C,,,,2019,1
1331,25981035,0510100,HENDERSON POLICE DEPARTMENT,Accepted,HENDERSON,KY0351,2400,ZION,RD,,,,,,,,37.82848243,-87.55851502,1.816,2019-11-11,556,2,2,0,0,CLEAR,DRY,False,SIDESWIPE COLLISION - SAME DIRECTION,SIDESWIPE-SAME DIRECTION,STRAIGHT & LEVEL,DAYLIGHT,,,43796.40823,False,56,Accepted,5,5,O,,,,2019,1
1332,25983222,0510100,HENDERSON POLICE DEPARTMENT,Accepted,HENDERSON,US0060,,GREEN,ST,S,KY0425,KY425,,,,,37.7999925,-87.64770425,8.715,2019-11-26,1741,3,3,0,2,RAINING,WET,False,OPPOSING LEFT TURN,OPPOSING LEFT TURN,STRAIGHT & LEVEL,DARK-HWY LIGHTED/ON,,,43796.7107,False,38,Accepted,5,3,B,,FAILED TO YIELD RIGHT OF WAY,,2019,1
1333,25983223,0510100,HENDERSON POLICE DEPARTMENT,Accepted,HENDERSON,,1100,MAIN,ST,N,,,,,,,37.85242068,-87.5841109,1.006,2019-11-27,1250,2,2,0,0,CLEAR,DRY,False,OCCUPANT FELL FROM MOVING VEHICLE,SIDESWIPE-SAME DIRECTION,STRAIGHT & LEVEL,DAYLIGHT,,,43796.71078,False,50,Accepted,5,5,O,,,OTHER,2019,1
1334,25986840,0510100,HENDERSON POLICE DEPARTMENT,Accepted,HENDERSON,,500,ELM,ST,N,,,,,,,37.84399963,-87.587414,0.45,2019-11-25,1338,2,2,0,0,CLEAR,DRY,False,1 VEHICLE PARKED POSITION (NOT PARKING LOT/DRIVEWAY),SIDESWIPE-SAME DIRECTION,STRAIGHT & LEVEL,DAYLIGHT,,,43797.92486,False,58,Accepted,5,5,O,,INATTENTION,,2019,1
1335,25987691,0510100,HENDERSON POLICE DEPARTMENT,Accepted,HENDERSON,US0041,,US41,,N,,WATSON,,,,,37.87539091,-87.5677464,17.413,2019-11-27,830,2,2,0,0,CLEAR,DRY,False,OTHER INTERSECTION COLLISIONS,REAR END,STRAIGHT & LEVEL,DAYLIGHT,,,43798.31693,False,67,Accepted,5,5,O,,INATTENTION,,2019,1
1336,25987966,0510100,HENDERSON POLICE DEPARTMENT,Accepted,HENDERSON,,,ADAMS,ST,N,,9TH,,,,,37.84728114,-87.57982059,0.864,2019-11-17,845,1,1,0,0,CLOUDY,DRY,True,COLLISION WITH FIXED OBJECT IN INTERSECTION - FIRST EVENT COLLISION 09 - 32,SINGLE VEHICLE,STRAIGHT & LEVEL,DAYLIGHT,,,43798.44118,False,34,Accepted,5,5,O,,DRUG INVOLVEMENT,,2019,1
1337,25990215,0510100,HENDERSON POLICE DEPARTMENT,Accepted,HENDERSON,US0041,1949,US41,,N,,,,,,,37.86357032,-87.57430791,16.522,2019-11-29,2049,2,2,0,0,RAINING,WET,False,1 VEHICLE ENTERING/LEAVING ENTRANCE,ANGLE,STRAIGHT & LEVEL,DARK-HWY LIGHTED/ON,,,43799.15255,False,62,Accepted,5,5,O,SLIPPERY SURFACE,"ALCOHOL INVOLVEMENT, CELL PHONE",,2019,1
1338,25994010,0510100,HENDERSON POLICE DEPARTMENT,Accepted,HENDERSON,US0060,2150,US60,,E,,,,,,,37.86040547,-87.56650809,10.68,2019-11-27,1450,2,2,0,0,CLEAR,DRY,False,SIDESWIPE COLLISION - SAME DIRECTION,SIDESWIPE-SAME DIRECTION,STRAIGHT & LEVEL,DAYLIGHT,,,43800.74934,False,17,Accepted,5,5,O,,INATTENTION,,2019,1
1339,25994013,0510100,HENDERSON POLICE DEPARTMENT,Accepted,HENDERSON,US0060,,US60,,E,,WATSON,,,,,37.86473003,-87.55510686,11.392,2019-11-29,1120,2,2,0,0,CLEAR,DRY,False,SIDESWIPE-SAME DIRECTION,SIDESWIPE-SAME DIRECTION,STRAIGHT & HILLCREST,DAYLIGHT,,,43800.74941,False,44,Accepted,5,5,O,OTHER,,,2019,1
1340,25994020,0510100,HENDERSON POLICE DEPARTMENT,Accepted,HENDERSON,US0041A,1000,GREEN,ST,N,,,,,,,37.84969762,-87.58190411,16.707,2019-11-29,1551,2,2,0,0,CLEAR,DRY,False,OTHER ROADWAY OR MID-BLOCK COLLISION,REAR END,STRAIGHT & LEVEL,DAYLIGHT,,,43800.74952,False,18,Accepted,5,5,O,,FOLLOWING TOO CLOSE,,2019,1
1341,25995715,0510100,HENDERSON POLICE DEPARTMENT,Accepted,HENDERSON,,400,POWELL,ST,,,INGRAM,,,,,37.83448543,-87.59074728,0.373,2019-11-30,2300,2,2,0,1,RAINING,WET,False,ANGLE COLLISION - OTHER,ANGLE,STRAIGHT & LEVEL,DARK-HWY LIGHTED/ON,,,43801.21413,False,35,Accepted,5,4,C,,DISREGARD TRAFFIC CONTROL,,2019,1
1343,26001305,0510100,HENDERSON POLICE DEPARTMENT,Accepted,HENDERSON,US0041A,901,GREEN,ST,N,,,,,,,37.84830436,-87.58276789,16.614,2019-11-27,1800,2,2,0,0,CLEAR,DRY,True,SIDESWIPE COLLISION - SAME DIRECTION,SIDESWIPE-SAME DIRECTION,STRAIGHT & LEVEL,DARK-HWY LIGHTED/ON,,,43801.92658,False,50,Accepted,5,5,O,,"INATTENTION, OTHER",OTHER,2019,1
1344,26001307,0510100,HENDERSON POLICE DEPARTMENT,Accepted,HENDERSON,,,ADAMS,LN,,KY0351,ZION,,,,,37.82593035,-87.54828021,0.002,2019-12-02,1543,2,2,0,0,CLOUDY,DRY,False,OPPOSING LEFT TURN,OPPOSING LEFT TURN,STRAIGHT & LEVEL,DAYLIGHT,,,43801.92663,False,22,Accepted,5,5,O,,MISJUDGE CLEARANCE,,2019,1
1345,26001308,0510100,HENDERSON POLICE DEPARTMENT,Accepted,HENDERSON,,,LETCHER,ST,,,CUMNOCK,,,,,37.82531465,-87.58074146,0.272,2019-11-27,1835,2,2,0,0,CLOUDY,DRY,False,COLLISION WITH PARKED VEHICLE,SIDESWIPE-OPPOSITE DIRECTION,STRAIGHT & LEVEL,DARK-HWY LIGHTED/ON,,,43801.92668,False,22,Accepted,5,5,O,,MISJUDGE CLEARANCE,,2019,1