OBJECTID,IncidentID,AgencyORI,AgencyName,IncidentStatusDesc,County,RdwyNumber,Street,RoadwayName,StreetSfx,StreetDir,IntersectionRdwy,IntersectionRdwyName,BetweenStRdwy1,BetweenStRdwyName1,BetweenStRdwy2,BetweenStRdwyName2,Latitude,Longitude,Milepoint,CollisionDate,CollisionTime,UnitsInvolved,MotorVehiclesInvolved,NumberKilled,NumberInjured,Weather,RdwyConditionCode,HitandRun,DirAnalysisCode,MannerofCollision,RdwyCharacter,LightCondition,RampFromRdwyId,RampToRdwyId,AcceptedDate,IsSecondaryCollision,OwnerBadge,IncidentStatus,InjurySeverityCde,KABCO_Code,KABCO,Environmental_Factors,Human_Factors,Vehicular_Factors,CollisionYear,CityCrash
1346,26001309,0510100,HENDERSON POLICE DEPARTMENT,Accepted,HENDERSON,KY0351,1800,2ND,ST,,,,,,,,37.83156098,-87.5697251,1.161,2019-12-02,1835,2,2,0,0,CLEAR,DRY,False,SIDESWIPE COLLISION - SAME DIRECTION,SIDESWIPE-SAME DIRECTION,STRAIGHT & LEVEL,DARK-HWY LIGHTED/ON,,,43801.92676,False,50,Accepted,5,5,O,,INATTENTION,,2019,1
1355,26005973,0510000,HENDERSON COUNTY SHERIFF DEPT.,Accepted,HENDERSON,US0041,,US41,,N,,WATSON,,,,,37.87530129,-87.56770944,17.407,2019-12-01,411,2,2,0,1,CLOUDY,WET,False,ANGLE COLLISION - OTHER,ANGLE,STRAIGHT & LEVEL,DARK-HWY LIGHTED/ON,,,43802.68906,False,135,Accepted,5,4,C,,DISREGARD TRAFFIC CONTROL,,2019,1
1358,26014073,0510100,HENDERSON POLICE DEPARTMENT,Accepted,HENDERSON,,,1ST,ST,,,,,WATER,,MAIN,37.83990751,-87.59364686,0.027,2019-12-02,1224,2,2,0,0,CLOUDY,DRY,False,VEHICLE BACKING NON INTERSECTION,BACKING,STRAIGHT & LEVEL,DAYLIGHT,,,43804.3762,False,36,Accepted,5,5,O,,INATTENTION,,2019,1
1361,26017592,0510100,HENDERSON POLICE DEPARTMENT,Accepted,HENDERSON,US0041,2000,US41,,N,,,,,,,37.86764425,-87.5719729,16.83,2019-11-30,2212,2,2,0,1,CLEAR,DRY,False,1 VEHICLE ENTERING/LEAVING ENTRANCE,ANGLE,STRAIGHT & LEVEL,DARK-HWY LIGHTED/ON,,,43804.8082,False,63,Accepted,3,3,B,,INATTENTION,,2019,1
1362,26019970,0510100,HENDERSON POLICE DEPARTMENT,Accepted,HENDERSON,US0060,,GREEN,ST,S,,BORAX,,,,,37.81108205,-87.62277584,10.282,2019-12-02,821,2,2,0,0,RAINING,WET,False,OTHER INTERSECTION COLLISIONS,REAR END,STRAIGHT & LEVEL,DAYLIGHT,,,43805.38846,False,26,Accepted,5,5,O,,INATTENTION,,2019,1
1363,26019971,0510100,HENDERSON POLICE DEPARTMENT,Accepted,HENDERSON,US0041,2910,US41,,N,,,,,,,37.88074647,-87.56469005,17.809,2019-12-05,827,2,2,0,0,CLEAR,DRY,False,SIDESWIPE COLLISION - SAME DIRECTION,SIDESWIPE-SAME DIRECTION,STRAIGHT & LEVEL,DAYLIGHT,,,43805.38861,False,37,Accepted,5,5,O,,"FAILED TO KEEP PROPER LANE, MISJUDGE CLEARANCE",,2019,1
1365,26022575,0510100,HENDERSON POLICE DEPARTMENT,Accepted,HENDERSON,US0041A,,GREEN,ST,N,,14TH,,,,,37.85409417,-87.5788535,17.074,2019-12-05,1410,2,2,0,0,CLEAR,DRY,False,OTHER INTERSECTION COLLISIONS,REAR END,CURVE & LEVEL,DAYLIGHT,,,43805.78114,False,44,Accepted,5,5,O,,,BRAKES DEFECTIVE,2019,1
1366,26027978,0510100,HENDERSON POLICE DEPARTMENT,Accepted,HENDERSON,,,CLAY,ST,,,ATKINSON,,,,,37.82456161,-87.57754151,,2019-12-08,1445,1,1,0,0,CLEAR,DRY,False,COLLISION WITH FIXED OBJECT IN INTERSECTION - FIRST EVENT COLLISION 09 - 32,SINGLE VEHICLE,CURVE & LEVEL,DAYLIGHT,,,43807.83096,False,64,Accepted,5,5,O,,,STEERING FAILURE,2019,1
1367,26027981,0510100,HENDERSON POLICE DEPARTMENT,Accepted,HENDERSON,US0041A,1700,GREEN,ST,S,,,,,,,37.81587541,-87.61506908,13.651,2019-12-08,1441,2,2,0,0,CLOUDY,DRY,False,1 VEHICLE ENTERING/LEAVING ENTRANCE,ANGLE,STRAIGHT & LEVEL,DAYLIGHT,,,43807.83105,False,19,Accepted,5,5,O,,INATTENTION,,2019,1
1368,26028423,0510100,HENDERSON POLICE DEPARTMENT,Accepted,HENDERSON,US0060,,US60,,E,,STARLIGHT,,,,,37.86427307,-87.55853168,11.195,2019-12-07,2328,1,1,0,0,CLEAR,DRY,False,COLLISION WITH ANIMAL IN INTERSECTION,SINGLE VEHICLE,STRAIGHT & GRADE,DARK-HWY NOT LIGHTED,,,43807.98852,False,24,Accepted,5,5,O,ANIMALS ACTION,,,2019,1
1376,26037132,0510100,HENDERSON POLICE DEPARTMENT,Accepted,HENDERSON,,721,ADAMS,ST,N,,,,,,,37.84538449,-87.58110314,0.715,2019-12-06,1330,2,2,0,0,CLEAR,DRY,True,1 VEHICLE PARKED POSITION (NOT PARKING LOT/DRIVEWAY),SIDESWIPE-SAME DIRECTION,STRAIGHT & LEVEL,DAYLIGHT,,,43809.65509,False,37,Accepted,5,5,O,,"FAILED TO KEEP PROPER LANE, INATTENTION",,2019,1
1377,26037295,0510100,HENDERSON POLICE DEPARTMENT,Accepted,HENDERSON,,,ILEX,DR,,,,,,,,37.80522013,-87.58787646,0.002,2019-12-09,1422,2,2,0,0,RAINING,WET,False,1 VEHICLE ENTERING/LEAVING ENTRANCE,ANGLE,STRAIGHT & LEVEL,DAYLIGHT,,,43809.67826,False,19,Accepted,5,5,O,,INATTENTION,,2019,1
1378,26037687,0510100,HENDERSON POLICE DEPARTMENT,Accepted,HENDERSON,,1120,OBYRNE,ST,,,,,,,,37.82662594,-87.58455405,0.034,2019-12-08,2131,2,2,0,0,CLEAR,DRY,True,1 VEHICLE PARKED POSITION (NOT PARKING LOT/DRIVEWAY),HEAD ON,STRAIGHT & LEVEL,DARK-HWY LIGHTED/OFF,,,43809.73401,False,15,Accepted,5,5,O,,,,2019,1
1379,26044558,0510100,HENDERSON POLICE DEPARTMENT,Accepted,HENDERSON,,,WATHEN,LN,,,BRAXTON PARK,,,,,37.87758041,-87.52545819,1.111,2019-12-10,2213,1,1,0,0,CLEAR,DRY,False,COLLISION WITH FIXED OBJECT IN INTERSECTION - FIRST EVENT COLLISION 09 - 32,SINGLE VEHICLE,STRAIGHT & LEVEL,DARK-HWY LIGHTED/ON,,,43811.05202,False,46,Accepted,5,5,O,,MISJUDGE CLEARANCE,,2019,1
1380,26044559,0510100,HENDERSON POLICE DEPARTMENT,Accepted,HENDERSON,US0041A,1990,GREEN,ST,S,,,,,,,37.81237852,-87.62029643,13.255,2019-12-11,300,1,1,0,0,CLEAR,DRY,False,COLLISION WITH FIXED OBJECT NON - INTERSECTION - FIRST EVENT COLLISION 09 - 32 EXCLUDING 16,SINGLE VEHICLE,STRAIGHT & HILLCREST,DARK-HWY LIGHTED/ON,,,43811.05212,False,46,Accepted,5,5,O,,,,2019,1
1381,26046467,0510100,HENDERSON POLICE DEPARTMENT,Accepted,HENDERSON,,,ELM,ST,N,,,,1ST,,2ND,37.83985338,-87.5902614,0.145,2019-12-10,1249,2,2,0,0,CLEAR,DRY,False,VEHICLE BACKING NON INTERSECTION,BACKING,STRAIGHT & LEVEL,DAYLIGHT,,,43811.47176,False,36,Accepted,5,5,O,,INATTENTION,,2019,1
1383,26049271,0510100,HENDERSON POLICE DEPARTMENT,Accepted,HENDERSON,US0041,1900,US41,,N,,,,,,,37.86289589,-87.57456736,16.474,2019-12-03,1824,2,2,0,0,CLEAR,DRY,False,SIDESWIPE COLLISION - SAME DIRECTION,SIDESWIPE-SAME DIRECTION,STRAIGHT & LEVEL,DARK-HWY LIGHTED/ON,,,43811.83666,False,17,Accepted,5,5,O,,INATTENTION,,2019,1
1384,26051549,0510100,HENDERSON POLICE DEPARTMENT,Accepted,HENDERSON,,,5TH,ST,,,WATER,,,,,37.8451564,-87.59064018,1.239,2019-12-12,1019,2,2,0,0,CLEAR,DRY,False,OTHER INTERSECTION COLLISIONS,REAR END,STRAIGHT & LEVEL,DAYLIGHT,,,43812.39797,False,37,Accepted,5,5,O,,"FOLLOWING TOO CLOSE, INATTENTION",,2019,1
1385,26051550,0510100,HENDERSON POLICE DEPARTMENT,Accepted,HENDERSON,,1449,CORPORATE,CT,,,,,,,,37.81613061,-87.59192391,0.103,2019-12-03,1203,1,1,0,0,CLEAR,DRY,False,COLLISION WITH FIXED OBJECT NON - INTERSECTION - FIRST EVENT COLLISION 09 - 32 EXCLUDING 16,SINGLE VEHICLE,STRAIGHT & LEVEL,DAYLIGHT,,,43812.39863,False,26,Accepted,5,5,O,,DISTRACTION,,2019,1
1389,26053319,0510100,HENDERSON POLICE DEPARTMENT,Accepted,HENDERSON,US0041A,,GREEN,ST,N,,,,1ST,KY0351,2ND,37.83866838,-87.58903155,15.86,2019-12-12,634,2,2,0,2,CLEAR,DRY,False,OTHER ROADWAY OR MID-BLOCK COLLISION,REAR END,STRAIGHT & LEVEL,DAWN,,,43812.62593,False,36,Accepted,4,4,C,,DISTRACTION,,2019,1
1390,26054362,0510100,HENDERSON POLICE DEPARTMENT,Accepted,HENDERSON,,,ELM,ST,N,,11TH,,,,,37.85150256,-87.58270964,1.045,2019-12-11,558,2,2,0,0,CLEAR,DRY,False,SIDESWIPE-SAME DIRECTION,SIDESWIPE-SAME DIRECTION,STRAIGHT & LEVEL,DAYLIGHT,,,43812.79428,False,38,Accepted,5,5,O,,"IMPROPER PASSING, INATTENTION",,2019,1
1391,26054364,0510100,HENDERSON POLICE DEPARTMENT,Accepted,HENDERSON,US0060,,US60,,E,,PEBBLE CREEK,,,,,37.8646598,-87.54918932,11.711,2019-12-12,1751,2,2,0,1,CLEAR,DRY,False,ANGLE COLLISION - OTHER,ANGLE,STRAIGHT & LEVEL,DARK-HWY LIGHTED/ON,,,43812.7945,False,17,Accepted,5,4,C,,INATTENTION,,2019,1
1393,26059300,0510100,HENDERSON POLICE DEPARTMENT,Accepted,HENDERSON,US0060,2200,US60,,E,,MARYWOOD,,,,,37.86098961,-87.5646495,10.784,2019-12-13,1800,2,2,0,0,CLEAR,DRY,False,ANGLE COLLISION - OTHER,ANGLE,STRAIGHT & LEVEL,DARK-HWY LIGHTED/ON,,,43814.72615,False,58,Accepted,5,5,O,,INATTENTION,,2019,1
1394,26061874,0510100,HENDERSON POLICE DEPARTMENT,Accepted,HENDERSON,,,MADISON,ST,,,,,,,,37.82076307,-87.59018817,0.003,2019-12-15,1739,2,2,0,0,RAINING,WET,False,1 VEHICLE ENTERING/LEAVING ENTRANCE,ANGLE,CURVE & LEVEL,DARK-HWY LIGHTED/ON,,,43815.38039,False,19,Accepted,5,5,O,,INATTENTION,,2019,1
1395,26061875,0510100,HENDERSON POLICE DEPARTMENT,Accepted,HENDERSON,US0041,,US41,,N,,,,,,,37.85933659,-87.57529319,16.223,2019-12-14,1840,2,2,0,0,CLEAR,DRY,False,SIDESWIPE COLLISION - SAME DIRECTION,SIDESWIPE-SAME DIRECTION,CURVE & GRADE,DARK-HWY LIGHTED/ON,,,43815.38053,False,44,Accepted,5,5,O,,INATTENTION,,2019,1
1396,26061876,0510100,HENDERSON POLICE DEPARTMENT,Accepted,HENDERSON,US0041,2860,US41,,N,,,,,,,37.87934094,-87.56547362,17.709,2019-12-15,1810,1,1,0,0,RAINING,WET,True,OTHER COLLISIONS ON SHOULDER,SINGLE VEHICLE,STRAIGHT & LEVEL,DARK-HWY LIGHTED/ON,,,43815.38064,False,44,Accepted,5,5,O,,,,2019,1
1402,26066917,0510100,HENDERSON POLICE DEPARTMENT,Accepted,HENDERSON,,300,3RD,ST,,,,,,,,37.84003504,-87.58629765,0.379,2019-12-16,1803,2,2,0,0,RAINING,WET,False,1 VEHICLE ENTERING/LEAVING ENTRANCE,ANGLE,STRAIGHT & LEVEL,DARK-HWY LIGHTED/ON,,,43816.32716,False,50,Accepted,5,5,O,,INATTENTION,,2019,1
1409,26073508,0510100,HENDERSON POLICE DEPARTMENT,Accepted,HENDERSON,KY2084,,KY2084,,S,,,,FRANCIS,,CRESLINE,37.81413033,-87.57101528,1.713,2019-12-13,702,3,3,0,0,CLEAR,DRY,False,REAR END IN TRAFFIC LANES BOTH VEHICLES MOVING,REAR END,STRAIGHT & LEVEL,DAYLIGHT,,,43817.48382,False,65,Accepted,5,5,O,,INATTENTION,,2019,1
1410,26073512,0510100,HENDERSON POLICE DEPARTMENT,Accepted,HENDERSON,US0041,,US41,,N,,,,BARKER,,WALKER,37.87170145,-87.56987894,17.131,2019-12-14,1341,2,2,0,0,CLOUDY,DRY,False,OTHER ROADWAY OR MID-BLOCK COLLISION,REAR END,STRAIGHT & LEVEL,DAYLIGHT,,,43817.48404,False,67,Accepted,5,5,O,,INATTENTION,,2019,1
1411,26073530,0510100,HENDERSON POLICE DEPARTMENT,Accepted,HENDERSON,,698,WATSON,LN,,,,,,,,37.87261764,-87.55971989,0.613,2019-12-18,638,1,1,0,0,CLOUDY,DRY,False,COLLISION WITH ANIMAL NON INTERSECTION,SINGLE VEHICLE,STRAIGHT & LEVEL,DAWN,,,43817.49059,False,67,Accepted,5,5,O,ANIMALS ACTION,,,2019,1
1412,26073532,0510100,HENDERSON POLICE DEPARTMENT,Accepted,HENDERSON,US0041A,,GREEN,ST,N,,12TH,,,,,37.85198024,-87.58035162,16.904,2019-12-14,1045,2,2,0,2,CLOUDY,DRY,False,OTHER INTERSECTION COLLISIONS,REAR END,STRAIGHT & LEVEL,DAYLIGHT,,,43817.49067,False,34,Accepted,5,4,C,,INATTENTION,,2019,1
1413,26073533,0510100,HENDERSON POLICE DEPARTMENT,Accepted,HENDERSON,US0041,,,,,,,,,,,37.85693297,-87.57159645,0.156,2019-12-17,543,1,1,0,0,SNOWING,SNOW/SLUSH,False,COLLISION WITH FIXED OBJECT NOT IN GORE ,SINGLE VEHICLE,CURVE & GRADE,DARK-HWY LIGHTED/ON,US0041,US0041,43817.49076,False,34,Accepted,5,5,O,SLIPPERY SURFACE,,,2019,1
1414,26075217,0510100,HENDERSON POLICE DEPARTMENT,Accepted,HENDERSON,US0041A,,GREEN,ST,S,,VINE,,,,,37.83123104,-87.59572183,15.228,2019-12-16,1820,2,2,0,1,RAINING,WET,False,ANGLE COLLISION - OTHER,ANGLE,STRAIGHT & GRADE,DARK-HWY NOT LIGHTED,,,43817.69558,False,44,Accepted,4,4,C,,"DRUG INVOLVEMENT, FAILED TO YIELD RIGHT OF WAY, INATTENTION",,2019,1
1415,26078483,0510100,HENDERSON POLICE DEPARTMENT,Accepted,HENDERSON,US0041,,US41,,N,,WATSON,,,,,37.87543697,-87.56780444,17.414,2019-12-16,1110,2,2,0,0,RAINING,WET,False,OTHER INTERSECTION COLLISIONS,REAR END,STRAIGHT & LEVEL,DAYLIGHT,,,43818.43551,False,37,Accepted,5,5,O,SLIPPERY SURFACE,TOO FAST FOR CONDITIONS,,2019,1
1416,26078522,0510100,HENDERSON POLICE DEPARTMENT,Accepted,HENDERSON,US0041A,,GREEN,ST,S,,AUDUBON,,,,,37.83066772,-87.59638312,15.197,2019-12-09,731,2,2,0,0,CLOUDY,DRY,False,ANGLE COLLISION - ONE VEHICLE TURNING LEFT,ANGLE,STRAIGHT & LEVEL,DAYLIGHT,,,43818.44263,False,26,Accepted,5,5,O,,INATTENTION,,2019,1
1417,26078523,0510100,HENDERSON POLICE DEPARTMENT,Accepted,HENDERSON,,611,6TH,ST,,,,,,,,37.84282716,-87.58210268,0.042,2019-12-11,1114,2,2,0,0,CLEAR,DRY,True,1 VEHICLE PARKED POSITION (NOT PARKING LOT/DRIVEWAY),BACKING,STRAIGHT & LEVEL,DAYLIGHT,,,43818.44276,False,26,Accepted,5,5,O,,"IMPROPER BACKING, INATTENTION, MISJUDGE CLEARANCE",,2019,1
1419,26083538,0510100,HENDERSON POLICE DEPARTMENT,Accepted,HENDERSON,US0041A,,GREEN,ST,N,,,,5TH,,6TH,37.84370825,-87.58571036,16.251,2019-12-19,1340,2,2,0,0,CLOUDY,DRY,False,SIDESWIPE COLLISION - SAME DIRECTION,SIDESWIPE-SAME DIRECTION,STRAIGHT & LEVEL,DAYLIGHT,,,43819.42214,False,67,Accepted,5,5,O,,INATTENTION,,2019,1
1420,26083549,0510100,HENDERSON POLICE DEPARTMENT,Accepted,HENDERSON,US0041A,,GREEN,ST,N,,9TH,,,,,37.84832734,-87.58276159,16.614,2019-12-19,747,2,2,0,0,CLEAR,DRY,False,OPPOSING LEFT TURN,OPPOSING LEFT TURN,STRAIGHT & LEVEL,DAYLIGHT,,,43819.4243,False,36,Accepted,5,5,O,BACKUP DUE TO REGULAR CONGESTION,FAILED TO YIELD RIGHT OF WAY,,2019,1
1426,26088784,0510100,HENDERSON POLICE DEPARTMENT,Accepted,HENDERSON,US0041,1917,US41,,N,,,,,,,37.86237378,-87.57493813,16.433,2019-12-19,1750,3,3,0,1,CLEAR,DRY,False,REAR END IN TRAFFIC LANES BOTH VEHICLES MOVING,REAR END,STRAIGHT & LEVEL,DARK-HWY LIGHTED/ON,,,43820.83171,False,44,Accepted,5,4,C,,INATTENTION,,2019,1
1427,26091199,0510100,HENDERSON POLICE DEPARTMENT,Accepted,HENDERSON,,1400,ELM,ST,N,,,,,,,37.85483578,-87.58061969,1.3,2019-12-21,1905,2,2,0,0,CLEAR,DRY,False,1 VEHICLE ENTERING/LEAVING ENTRANCE,ANGLE,STRAIGHT & LEVEL,DARK-HWY LIGHTED/ON,,,43821.69854,False,50,Accepted,5,5,O,OTHER,INATTENTION,,2019,1
1428,26091200,0510100,HENDERSON POLICE DEPARTMENT,Accepted,HENDERSON,,833,MADISON,ST,,,ALVASIA,,,,,37.82731367,-87.59123877,0.466,2019-12-04,1928,1,1,0,0,CLEAR,DRY,False,COLLISION WITH FIXED OBJECT IN INTERSECTION - FIRST EVENT COLLISION 09 - 32,SINGLE VEHICLE,STRAIGHT & LEVEL,DARK-HWY LIGHTED/ON,,,43821.69869,False,38,Accepted,5,5,O,,NOT UNDER PROPER CONTROL,,2019,1
1429,26092658,0510100,HENDERSON POLICE DEPARTMENT,Accepted,HENDERSON,US0041A,202,GREEN,ST,N,,,,,,,37.83954111,-87.58804423,15.907,2019-12-20,2336,1,1,0,0,CLOUDY,DRY,False,OTHER ROADWAY OR MID-BLOCK COLLISION,SINGLE VEHICLE,STRAIGHT & LEVEL,DARK-HWY LIGHTED/ON,,,43822.1149,False,62,Accepted,5,5,O,,INATTENTION,,2019,1
1430,26092772,0510100,HENDERSON POLICE DEPARTMENT,Accepted,HENDERSON,,200,BLUE RIDGE,RD,,,,,,,,37.82365509,-87.57018807,0.17,2019-12-22,200,1,1,0,0,CLEAR,DRY,False,COLLISION WITH FIXED OBJECT NON - INTERSECTION - FIRST EVENT COLLISION 09 - 32 EXCLUDING 16,SINGLE VEHICLE,CURVE & LEVEL,DARK (UNKNOWN ROADWAY LIGHTING),,,43822.16494,False,63,Accepted,5,5,O,,"INATTENTION, TOO FAST FOR CONDITIONS",,2019,1
1431,26093881,0510100,HENDERSON POLICE DEPARTMENT,Accepted,HENDERSON,,200,ELM,ST,N,,,,,,,37.84026159,-87.58980835,0.182,2019-12-14,1111,2,2,0,0,CLEAR,DRY,False,1 VEHICLE PARKED POSITION (NOT PARKING LOT/DRIVEWAY),BACKING,STRAIGHT & LEVEL,DAYLIGHT,,,43822.37767,False,27,Accepted,5,5,O,,MISJUDGE CLEARANCE,,2019,1
1432,26093884,0510100,HENDERSON POLICE DEPARTMENT,Accepted,HENDERSON,KY0351,,2ND,ST,,,,,KLUTEY PARK PLAZA,,PRIEST,37.83273387,-87.57226239,1.005,2019-12-19,1002,2,2,0,0,CLEAR,DRY,False,1 VEHICLE ENTERING/LEAVING ENTRANCE,ANGLE,STRAIGHT & LEVEL,DAYLIGHT,,,43822.37786,False,65,Accepted,5,5,O,,INATTENTION,,2019,1
1436,26094717,0510100,HENDERSON POLICE DEPARTMENT,Accepted,HENDERSON,KY0812,1600,AIRLINE,RD,,,LINCOLN,,,,,37.82239587,-87.57329559,7.661,2019-12-20,1658,1,1,0,0,CLEAR,DRY,False,COLLISION WITH FIXED OBJECT IN INTERSECTION - FIRST EVENT COLLISION 09 - 32,SINGLE VEHICLE,STRAIGHT & LEVEL,DARK-HWY LIGHTED/ON,,,43822.54865,False,58,Accepted,5,5,O,,,,2019,1
1437,26094718,0510100,HENDERSON POLICE DEPARTMENT,Accepted,HENDERSON,,1800,ATKINSON PARK,RD,,,,,,,,37.8631239,-87.5757514,0.092,2019-12-13,1400,2,2,0,0,CLEAR,DRY,False,1 VEHICLE ENTERING/LEAVING ENTRANCE,ANGLE,STRAIGHT & LEVEL,DAYLIGHT,,,43822.54874,False,58,Accepted,5,5,O,,PHYSICAL DISABILITY,,2019,1
1438,26094719,0510100,HENDERSON POLICE DEPARTMENT,Accepted,HENDERSON,US0041,2600,US41,,N,,,,,,,37.87500619,-87.56789654,17.384,2019-12-21,1413,2,2,0,0,CLEAR,DRY,False,OTHER ROADWAY OR MID-BLOCK COLLISION,REAR END,STRAIGHT & LEVEL,DAYLIGHT,,,43822.54879,False,58,Accepted,5,5,O,,"DISTRACTION, INATTENTION",,2019,1
1439,26094720,0510100,HENDERSON POLICE DEPARTMENT,Accepted,HENDERSON,US0041A,100,GREEN,ST,N,,1ST,,,,,37.83824512,-87.58924416,15.823,2019-12-22,2014,2,2,0,0,CLEAR,DRY,False,ANGLE COLLISION - OTHER,ANGLE,STRAIGHT & LEVEL,DARK-HWY LIGHTED/ON,,,43822.54891,False,58,Accepted,5,5,O,,INATTENTION,,2019,1
1440,26098812,0510100,HENDERSON POLICE DEPARTMENT,Accepted,HENDERSON,,200,12TH,ST,,,,,,,,37.85279578,-87.58199839,0.182,2019-12-23,1700,2,2,0,0,CLEAR,DRY,False,OTHER ROADWAY OR MID-BLOCK COLLISION,REAR END,STRAIGHT & LEVEL,DARK-HWY LIGHTED/ON,,,43823.72784,False,50,Accepted,5,5,O,,OTHER,,2019,1
1441,26098815,0510100,HENDERSON POLICE DEPARTMENT,Accepted,HENDERSON,KY0136,,MADISON,ST,,,ATKINSON,,,,,37.81737846,-87.58396285,20.74,2019-12-23,1736,2,2,0,0,CLEAR,DRY,False,ANGLE COLLISION - ONE VEHICLE TURNING RIGHT,ANGLE,STRAIGHT & LEVEL,DAYLIGHT,,,43823.72795,False,64,Accepted,5,5,O,,OTHER,,2019,1
1442,26098830,0510100,HENDERSON POLICE DEPARTMENT,Accepted,HENDERSON,US0041A,202,GREEN,ST,N,,,,,,,37.83976682,-87.58817241,15.906,2019-12-17,1800,2,2,0,0,CLOUDY,DRY,False,1 VEHICLE ENTERING/LEAVING ENTRANCE,ANGLE,STRAIGHT & LEVEL,DARK-HWY LIGHTED/ON,,,43823.73414,False,17,Accepted,5,5,O,,INATTENTION,,2019,1
1443,26098831,0510100,HENDERSON POLICE DEPARTMENT,Accepted,HENDERSON,US0041,,US41,,N,,MARYWOOD,,,,,37.86728887,-87.57212877,16.807,2019-12-20,1743,2,2,0,0,CLEAR,DRY,False,SIDESWIPE-SAME DIRECTION,SIDESWIPE-SAME DIRECTION,STRAIGHT & LEVEL,DARK-HWY LIGHTED/ON,,,43823.73421,False,17,Accepted,5,5,O,,INATTENTION,,2019,1
1444,26099941,0510100,HENDERSON POLICE DEPARTMENT,Accepted,HENDERSON,US0041A,1200,GREEN,ST,N,,,,,,,37.85221999,-87.58024569,16.917,2019-12-18,1411,2,2,0,0,CLEAR,DRY,False,1 VEHICLE ENTERING/LEAVING ENTRANCE,ANGLE,STRAIGHT & LEVEL,DAYLIGHT,,,43824.55283,False,50,Accepted,5,5,O,,INATTENTION,,2019,1
1445,26100277,0510100,HENDERSON POLICE DEPARTMENT,Accepted,HENDERSON,,,FAGAN,ST,,,,,,,,37.82716833,-87.58922468,0.119,2019-12-24,1307,2,2,0,0,CLEAR,DRY,False,1 VEHICLE ENTERING/LEAVING ENTRANCE,ANGLE,STRAIGHT & LEVEL,DAYLIGHT,,,43824.76037,False,26,Accepted,5,5,O,,INATTENTION,,2019,1
1446,26103845,0510100,HENDERSON POLICE DEPARTMENT,Accepted,HENDERSON,US0041A,1700,GREEN,ST,S,,,,,,,37.82840802,-87.59863244,15.049,2019-12-24,1436,2,2,0,2,CLEAR,DRY,False,1 VEHICLE ENTERING/LEAVING ENTRANCE,ANGLE,STRAIGHT & LEVEL,DAYLIGHT,,,43825.93234,False,64,Accepted,5,3,B,,INATTENTION,,2019,1
1447,26103847,0510100,HENDERSON POLICE DEPARTMENT,Accepted,HENDERSON,US0041A,,GREEN,ST,S,,VINE,,,,,37.83180284,-87.59523708,15.254,2019-12-24,1856,2,2,0,0,CLEAR,DRY,False,ANGLE COLLISION - OTHER,ANGLE,STRAIGHT & LEVEL,DARK (UNKNOWN ROADWAY LIGHTING),,,43825.93246,False,64,Accepted,5,5,O,,MISJUDGE CLEARANCE,,2019,1
1450,26109412,0510100,HENDERSON POLICE DEPARTMENT,Accepted,HENDERSON,US0060,,US60,,E,,BARRET,,,,,37.85987853,-87.56785532,10.595,2019-12-22,1338,2,2,0,0,CLEAR,DRY,False,SIDESWIPE-SAME DIRECTION,SIDESWIPE-SAME DIRECTION,STRAIGHT & LEVEL,DAYLIGHT,,,43827.33872,False,8,Accepted,5,5,O,,INATTENTION,,2019,1
1451,26109416,0510100,HENDERSON POLICE DEPARTMENT,Accepted,HENDERSON,US0060,,US60,,E,,,US0041,US41 N EXIT81 OFF RAMP TO US60 E,,BARRET,37.85972823,-87.56837671,10.567,2019-12-27,1027,2,2,0,0,CLOUDY,DRY,False,OTHER ROADWAY OR MID-BLOCK COLLISION,REAR END,STRAIGHT & GRADE,DAYLIGHT,,,43827.33914,False,67,Accepted,5,5,O,,INATTENTION,,2019,1
1452,26112235,0510100,HENDERSON POLICE DEPARTMENT,Accepted,HENDERSON,,,KIMSEY,LN,,,VAN WYK,,,,,37.84689293,-87.5625252,0.897,2019-12-22,1027,1,1,0,1,CLEAR,DRY,False,COLLISION WITH FIXED OBJECT IN INTERSECTION - FIRST EVENT COLLISION 09 - 32,SINGLE VEHICLE,STRAIGHT & LEVEL,DAYLIGHT,,,43828.31709,False,56,Accepted,5,4,C,,LOST CONSCIOUSNESS/FAINTED,,2019,1
1453,26112238,0510100,HENDERSON POLICE DEPARTMENT,Accepted,HENDERSON,,,SHELBY,ST,,,CUMNOCK,,,,,37.82460884,-87.57946871,0.544,2019-12-24,1124,2,2,0,2,CLEAR,DRY,False,ANGLE COLLISION - OTHER,ANGLE,STRAIGHT & LEVEL,DAYLIGHT,,,43828.3173,False,56,Accepted,4,4,C,,INATTENTION,,2019,1
1455,26112844,0510100,HENDERSON POLICE DEPARTMENT,Accepted,HENDERSON,US0041,,US41,,N,,,,,,,37.85950543,-87.57524265,16.233,2019-12-21,1447,2,2,0,1,CLEAR,DRY,False,REAR END IN TRAFFIC LANES BOTH VEHICLES MOVING,REAR END,CURVE & LEVEL,DAYLIGHT,,,43828.68921,False,58,Accepted,3,3,B,,"CELL PHONE, INATTENTION",,2019,1