OBJECTID,IncidentID,AgencyORI,AgencyName,IncidentStatusDesc,County,RdwyNumber,Street,RoadwayName,StreetSfx,StreetDir,IntersectionRdwy,IntersectionRdwyName,BetweenStRdwy1,BetweenStRdwyName1,BetweenStRdwy2,BetweenStRdwyName2,Latitude,Longitude,Milepoint,CollisionDate,CollisionTime,UnitsInvolved,MotorVehiclesInvolved,NumberKilled,NumberInjured,Weather,RdwyConditionCode,HitandRun,DirAnalysisCode,MannerofCollision,RdwyCharacter,LightCondition,RampFromRdwyId,RampToRdwyId,AcceptedDate,IsSecondaryCollision,OwnerBadge,IncidentStatus,InjurySeverityCde,KABCO_Code,KABCO,Environmental_Factors,Human_Factors,Vehicular_Factors,CollisionYear,CityCrash
1456,26112845,0510100,HENDERSON POLICE DEPARTMENT,Accepted,HENDERSON,,778,SINCLAIR,AVE,,,,,,,,37.86950902,-87.56355419,0.253,2019-09-19,1811,2,2,0,0,CLEAR,DRY,False,1 VEHICLE PARKED POSITION (NOT PARKING LOT/DRIVEWAY),BACKING,STRAIGHT & LEVEL,DAYLIGHT,,,43828.68977,False,58,Accepted,5,5,O,,INATTENTION,,2019,1
1457,26112846,0510100,HENDERSON POLICE DEPARTMENT,Accepted,HENDERSON,US0041A,400,GREEN,ST,S,,,,,,,37.83345598,-87.59365197,15.412,2019-12-25,1420,2,2,0,0,CLEAR,DRY,False,1 VEHICLE ENTERING/LEAVING ENTRANCE,ANGLE,STRAIGHT & LEVEL,DAYLIGHT,,,43828.6899,False,58,Accepted,5,5,O,,INATTENTION,,2019,1
1458,26112847,0510100,HENDERSON POLICE DEPARTMENT,Accepted,HENDERSON,US0041A,1400,GREEN,ST,N,,,,,,,37.85459746,-87.57796601,17.135,2019-12-27,1850,2,2,0,0,CLEAR,DRY,False,REAR END IN TRAFFIC LANES BOTH VEHICLES MOVING,REAR END,STRAIGHT & LEVEL,DARK-HWY LIGHTED/ON,,,43828.69,False,58,Accepted,5,5,O,MAINTENANCE/UTILITY WORK ZONE,FOLLOWING TOO CLOSE,,2019,1
1459,26112848,0510100,HENDERSON POLICE DEPARTMENT,Accepted,HENDERSON,,800,5TH,ST,,,,,,,,37.84049666,-87.57910401,0.53,2019-12-28,1654,2,2,0,0,CLEAR,DRY,False,1 VEHICLE PARKED POSITION (NOT PARKING LOT/DRIVEWAY),SIDESWIPE-SAME DIRECTION,STRAIGHT & LEVEL,DARK-HWY LIGHTED/ON,,,43828.69011,False,50,Accepted,5,5,O,,"DISTRACTION, INATTENTION",,2019,1
1460,26116882,0510100,HENDERSON POLICE DEPARTMENT,Accepted,HENDERSON,US0041,2700,US41,,N,,,,,,,37.87540541,-87.56768036,17.417,2019-12-29,1637,2,2,0,0,RAINING,WET,False,REAR END IN TRAFFIC LANES BOTH VEHICLES MOVING,REAR END,STRAIGHT & LEVEL,DARK-HWY LIGHTED/ON,,,43829.61079,False,50,Accepted,5,5,O,SLIPPERY SURFACE,INATTENTION,,2019,1
1461,26117823,0510000,HENDERSON COUNTY SHERIFF DEPT.,Accepted,HENDERSON,US0060,,US60,,E,,,,,,,37.86061627,-87.56581627,10.723,2019-12-27,1703,2,2,0,1,CLEAR,DRY,False,OTHER ROADWAY OR MID-BLOCK COLLISION,OPPOSING LEFT TURN,STRAIGHT & LEVEL,DARK-HWY NOT LIGHTED,,,43829.75946,False,135,Accepted,3,3,B,,DISTRACTION,,2019,1
1465,26120820,0510100,HENDERSON POLICE DEPARTMENT,Accepted,HENDERSON,US0041A,500,GREEN,ST,N,,,,,,,37.84327865,-87.58599737,16.217,2019-12-30,1509,2,2,0,0,CLEAR,DRY,False,REAR END IN TRAFFIC LANES BOTH VEHICLES MOVING,REAR END,STRAIGHT & LEVEL,DAYLIGHT,,,43830.65389,False,50,Accepted,5,5,O,,INATTENTION,,2019,1
1466,26123789,0510100,HENDERSON POLICE DEPARTMENT,Accepted,HENDERSON,,,MARYWOOD,DR,,US0060,US60,,,,,37.86101992,-87.56476127,,2019-12-27,1213,2,2,0,0,CLEAR,DRY,False,OTHER INTERSECTION COLLISIONS,REAR END,STRAIGHT & LEVEL,DAYLIGHT,,,43831.56535,False,65,Accepted,5,5,O,,INATTENTION,,2019,1
1467,26123791,0510100,HENDERSON POLICE DEPARTMENT,Accepted,HENDERSON,KY0812,,AIRLINE,RD,,,,,HALLWAY,,DOVE TRAIL,37.81891503,-87.56724581,7.258,2019-12-28,1213,2,2,0,1,CLOUDY,WET,False,REAR END IN TRAFFIC LANES BOTH VEHICLES MOVING,REAR END,STRAIGHT & LEVEL,DAYLIGHT,,,43831.56552,False,65,Accepted,5,4,C,,INATTENTION,,2019,1
1468,26124788,0510100,HENDERSON POLICE DEPARTMENT,Accepted,HENDERSON,US0041A,500,GREEN,ST,S,,,,,,,37.83016136,-87.59680846,15.175,2019-12-31,1841,1,1,0,0,CLEAR,DRY,False,COLLISION WITH FIXED OBJECT NON - INTERSECTION - FIRST EVENT COLLISION 09 - 32 EXCLUDING 16,SINGLE VEHICLE,STRAIGHT & LEVEL,DARK (UNKNOWN ROADWAY LIGHTING),,,43831.77586,False,64,Accepted,5,5,O,,ALCOHOL INVOLVEMENT,,2019,1
1469,26124927,0510100,HENDERSON POLICE DEPARTMENT,Accepted,HENDERSON,AU9005,500,AU9005 E,,,,,,,,,37.81022215,-87.55242932,0.587,2019-12-31,1821,2,2,0,0,CLEAR,DRY,False,1 VEHICLE ENTERING/LEAVING ENTRANCE,ANGLE,STRAIGHT & LEVEL,DARK-HWY LIGHTED/ON,,,43831.81489,False,50,Accepted,5,5,O,,OTHER,,2019,1
1470,26124929,0510100,HENDERSON POLICE DEPARTMENT,Accepted,HENDERSON,,1300,HELM,ST,,,,,,,,37.82791954,-87.58136512,0.148,2019-12-31,1833,2,2,0,0,CLEAR,DRY,False,1 VEHICLE PARKED POSITION (NOT PARKING LOT/DRIVEWAY),REAR END,STRAIGHT & LEVEL,DARK-HWY LIGHTED/OFF,,,43831.81511,False,17,Accepted,5,5,O,,INATTENTION,,2019,1
1471,26127641,0510100,HENDERSON POLICE DEPARTMENT,Accepted,HENDERSON,KY0351,,2ND,ST,,,KLUTEY PARK PLAZA,,,,,37.83240454,-87.57159967,1.045,2019-12-20,1039,2,2,0,1,CLEAR,DRY,False,OTHER INTERSECTION COLLISIONS,REAR END,STRAIGHT & LEVEL,DAYLIGHT,,,43832.40272,False,65,Accepted,5,4,C,,INATTENTION,,2019,1
1474,26133167,0510100,HENDERSON POLICE DEPARTMENT,Accepted,HENDERSON,US0041,,US41,,N,,BARRET,,,,,37.86440461,-87.57359343,16.576,2020-01-01,1304,1,1,0,0,CLEAR,DRY,True,COLLISION WITH FIXED OBJECT IN INTERSECTION - FIRST EVENT COLLISION 09 - 32,SINGLE VEHICLE,STRAIGHT & LEVEL,DAYLIGHT,,,43833.35666,False,67,Accepted,5,5,O,,INATTENTION,,2020,1
1475,26140859,0510100,HENDERSON POLICE DEPARTMENT,Accepted,HENDERSON,KY1539,,LARUE,RD,,,,,KNOB,,IRISH IVY,37.83598812,-87.55154312,0.638,2020-01-02,956,2,2,0,0,CLOUDY,DRY,False,REAR END IN TRAFFIC LANES BOTH VEHICLES MOVING,REAR END,STRAIGHT & LEVEL,DAYLIGHT,,,43835.48587,False,65,Accepted,5,5,O,,INATTENTION,,2020,1
1476,26141503,0510100,HENDERSON POLICE DEPARTMENT,Accepted,HENDERSON,US0041A,,GREEN,ST,S,,,,,,,37.8160719,-87.61479029,13.674,2020-01-03,1441,2,2,0,0,RAINING,WET,False,1 VEHICLE ENTERING/LEAVING ENTRANCE,ANGLE,STRAIGHT & LEVEL,DAYLIGHT,,,43835.71573,False,19,Accepted,5,5,O,,INATTENTION,OTHER,2020,1
1477,26141506,0510100,HENDERSON POLICE DEPARTMENT,Accepted,HENDERSON,,14,MCKINLEY,ST,N,,,,,,,37.83088881,-87.57519828,0.078,2020-01-03,2039,2,2,0,0,RAINING,WET,True,1 VEHICLE ENTERING/LEAVING ENTRANCE,ANGLE,STRAIGHT & LEVEL,DARK-HWY LIGHTED/ON,,,43835.71581,False,58,Accepted,5,5,O,,NOT UNDER PROPER CONTROL,,2020,1
1478,26141959,0510100,HENDERSON POLICE DEPARTMENT,Accepted,HENDERSON,,,8TH,ST,,,ADAMS,,,,,37.84582239,-87.58082327,0.398,2020-01-04,1410,2,2,0,0,CLEAR,DRY,False,OPPOSITE DIRECTION - BOTH VEHICLES GOING STRAIGHT AHEAD,SIDESWIPE-OPPOSITE DIRECTION,STRAIGHT & LEVEL,DAYLIGHT,,,43835.83434,False,44,Accepted,5,5,O,,"INATTENTION, MISJUDGE CLEARANCE",,2020,1
1479,26152599,0510100,HENDERSON POLICE DEPARTMENT,Accepted,HENDERSON,KY0351,1700,2ND,ST,,,,,,,,37.8321169,-87.57106308,1.08,2020-01-07,736,2,2,0,0,CLEAR,DRY,False,OTHER ROADWAY OR MID-BLOCK COLLISION,REAR END,STRAIGHT & LEVEL,DAYLIGHT,,,43837.50499,False,56,Accepted,5,5,O,,DISTRACTION,,2020,1
1480,26152721,0510100,HENDERSON POLICE DEPARTMENT,Accepted,HENDERSON,,,DUNDONNELL,DR,,,,,ARGYLLWAY,,TARANSAY,37.86129108,-87.55926101,0.128,2020-01-06,946,2,2,0,0,CLEAR,DRY,False,VEHICLE BACKING NON INTERSECTION,BACKING,STRAIGHT & LEVEL,DAYLIGHT,,,43837.50979,False,36,Accepted,5,5,O,,INATTENTION,,2020,1
1481,26155852,0510100,HENDERSON POLICE DEPARTMENT,Accepted,HENDERSON,,,ADAMS,ST,N,,12TH,,,,,37.85083221,-87.57753521,1.135,2020-01-06,2157,2,2,0,0,CLEAR,DRY,True,ANGLE COLLISION - OTHER,ANGLE,STRAIGHT & LEVEL,DARK-HWY LIGHTED/ON,,,43838.02131,False,61,Accepted,5,5,O,,DISREGARD TRAFFIC CONTROL,,2020,1
1489,26160659,0510100,HENDERSON POLICE DEPARTMENT,Accepted,HENDERSON,US0041A,301,GREEN,ST,S,,,,,,,37.83386729,-87.59322075,15.439,2020-01-04,1544,2,2,0,0,CLOUDY,DRY,False,SIDESWIPE COLLISION - OPPOSITE DIRECTION,SIDESWIPE-OPPOSITE DIRECTION,STRAIGHT & LEVEL,DAYLIGHT,,,43838.75368,False,19,Accepted,5,5,O,,INATTENTION,,2020,1
1490,26161315,0510100,HENDERSON POLICE DEPARTMENT,Accepted,HENDERSON,US0041,,US41,,N,,,,,,,37.86863621,-87.57153703,16.899,2019-01-06,1725,2,2,0,0,CLEAR,DRY,False,1 VEHICLE ENTERING/LEAVING ENTRANCE,ANGLE,STRAIGHT & LEVEL,DARK-HWY LIGHTED/ON,,,43838.93028,False,50,Accepted,5,5,O,,"INATTENTION, OTHER",,2019,1
1491,26161316,0510100,HENDERSON POLICE DEPARTMENT,Accepted,HENDERSON,,,FAGAN,ST,,,,,,,,37.82707903,-87.5892979,0.113,2020-01-02,1923,2,2,0,0,RAINING,WET,False,1 VEHICLE ENTERING/LEAVING ENTRANCE,ANGLE,STRAIGHT & LEVEL,DARK-HWY NOT LIGHTED,,,43838.93047,False,37,Accepted,5,5,O,SLIPPERY SURFACE,NOT UNDER PROPER CONTROL,,2020,1
1492,26162097,0510100,HENDERSON POLICE DEPARTMENT,Accepted,HENDERSON,US0041A,,GREEN,ST,S,,DRURY,,,,,37.81405422,-87.61801315,13.425,2020-01-08,2310,2,2,0,1,CLEAR,DRY,False,OTHER INTERSECTION COLLISIONS,REAR END,STRAIGHT & LEVEL,DARK-HWY LIGHTED/ON,,,43839.09712,False,16,Accepted,5,3,B,,INATTENTION,,2020,1
1493,26164002,0510100,HENDERSON POLICE DEPARTMENT,Accepted,HENDERSON,,,WATSON,LN,,,BROWNS,,,,,37.87271942,-87.55993056,0.624,2020-01-08,809,2,2,0,0,CLEAR,DRY,False,REAR END - ONE VEHICLE TURNING RIGHT,REAR END,STRAIGHT & LEVEL,DAYLIGHT,,,43839.46549,False,67,Accepted,5,5,O,,"DISTRACTION, INATTENTION",,2020,1
1497,26170024,0510100,HENDERSON POLICE DEPARTMENT,Accepted,HENDERSON,,,WATSON,LN,,,,US0041,US41,,ELM,37.875381,-87.56793873,1.099,2020-01-08,1100,2,2,0,0,CLEAR,DRY,False,OTHER ROADWAY OR MID-BLOCK COLLISION,REAR END,STRAIGHT & GRADE,DAYLIGHT,,,43840.47419,False,36,Accepted,5,5,O,,INATTENTION,,2020,1
1498,26171840,0510100,HENDERSON POLICE DEPARTMENT,Accepted,HENDERSON,US0060,,US60,,E,,,,,,,37.85987894,-87.56780612,10.597,2020-01-06,1831,2,2,0,0,CLEAR,DRY,False,SIDESWIPE COLLISION - SAME DIRECTION,SIDESWIPE-SAME DIRECTION,CURVE & HILLCREST,DARK-HWY NOT LIGHTED,,,43840.7731,False,50,Accepted,5,5,O,,INATTENTION,,2020,1
1499,26171843,0510100,HENDERSON POLICE DEPARTMENT,Accepted,HENDERSON,KY0351,1800,2ND,ST,,,,,,,,37.83188016,-87.57050006,1.114,2020-01-08,1537,2,2,0,0,CLEAR,DRY,False,OTHER ROADWAY OR MID-BLOCK COLLISION,REAR END,STRAIGHT & LEVEL,DAYLIGHT,,,43840.77321,False,50,Accepted,5,5,O,,INATTENTION,,2020,1
1500,26171844,0510100,HENDERSON POLICE DEPARTMENT,Accepted,HENDERSON,US0041A,500,GREEN,ST,N,,,,,,,37.84332847,-87.5859719,16.215,2020-01-08,1650,2,2,0,0,CLEAR,DRY,False,OTHER ROADWAY OR MID-BLOCK COLLISION,REAR END,STRAIGHT & LEVEL,DARK-HWY NOT LIGHTED,,,43840.7733,False,50,Accepted,5,5,O,,"INATTENTION, OTHER",,2020,1
1501,26171845,0510100,HENDERSON POLICE DEPARTMENT,Accepted,HENDERSON,US0041A,300,GREEN,ST,S,,,,,,,37.83389665,-87.59328168,15.438,2020-01-08,1515,2,2,0,0,CLEAR,DRY,True,1 VEHICLE ENTERING/LEAVING ENTRANCE,ANGLE,STRAIGHT & LEVEL,DAYLIGHT,,,43840.77338,False,64,Accepted,5,5,O,,"ALCOHOL INVOLVEMENT, MISJUDGE CLEARANCE",,2020,1
1502,26171846,0510100,HENDERSON POLICE DEPARTMENT,Accepted,HENDERSON,,,RETTIG,RD,,US0041,US41,,,,,37.86748605,-87.57275395,0.037,2020-01-08,1728,2,2,0,0,CLEAR,DRY,False,VEHICLE BACKING IN INTERSECTION,BACKING,STRAIGHT & LEVEL,DARK-HWY LIGHTED/ON,,,43840.77347,False,17,Accepted,5,5,O,,INATTENTION,,2020,1
1503,26171855,0510100,HENDERSON POLICE DEPARTMENT,Accepted,HENDERSON,US0041A,1605,GREEN,ST,S,,,,,,,37.81961732,-87.60935878,14.073,2020-01-08,1746,2,2,0,0,CLEAR,DRY,False,1 VEHICLE ENTERING/LEAVING ENTRANCE,ANGLE,STRAIGHT & LEVEL,DARK-HWY NOT LIGHTED,,,43840.77406,False,37,Accepted,5,5,O,,"INATTENTION, MISJUDGE CLEARANCE",,2020,1
1504,26171858,0510100,HENDERSON POLICE DEPARTMENT,Accepted,HENDERSON,,,5TH,ST,,,BOB POSEY,,,,,37.83947606,-87.57662659,0.377,2020-01-08,1404,2,2,0,0,CLEAR,DRY,False,ANGLE COLLISION - OTHER,ANGLE,STRAIGHT & LEVEL,DAYLIGHT,,,43840.77419,False,37,Accepted,5,5,O,,INATTENTION,,2020,1
1505,26171859,0510100,HENDERSON POLICE DEPARTMENT,Accepted,HENDERSON,US0041A,,GREEN,ST,N,,14TH,,,,,37.85407896,-87.5788634,17.075,2020-01-06,1625,2,2,0,0,CLEAR,DRY,False,OTHER INTERSECTION COLLISIONS,REAR END,CURVE & LEVEL,DAYLIGHT,,,43840.77429,False,44,Accepted,5,5,O,,"FOLLOWING TOO CLOSE, INATTENTION, TURNING IMPROPERLY",,2020,1
1506,26172434,0510100,HENDERSON POLICE DEPARTMENT,Accepted,HENDERSON,US0041,2600,US41,,N,,,,,,,37.87524482,-87.56771965,17.416,2020-01-09,1621,2,2,0,0,CLEAR,DRY,False,REAR END IN TRAFFIC LANES BOTH VEHICLES MOVING,REAR END,STRAIGHT & LEVEL,DAYLIGHT,,,43840.92527,False,58,Accepted,5,5,O,,INATTENTION,,2020,1
1507,26172435,0510100,HENDERSON POLICE DEPARTMENT,Accepted,HENDERSON,,112,MEADOW,ST,,,,,,,,37.83039533,-87.58244293,0.534,2020-01-06,2113,2,2,0,0,CLEAR,DRY,True,1 VEHICLE PARKED POSITION (NOT PARKING LOT/DRIVEWAY),SIDESWIPE-OPPOSITE DIRECTION,STRAIGHT & LEVEL,DARK-HWY LIGHTED/ON,,,43840.92539,False,22,Accepted,5,5,O,,,,2020,1
1508,26172436,0510100,HENDERSON POLICE DEPARTMENT,Accepted,HENDERSON,,,WASHINGTON,ST,,,,,MAIN,,WATER,37.8385009,-87.59438648,1.458,2020-01-10,1350,2,2,0,0,RAINING,WET,False,1 VEHICLE PARKED POSITION (NOT PARKING LOT/DRIVEWAY),BACKING,STRAIGHT & LEVEL,DAYLIGHT,,,43840.92549,False,22,Accepted,5,5,O,,,,2020,1
1509,26174062,0510100,HENDERSON POLICE DEPARTMENT,Accepted,HENDERSON,US0041,,US41,,N,,,,BARKER,,WALKER,37.87161264,-87.56978923,17.127,2020-01-10,739,2,2,0,0,RAINING,WET,False,OTHER ROADWAY OR MID-BLOCK COLLISION,REAR END,STRAIGHT & LEVEL,DAYLIGHT,,,43841.52204,False,67,Accepted,5,5,O,SLIPPERY SURFACE,INATTENTION,,2020,1
1510,26174063,0510100,HENDERSON POLICE DEPARTMENT,Accepted,HENDERSON,US0041A,,GREEN,ST,N,,,,12TH,,CRESTVIEW,37.85163532,-87.58063842,16.876,2020-01-10,716,2,2,0,0,RAINING,WET,False,SIDESWIPE COLLISION - SAME DIRECTION,SIDESWIPE-SAME DIRECTION,STRAIGHT & GRADE,DAYLIGHT,,,43841.52229,False,36,Accepted,5,5,O,,FAILED TO KEEP PROPER LANE,,2020,1
1511,26174560,0510100,HENDERSON POLICE DEPARTMENT,Accepted,HENDERSON,US0041A,,GREEN,ST,N,,7TH,,,,,37.84573103,-87.58440169,16.412,2020-01-10,1749,2,2,0,0,RAINING,WET,False,SIDESWIPE-SAME DIRECTION,SIDESWIPE-SAME DIRECTION,STRAIGHT & LEVEL,DARK-HWY LIGHTED/ON,,,43841.68763,False,22,Accepted,5,5,O,,INATTENTION,,2020,1
1512,26174563,0510100,HENDERSON POLICE DEPARTMENT,Accepted,HENDERSON,US0041,2600,US41,,N,,WATSON,,,,,37.87529105,-87.56784211,17.41,2020-01-10,2111,2,2,0,1,RAINING,WET,False,ANGLE COLLISION - OTHER,ANGLE,STRAIGHT & LEVEL,DARK-HWY LIGHTED/ON,,,43841.68771,False,58,Accepted,5,3,B,,INATTENTION,,2020,1
1513,26174910,0510100,HENDERSON POLICE DEPARTMENT,Accepted,HENDERSON,US0041,2067,US41,,N,,,,,,,37.86474618,-87.57351634,16.613,2020-01-06,1721,3,3,0,1,CLEAR,DRY,False,COLLISION WITH FIXED OBJECT NON - INTERSECTION - FIRST EVENT COLLISION 09 - 32 EXCLUDING 16,ANGLE,STRAIGHT & LEVEL,DARK-HWY LIGHTED/ON,,,43841.7669,False,17,Accepted,5,4,C,,INATTENTION,,2020,1
1514,26176961,0510100,HENDERSON POLICE DEPARTMENT,Accepted,HENDERSON,,,LETCHER,ST,,,CUMNOCK,,,,,37.82532994,-87.58067029,0.268,2020-01-11,1546,2,2,0,0,RAINING,WET,False,ANGLE COLLISION - OTHER,ANGLE,STRAIGHT & LEVEL,DAYLIGHT,,,43842.6613,False,58,Accepted,5,5,O,SLIPPERY SURFACE,,,2020,1
1516,26177913,0510100,HENDERSON POLICE DEPARTMENT,Accepted,HENDERSON,US0041A,1700,GREEN,ST,S,,,,,,,37.81613579,-87.61467883,13.682,2020-01-11,1604,2,2,0,0,RAINING,WET,False,1 VEHICLE ENTERING/LEAVING ENTRANCE,ANGLE,STRAIGHT & LEVEL,DAYLIGHT,,,43842.88852,False,19,Accepted,5,5,O,,INATTENTION,,2020,1
1517,26177914,0510100,HENDERSON POLICE DEPARTMENT,Accepted,HENDERSON,,600,WASHINGTON,ST,,,,,,,,37.83254946,-87.58471758,0.782,2020-01-12,1736,2,2,0,0,CLEAR,DRY,False,1 VEHICLE PARKED POSITION (NOT PARKING LOT/DRIVEWAY),SIDESWIPE-SAME DIRECTION,STRAIGHT & LEVEL,DARK-HWY LIGHTED/ON,,,43842.88867,False,50,Accepted,5,5,O,,INATTENTION,,2020,1
1518,26178349,0510100,HENDERSON POLICE DEPARTMENT,Accepted,HENDERSON,,,MAIN,ST,S,,POWELL,,,,,37.83691928,-87.59483223,2.002,2020-01-12,545,2,2,0,1,CLEAR,DRY,False,ANGLE COLLISION - OTHER,ANGLE,STRAIGHT & LEVEL,DARK-HWY LIGHTED/ON,,,43843.02058,False,35,Accepted,4,4,C,,INATTENTION,,2020,1
1519,26184609,0510100,HENDERSON POLICE DEPARTMENT,Accepted,HENDERSON,KY0351,,ZION,RD,,,GARDEN MILE,,,,,37.8282873,-87.55773307,1.859,2020-01-11,1800,2,2,0,0,RAINING,WET,False,OPPOSING LEFT TURN,OPPOSING LEFT TURN,STRAIGHT & LEVEL,DARK-HWY LIGHTED/ON,,,43843.93664,False,44,Accepted,5,5,O,,INATTENTION,,2020,1
1520,26184610,0510100,HENDERSON POLICE DEPARTMENT,Accepted,HENDERSON,,,WASHINGTON,ST,,,MEADOW,,,,,37.83089739,-87.5819481,0.597,2020-01-13,1501,2,2,0,0,CLEAR,DRY,False,ANGLE COLLISION - OTHER,ANGLE,STRAIGHT & LEVEL,DAYLIGHT,,,43843.93671,False,44,Accepted,5,5,O,,"FAILED TO YIELD RIGHT OF WAY, INATTENTION",,2020,1
1521,26185141,0510100,HENDERSON POLICE DEPARTMENT,Accepted,HENDERSON,,957,FRONTIER,DR,,,,,,,,37.86720728,-87.5516864,0.186,2020-01-13,210,2,2,0,0,CLOUDY,DRY,True,1 VEHICLE PARKED POSITION (NOT PARKING LOT/DRIVEWAY),HEAD ON,CURVE & GRADE,DARK-HWY NOT LIGHTED,,,43844.04133,False,24,Accepted,5,5,O,,"INATTENTION, MEDICATION",,2020,1
1522,26186411,0510100,HENDERSON POLICE DEPARTMENT,Accepted,HENDERSON,US0041,,,,,,,,,,,37.8589084,-87.5751047,0.267,2020-01-13,1158,2,2,0,0,CLOUDY,DRY,False,OTHER RAMP RELATED COLLISIONS NOT LISTED ABOVE,SIDESWIPE-SAME DIRECTION,STRAIGHT & LEVEL,DAYLIGHT,US0041,US0041,43844.36046,False,62,Accepted,5,5,O,,INATTENTION,,2020,1
1529,26194162,0510100,HENDERSON POLICE DEPARTMENT,Accepted,HENDERSON,US0041,,US41,,N,,,,WALNUT,,JOHN JAMES AUDUBON STATE,37.8811866,-87.56445732,17.812,2020-01-14,612,2,2,0,0,FOG,DRY,False,SIDESWIPE COLLISION - SAME DIRECTION,SIDESWIPE-SAME DIRECTION,STRAIGHT & LEVEL,DAWN,,,43845.54553,False,67,Accepted,5,5,O,,INATTENTION,,2020,1
1530,26194163,0510100,HENDERSON POLICE DEPARTMENT,Accepted,HENDERSON,,,BARRET,BLVD,,US0060,US60,,,,,37.85974841,-87.5676619,0.337,2020-01-14,657,2,2,0,0,CLOUDY,DRY,False,VEHICLE BACKING IN INTERSECTION,BACKING,STRAIGHT & LEVEL,DAYLIGHT,,,43845.5457,False,67,Accepted,5,5,O,,INATTENTION,,2020,1
1531,26194217,0510100,HENDERSON POLICE DEPARTMENT,Accepted,HENDERSON,,,CARLISLE,ST,,KY0351,2ND,,,,,37.83582772,-87.57939789,0.054,2020-01-14,744,2,2,0,0,CLEAR,DRY,False,OTHER INTERSECTION COLLISIONS,REAR END,STRAIGHT & LEVEL,DAYLIGHT,,,43845.54591,False,34,Accepted,5,5,O,,"OTHER, CELL PHONE",,2020,1
1532,26194256,0510100,HENDERSON POLICE DEPARTMENT,Accepted,HENDERSON,,,US HWY 60 EAST,,,,,,GREEN,,BARRETT,37.85767795,-87.57248072,,2020-01-14,1545,2,2,0,0,CLEAR,DRY,False,OTHER ROADWAY OR MID-BLOCK COLLISION,REAR END,STRAIGHT & GRADE,DAYLIGHT,,,43845.5504,False,23,Accepted,5,5,O,,INATTENTION,,2020,1
1533,26199373,0510100,HENDERSON POLICE DEPARTMENT,Accepted,HENDERSON,KY0812,,AIRLINE,RD,,,GARDEN MILE,,,,,37.81475867,-87.56008352,6.769,2020-01-15,828,2,2,0,1,FOG WITH RAIN,WET,False,ANGLE COLLISION - OTHER,ANGLE,STRAIGHT & LEVEL,DAYLIGHT,,,43846.45824,False,56,Accepted,5,3,B,,"DISREGARD TRAFFIC CONTROL, DISTRACTION, INATTENTION",,2020,1
1535,26206326,0510100,HENDERSON POLICE DEPARTMENT,Accepted,HENDERSON,US0041A,,GREEN,ST,S,,SMITH,,,,,37.82003037,-87.60871624,14.112,2020-01-12,1250,2,2,0,0,CLOUDY,DRY,True,SIDESWIPE-SAME DIRECTION,SIDESWIPE-SAME DIRECTION,STRAIGHT & LEVEL,DAYLIGHT,,,43847.50747,False,26,Accepted,5,5,O,,,,2020,1
1536,26206327,0510100,HENDERSON POLICE DEPARTMENT,Accepted,HENDERSON,KY0136,,SAND,LN,,US0041A,GREEN,,,,,37.8236731,-87.6030922,19.554,2020-01-13,731,2,2,0,0,CLOUDY,DRY,False,VEHICLE BACKING IN INTERSECTION,BACKING,STRAIGHT & LEVEL,DAYLIGHT,,,43847.50756,False,26,Accepted,5,5,O,,MISJUDGE CLEARANCE,,2020,1
1537,26206328,0510100,HENDERSON POLICE DEPARTMENT,Accepted,HENDERSON,US0041A,,US41 ALT,,,US0060,GREEN,,,,,37.81113639,-87.62272509,13.09,2020-01-14,1150,2,2,0,0,CLEAR,DRY,False,OTHER INTERSECTION COLLISIONS,REAR END,STRAIGHT & LEVEL,DAYLIGHT,,,43847.50774,False,26,Accepted,5,5,O,,INATTENTION,,2020,1
1538,26206363,0510100,HENDERSON POLICE DEPARTMENT,Accepted,HENDERSON,US0041A,,GREEN,ST,N,,HARDING,,,,,37.85280568,-87.57984903,16.968,2020-01-16,1330,2,2,0,0,CLEAR,DRY,False,OTHER INTERSECTION COLLISIONS,REAR END,STRAIGHT & LEVEL,DAYLIGHT,,,43847.51362,False,49,Accepted,5,5,O,,INATTENTION,,2020,1
1539,26208912,0510100,HENDERSON POLICE DEPARTMENT,Accepted,HENDERSON,KY0351,,ZION,RD,,,,,,,,37.83051218,-87.56550913,1.404,2020-01-16,1807,2,2,0,0,CLEAR,DRY,False,1 VEHICLE ENTERING/LEAVING ENTRANCE,ANGLE,STRAIGHT & LEVEL,DARK-HWY LIGHTED/ON,,,43847.94594,False,19,Accepted,5,5,O,,INATTENTION,,2020,1
1540,26208913,0510100,HENDERSON POLICE DEPARTMENT,Accepted,HENDERSON,,,ALVES,ST,N,KY0351,2ND,,,,,37.83724037,-87.58444393,0.163,2020-01-16,1834,2,2,0,0,CLEAR,DRY,False,COLLISION WITH PARKED VEHICLE,BACKING,STRAIGHT & LEVEL,DARK-HWY NOT LIGHTED,,,43847.94601,False,37,Accepted,5,5,O,,"IMPROPER BACKING, MISJUDGE CLEARANCE",,2020,1