OBJECTID,IncidentID,AgencyORI,AgencyName,IncidentStatusDesc,County,RdwyNumber,Street,RoadwayName,StreetSfx,StreetDir,IntersectionRdwy,IntersectionRdwyName,BetweenStRdwy1,BetweenStRdwyName1,BetweenStRdwy2,BetweenStRdwyName2,Latitude,Longitude,Milepoint,CollisionDate,CollisionTime,UnitsInvolved,MotorVehiclesInvolved,NumberKilled,NumberInjured,Weather,RdwyConditionCode,HitandRun,DirAnalysisCode,MannerofCollision,RdwyCharacter,LightCondition,RampFromRdwyId,RampToRdwyId,AcceptedDate,IsSecondaryCollision,OwnerBadge,IncidentStatus,InjurySeverityCde,KABCO_Code,KABCO,Environmental_Factors,Human_Factors,Vehicular_Factors,CollisionYear,CityCrash
1541,26210206,0510100,HENDERSON POLICE DEPARTMENT,Accepted,HENDERSON,,107,ARLINGTON,DR,N,,,,,,,37.8289213,-87.56207851,0.037,2020-01-17,2325,2,2,0,0,RAINING,WET,False,1 VEHICLE PARKED POSITION (NOT PARKING LOT/DRIVEWAY),SIDESWIPE-SAME DIRECTION,STRAIGHT & LEVEL,DARK-HWY NOT LIGHTED,,,43848.34518,False,38,Accepted,5,5,O,,"FATIGUE, FELL ASLEEP",,2020,1
1542,26213781,0510100,HENDERSON POLICE DEPARTMENT,Accepted,HENDERSON,KY0351,,ZION,RD,,,,,,,,37.82709964,-87.55307546,2.123,2020-01-17,1657,2,2,0,0,CLOUDY,DRY,False,1 VEHICLE ENTERING/LEAVING ENTRANCE,ANGLE,STRAIGHT & LEVEL,DAYLIGHT,,,43849.86731,False,19,Accepted,5,5,O,,INATTENTION,,2020,1
1543,26213782,0510100,HENDERSON POLICE DEPARTMENT,Accepted,HENDERSON,,319,DIXON,ST,,,,,,,,37.83350436,-87.59506253,0.066,2020-01-17,2047,2,2,0,0,CLOUDY,DRY,False,1 VEHICLE PARKED POSITION (NOT PARKING LOT/DRIVEWAY),SIDESWIPE-OPPOSITE DIRECTION,STRAIGHT & LEVEL,DARK-HWY NOT LIGHTED,,,43849.86736,False,19,Accepted,5,5,O,,INATTENTION,,2020,1
1544,26213787,0510100,HENDERSON POLICE DEPARTMENT,Accepted,HENDERSON,,100,ELM,ST,N,,,,,,,37.83943156,-87.59049433,0.113,2020-01-17,1657,2,2,0,0,CLOUDY,DRY,False,REAR END IN TRAFFIC LANES BOTH VEHICLES MOVING,REAR END,STRAIGHT & LEVEL,DAYLIGHT,,,43849.86752,False,18,Accepted,5,5,O,,CELL PHONE,,2020,1
1551,26226159,0510100,HENDERSON POLICE DEPARTMENT,Accepted,HENDERSON,US0041A,300,GREEN,ST,S,,,,,,,37.83349303,-87.59353049,15.419,2020-01-20,1155,2,2,0,0,CLOUDY,DRY,False,OTHER ROADWAY OR MID-BLOCK COLLISION,REAR END,STRAIGHT & LEVEL,DAYLIGHT,,,43852.34853,False,56,Accepted,5,5,O,,INATTENTION,,2020,1
1552,26226163,0510100,HENDERSON POLICE DEPARTMENT,Accepted,HENDERSON,US0041A,,GREEN,ST,S,,,,KRESGE,,DRURY,37.81500232,-87.61660297,13.537,2020-01-21,1022,2,2,0,0,CLEAR,DRY,False,1 VEHICLE ENTERING/LEAVING ENTRANCE,ANGLE,STRAIGHT & LEVEL,DAYLIGHT,,,43852.34868,False,49,Accepted,5,5,O,,INATTENTION,,2020,1
1553,26226387,0510100,HENDERSON POLICE DEPARTMENT,Accepted,HENDERSON,KY0351,,2ND,ST,,,PRIEST,,,,,37.83324185,-87.57329,0.942,2020-01-17,1153,2,2,0,0,CLEAR,DRY,False,ANGLE COLLISION - OTHER,ANGLE,STRAIGHT & LEVEL,DAYLIGHT,,,43852.36573,False,65,Accepted,5,5,O,,INATTENTION,,2020,1
1557,26228947,0510100,HENDERSON POLICE DEPARTMENT,Accepted,HENDERSON,US0041A,301,GREEN,ST,S,,,,,,,37.83368956,-87.59336383,15.436,2020-01-19,1431,1,1,0,1,CLOUDY,DRY,False,COLLISION WITH FIXED OBJECT NON - INTERSECTION - FIRST EVENT COLLISION 09 - 32 EXCLUDING 16,SINGLE VEHICLE,STRAIGHT & LEVEL,DAYLIGHT,,,43852.70851,False,19,Accepted,5,4,C,,SICK,,2020,1
1558,26228951,0510100,HENDERSON POLICE DEPARTMENT,Accepted,HENDERSON,,,GARDEN MILE,RD,N,,STADIUM,,,,,37.82254746,-87.55910285,0.4,2020-01-20,1400,2,2,0,0,CLEAR,DRY,False,ANGLE COLLISION - OTHER,ANGLE,STRAIGHT & LEVEL,DAYLIGHT,,,43852.70866,False,44,Accepted,5,5,O,,INATTENTION,,2020,1
1559,26228953,0510100,HENDERSON POLICE DEPARTMENT,Accepted,HENDERSON,US0041,,US41,,N,,,,,,,37.83649326,-87.56501363,14.508,2020-01-20,2126,1,1,0,0,CLEAR,DRY,False,COLLISION WITH FIXED OBJECT NON - INTERSECTION - FIRST EVENT COLLISION 09 - 32 EXCLUDING 16,SINGLE VEHICLE,CURVE & LEVEL,DARK-HWY NOT LIGHTED,,,43852.70874,False,64,Accepted,5,5,O,VIEW OBSTRUCTED/LIMITED DUE TO RDWY,INATTENTION,,2020,1
1560,26228954,0510100,HENDERSON POLICE DEPARTMENT,Accepted,HENDERSON,US0041A,,GREEN,ST,S,,FAIR,,,,,37.82222175,-87.60474888,14.386,2020-01-21,1548,2,2,0,0,CLEAR,DRY,False,OTHER INTERSECTION COLLISIONS,REAR END,STRAIGHT & LEVEL,DAYLIGHT,,,43852.7088,False,64,Accepted,5,5,O,,INATTENTION,,2020,1
1561,26230108,0510100,HENDERSON POLICE DEPARTMENT,Accepted,HENDERSON,US0060,2120,GREEN,ST,S,,,,,,,37.80657712,-87.63032024,9.765,2020-01-21,500,2,2,0,0,CLEAR,DRY,False,REAR END IN TRAFFIC LANES BOTH VEHICLES MOVING,REAR END,STRAIGHT & LEVEL,DAYLIGHT,,,43852.98159,False,16,Accepted,5,5,O,"NON-HIGHWAY WORK: WORK ZONE (Utility, Tree, etc.)",INATTENTION,OTHER,2020,1
1562,26232054,0510100,HENDERSON POLICE DEPARTMENT,Accepted,HENDERSON,US0041A,,GREEN,ST,S,,DR MARTIN LUTHER KING JR,,,,,37.83274482,-87.59426615,15.337,2020-01-21,1218,2,2,0,0,CLEAR,DRY,False,OTHER INTERSECTION COLLISIONS,REAR END,STRAIGHT & LEVEL,DAYLIGHT,,,43853.38832,False,49,Accepted,5,5,O,,INATTENTION,,2020,1
1563,26234479,0510100,HENDERSON POLICE DEPARTMENT,Accepted,HENDERSON,,,RICHARDSON,AVE,,US0041A,GREEN,,,,,37.85548226,-87.57667701,0.311,2020-01-15,1601,2,2,0,0,CLEAR,DRY,False,OTHER INTERSECTION COLLISIONS,REAR END,STRAIGHT & LEVEL,DAYLIGHT,,,43853.66659,False,22,Accepted,5,5,O,,MISJUDGE CLEARANCE,,2020,1
1564,26234559,0510100,HENDERSON POLICE DEPARTMENT,Accepted,HENDERSON,,851,WATSON,LN,,,,,,,,37.86953827,-87.55793561,0.374,2020-01-18,1809,2,2,0,0,CLEAR,DRY,True,SIDESWIPE COLLISION - SAME DIRECTION,SIDESWIPE-SAME DIRECTION,STRAIGHT & HILLCREST,DARK-HWY NOT LIGHTED,,,43853.67144,False,58,Accepted,5,5,O,,,,2020,1
1565,26235060,0510100,HENDERSON POLICE DEPARTMENT,Accepted,HENDERSON,KY0351,628,2ND,ST,,,,,,,,37.83803163,-87.58488006,0.214,2020-01-22,1700,2,2,0,0,CLEAR,DRY,False,1 VEHICLE PARKED POSITION (NOT PARKING LOT/DRIVEWAY),BACKING,STRAIGHT & LEVEL,DUSK,,,43853.71237,False,22,Accepted,5,5,O,IMPROPERLY PARKED VEHICLE(S),MISJUDGE CLEARANCE,,2020,1
1567,26238395,0510000,HENDERSON COUNTY SHERIFF DEPT.,Accepted,HENDERSON,US0041A,,GREEN,ST,N,,6TH,,,,,37.84454866,-87.58517202,16.318,2020-01-23,1735,2,2,0,0,RAINING,WET,False,ANGLE COLLISION - ONE VEHICLE TURNING LEFT,ANGLE,STRAIGHT & LEVEL,DARK-HWY NOT LIGHTED,,,43854.44794,False,133,Accepted,5,5,O,,MISJUDGE CLEARANCE,,2020,1
1569,26238737,0510100,HENDERSON POLICE DEPARTMENT,Accepted,HENDERSON,KY0136,,SAND,LN,,,COMMONWEALTH,,,,,37.82067842,-87.59015288,20.329,2020-01-15,900,2,2,0,0,CLEAR,DRY,False,ANGLE COLLISION - OTHER,ANGLE,STRAIGHT & LEVEL,DAYLIGHT,,,43854.49513,False,48,Accepted,5,5,O,,INATTENTION,,2020,1
1570,26244112,0510100,HENDERSON POLICE DEPARTMENT,Accepted,HENDERSON,US0041A,,GREEN,ST,S,,POWELL,,,,,37.83526899,-87.59193886,15.555,2020-01-23,1741,2,2,0,0,RAINING,WET,False,SIDESWIPE-SAME DIRECTION,SIDESWIPE-SAME DIRECTION,STRAIGHT & LEVEL,DARK-HWY LIGHTED/OFF,,,43855.9414,False,17,Accepted,5,5,O,,INATTENTION,,2020,1
1571,26247379,0510100,HENDERSON POLICE DEPARTMENT,Accepted,HENDERSON,US0060,,US60,,E,,BARRET,,,,,37.85988847,-87.56775728,10.599,2020-01-24,2225,2,2,0,0,CLEAR,DRY,True,OPPOSING LEFT TURN,OPPOSING LEFT TURN,STRAIGHT & LEVEL,DARK (UNKNOWN ROADWAY LIGHTING),,,43857.04073,False,63,Accepted,5,5,O,,,,2020,1
1574,26251229,0510100,HENDERSON POLICE DEPARTMENT,Accepted,HENDERSON,KY0812,,AIRLINE,RD,,,,,DOVE TRAIL,,GARDEN MILE,37.81546489,-87.5612102,6.849,2020-01-24,738,2,2,0,0,RAINING,WET,False,REAR END IN TRAFFIC LANES BOTH VEHICLES MOVING,REAR END,STRAIGHT & HILLCREST,DAYLIGHT,,,43857.56661,False,65,Accepted,5,5,O,,INATTENTION,,2020,1
1575,26251230,0510100,HENDERSON POLICE DEPARTMENT,Accepted,HENDERSON,,,GREEN,ST,S,,DIXON,,,,,37.83291482,-87.5941754,,2020-01-25,1220,2,2,0,0,CLOUDY,DRY,False,ANGLE COLLISION - OTHER,ANGLE,STRAIGHT & LEVEL,DAYLIGHT,,,43857.56667,False,23,Accepted,5,5,O,,"INATTENTION, MISJUDGE CLEARANCE",,2020,1
1576,26254888,0510100,HENDERSON POLICE DEPARTMENT,Accepted,HENDERSON,US0060,,GREEN,ST,S,KY0425,KY425,,,,,37.79979998,-87.6482111,8.724,2020-01-22,1046,2,2,0,0,CLEAR,DRY,True,OTHER INTERSECTION COLLISIONS,REAR END,STRAIGHT & LEVEL,DAYLIGHT,,,43858.35748,False,26,Accepted,5,5,O,,INATTENTION,,2020,1
1582,26257379,0510000,HENDERSON COUNTY SHERIFF DEPT.,Accepted,HENDERSON,US0041,,US41,,N,,,,,,,37.88329085,-87.56316073,17.998,2020-01-25,1955,2,2,0,0,CLEAR,DRY,False,REAR END IN TRAFFIC LANES BOTH VEHICLES MOVING,REAR END,STRAIGHT & LEVEL,DARK-HWY LIGHTED/OFF,,,43858.66719,False,136,Accepted,5,5,O,,NOT UNDER PROPER CONTROL,,2020,1
1584,26260518,0510100,HENDERSON POLICE DEPARTMENT,Accepted,HENDERSON,US0041A,1000,GREEN,ST,N,,,,,,,37.84945959,-87.58203443,16.705,2020-01-27,713,1,1,0,0,CLEAR,DRY,False,COLLISION WITH FIXED OBJECT NON - INTERSECTION - FIRST EVENT COLLISION 09 - 32 EXCLUDING 16,SINGLE VEHICLE,STRAIGHT & GRADE,DAYLIGHT,,,43859.34515,False,49,Accepted,5,5,O,,"INATTENTION, TURNING IMPROPERLY",,2020,1
1585,26262461,0510100,HENDERSON POLICE DEPARTMENT,Accepted,HENDERSON,US0041A,600,GREEN,ST,N,,,,,,,37.84448635,-87.58521717,16.313,2020-01-28,1740,2,2,0,0,CLEAR,DRY,False,REAR END IN TRAFFIC LANES BOTH VEHICLES MOVING,REAR END,STRAIGHT & LEVEL,DARK-HWY LIGHTED/ON,,,43859.60496,False,50,Accepted,5,5,O,,INATTENTION,,2020,1
1587,26265720,0510100,HENDERSON POLICE DEPARTMENT,Accepted,HENDERSON,US0041A,,GREEN,ST,S,,WASHINGTON,,,,,37.83634786,-87.59079857,15.667,2020-01-27,828,2,2,0,1,CLEAR,DRY,False,SIDESWIPE-SAME DIRECTION,SIDESWIPE-SAME DIRECTION,STRAIGHT & GRADE,DAYLIGHT,,,43860.31802,False,49,Accepted,5,4,C,,INATTENTION,,2020,1
1588,26268442,0510100,HENDERSON POLICE DEPARTMENT,Accepted,HENDERSON,US0041A,1000,GREEN,ST,N,,,,,,,37.84959897,-87.58193216,16.709,2020-01-29,1639,2,2,0,0,RAINING,WET,True,SIDESWIPE COLLISION - SAME DIRECTION,SIDESWIPE-SAME DIRECTION,STRAIGHT & LEVEL,DAYLIGHT,,,43860.68072,False,50,Accepted,5,5,O,,OTHER,,2020,1
1589,26268443,0510100,HENDERSON POLICE DEPARTMENT,Accepted,HENDERSON,US0041A,200,GREEN,ST,N,,,,,,,37.83941354,-87.58850217,15.918,2020-01-29,1911,2,2,0,0,RAINING,WET,True,OTHER ROADWAY OR MID-BLOCK COLLISION,REAR END,STRAIGHT & LEVEL,DARK-HWY LIGHTED/ON,,,43860.68076,False,50,Accepted,5,5,O,,INATTENTION,,2020,1
1590,26271631,0510100,HENDERSON POLICE DEPARTMENT,Accepted,HENDERSON,,,US 60 W,,,,KY 425,,,,,37.79992195,-87.64781145,,2020-01-30,805,2,2,0,0,CLOUDY,DRY,False,ANGLE COLLISION - OTHER,ANGLE,STRAIGHT & LEVEL,DAYLIGHT,,,43861.31925,False,23,Accepted,5,5,O,,"FAILED TO YIELD RIGHT OF WAY, INATTENTION",,2020,1
1591,26280416,0510100,HENDERSON POLICE DEPARTMENT,Accepted,HENDERSON,US0041A,1700,GREEN,ST,S,,,,,,,37.81693826,-87.61360439,13.771,2020-01-30,1624,2,2,0,0,CLEAR,DRY,False,SIDESWIPE COLLISION - SAME DIRECTION,SIDESWIPE-SAME DIRECTION,STRAIGHT & LEVEL,DAYLIGHT,,,43863.60867,False,50,Accepted,5,5,O,,"INATTENTION, OTHER",,2020,1
1592,26280420,0510100,HENDERSON POLICE DEPARTMENT,Accepted,HENDERSON,,,4TH,ST,,,INGRAM,,,,,37.84147516,-87.58535232,0.284,2020-01-30,1635,1,1,0,0,CLEAR,DRY,False,COLLISION WITH FIXED OBJECT IN INTERSECTION - FIRST EVENT COLLISION 09 - 32,SINGLE VEHICLE,STRAIGHT & LEVEL,DAYLIGHT,,,43863.60872,False,17,Accepted,5,5,O,,INATTENTION,,2020,1
1593,26280423,0510100,HENDERSON POLICE DEPARTMENT,Accepted,HENDERSON,US0041A,,GREEN,ST,S,,,,,,,37.82376055,-87.60314298,14.521,2020-02-01,1830,2,2,0,1,CLEAR,DRY,False,1 VEHICLE ENTERING/LEAVING ENTRANCE,ANGLE,STRAIGHT & LEVEL,DARK-HWY LIGHTED/ON,,,43863.60883,False,19,Accepted,5,4,C,,INATTENTION,,2020,1
1596,26300904,0510100,HENDERSON POLICE DEPARTMENT,Accepted,HENDERSON,US0041A,,GREEN,ST,N,,1ST,,,,,37.83820778,-87.58924155,15.824,2020-01-27,1322,2,2,0,0,CLOUDY,DRY,False,ANGLE COLLISION - OTHER,ANGLE,STRAIGHT & LEVEL,DAYLIGHT,,,43865.5217,False,34,Accepted,5,5,O,,"DISREGARD TRAFFIC CONTROL, INATTENTION",,2020,1
1597,26300906,0510100,HENDERSON POLICE DEPARTMENT,Accepted,HENDERSON,US0041,,,,,,,US0041,US41,KY0351,ZION,37.8309425,-87.56718074,0.205,2020-01-31,938,2,2,0,0,RAINING,WET,False,OTHER ROADWAY OR MID-BLOCK COLLISION,REAR END,STRAIGHT & GRADE,DAYLIGHT,,,43865.52209,False,65,Accepted,5,5,O,,INATTENTION,,2020,1
1598,26301991,0510100,HENDERSON POLICE DEPARTMENT,Accepted,HENDERSON,,10,WATER,ST,S,,,,,,,37.83978008,-87.59434283,0.025,2020-02-03,1705,2,2,0,0,CLOUDY,DRY,False,1 VEHICLE ENTERING/LEAVING ENTRANCE,ANGLE,STRAIGHT & LEVEL,DUSK,,,43865.68951,False,18,Accepted,5,5,O,,TURNING IMPROPERLY,,2020,1
1599,26301992,0510100,HENDERSON POLICE DEPARTMENT,Accepted,HENDERSON,,,CALDWELL,DR,,,TATE,,,,,37.84954423,-87.5733414,0.019,2020-01-28,1459,2,2,0,0,CLOUDY,DRY,False,COLLISION WITH PARKED VEHICLE,SIDESWIPE-OPPOSITE DIRECTION,STRAIGHT & LEVEL,DAYLIGHT,,,43865.68955,False,22,Accepted,5,5,O,,,OTHER,2020,1
1600,26302003,0510100,HENDERSON POLICE DEPARTMENT,Accepted,HENDERSON,,,BORAX,DR,,US0041A,GREEN,,,,,37.81112138,-87.62282855,0.005,2020-01-30,1728,2,2,0,1,CLEAR,DRY,False,ANGLE COLLISION - OTHER,ANGLE,STRAIGHT & LEVEL,DARK-HWY LIGHTED/ON,,,43865.69073,False,17,Accepted,4,4,C,,INATTENTION,,2020,1
1601,26303571,0510100,HENDERSON POLICE DEPARTMENT,Accepted,HENDERSON,,630,MERRITT,DR,,,,,,,,37.8475125,-87.5892851,0.178,2020-01-31,2256,1,1,0,0,CLOUDY,WET,False,COLLISION WITH FIXED OBJECT NON - INTERSECTION - FIRST EVENT COLLISION 09 - 32 EXCLUDING 16,SINGLE VEHICLE,STRAIGHT & HILLCREST,DARK-HWY LIGHTED/ON,,,43866.07913,False,24,Accepted,5,5,O,,"INATTENTION, NOT UNDER PROPER CONTROL",,2020,1
1605,26306978,0510100,HENDERSON POLICE DEPARTMENT,Accepted,HENDERSON,KY0351,1300,2ND,ST,,,,,,,,37.83259807,-87.57193637,1.024,2020-02-04,1857,2,2,0,0,RAINING,WET,False,1 VEHICLE ENTERING/LEAVING ENTRANCE,ANGLE,STRAIGHT & LEVEL,DARK (UNKNOWN ROADWAY LIGHTING),,,43866.66188,False,64,Accepted,5,5,O,,INATTENTION,,2020,1
1606,26307682,0510100,HENDERSON POLICE DEPARTMENT,Accepted,HENDERSON,US0041A,700,GREEN,ST,N,,,,,,,37.84570322,-87.58443341,16.413,2020-02-03,1645,2,2,0,2,CLEAR,DRY,False,1 VEHICLE ENTERING/LEAVING ENTRANCE,ANGLE,STRAIGHT & LEVEL,DAYLIGHT,,,43866.75683,False,50,Accepted,5,4,C,OTHER,"INATTENTION, EXCEEDED STATED SPEED LIMIT",,2020,1
1607,26307684,0510100,HENDERSON POLICE DEPARTMENT,Accepted,HENDERSON,US0041A,,GREEN,ST,S,,,,,,,37.83516278,-87.591916,15.561,2020-02-05,1417,2,2,0,0,RAINING,WET,False,OTHER ROADWAY OR MID-BLOCK COLLISION,REAR END,STRAIGHT & LEVEL,DAYLIGHT,,,43866.75691,False,50,Accepted,5,5,O,,"INATTENTION, OTHER",,2020,1
1608,26309693,0510100,HENDERSON POLICE DEPARTMENT,Accepted,HENDERSON,,,KLUTEY PARK PLAZA,,,,,,2ND ,,H&H ,37.83253618,-87.57141419,,2020-02-01,1130,2,2,0,2,CLOUDY,DRY,False,1 VEHICLE ENTERING/LEAVING ENTRANCE,ANGLE,STRAIGHT & LEVEL,DAYLIGHT,,,43867.3696,False,23,Accepted,5,4,C,,"INATTENTION, NOT UNDER PROPER CONTROL",,2020,1
1612,26313094,0510100,HENDERSON POLICE DEPARTMENT,Accepted,HENDERSON,US0041,2945,US41,,N,,,,,,,37.87603992,-87.56708458,17.468,2020-02-04,1726,2,2,0,0,RAINING,WET,False,REAR END IN TRAFFIC LANES BOTH VEHICLES MOVING,REAR END,STRAIGHT & LEVEL,DARK-HWY LIGHTED/ON,,,43867.95445,False,17,Accepted,5,5,O,SHOULDERS DEFECTIVE/DROP-OFF,INATTENTION,,2020,1
1613,26313095,0510100,HENDERSON POLICE DEPARTMENT,Accepted,HENDERSON,US0041A,2800,GREEN,ST,S,,,,,,,37.83297353,-87.59407277,15.368,2020-02-06,1421,2,2,0,0,CLOUDY,WET,False,REAR END IN TRAFFIC LANES BOTH VEHICLES MOVING,REAR END,STRAIGHT & LEVEL,DAYLIGHT,,,43867.95459,False,19,Accepted,5,5,O,,OTHER,,2020,1
1614,26314513,0510100,HENDERSON POLICE DEPARTMENT,Accepted,HENDERSON,,200,MAIN,ST,S,,,,,,,37.83467548,-87.59694777,1.806,2020-02-06,1136,2,2,0,1,SNOWING,WET,False,OTHER ROADWAY OR MID-BLOCK COLLISION,OPPOSING LEFT TURN,STRAIGHT & LEVEL,DAYLIGHT,,,43868.34807,False,27,Accepted,5,4,C,,INATTENTION,,2020,1
1615,26314515,0510100,HENDERSON POLICE DEPARTMENT,Accepted,HENDERSON,,,GARDEN MILE,RD,N,,,,,,,37.82240963,-87.55898004,0.389,2020-02-06,741,2,2,0,0,RAINING,WET,False,1 VEHICLE ENTERING/LEAVING ENTRANCE,ANGLE,STRAIGHT & LEVEL,DAYLIGHT,,,43868.34826,False,62,Accepted,5,5,O,SLIPPERY SURFACE,TOO FAST FOR CONDITIONS,,2020,1
1616,26314519,0510100,HENDERSON POLICE DEPARTMENT,Accepted,HENDERSON,US0060,,GREEN,ST,S,,OHIO,,,,,37.80575717,-87.63243922,9.635,2020-02-03,713,2,2,0,0,CLOUDY,DRY,False,OTHER INTERSECTION COLLISIONS,REAR END,STRAIGHT & LEVEL,DAYLIGHT,,,43868.34841,False,26,Accepted,5,5,O,,INATTENTION,,2020,1
1617,26314921,0510000,HENDERSON COUNTY SHERIFF DEPT.,Accepted,HENDERSON,AU9005,,,,,,,,,,,37.80981574,-87.56130049,0.27,2020-02-07,504,1,1,0,0,BLOWING SAND/SOIL/DIRT/SNOW,ICE,False,COLLISION WITH FIXED OBJECT NOT IN GORE ,SINGLE VEHICLE,STRAIGHT & GRADE,DAWN,US0041,AU9005,43868.40455,False,140,Accepted,5,5,O,SLIPPERY SURFACE,NOT UNDER PROPER CONTROL,,2020,1
1618,26315890,0510100,HENDERSON POLICE DEPARTMENT,Accepted,HENDERSON,US0060,,GREEN,ST,S,,,,BORAX,,OHIO,37.80918953,-87.6256341,,2020-02-07,555,2,2,0,0,SNOWING,ICE,False,1 VEHICLE ENTERING/LEAVING ENTRANCE,ANGLE,STRAIGHT & LEVEL,DARK-HWY NOT LIGHTED,,,43868.58904,False,23,Accepted,5,5,O,SLIPPERY SURFACE,,,2020,1
1619,26320763,0510100,HENDERSON POLICE DEPARTMENT,Accepted,HENDERSON,US0041A,1800,GREEN,ST,S,,,,,,,37.81247081,-87.62032025,13.258,2020-02-07,2306,1,1,0,0,CLEAR,DRY,False,COLLISION WITH ANIMAL NON INTERSECTION,SINGLE VEHICLE,STRAIGHT & LEVEL,DARK (UNKNOWN ROADWAY LIGHTING),,,43869.96401,False,16,Accepted,5,5,O,ANIMALS ACTION,,,2020,1
1620,26323718,0510100,HENDERSON POLICE DEPARTMENT,Accepted,HENDERSON,,,13TH,ST,,US0041A,GREEN,,,,,37.85313148,-87.57966196,,2020-02-07,1807,2,2,0,0,CLEAR,DRY,True,ANGLE COLLISION - OTHER,ANGLE,STRAIGHT & LEVEL,,,,43870.95199,False,17,Accepted,5,5,O,,"FAILED TO YIELD RIGHT OF WAY, INATTENTION",,2020,1
1621,26323719,0510100,HENDERSON POLICE DEPARTMENT,Accepted,HENDERSON,US0060,2100,US60,,E,,,,,,,37.86010691,-87.56718952,10.58,2020-02-09,1348,2,2,0,1,CLEAR,DRY,False,OTHER ROADWAY OR MID-BLOCK COLLISION,REAR END,STRAIGHT & LEVEL,DAYLIGHT,,,43870.95207,False,50,Accepted,5,4,C,,INATTENTION,,2020,1
1622,26323865,0510100,HENDERSON POLICE DEPARTMENT,Accepted,HENDERSON,US0060,,GREEN,ST,S,,BORAX,,,,,37.8110732,-87.62277915,10.282,2020-02-07,2303,1,1,0,0,CLEAR,DRY,False,COLLISION WITH ANIMAL IN INTERSECTION,SINGLE VEHICLE,STRAIGHT & LEVEL,DARK-HWY LIGHTED/ON,,,43870.99556,False,61,Accepted,5,5,O,,,,2020,1
1625,26329970,0510100,HENDERSON POLICE DEPARTMENT,Accepted,HENDERSON,,500,WASHINGTON,ST,,,,,,,,37.83577165,-87.5899011,1.149,2020-02-09,251,1,1,0,1,CLEAR,DRY,True,COLLISION WITH FIXED OBJECT NON - INTERSECTION - FIRST EVENT COLLISION 09 - 32 EXCLUDING 16,SINGLE VEHICLE,STRAIGHT & GRADE,DARK-HWY LIGHTED/ON,,,43872.12279,False,61,Accepted,5,3,B,,"ALCOHOL INVOLVEMENT, CELL PHONE, INATTENTION",,2020,1
1627,26332391,0510100,HENDERSON POLICE DEPARTMENT,Accepted,HENDERSON,US0060,,US60,,E,,GREEN RIVER,,,,,37.86129917,-87.56414457,10.827,2020-02-11,736,2,2,0,0,CLOUDY,WET,False,ANGLE COLLISION - OTHER,ANGLE,STRAIGHT & LEVEL,DAYLIGHT,,,43872.5421,False,67,Accepted,5,5,O,SLIPPERY SURFACE,INATTENTION,,2020,1
1628,26333001,0510100,HENDERSON POLICE DEPARTMENT,Accepted,HENDERSON,US0041A,301,GREEN,ST,S,,,,,,,37.83181365,-87.5955462,15.219,2020-02-07,1646,2,2,0,0,CLEAR,DRY,False,1 VEHICLE ENTERING/LEAVING ENTRANCE,ANGLE,STRAIGHT & LEVEL,DAYLIGHT,,,43872.60182,False,17,Accepted,5,5,O,,INATTENTION,,2020,1
1629,26333007,0510100,HENDERSON POLICE DEPARTMENT,Accepted,HENDERSON,,,CENTER,ST,,,MEADOW,,,,,37.83247446,-87.58046437,0.228,2020-02-07,1506,2,2,0,0,CLEAR,DRY,False,ANGLE COLLISION - OTHER,ANGLE,STRAIGHT & LEVEL,DAYLIGHT,,,43872.60203,False,22,Accepted,5,5,O,,INATTENTION,,2020,1
1631,26339770,0510100,HENDERSON POLICE DEPARTMENT,Accepted,HENDERSON,,1246,POWELL,ST,,,,,,,,37.82802598,-87.57961217,1.129,2020-02-11,1400,2,2,0,0,CLEAR,DRY,True,1 VEHICLE PARKED POSITION (NOT PARKING LOT/DRIVEWAY),ANGLE,STRAIGHT & LEVEL,DAYLIGHT,,,43873.71377,False,64,Accepted,5,5,O,,,,2020,1
1632,26339771,0510100,HENDERSON POLICE DEPARTMENT,Accepted,HENDERSON,,1542,CUMNOCK,ST,,,,,,,,37.82426406,-87.57885518,0.048,2020-02-11,1551,2,2,0,0,CLOUDY,DRY,True,1 VEHICLE PARKED POSITION (NOT PARKING LOT/DRIVEWAY),BACKING,STRAIGHT & LEVEL,DAYLIGHT,,,43873.71382,False,22,Accepted,5,5,O,,,,2020,1
1634,26343615,0510100,HENDERSON POLICE DEPARTMENT,Accepted,HENDERSON,,,MAIN,ST,S,,CLAY,,,,,37.83576688,-87.59594428,1.904,2020-02-04,945,2,1,0,1,RAINING,WET,False,COLLISION WITH PEDESTRIAN IN INTERSECTION,SINGLE VEHICLE,STRAIGHT & LEVEL,DAYLIGHT,,,43874.5771,False,34,Accepted,5,4,C,,INATTENTION,,2020,1
1635,26343616,0510100,HENDERSON POLICE DEPARTMENT,Accepted,HENDERSON,US0041,,US41,,N,,WATSON,,,,,37.87528338,-87.56769128,17.405,2020-02-04,1236,2,2,0,0,CLOUDY,WET,False,OTHER INTERSECTION COLLISIONS,REAR END,STRAIGHT & LEVEL,DAYLIGHT,,,43874.57719,False,34,Accepted,5,5,O,SLIPPERY SURFACE,,OTHER,2020,1