OBJECTID,IncidentID,AgencyORI,AgencyName,IncidentStatusDesc,County,RdwyNumber,Street,RoadwayName,StreetSfx,StreetDir,IntersectionRdwy,IntersectionRdwyName,BetweenStRdwy1,BetweenStRdwyName1,BetweenStRdwy2,BetweenStRdwyName2,Latitude,Longitude,Milepoint,CollisionDate,CollisionTime,UnitsInvolved,MotorVehiclesInvolved,NumberKilled,NumberInjured,Weather,RdwyConditionCode,HitandRun,DirAnalysisCode,MannerofCollision,RdwyCharacter,LightCondition,RampFromRdwyId,RampToRdwyId,AcceptedDate,IsSecondaryCollision,OwnerBadge,IncidentStatus,InjurySeverityCde,KABCO_Code,KABCO,Environmental_Factors,Human_Factors,Vehicular_Factors,CollisionYear,CityCrash
1636,26345572,0510100,HENDERSON POLICE DEPARTMENT,Accepted,HENDERSON,,100,GARDEN MILE,RD,N,,,,,,,37.82759124,-87.55795207,0.049,2020-02-12,1537,2,2,0,0,RAINING,WET,False,1 VEHICLE ENTERING/LEAVING ENTRANCE,ANGLE,STRAIGHT & LEVEL,DAYLIGHT,,,43874.83301,False,64,Accepted,5,5,O,,INATTENTION,,2020,1
1637,26345653,0510100,HENDERSON POLICE DEPARTMENT,Accepted,HENDERSON,US0041A,,GREEN,ST,S,,PLUM,,,,,37.83014708,-87.59680297,15.176,2020-01-29,1514,2,2,0,1,CLEAR,DRY,False,OTHER INTERSECTION COLLISIONS,REAR END,STRAIGHT & LEVEL,DAYLIGHT,,,43874.85159,False,58,Accepted,3,3,B,,INATTENTION,,2020,1
1638,26347711,0510100,HENDERSON POLICE DEPARTMENT,Accepted,HENDERSON,,,H AND H,AVE,,,KLUTEY PARK PLAZA,,,,,37.83425948,-87.56993904,0.132,2020-02-07,733,2,2,0,0,CLOUDY,ICE,False,OTHER INTERSECTION COLLISIONS,REAR END,STRAIGHT & LEVEL,DAYLIGHT,,,43875.36564,False,65,Accepted,5,5,O,SLIPPERY SURFACE,INATTENTION,,2020,1
1640,26352382,0510100,HENDERSON POLICE DEPARTMENT,Accepted,HENDERSON,KY0136,1000,SAND,LN,,,,,,,,37.82050707,-87.59239185,20.211,2020-02-13,1932,2,2,0,0,CLEAR,DRY,True,SIDESWIPE COLLISION - SAME DIRECTION,SIDESWIPE-SAME DIRECTION,STRAIGHT & LEVEL,DARK-HWY LIGHTED/ON,,,43876.61192,False,58,Accepted,5,5,O,,,,2020,1
1642,26352385,0510100,HENDERSON POLICE DEPARTMENT,Accepted,HENDERSON,,,WASHINGTON,ST,,,,,,,,37.83719471,-87.59221433,1.305,2020-02-14,1613,2,2,0,0,CLEAR,DRY,False,1 VEHICLE ENTERING/LEAVING ENTRANCE,ANGLE,STRAIGHT & LEVEL,DAYLIGHT,,,43876.61202,False,19,Accepted,5,5,O,,INATTENTION,,2020,1
1643,26352386,0510100,HENDERSON POLICE DEPARTMENT,Accepted,HENDERSON,US0041A,,GREEN,ST,S,,,,,,,37.81407985,-87.61797452,13.428,2020-02-14,1730,2,2,0,0,CLEAR,DRY,False,SIDESWIPE COLLISION - OPPOSITE DIRECTION,SIDESWIPE-OPPOSITE DIRECTION,STRAIGHT & LEVEL,DUSK,,,43876.61206,False,19,Accepted,5,5,O,,INATTENTION,,2020,1
1644,26352387,0510100,HENDERSON POLICE DEPARTMENT,Accepted,HENDERSON,US0041A,500,GREEN,ST,N,,5TH,,,,,37.84322584,-87.58599834,16.213,2020-02-14,1640,2,2,0,0,CLEAR,DRY,False,OTHER INTERSECTION COLLISIONS,REAR END,STRAIGHT & LEVEL,DAYLIGHT,,,43876.6121,False,58,Accepted,5,5,O,,INATTENTION,,2020,1
1646,26352930,0510100,HENDERSON POLICE DEPARTMENT,Accepted,HENDERSON,KY0285,1308,OLD MADISONVILLE,RD,,,,,,,,37.81707243,-87.5838639,2.719,2020-01-28,1517,2,2,0,0,CLEAR,DRY,True,VEHICLE BACKING NON INTERSECTION,BACKING,STRAIGHT & LEVEL,DAYLIGHT,,,43876.72144,False,58,Accepted,5,5,O,,INATTENTION,,2020,1
1647,26356348,0510100,HENDERSON POLICE DEPARTMENT,Accepted,HENDERSON,US0041,2700,US41,,N,,WATSON,,,,,37.87529458,-87.56769585,17.415,2020-02-15,1405,3,3,0,0,CLEAR,DRY,False,ANGLE COLLISION - OTHER,ANGLE,STRAIGHT & LEVEL,DAYLIGHT,,,43877.86904,False,58,Accepted,5,5,O,,INATTENTION,,2020,1
1648,26356349,0510100,HENDERSON POLICE DEPARTMENT,Accepted,HENDERSON,KY0351,2424,ZION,RD,,,,,,,,37.82874126,-87.55966907,1.751,2020-02-14,2129,2,2,0,1,CLEAR,DRY,False,1 VEHICLE ENTERING/LEAVING ENTRANCE,ANGLE,STRAIGHT & LEVEL,DARK-HWY LIGHTED/ON,,,43877.86909,False,58,Accepted,5,3,B,,INATTENTION,,2020,1
1649,26367798,0510100,HENDERSON POLICE DEPARTMENT,Accepted,HENDERSON,,725,CENTER,ST,,,,,,,,37.83450845,-87.58465275,0.473,2020-02-15,518,3,3,0,0,CLEAR,DRY,True,1 VEHICLE PARKED POSITION (NOT PARKING LOT/DRIVEWAY),REAR END,STRAIGHT & LEVEL,DARK-HWY LIGHTED/ON,,,43878.1116,False,35,Accepted,5,5,O,,,,2020,1
1650,26369118,0510100,HENDERSON POLICE DEPARTMENT,Accepted,HENDERSON,,356,RACETRACK,RD,,,,,,,,37.8838384,-87.56482002,0.108,2020-02-07,1215,1,1,0,0,CLOUDY,DRY,False,COLLISION WITH FIXED OBJECT NON - INTERSECTION - FIRST EVENT COLLISION 09 - 32 EXCLUDING 16,SINGLE VEHICLE,STRAIGHT & LEVEL,DAYLIGHT,,,43878.35548,False,36,Accepted,5,5,O,,INATTENTION,,2020,1
1658,26386939,0510100,HENDERSON POLICE DEPARTMENT,Accepted,HENDERSON,US0041,,US41,,N,,MARYWOOD,,,,,37.86730233,-87.57213383,16.806,2020-02-18,738,2,2,0,0,RAINING,WET,False,OTHER INTERSECTION COLLISIONS,REAR END,STRAIGHT & LEVEL,DAYLIGHT,,,43879.52775,False,67,Accepted,5,5,O,SLIPPERY SURFACE,INATTENTION,,2020,1
1659,26388524,0510100,HENDERSON POLICE DEPARTMENT,Accepted,HENDERSON,US0041,2000,US41,,N,,,,,,,37.86683129,-87.5724522,16.77,2020-02-09,2012,2,2,0,0,CLOUDY,WET,False,1 VEHICLE ENTERING/LEAVING ENTRANCE,ANGLE,STRAIGHT & LEVEL,DARK-HWY NOT LIGHTED,,,43879.7067,False,17,Accepted,5,5,O,,INATTENTION,,2020,1
1660,26389419,0510100,HENDERSON POLICE DEPARTMENT,Accepted,HENDERSON,,2022,COUNTRY,DR,,,,,,,,37.80285655,-87.5892694,0.347,2020-02-18,1300,2,2,0,0,CLOUDY,WET,True,1 VEHICLE PARKED POSITION (NOT PARKING LOT/DRIVEWAY),ANGLE,CURVE & LEVEL,DAYLIGHT,,,43879.9162,False,44,Accepted,5,5,O,ANIMALS ACTION,NOT UNDER PROPER CONTROL,,2020,1
1661,26391901,0510100,HENDERSON POLICE DEPARTMENT,Accepted,HENDERSON,KY0351,,2ND,ST,,,CARLISLE,,,,,37.83582741,-87.5794425,0.549,2020-02-17,811,2,2,0,0,CLOUDY,DRY,False,OPPOSING LEFT TURN,OPPOSING LEFT TURN,STRAIGHT & GRADE,DAYLIGHT,,,43880.43961,False,36,Accepted,5,5,O,,FAILED TO YIELD RIGHT OF WAY,,2020,1
1662,26391902,0510100,HENDERSON POLICE DEPARTMENT,Accepted,HENDERSON,,,MAIN,ST,S,,,,WASHINGTON,,1ST,37.83912361,-87.59275243,2.195,2020-02-17,926,2,2,0,0,CLOUDY,DRY,False,VEHICLE BACKING NON INTERSECTION,BACKING,STRAIGHT & LEVEL,DAYLIGHT,,,43880.43965,False,36,Accepted,5,5,O,,FAILED TO YIELD RIGHT OF WAY,,2020,1
1663,26397693,0510100,HENDERSON POLICE DEPARTMENT,Accepted,HENDERSON,,,CENTER,ST,,,,,,,,37.83721439,-87.58994629,0.84,2020-02-19,1218,2,2,0,0,CLEAR,DRY,False,1 VEHICLE ENTERING/LEAVING ENTRANCE,ANGLE,STRAIGHT & LEVEL,DAYLIGHT,,,43881.46355,False,62,Accepted,5,5,O,,INATTENTION,,2020,1
1664,26402945,0510100,HENDERSON POLICE DEPARTMENT,Accepted,HENDERSON,,,BARRET,BLVD,,,,,,,,37.85988629,-87.56785635,0.354,2020-02-21,632,2,2,0,0,CLEAR,DRY,False,1 VEHICLE ENTERING/LEAVING ENTRANCE,ANGLE,STRAIGHT & LEVEL,DAYLIGHT,,,43882.43067,False,62,Accepted,5,5,O,,FAILED TO YIELD RIGHT OF WAY,,2020,1
1666,26406119,0510100,HENDERSON POLICE DEPARTMENT,Accepted,HENDERSON,US0041,3031,US41,,N,,,,,,,37.88115558,-87.56433212,17.811,2020-02-18,2014,1,1,0,0,CLEAR,DRY,False,COLLISION WITH ANIMAL NON INTERSECTION,SINGLE VEHICLE,STRAIGHT & LEVEL,DARK-HWY LIGHTED/OFF,,,43882.96277,False,17,Accepted,5,5,O,,,,2020,1
1667,26406120,0510100,HENDERSON POLICE DEPARTMENT,Accepted,HENDERSON,US0041,2452,US41,,N,,,,,,,37.87471986,-87.56818046,17.36,2020-02-16,2005,2,2,0,0,CLEAR,DRY,False,SIDESWIPE COLLISION - SAME DIRECTION,SIDESWIPE-SAME DIRECTION,STRAIGHT & LEVEL,DARK-HWY LIGHTED/ON,,,43882.96281,False,17,Accepted,5,5,O,,INATTENTION,,2020,1
1668,26406121,0510100,HENDERSON POLICE DEPARTMENT,Accepted,HENDERSON,,,SAND,LN,,,MAIN,,,,,37.82559621,-87.60592655,0.194,2020-02-05,1830,2,2,0,0,CLEAR,DRY,True,OPPOSITE DIRECTION - BOTH VEHICLES GOING STRAIGHT AHEAD,SIDESWIPE-OPPOSITE DIRECTION,STRAIGHT & LEVEL,DARK-HWY LIGHTED/ON,,,43882.96285,False,37,Accepted,5,5,O,,"FAILED TO KEEP PROPER LANE, INATTENTION",,2020,1
1669,26406122,0510100,HENDERSON POLICE DEPARTMENT,Accepted,HENDERSON,,2500,SUREWAY,DR,,,,,,,,37.87425239,-87.56715855,0.065,2020-02-20,1615,2,2,0,0,CLEAR,DRY,False,1 VEHICLE ENTERING/LEAVING ENTRANCE,ANGLE,STRAIGHT & LEVEL,DAYLIGHT,,,43882.96289,False,37,Accepted,5,5,O,,"INATTENTION, MISJUDGE CLEARANCE",,2020,1
1670,26406123,0510100,HENDERSON POLICE DEPARTMENT,Accepted,HENDERSON,US0041,2860,US41,,N,,,,,,,37.87915181,-87.56576233,17.692,2020-02-20,1700,2,2,0,0,CLEAR,DRY,False,1 VEHICLE ENTERING/LEAVING ENTRANCE,ANGLE,STRAIGHT & LEVEL,DAYLIGHT,,,43882.96292,False,37,Accepted,5,5,O,,"FAILED TO KEEP PROPER LANE, INATTENTION",,2020,1
1671,26406124,0510100,HENDERSON POLICE DEPARTMENT,Accepted,HENDERSON,US0041,2200,US41,,N,,,,,,,37.86796917,-87.57190616,16.848,2020-02-20,1823,2,2,0,0,CLEAR,DRY,False,REAR END IN TRAFFIC LANES BOTH VEHICLES MOVING,REAR END,STRAIGHT & LEVEL,DARK-HWY LIGHTED/ON,,,43882.96296,False,19,Accepted,5,5,O,,OTHER,,2020,1
1672,26410754,0510100,HENDERSON POLICE DEPARTMENT,Accepted,HENDERSON,,355,COLE TRAILER PARK C,,,,,,,,,37.88395929,-87.56467224,0.016,2020-02-22,1030,2,2,0,0,CLEAR,DRY,False,1 VEHICLE PARKED POSITION (NOT PARKING LOT/DRIVEWAY),BACKING,STRAIGHT & LEVEL,DAYLIGHT,,,43884.39343,False,62,Accepted,5,5,O,,INATTENTION,,2020,1
1673,26411601,0510100,HENDERSON POLICE DEPARTMENT,Accepted,HENDERSON,US0041A,328,GREEN,ST,S,,,,,,,37.83293594,-87.5940805,15.365,2020-02-22,1800,2,2,0,0,CLEAR,DRY,False,1 VEHICLE ENTERING/LEAVING ENTRANCE,ANGLE,STRAIGHT & LEVEL,DARK-HWY LIGHTED/ON,,,43884.71013,False,37,Accepted,5,5,O,,MISJUDGE CLEARANCE,,2020,1
1675,26417959,0510100,HENDERSON POLICE DEPARTMENT,Accepted,HENDERSON,,,12TH,ST,,,,US0041A,GREEN,,ADAMS,37.85186624,-87.58002426,0.319,2020-02-23,1915,2,2,0,0,CLEAR,DRY,True,SIDESWIPE COLLISION - SAME DIRECTION,SIDESWIPE-SAME DIRECTION,STRAIGHT & LEVEL,DARK-HWY LIGHTED/ON,,,43885.78892,False,44,Accepted,5,5,O,,EMOTIONAL,,2020,1
1679,26423759,0510100,HENDERSON POLICE DEPARTMENT,Accepted,HENDERSON,US0041,,US41,,N,US0041,US41 S RAMP TO EB9004,,,,,37.82652842,-87.56656379,13.716,2020-02-22,1702,2,2,0,0,CLEAR,DRY,False,ANGLE COLLISION - OTHER,ANGLE,STRAIGHT & LEVEL,DAYLIGHT,,,43886.77046,False,64,Accepted,5,5,O,,INATTENTION,,2020,1
1680,26423760,0510100,HENDERSON POLICE DEPARTMENT,Accepted,HENDERSON,US0041A,,GREEN,ST,S,,POWELL,,,,,37.83513633,-87.59194563,15.563,2020-02-21,1420,2,2,0,0,CLEAR,DRY,True,OTHER INTERSECTION COLLISIONS,REAR END,STRAIGHT & LEVEL,DAYLIGHT,,,43886.77054,False,22,Accepted,5,5,O,,INATTENTION,,2020,1
1681,26423761,0510100,HENDERSON POLICE DEPARTMENT,Accepted,HENDERSON,US0041A,,GREEN,ST,N,KY0351,2ND,,,,,37.83947624,-87.58847721,15.922,2020-02-19,1522,2,2,0,0,CLEAR,DRY,True,SIDESWIPE-SAME DIRECTION,SIDESWIPE-SAME DIRECTION,STRAIGHT & LEVEL,DAYLIGHT,,,43886.77059,False,22,Accepted,5,5,O,,FAILED TO KEEP PROPER LANE,,2020,1
1682,26423762,0510100,HENDERSON POLICE DEPARTMENT,Accepted,HENDERSON,US0041,2530,US41,,N,,,,,,,37.87038093,-87.57052435,17.033,2020-01-07,1736,2,2,0,1,CLEAR,DRY,False,REAR END IN TRAFFIC LANES BOTH VEHICLES MOVING,REAR END,STRAIGHT & LEVEL,DARK-HWY LIGHTED/ON,,,43886.77063,False,17,Accepted,4,4,C,,INATTENTION,,2020,1
1684,26428193,0510100,HENDERSON POLICE DEPARTMENT,Accepted,HENDERSON,US0041A,1700,GREEN,ST,S,,,,,,,37.81443108,-87.61756758,13.464,2020-02-19,1312,2,2,0,0,CLEAR,DRY,False,1 VEHICLE ENTERING/LEAVING ENTRANCE,ANGLE,STRAIGHT & LEVEL,DAYLIGHT,,,43887.62155,False,26,Accepted,5,5,O,,INATTENTION,,2020,1
1685,26430355,0510100,HENDERSON POLICE DEPARTMENT,Accepted,HENDERSON,,1246,POWELL,ST,,,,,,,,37.82859486,-87.58076806,1.055,2020-02-22,15,2,2,0,0,CLEAR,DRY,True,1 VEHICLE PARKED POSITION (NOT PARKING LOT/DRIVEWAY),SIDESWIPE-OPPOSITE DIRECTION,STRAIGHT & LEVEL,DARK-HWY LIGHTED/ON,,,43888.02782,False,46,Accepted,5,5,O,,INATTENTION,,2020,1
1686,26432545,0510100,HENDERSON POLICE DEPARTMENT,Accepted,HENDERSON,,980,MILLCREEK,DR,,,,,,,,37.86606902,-87.54054121,0.26,2020-02-25,1327,2,2,0,0,CLOUDY,WET,False,1 VEHICLE PARKED POSITION (NOT PARKING LOT/DRIVEWAY),BACKING,CURVE & LEVEL,DAYLIGHT,,,43888.49927,False,67,Accepted,5,5,O,,INATTENTION,,2020,1
1687,26432681,0510100,HENDERSON POLICE DEPARTMENT,Accepted,HENDERSON,KY0351,,2ND,ST,,,,US0041A,GREEN,,INGRAM,37.83930954,-87.58796261,0.029,2020-02-21,1312,2,2,0,0,CLOUDY,DRY,False,OTHER ROADWAY OR MID-BLOCK COLLISION,OPPOSING LEFT TURN,STRAIGHT & LEVEL,DAYLIGHT,,,43888.51766,False,36,Accepted,5,5,O,,INATTENTION,,2020,1
1688,26432828,0510100,HENDERSON POLICE DEPARTMENT,Accepted,HENDERSON,,,GREEN,ST,S,,,,KRESGE,,DRURY,37.81591068,-87.61510878,,2020-02-25,1245,2,2,0,0,CLOUDY,DRY,False,SIDESWIPE COLLISION - SAME DIRECTION,SIDESWIPE-SAME DIRECTION,STRAIGHT & LEVEL,DAYLIGHT,,,43888.55643,False,23,Accepted,5,5,O,,INATTENTION,,2020,1
1689,26439007,0510100,HENDERSON POLICE DEPARTMENT,Accepted,HENDERSON,,1200,MILL,ST,,,,,,,,37.82012096,-87.58752388,0.039,2020-02-24,1233,2,2,0,0,CLOUDY,WET,False,1 VEHICLE ENTERING/LEAVING ENTRANCE,ANGLE,STRAIGHT & LEVEL,DAYLIGHT,,,43889.61664,False,26,Accepted,5,5,O,SLIPPERY SURFACE,INATTENTION,,2020,1
1690,26441577,0510100,HENDERSON POLICE DEPARTMENT,Accepted,HENDERSON,US0060,,US60,,E,US0041,US41 W RAMP TO US41 N,,,,,37.85905679,-87.56987826,10.481,2020-02-28,2210,2,2,0,0,CLOUDY,DRY,True,SIDESWIPE-SAME DIRECTION,SIDESWIPE-SAME DIRECTION,STRAIGHT & LEVEL,DARK-HWY NOT LIGHTED,,,43890.18162,False,38,Accepted,5,5,O,,,,2020,1
1691,26443198,0510100,HENDERSON POLICE DEPARTMENT,Accepted,HENDERSON,US0041,2826,US41,,N,,,,,,,37.87271498,-87.56915084,17.21,2020-02-25,1740,2,2,0,1,CLEAR,DRY,False,REAR END IN TRAFFIC LANES BOTH VEHICLES MOVING,REAR END,STRAIGHT & LEVEL,DARK-HWY LIGHTED/ON,,,43890.7751,False,17,Accepted,5,4,C,,INATTENTION,,2020,1
1692,26443199,0510100,HENDERSON POLICE DEPARTMENT,Accepted,HENDERSON,US0060,,US60,,E,,,US0041,US41 W RAMP TO US41 N,US0041,US41 E RAMP TO US41 N,37.85763119,-87.5726284,10.324,2020-02-20,1550,4,4,0,0,CLEAR,DRY,False,REAR END IN TRAFFIC LANES BOTH VEHICLES MOVING,REAR END,STRAIGHT & LEVEL,DAYLIGHT,,,43890.77514,False,22,Accepted,5,5,O,,FOLLOWING TOO CLOSE,,2020,1
1693,26445403,0510100,HENDERSON POLICE DEPARTMENT,Accepted,HENDERSON,,,SAND,LN,,,FAIRGROUND,,,,,37.8212483,-87.59947827,,2020-02-29,730,2,2,0,0,CLEAR,DRY,False,ANGLE COLLISION - OTHER,ANGLE,STRAIGHT & LEVEL,DAYLIGHT,,,43891.5389,False,23,Accepted,5,5,O,,"FAILED TO YIELD RIGHT OF WAY, INATTENTION",,2020,1
1694,26446468,0510100,HENDERSON POLICE DEPARTMENT,Accepted,HENDERSON,KY0351,,ZION,RD,,US0041,US41 RAMP KY351,,,,,37.83093472,-87.56717584,1.308,2020-02-28,1545,2,2,0,0,CLEAR,DRY,False,OTHER INTERSECTION COLLISIONS,REAR END,STRAIGHT & LEVEL,DAYLIGHT,,,43891.82268,False,44,Accepted,5,5,O,,INATTENTION,,2020,1
1695,26446469,0510100,HENDERSON POLICE DEPARTMENT,Accepted,HENDERSON,,219,ADAMS,ST,N,,,,,,,37.83917464,-87.58507153,0.258,2020-02-29,1605,2,2,0,0,CLEAR,DRY,True,1 VEHICLE PARKED POSITION (NOT PARKING LOT/DRIVEWAY),ANGLE,STRAIGHT & LEVEL,DAYLIGHT,,,43891.82273,False,58,Accepted,5,5,O,,,,2020,1
1696,26446491,0510100,HENDERSON POLICE DEPARTMENT,Accepted,HENDERSON,US0041A,,GREEN,ST,N,,1ST,,,,,37.83822353,-87.58925572,15.824,2020-03-01,1443,2,2,0,0,CLEAR,DRY,False,ANGLE COLLISION - OTHER,ANGLE,STRAIGHT & LEVEL,DAYLIGHT,,,43891.83186,False,50,Accepted,5,5,O,,INATTENTION,,2020,1
1706,26459289,0510100,HENDERSON POLICE DEPARTMENT,Accepted,HENDERSON,US0041,1917,US41,,N,,,,,,,37.86349175,-87.57435979,16.515,2020-03-02,2309,2,2,0,0,RAINING,WET,False,REAR END IN TRAFFIC LANES BOTH VEHICLES MOVING,REAR END,STRAIGHT & LEVEL,DARK-HWY LIGHTED/ON,,,43894.11256,False,24,Accepted,5,5,O,,INATTENTION,,2020,1
1707,26460473,0510100,HENDERSON POLICE DEPARTMENT,Accepted,HENDERSON,KY0136,,SAND,LN,,,SANDEFUR,,,,,37.82059937,-87.59797984,19.9,2020-02-27,1230,2,2,0,0,CLEAR,DRY,True,OTHER INTERSECTION COLLISIONS,REAR END,STRAIGHT & LEVEL,DAYLIGHT,,,43894.38986,False,26,Accepted,5,5,O,,,,2020,1
1708,26460636,0510100,HENDERSON POLICE DEPARTMENT,Accepted,HENDERSON,KY0351,,2ND,ST,,,KLUTEY PARK PLAZA,,,,,37.83239734,-87.57155436,1.043,2020-02-28,1021,2,2,0,2,CLEAR,DRY,False,ANGLE COLLISION - OTHER,ANGLE,STRAIGHT & LEVEL,DAYLIGHT,,,43894.41816,False,36,Accepted,5,3,B,,DISREGARD TRAFFIC CONTROL,,2020,1
1711,26466229,0510100,HENDERSON POLICE DEPARTMENT,Accepted,HENDERSON,KY0351,,2ND,ST,,,,,CLARK,,PRIEST,37.83394028,-87.57471815,0.847,2020-03-01,1322,1,1,0,1,CLEAR,DRY,False,COLLISION WITH FIXED OBJECT NON - INTERSECTION - FIRST EVENT COLLISION 09 - 32 EXCLUDING 16,SINGLE VEHICLE,STRAIGHT & HILLCREST,DAYLIGHT,,,43895.38498,False,65,Accepted,5,4,C,,LOST CONSCIOUSNESS/FAINTED,,2020,1
1714,26475502,0510100,HENDERSON POLICE DEPARTMENT,Accepted,HENDERSON,,,WASHINGTON,ST,,,MAIN,,,,,37.83809168,-87.59369102,1.405,2020-02-28,1452,2,2,0,0,CLEAR,DRY,False,COLLISION WITH PARKED VEHICLE,BACKING,STRAIGHT & LEVEL,DAYLIGHT,,,43896.84164,False,17,Accepted,5,5,O,,INATTENTION,,2020,1
1715,26475591,0510100,HENDERSON POLICE DEPARTMENT,Accepted,HENDERSON,US0041,2746,US41,,N,,,,,,,37.87687315,-87.56680517,17.526,2019-10-19,946,2,2,0,0,CLEAR,DRY,False,1 VEHICLE PARKED POSITION (NOT PARKING LOT/DRIVEWAY),SIDESWIPE-OPPOSITE DIRECTION,STRAIGHT & LEVEL,DAYLIGHT,,,43896.88058,False,37,Accepted,5,5,O,,"ALCOHOL INVOLVEMENT, NOT UNDER PROPER CONTROL",,2019,1
1716,26475592,0510100,HENDERSON POLICE DEPARTMENT,Accepted,HENDERSON,US0041A,500,GREEN,ST,N,,,,,,,37.84327159,-87.5859972,16.216,2020-03-02,1506,2,2,0,0,CLEAR,DRY,False,REAR END IN TRAFFIC LANES BOTH VEHICLES MOVING,REAR END,STRAIGHT & LEVEL,DAYLIGHT,,,43896.88063,False,50,Accepted,5,5,O,,INATTENTION,,2020,1
1717,26475594,0510100,HENDERSON POLICE DEPARTMENT,Accepted,HENDERSON,US0041,2907,US41,,N,,,,,,,37.87657045,-87.56701017,17.503,2020-03-03,1907,1,1,0,0,CLEAR,DRY,False,OTHER ROADWAY OR MID-BLOCK COLLISION,SINGLE VEHICLE,STRAIGHT & LEVEL,DARK-HWY LIGHTED/OFF,,,43896.8807,False,17,Accepted,5,5,O,,,,2020,1
1718,26475595,0510100,HENDERSON POLICE DEPARTMENT,Accepted,HENDERSON,US0041,2452,US41,,N,,,,,,,37.87015739,-87.57055575,17.019,2020-03-03,1550,2,2,0,0,CLEAR,DRY,False,1 VEHICLE ENTERING/LEAVING ENTRANCE,ANGLE,STRAIGHT & LEVEL,DAYLIGHT,,,43896.88073,False,17,Accepted,5,5,O,,INATTENTION,,2020,1
1720,26475597,0510100,HENDERSON POLICE DEPARTMENT,Accepted,HENDERSON,,,ADAMS,ST,N,,,,,,,37.85189333,-87.57697564,1.218,2020-03-05,1514,2,2,0,0,CLEAR,DRY,False,VEHICLE BACKING NON INTERSECTION,BACKING,STRAIGHT & LEVEL,DAYLIGHT,,,43896.8808,False,19,Accepted,5,5,O,,INATTENTION,,2020,1
1721,26475599,0510100,HENDERSON POLICE DEPARTMENT,Accepted,HENDERSON,,422,ELM,ST,S,,,,,,,37.83587916,-87.59353245,1.1,2020-03-04,1348,1,1,0,0,CLEAR,DRY,False,COLLISION WITH FIXED OBJECT NON - INTERSECTION - FIRST EVENT COLLISION 09 - 32 EXCLUDING 16,SINGLE VEHICLE,STRAIGHT & HILLCREST,DAYLIGHT,,,43896.88087,False,50,Accepted,5,5,O,,"CELL PHONE, DISTRACTION, INATTENTION",,2020,1
1722,26475835,0510100,HENDERSON POLICE DEPARTMENT,Accepted,HENDERSON,,501,HARDING,AVE,,,,,,,,37.8526094,-87.57935113,0.031,2020-03-06,1334,2,2,0,0,CLEAR,DRY,False,VEHICLE BACKING NON INTERSECTION,BACKING,STRAIGHT & LEVEL,DAYLIGHT,,,43896.92383,False,50,Accepted,5,5,O,,INATTENTION,,2020,1
1723,26475836,0510100,HENDERSON POLICE DEPARTMENT,Accepted,HENDERSON,KY0351,,2ND,ST,,,,,,,,37.83890632,-87.58696692,0.086,2020-03-06,1640,2,2,0,0,CLEAR,DRY,True,1 VEHICLE ENTERING/LEAVING ENTRANCE,ANGLE,STRAIGHT & LEVEL,DAYLIGHT,,,43896.92386,False,44,Accepted,5,5,O,,INATTENTION,,2020,1
1724,26476036,0510100,HENDERSON POLICE DEPARTMENT,Accepted,HENDERSON,,37,MEADOW,ST,,,,,,,,37.83159127,-87.58128663,0.638,2020-03-05,2050,2,2,0,0,CLEAR,DRY,True,1 VEHICLE PARKED POSITION (NOT PARKING LOT/DRIVEWAY),BACKING,STRAIGHT & LEVEL,DARK-HWY LIGHTED/ON,,,43896.96871,False,44,Accepted,5,5,O,,INATTENTION,,2020,1
1725,26476046,0510100,HENDERSON POLICE DEPARTMENT,Accepted,HENDERSON,US0041,,US41,,N,,,,,,,37.83576656,-87.56486495,14.46,2020-03-06,1621,1,1,0,1,CLEAR,DRY,False,OTHER ROADWAY OR MID-BLOCK COLLISION,SINGLE VEHICLE,STRAIGHT & LEVEL,DAYLIGHT,,,43896.97381,False,50,Accepted,5,2,A,,OTHER,OTHER,2020,1
1726,26476925,0510100,HENDERSON POLICE DEPARTMENT,Accepted,HENDERSON,,630,WASHINGTON,ST,,,,,,,,37.83452548,-87.58785191,1.007,2020-02-13,730,2,2,0,0,CLEAR,DRY,True,1 VEHICLE PARKED POSITION (NOT PARKING LOT/DRIVEWAY),REAR END,STRAIGHT & LEVEL,DAYLIGHT,,,43897.19782,False,49,Accepted,5,5,O,,,,2020,1
1727,26477289,0510100,HENDERSON POLICE DEPARTMENT,Accepted,HENDERSON,US0041A,,GREEN,ST,N,,,,,,,37.83943342,-87.58838032,15.918,2020-03-06,839,2,2,0,0,CLOUDY,DRY,False,1 VEHICLE ENTERING/LEAVING ENTRANCE,ANGLE,STRAIGHT & LEVEL,DAYLIGHT,,,43897.32489,False,62,Accepted,5,5,O,,"DISREGARD TRAFFIC CONTROL, INATTENTION",,2020,1
1728,26481540,0510100,HENDERSON POLICE DEPARTMENT,Accepted,HENDERSON,,,WASHINGTON,ST,,US0041A,GREEN,,,,,37.83627852,-87.59080031,1.208,2020-03-06,1404,2,2,0,0,CLEAR,DRY,False,ANGLE COLLISION - OTHER,ANGLE,STRAIGHT & LEVEL,DAYLIGHT,,,43898.74682,False,37,Accepted,5,5,O,,"DISREGARD TRAFFIC CONTROL, INATTENTION",,2020,1