OBJECTID,IncidentID,AgencyORI,AgencyName,IncidentStatusDesc,County,RdwyNumber,Street,RoadwayName,StreetSfx,StreetDir,IntersectionRdwy,IntersectionRdwyName,BetweenStRdwy1,BetweenStRdwyName1,BetweenStRdwy2,BetweenStRdwyName2,Latitude,Longitude,Milepoint,CollisionDate,CollisionTime,UnitsInvolved,MotorVehiclesInvolved,NumberKilled,NumberInjured,Weather,RdwyConditionCode,HitandRun,DirAnalysisCode,MannerofCollision,RdwyCharacter,LightCondition,RampFromRdwyId,RampToRdwyId,AcceptedDate,IsSecondaryCollision,OwnerBadge,IncidentStatus,InjurySeverityCde,KABCO_Code,KABCO,Environmental_Factors,Human_Factors,Vehicular_Factors,CollisionYear,CityCrash
1729,26482435,0510100,HENDERSON POLICE DEPARTMENT,Accepted,HENDERSON,US0041,,US41,,N,,,,,,,37.84244991,-87.56534482,14.928,2020-03-06,702,2,2,0,1,CLEAR,DRY,False,SIDESWIPE COLLISION - SAME DIRECTION,SIDESWIPE-SAME DIRECTION,STRAIGHT & LEVEL,DAYLIGHT,,,43899.00111,False,66,Accepted,5,4,C,OTHER,INATTENTION,,2020,1
1731,26486136,0510000,HENDERSON COUNTY SHERIFF DEPT.,Accepted,HENDERSON,AU9005,,AU9005 W,,,,,,,,,37.81053729,-87.54686489,0.891,2020-03-06,1815,1,1,0,1,CLEAR,DRY,False,OTHER ROADWAY OR MID-BLOCK COLLISION,SINGLE VEHICLE,STRAIGHT & LEVEL,DARK-HWY NOT LIGHTED,,,43899.47816,False,130,Accepted,5,4,C,,"NOT UNDER PROPER CONTROL, TURNING IMPROPERLY",,2020,1
1739,26492226,0510100,HENDERSON POLICE DEPARTMENT,Accepted,HENDERSON,KY0351,,ZION,RD,,US0041,US41 RAMP KY351,,,,,37.83093894,-87.56718071,1.308,2020-03-07,934,2,2,0,0,CLEAR,DRY,False,ANGLE COLLISION - OTHER,ANGLE,STRAIGHT & LEVEL,DAYLIGHT,,,43900.52393,False,65,Accepted,5,5,O,,DISREGARD TRAFFIC CONTROL,,2020,1
1740,26492287,0510100,HENDERSON POLICE DEPARTMENT,Accepted,HENDERSON,US0041A,300,GREEN,ST,S,,,,,,,37.83361254,-87.59337143,15.431,2020-03-08,928,2,2,0,0,CLEAR,DRY,False,SIDESWIPE COLLISION - SAME DIRECTION,SIDESWIPE-SAME DIRECTION,STRAIGHT & LEVEL,DAYLIGHT,,,43900.53382,False,56,Accepted,5,5,O,,INATTENTION,,2020,1
1741,26494299,0510100,HENDERSON POLICE DEPARTMENT,Accepted,HENDERSON,,2617,CATALINA,DR,,,,,,,,37.87474071,-87.5701973,0.075,2020-03-07,1504,2,2,0,0,CLEAR,DRY,False,1 VEHICLE PARKED POSITION (NOT PARKING LOT/DRIVEWAY),BACKING,STRAIGHT & LEVEL,DAYLIGHT,,,43900.83752,False,58,Accepted,5,5,O,,INATTENTION,,2020,1
1742,26494300,0510100,HENDERSON POLICE DEPARTMENT,Accepted,HENDERSON,,197,GARDEN MILE,RD,N,,,,,,,37.82771629,-87.55790328,0.04,2020-03-04,1618,2,2,0,0,CLEAR,DRY,False,1 VEHICLE ENTERING/LEAVING ENTRANCE,ANGLE,STRAIGHT & LEVEL,DAYLIGHT,,,43900.83756,False,22,Accepted,5,5,O,,INATTENTION,,2020,1
1743,26494301,0510100,HENDERSON POLICE DEPARTMENT,Accepted,HENDERSON,,116,MAIN,ST,N,,,,,,,37.84007228,-87.59206347,0.049,2020-03-03,1610,2,2,0,0,CLEAR,DRY,False,1 VEHICLE PARKED POSITION (NOT PARKING LOT/DRIVEWAY),BACKING,STRAIGHT & LEVEL,DAYLIGHT,,,43900.83759,False,22,Accepted,5,5,O,GLARE (SUN),MISJUDGE CLEARANCE,,2020,1
1744,26494302,0510100,HENDERSON POLICE DEPARTMENT,Accepted,HENDERSON,US0041,,US41,,N,US0041,US41 S EXIT81 OFF RAMP TO US60 W,,,,,37.85909064,-87.57517047,16.215,2020-03-05,1452,2,2,0,0,CLEAR,DRY,False,SIDESWIPE-SAME DIRECTION,SIDESWIPE-SAME DIRECTION,CURVE & LEVEL,DAYLIGHT,,,43900.83763,False,22,Accepted,5,5,O,,FAILED TO YIELD RIGHT OF WAY,,2020,1
1746,26498300,0510100,HENDERSON POLICE DEPARTMENT,Accepted,HENDERSON,,,CLAY,ST,,,INGRAM,,,,,37.83304066,-87.59205754,0.984,2020-03-04,1158,2,2,0,1,CLEAR,DRY,False,ANGLE COLLISION - OTHER,ANGLE,STRAIGHT & LEVEL,DAYLIGHT,,,43901.58238,False,26,Accepted,5,4,C,,MISJUDGE CLEARANCE,,2020,1
1747,26498301,0510100,HENDERSON POLICE DEPARTMENT,Accepted,HENDERSON,US0041A,,GREEN,ST,N,,10TH,,,,,37.8495494,-87.5819702,16.712,2020-03-09,739,2,2,0,1,CLOUDY,DRY,False,OPPOSING LEFT TURN,OPPOSING LEFT TURN,STRAIGHT & GRADE,DAWN,,,43901.58242,False,34,Accepted,5,3,B,BACKUP DUE TO REGULAR CONGESTION,MISJUDGE CLEARANCE,,2020,1
1750,26502909,0510100,HENDERSON POLICE DEPARTMENT,Accepted,HENDERSON,,,WATSON,LN,,,SUREWAY,,,,,37.87510596,-87.56666992,1.034,2020-03-12,707,2,2,0,0,CLEAR,DRY,False,ANGLE COLLISION - OTHER,ANGLE,STRAIGHT & LEVEL,DAYLIGHT,,,43902.4107,False,67,Accepted,5,5,O,,INATTENTION,,2020,1
1753,26505713,0510100,HENDERSON POLICE DEPARTMENT,Accepted,HENDERSON,KY0351,1700,2ND,ST,,,,,,,,37.83154139,-87.56969539,1.163,2020-03-10,1538,2,2,0,0,CLEAR,DRY,False,REAR END IN TRAFFIC LANES BOTH VEHICLES MOVING,REAR END,STRAIGHT & LEVEL,DAYLIGHT,,,43902.77187,False,64,Accepted,5,5,O,,INATTENTION,,2020,1
1754,26505823,0510100,HENDERSON POLICE DEPARTMENT,Accepted,HENDERSON,US0041,,US41,,N,,WATSON,,,,,37.87531863,-87.56770759,17.406,2020-03-10,2136,2,2,0,0,RAINING,WET,False,SIDESWIPE-SAME DIRECTION,SIDESWIPE-SAME DIRECTION,STRAIGHT & LEVEL,DARK-HWY LIGHTED/ON,,,43902.79374,False,17,Accepted,5,5,O,SLIPPERY SURFACE,,,2020,1
1755,26508312,0510100,HENDERSON POLICE DEPARTMENT,Accepted,HENDERSON,,,GREEN,ST,S,,,,CLAY,,DIXON,37.83308569,-87.59387966,,2020-03-12,850,2,2,0,0,CLOUDY,DRY,False,SIDESWIPE COLLISION - SAME DIRECTION,SIDESWIPE-SAME DIRECTION,STRAIGHT & LEVEL,DAYLIGHT,,,43903.41499,False,23,Accepted,5,5,O,,INATTENTION,,2020,1
1757,26509386,0510100,HENDERSON POLICE DEPARTMENT,Accepted,HENDERSON,,,WASHINGTON,ST,,,,,,,,37.83335052,-87.58606886,0.876,2020-03-12,1024,2,2,0,0,CLOUDY,DRY,False,1 VEHICLE PARKED POSITION (NOT PARKING LOT/DRIVEWAY),SIDESWIPE-OPPOSITE DIRECTION,STRAIGHT & LEVEL,DAYLIGHT,,,43903.57257,False,62,Accepted,5,5,O,,MISJUDGE CLEARANCE,,2020,1
1758,26511139,0510100,HENDERSON POLICE DEPARTMENT,Accepted,HENDERSON,US0041,2855,US41,,N,,,,,,,37.87913386,-87.56576304,17.691,2020-03-11,1648,2,2,0,0,CLEAR,DRY,False,1 VEHICLE ENTERING/LEAVING ENTRANCE,ANGLE,STRAIGHT & LEVEL,DAYLIGHT,,,43903.84796,False,58,Accepted,5,5,O,VIEW OBSTRUCTED/LIMITED DUE TO RDWY,FAILED TO YIELD RIGHT OF WAY,,2020,1
1759,26511161,0510100,HENDERSON POLICE DEPARTMENT,Accepted,HENDERSON,KY2099,6564,ADAMS,LN,,,,,,,,37.80601735,-87.55370828,1.023,2020-03-13,1415,1,1,0,0,CLOUDY,DRY,False,OTHER ROADWAY OR MID-BLOCK COLLISION,SINGLE VEHICLE,CURVE & LEVEL,DAYLIGHT,,,43903.86234,False,58,Accepted,5,5,O,,,BRAKES DEFECTIVE,2020,1
1761,26520383,0510100,HENDERSON POLICE DEPARTMENT,Accepted,HENDERSON,US0041,,US41,,N,,,,MARYWOOD,,BARRETT,37.86673768,-87.57241308,,2020-03-14,1625,2,2,0,0,RAINING,WET,False,OTHER ROADWAY OR MID-BLOCK COLLISION,REAR END,STRAIGHT & LEVEL,DAYLIGHT,,,43906.51324,False,23,Accepted,5,5,O,,"INATTENTION, OTHER",,2020,1
1762,26520388,0510100,HENDERSON POLICE DEPARTMENT,Accepted,HENDERSON,KY0351,,2ND,ST,,,FRANKLIN,,,,,37.83166246,-87.57010513,1.138,2020-03-12,1028,2,2,0,0,CLEAR,DRY,False,REAR END - ONE VEHICLE TURNING RIGHT,REAR END,STRAIGHT & LEVEL,DAYLIGHT,,,43906.5133,False,25,Accepted,5,5,O,,INATTENTION,,2020,1
1763,26520391,0510100,HENDERSON POLICE DEPARTMENT,Accepted,HENDERSON,US0041,2746,US41,,N,,,,,,,37.87613474,-87.56751239,17.464,2020-03-12,1238,2,2,0,0,CLEAR,DRY,False,OTHER ROADWAY OR MID-BLOCK COLLISION,REAR END,STRAIGHT & LEVEL,DAYLIGHT,,,43906.51335,True,25,Accepted,5,5,O,,"INATTENTION, MISJUDGE CLEARANCE",,2020,1
1764,26520758,0510100,HENDERSON POLICE DEPARTMENT,Accepted,HENDERSON,US0041A,,GREEN,ST,N,,,,RAY,,8TH,37.84717807,-87.58338947,16.528,2020-03-07,1141,3,3,0,5,CLEAR,DRY,False,REAR END IN TRAFFIC LANES BOTH VEHICLES MOVING,REAR END,STRAIGHT & LEVEL,DAYLIGHT,,,43906.56714,False,34,Accepted,4,3,B,,"EXCEEDED STATED SPEED LIMIT, IMPROPER PASSING, NOT UNDER PROPER CONTROL",,2020,1
1766,26524000,0510100,HENDERSON POLICE DEPARTMENT,Accepted,HENDERSON,,700,ATKINSON,ST,,,,,,,,37.82340429,-87.57853702,0.344,2020-03-10,711,2,2,0,0,RAINING,WET,False,SIDESWIPE COLLISION - OPPOSITE DIRECTION,SIDESWIPE-OPPOSITE DIRECTION,STRAIGHT & LEVEL,DAYLIGHT,,,43907.34546,True,56,Accepted,5,5,O,,"DISTRACTION, INATTENTION",,2020,1
1768,26527668,0510100,HENDERSON POLICE DEPARTMENT,Accepted,HENDERSON,,300,DIXON,ST,,,,,,,,37.83314121,-87.59450737,0.027,2020-03-16,2232,2,1,0,0,RAINING,WET,False,COLLISION WITH BICYCLIST NON INTERSECTION,SINGLE VEHICLE,CURVE & LEVEL,DARK (UNKNOWN ROADWAY LIGHTING),,,43908.00864,False,16,Accepted,5,5,O,,INATTENTION,,2020,1
1771,26532113,0510100,HENDERSON POLICE DEPARTMENT,Accepted,HENDERSON,,100,PARTRIDGE,RUN,N,,,,,,,37.82396472,-87.55019353,0.165,2020-03-17,2000,2,2,0,0,CLEAR,DRY,False,1 VEHICLE PARKED POSITION (NOT PARKING LOT/DRIVEWAY),ANGLE,STRAIGHT & LEVEL,DAYLIGHT,,,43908.96499,False,64,Accepted,5,5,O,,MISJUDGE CLEARANCE,,2020,1
1772,26533230,0510100,HENDERSON POLICE DEPARTMENT,Accepted,HENDERSON,,,MEADOWLARK,LN,,,MCGUIRE,,,,,37.87148958,-87.55524396,0.117,2020-03-17,721,2,2,0,0,CLOUDY,DRY,False,COLLISION WITH PARKED VEHICLE,BACKING,STRAIGHT & LEVEL,DAYLIGHT,,,43909.38905,False,67,Accepted,5,5,O,,INATTENTION,,2020,1
1773,26533552,0510100,HENDERSON POLICE DEPARTMENT,Accepted,HENDERSON,US0041A,,GREEN,ST,S,KY0136,SAND,,,,,37.82372427,-87.60312242,14.52,2020-03-16,1019,2,2,0,0,CLOUDY,DRY,False,VEHICLE BACKING IN INTERSECTION,BACKING,STRAIGHT & LEVEL,DAYLIGHT,,,43909.4401,False,34,Accepted,5,5,O,,INATTENTION,,2020,1
1774,26533553,0510100,HENDERSON POLICE DEPARTMENT,Accepted,HENDERSON,,,GREEN,ST,S,,DANA,,,,,37.80196031,-87.64239213,,2020-03-12,700,2,2,0,0,FOG,DRY,False,ANGLE COLLISION - OTHER,ANGLE,STRAIGHT & LEVEL,DAYLIGHT,,,43909.44014,False,23,Accepted,5,5,O,,"FAILED TO YIELD RIGHT OF WAY, INATTENTION",,2020,1
1775,26536434,0510100,HENDERSON POLICE DEPARTMENT,Accepted,HENDERSON,,,LETCHER,ST,,,CLAY,,,,,37.82598855,-87.58013747,0.215,2020-03-14,1242,2,2,0,1,RAINING,WET,False,OTHER INTERSECTION COLLISIONS,REAR END,STRAIGHT & LEVEL,DAYLIGHT,,,43910.33009,False,65,Accepted,5,4,C,,INATTENTION,,2020,1
1777,26538012,0510100,HENDERSON POLICE DEPARTMENT,Accepted,HENDERSON,US0041A,,GREEN,ST,S,,,,POWELL,,CLAY,37.83465937,-87.59242449,15.521,2020-03-10,1618,2,2,0,0,CLOUDY,DRY,True,OTHER ROADWAY OR MID-BLOCK COLLISION,REAR END,STRAIGHT & LEVEL,DAYLIGHT,,,43910.885,False,22,Accepted,5,5,O,,"INATTENTION, NOT UNDER PROPER CONTROL",,2020,1
1778,26539315,0510100,HENDERSON POLICE DEPARTMENT,Accepted,HENDERSON,US0041A,1700,GREEN,ST,S,,,,,,,37.81547205,-87.61570848,13.602,2020-03-17,1505,2,2,0,0,CLEAR,DRY,False,1 VEHICLE ENTERING/LEAVING ENTRANCE,ANGLE,STRAIGHT & LEVEL,DAYLIGHT,,,43911.68291,False,37,Accepted,5,5,O,,MISJUDGE CLEARANCE,,2020,1
1779,26542483,0510100,HENDERSON POLICE DEPARTMENT,Accepted,HENDERSON,KY0812,,AIRLINE,RD,,,,,HICKS,,LINCOLN,37.82239837,-87.57326957,7.66,2020-03-22,1218,1,1,0,0,CLEAR,DRY,False,COLLISION WITH FIXED OBJECT NON - INTERSECTION - FIRST EVENT COLLISION 09 - 32 EXCLUDING 16,SINGLE VEHICLE,STRAIGHT & LEVEL,DAYLIGHT,,,43913.37898,False,65,Accepted,5,5,O,,INATTENTION,,2020,1
1780,26542485,0510100,HENDERSON POLICE DEPARTMENT,Accepted,HENDERSON,US0041A,1700,GREEN,ST,S,,,,DRURY,,KRESGE,37.81442915,-87.6174588,13.469,2020-03-19,1010,2,2,0,0,RAINING,WET,False,REAR END IN TRAFFIC LANES BOTH VEHICLES MOVING,REAR END,STRAIGHT & LEVEL,DAYLIGHT,,,43913.37903,False,25,Accepted,5,5,O,SLIPPERY SURFACE,"INATTENTION, TOO FAST FOR CONDITIONS",BRAKES DEFECTIVE,2020,1
1782,26545396,0510100,HENDERSON POLICE DEPARTMENT,Accepted,HENDERSON,,2550,WOOD,DR,,,,,,,,37.8696722,-87.56090005,0.317,2020-03-17,529,2,2,0,0,CLEAR,DRY,True,1 VEHICLE PARKED POSITION (NOT PARKING LOT/DRIVEWAY),SIDESWIPE-SAME DIRECTION,STRAIGHT & LEVEL,DARK-HWY NOT LIGHTED,,,43914.02704,False,24,Accepted,5,5,O,,INATTENTION,,2020,1
1787,26555875,0510100,HENDERSON POLICE DEPARTMENT,Accepted,HENDERSON,,,ILEX,DR,,,COUNTRY,,,,,37.80547884,-87.58922153,0.075,2020-03-24,1245,1,1,0,0,RAINING,WET,False,COLLISION WITH FIXED OBJECT IN INTERSECTION - FIRST EVENT COLLISION 09 - 32,SINGLE VEHICLE,STRAIGHT & LEVEL,DAYLIGHT,,,43917.31965,False,60,Accepted,5,5,O,,"MISJUDGE CLEARANCE, OTHER",,2020,1
1788,26557809,0510100,HENDERSON POLICE DEPARTMENT,Accepted,HENDERSON,US0041A,1700,GREEN,ST,S,,,,,,,37.81609404,-87.61472365,13.674,2020-03-26,1542,2,2,0,2,CLEAR,DRY,False,1 VEHICLE ENTERING/LEAVING ENTRANCE,ANGLE,STRAIGHT & LEVEL,DAYLIGHT,,,43917.76252,False,19,Accepted,4,4,C,,INATTENTION,,2020,1
1789,26557810,0510100,HENDERSON POLICE DEPARTMENT,Accepted,HENDERSON,,,GARDEN MILE,RD,S,KY0812,AIRLINE,,,,,37.81482489,-87.56011467,0.001,2020-03-26,2015,1,1,0,0,CLEAR,DRY,False,COLLISION WITH FIXED OBJECT IN INTERSECTION - FIRST EVENT COLLISION 09 - 32,SINGLE VEHICLE,STRAIGHT & LEVEL,DARK-HWY LIGHTED/ON,,,43917.76256,False,22,Accepted,5,5,O,,EXCEEDED STATED SPEED LIMIT,,2020,1
1790,26562381,0510100,HENDERSON POLICE DEPARTMENT,Accepted,HENDERSON,US0041,,US41,,N,,,US0041,US41 N EXIT81 OFF RAMP TO US60 E,US0041,US41 N EXIT81 OFF RAMP TO US60 W,37.85540421,-87.57127298,15.879,2020-03-27,842,1,1,0,1,CLEAR,DRY,False,COLLISION WITH FIXED OBJECT NON - INTERSECTION - FIRST EVENT COLLISION 09 - 32 EXCLUDING 16,SINGLE VEHICLE,CURVE & LEVEL,DAYLIGHT,,,43920.35688,False,65,Accepted,5,4,C,,SICK,,2020,1
1791,26570484,0510100,HENDERSON POLICE DEPARTMENT,Accepted,HENDERSON,,,8TH,ST,,,,,ELM,US0041A,GREEN,37.84746253,-87.5845008,0.629,2020-03-31,738,1,1,0,1,CLOUDY,DRY,False,COLLISION WITH FIXED OBJECT NON - INTERSECTION - FIRST EVENT COLLISION 09 - 32 EXCLUDING 16,SINGLE VEHICLE,STRAIGHT & LEVEL,DAYLIGHT,,,43922.61314,False,33,Accepted,3,3,B,,SICK,,2020,1
1792,26571415,0510100,HENDERSON POLICE DEPARTMENT,Accepted,HENDERSON,,,WATSON,LN,,,WILDWOOD CREEK,,,,,37.87178741,-87.55879744,0.534,2020-03-25,2000,1,1,0,0,CLEAR,DRY,False,COLLISION WITH ANIMAL IN INTERSECTION,SINGLE VEHICLE,STRAIGHT & LEVEL,DARK-HWY LIGHTED/OFF,,,43922.86912,False,17,Accepted,5,5,O,ANIMALS ACTION,,,2020,1
1798,26576752,0510100,HENDERSON POLICE DEPARTMENT,Accepted,HENDERSON,,,7TH,ST,,,INGRAM,,,,,37.84509616,-87.58299661,0.387,2020-03-27,1600,2,2,0,0,CLEAR,DRY,False,HEAD-ON COLLISION,HEAD ON,STRAIGHT & LEVEL,DAYLIGHT,,,43924.88381,False,22,Accepted,5,5,O,,INATTENTION,,2020,1
1799,26578912,0510100,HENDERSON POLICE DEPARTMENT,Accepted,HENDERSON,US0041A,1126,GREEN,ST,S,,,,,,,37.82439399,-87.60242755,14.599,2020-04-04,1204,2,2,0,0,CLOUDY,DRY,False,SIDESWIPE COLLISION - SAME DIRECTION,SIDESWIPE-SAME DIRECTION,STRAIGHT & LEVEL,DAYLIGHT,,,43926.33299,False,59,Accepted,5,5,O,,INATTENTION,,2020,1
1800,26579547,0510100,HENDERSON POLICE DEPARTMENT,Accepted,HENDERSON,US0041,,US41,,N,,WATSON,,,,,37.8754339,-87.56775234,17.415,2020-03-28,1950,2,2,0,0,RAINING,WET,False,OTHER INTERSECTION COLLISIONS,REAR END,STRAIGHT & LEVEL,DARK-HWY LIGHTED/ON,,,43926.76245,False,58,Accepted,5,5,O,SLIPPERY SURFACE,,TIRES,2020,1
1801,26579548,0510100,HENDERSON POLICE DEPARTMENT,Accepted,HENDERSON,US0041A,301,GREEN,ST,S,,,,,,,37.83380892,-87.59325311,15.447,2020-04-04,1525,2,2,0,0,CLEAR,DRY,False,1 VEHICLE ENTERING/LEAVING ENTRANCE,ANGLE,STRAIGHT & LEVEL,DAYLIGHT,,,43926.7625,False,37,Accepted,5,5,O,,"INATTENTION, MISJUDGE CLEARANCE",,2020,1
1802,26579549,0510100,HENDERSON POLICE DEPARTMENT,Accepted,HENDERSON,US0041A,301,GREEN,ST,S,,,,,,,37.8341742,-87.59292109,15.479,2020-04-04,1556,2,2,0,0,CLEAR,DRY,False,1 VEHICLE PARKED POSITION (NOT PARKING LOT/DRIVEWAY),BACKING,STRAIGHT & LEVEL,DAYLIGHT,,,43926.76254,False,19,Accepted,5,5,O,,INATTENTION,,2020,1
1803,26579550,0510100,HENDERSON POLICE DEPARTMENT,Accepted,HENDERSON,,100,WASHINGTON,ST,,,,,,,,37.8383347,-87.59426909,1.446,2020-02-01,1612,2,2,0,0,CLEAR,DRY,True,1 VEHICLE PARKED POSITION (NOT PARKING LOT/DRIVEWAY),REAR END,STRAIGHT & LEVEL,DAYLIGHT,,,43926.76348,False,58,Accepted,5,5,O,,INATTENTION,,2020,1
1805,26584721,0510100,HENDERSON POLICE DEPARTMENT,Accepted,HENDERSON,US0041A,,GREEN,ST,S,,POWELL,,,,,37.83528021,-87.59183437,15.554,2020-04-06,1206,2,2,0,3,CLEAR,DRY,False,OPPOSING LEFT TURN,OPPOSING LEFT TURN,STRAIGHT & LEVEL,DAYLIGHT,,,43928.43054,False,33,Accepted,5,3,B,,FAILED TO YIELD RIGHT OF WAY,,2020,1
1807,26592750,0510100,HENDERSON POLICE DEPARTMENT,Accepted,HENDERSON,US0041A,,GREEN,ST,S,,,,FAIR,,CANOE CREEK,37.82140481,-87.60630634,14.283,2020-04-09,644,2,2,0,0,CLEAR,DRY,False,SIDESWIPE COLLISION - OPPOSITE DIRECTION,SIDESWIPE-OPPOSITE DIRECTION,CURVE & LEVEL,DAYLIGHT,,,43931.35885,False,33,Accepted,5,5,O,,MISJUDGE CLEARANCE,,2020,1
1808,26592751,0510100,HENDERSON POLICE DEPARTMENT,Accepted,HENDERSON,,,ELM,ST,N,,,,1ST,,2ND,37.83959058,-87.59040182,0.125,2020-04-09,736,1,1,0,0,CLEAR,DRY,False,OTHER ROADWAY OR MID-BLOCK COLLISION,SINGLE VEHICLE,STRAIGHT & LEVEL,DAYLIGHT,,,43931.3589,False,33,Accepted,5,5,O,OTHER,MISJUDGE CLEARANCE,,2020,1
1809,26593881,0510100,HENDERSON POLICE DEPARTMENT,Accepted,HENDERSON,US0060,,US60,,E,,SADDLEBROOK,,,,,37.86479039,-87.54478682,11.952,2020-04-02,1500,2,2,0,0,CLEAR,DRY,False,OTHER INTERSECTION COLLISIONS,REAR END,STRAIGHT & LEVEL,DAYLIGHT,,,43931.78804,False,17,Accepted,5,5,O,,,BRAKES DEFECTIVE,2020,1
1810,26593882,0510100,HENDERSON POLICE DEPARTMENT,Accepted,HENDERSON,US0041A,1400,GREEN,ST,N,,,,,,,37.85419895,-87.57863668,17.064,2020-04-08,1437,2,2,0,0,CLEAR,DRY,False,1 VEHICLE ENTERING/LEAVING ENTRANCE,ANGLE,STRAIGHT & LEVEL,DAYLIGHT,,,43931.78809,False,35,Accepted,5,5,O,,"INATTENTION, MISJUDGE CLEARANCE",,2020,1
1811,26593883,0510100,HENDERSON POLICE DEPARTMENT,Accepted,HENDERSON,US0041A,2266,GREEN,ST,S,,,,,,,37.82132308,-87.60620937,14.284,2020-04-09,1923,2,2,0,0,CLEAR,DRY,False,SIDESWIPE COLLISION - SAME DIRECTION,SIDESWIPE-SAME DIRECTION,STRAIGHT & LEVEL,DAYLIGHT,,,43931.78813,False,19,Accepted,5,5,O,,INATTENTION,MIRRORS,2020,1
1812,26596543,0510100,HENDERSON POLICE DEPARTMENT,Accepted,HENDERSON,US0041,,US41,,N,,,,PARK,,BARRET,37.863668,-87.57428478,16.555,2020-04-09,1301,2,2,0,0,CLEAR,DRY,False,REAR END IN TRAFFIC LANES BOTH VEHICLES MOVING,REAR END,STRAIGHT & LEVEL,DAYLIGHT,,,43933.46975,False,67,Accepted,5,5,O,,INATTENTION,,2020,1
1813,26596544,0510100,HENDERSON POLICE DEPARTMENT,Accepted,HENDERSON,US0041,,US41,,N,,,,PARK,,CINEMA,37.8633185,-87.5744512,16.502,2020-04-09,1301,2,2,0,0,CLEAR,DRY,False,SIDESWIPE COLLISION - SAME DIRECTION,SIDESWIPE-SAME DIRECTION,STRAIGHT & LEVEL,DAYLIGHT,,,43933.46979,False,67,Accepted,5,5,O,,INATTENTION,,2020,1
1814,26596545,0510100,HENDERSON POLICE DEPARTMENT,Accepted,HENDERSON,US0060,,US60,,E,,PEBBLE CREEK,,,,,37.86469818,-87.54927961,11.708,2020-04-11,1137,2,2,0,2,CLOUDY,DRY,False,ANGLE COLLISION - OTHER,ANGLE,STRAIGHT & LEVEL,DAYLIGHT,,,43933.46984,False,67,Accepted,5,4,C,,INATTENTION,,2020,1
1815,26597419,0510100,HENDERSON POLICE DEPARTMENT,Accepted,HENDERSON,US0060,2011,US60,,E,,,,,,,37.8601538,-87.56730898,10.631,2020-04-10,1452,2,2,0,0,CLEAR,DRY,False,1 VEHICLE ENTERING/LEAVING ENTRANCE,ANGLE,STRAIGHT & LEVEL,DAYLIGHT,,,43933.71176,False,17,Accepted,5,5,O,,INATTENTION,,2020,1
1816,26597824,0510100,HENDERSON POLICE DEPARTMENT,Accepted,HENDERSON,,600,DR MARTIN LUTHER KING JR,AVE,,,,,,,,37.83129232,-87.59194217,0.162,2020-04-12,1913,2,2,0,1,CLOUDY,DRY,False,1 VEHICLE ENTERING/LEAVING ENTRANCE,ANGLE,STRAIGHT & LEVEL,DAYLIGHT,,,43933.98508,False,19,Accepted,4,4,C,,INATTENTION,,2020,1
1817,26597884,0510100,HENDERSON POLICE DEPARTMENT,Accepted,HENDERSON,,,GLOVER,DR,,KY0812,AIRLINE,,,,,37.82098608,-87.57087966,0.002,2020-04-11,16,1,1,0,0,CLEAR,DRY,False,COLLISION WITH FIXED OBJECT IN INTERSECTION - FIRST EVENT COLLISION 09 - 32,SINGLE VEHICLE,STRAIGHT & LEVEL,DARK-HWY LIGHTED/ON,,,43934.00528,False,38,Accepted,5,5,O,,INATTENTION,,2020,1
1818,26597905,0510100,HENDERSON POLICE DEPARTMENT,Accepted,HENDERSON,,,MAIN,ST,S,,AUDUBON,,,,,37.83245304,-87.5991954,1.615,2020-04-12,256,1,1,0,0,CLEAR,DRY,False,COLLISION WITH FIXED OBJECT IN INTERSECTION - FIRST EVENT COLLISION 09 - 32,SINGLE VEHICLE,STRAIGHT & LEVEL,DARK-HWY LIGHTED/ON,,,43934.01195,False,25,Accepted,5,5,O,,INATTENTION,,2020,1
1821,26601390,0510100,HENDERSON POLICE DEPARTMENT,Accepted,HENDERSON,US0060,,US60,,E,,,,,,,37.85945717,-87.5690045,10.532,2020-04-12,1630,3,3,0,0,RAINING,WET,False,1 VEHICLE PARKED POSITION (NOT PARKING LOT/DRIVEWAY),ANGLE,STRAIGHT & GRADE,DAYLIGHT,,,43934.9752,False,44,Accepted,5,5,O,SLIPPERY SURFACE,OVERCORRECTING/OVERSTEERING,,2020,1
1822,26608900,0510100,HENDERSON POLICE DEPARTMENT,Accepted,HENDERSON,,100,MAIN,ST,N,,,,,,,37.83970639,-87.592312,0.021,2020-04-11,1107,2,2,0,0,CLEAR,DRY,False,1 VEHICLE PARKED POSITION (NOT PARKING LOT/DRIVEWAY),BACKING,STRAIGHT & LEVEL,DAYLIGHT,,,43937.49258,False,59,Accepted,5,5,O,,INATTENTION,,2020,1
1823,26610245,0510100,HENDERSON POLICE DEPARTMENT,Accepted,HENDERSON,,600,MAIN,ST,S,,,,,,,37.83243023,-87.59923646,1.614,2020-04-06,1735,2,2,0,5,CLEAR,DRY,False,OTHER ROADWAY OR MID-BLOCK COLLISION,REAR END,STRAIGHT & LEVEL,DAYLIGHT,,,43937.93218,False,50,Accepted,5,4,C,,"DISTRACTION, INATTENTION",,2020,1
1824,26610932,0510100,HENDERSON POLICE DEPARTMENT,Accepted,HENDERSON,,1228,CLAY,ST,,,,,,,,37.82719074,-87.58235344,0.319,2020-04-12,1205,2,2,0,0,CLEAR,DRY,True,1 VEHICLE PARKED POSITION (NOT PARKING LOT/DRIVEWAY),SIDESWIPE-SAME DIRECTION,STRAIGHT & LEVEL,DARK-HWY NOT LIGHTED,,,43938.33855,False,26,Accepted,5,5,O,,,,2020,1