OBJECTID,IncidentID,AgencyORI,AgencyName,IncidentStatusDesc,County,RdwyNumber,Street,RoadwayName,StreetSfx,StreetDir,IntersectionRdwy,IntersectionRdwyName,BetweenStRdwy1,BetweenStRdwyName1,BetweenStRdwy2,BetweenStRdwyName2,Latitude,Longitude,Milepoint,CollisionDate,CollisionTime,UnitsInvolved,MotorVehiclesInvolved,NumberKilled,NumberInjured,Weather,RdwyConditionCode,HitandRun,DirAnalysisCode,MannerofCollision,RdwyCharacter,LightCondition,RampFromRdwyId,RampToRdwyId,AcceptedDate,IsSecondaryCollision,OwnerBadge,IncidentStatus,InjurySeverityCde,KABCO_Code,KABCO,Environmental_Factors,Human_Factors,Vehicular_Factors,CollisionYear,CityCrash
1825,26617360,0510100,HENDERSON POLICE DEPARTMENT,Accepted,HENDERSON,,,WASHINGTON,ST,,,JULIA,,,,,37.83168467,-87.58333889,0.691,2020-04-18,1335,2,2,0,0,CLEAR,DRY,False,ANGLE COLLISION - OTHER,ANGLE,STRAIGHT & LEVEL,DAYLIGHT,,,43941.4441,False,34,Accepted,5,5,O,,"DISREGARD TRAFFIC CONTROL, DISTRACTION",,2020,1
1826,26617363,0510100,HENDERSON POLICE DEPARTMENT,Accepted,HENDERSON,US0041A,,GREEN,ST,N,,,,5TH,,6TH,37.84391466,-87.5855989,16.267,2020-04-16,1146,2,2,0,0,CLEAR,DRY,False,OTHER ROADWAY OR MID-BLOCK COLLISION,REAR END,STRAIGHT & LEVEL,DAYLIGHT,,,43941.44419,False,33,Accepted,5,5,O,,INATTENTION,,2020,1
1827,26617364,0510100,HENDERSON POLICE DEPARTMENT,Accepted,HENDERSON,KY0136,,MADISON,ST,,,,,HENDERSON COMMUNITY,KY2084,KY2084,37.8117183,-87.5784269,21.255,2020-04-17,955,1,1,0,0,RAINING,WET,False,COLLISION WITH FIXED OBJECT NON - INTERSECTION - FIRST EVENT COLLISION 09 - 32 EXCLUDING 16,SINGLE VEHICLE,CURVE & LEVEL,DAYLIGHT,,,43941.44424,False,33,Accepted,5,5,O,WATER POOLING,TOO FAST FOR CONDITIONS,,2020,1
1830,26622357,0510100,HENDERSON POLICE DEPARTMENT,Accepted,HENDERSON,US0041A,301,GREEN,ST,S,,,,,,,37.83374969,-87.59342347,15.436,2020-04-20,1658,2,2,0,2,CLEAR,DRY,False,1 VEHICLE ENTERING/LEAVING ENTRANCE,ANGLE,STRAIGHT & LEVEL,DAYLIGHT,,,43942.97352,False,35,Accepted,4,4,C,,"INATTENTION, MISJUDGE CLEARANCE",,2020,1
1835,26626916,0510100,HENDERSON POLICE DEPARTMENT,Accepted,HENDERSON,,,2ND,ST,,US0041A,GREEN,,,,,37.83947708,-87.5884181,0.002,2020-04-22,1105,2,2,0,0,CLEAR,DRY,True,ANGLE COLLISION - OTHER,ANGLE,STRAIGHT & LEVEL,DAYLIGHT,,,43944.50485,False,48,Accepted,5,5,O,,"DISREGARD TRAFFIC CONTROL, INATTENTION",,2020,1
1839,26632314,0510100,HENDERSON POLICE DEPARTMENT,Accepted,HENDERSON,US0060,,US60,,E,,KILLIECRANKIE,,,,,37.86251607,-87.56215655,10.961,2020-04-20,1551,2,2,0,0,CLEAR,DRY,False,OTHER INTERSECTION COLLISIONS,REAR END,STRAIGHT & LEVEL,DAYLIGHT,,,43946.74282,False,17,Accepted,5,5,O,,INATTENTION,OTHER,2020,1
1840,26632315,0510100,HENDERSON POLICE DEPARTMENT,Accepted,HENDERSON,,,5TH,ST,,,,,MAIN,,ELM,37.84454593,-87.58915178,1.147,2020-04-23,1352,2,2,0,0,RAINING,WET,False,SIDESWIPE COLLISION - SAME DIRECTION,SIDESWIPE-SAME DIRECTION,STRAIGHT & LEVEL,DAYLIGHT,,,43946.7429,False,22,Accepted,5,5,O,,MISJUDGE CLEARANCE,,2020,1
1841,26632612,0510100,HENDERSON POLICE DEPARTMENT,Accepted,HENDERSON,US0041A,241,GREEN,ST,S,,,,,,,37.83431655,-87.59273579,15.493,2020-04-22,1701,2,2,0,1,CLEAR,DRY,False,1 VEHICLE ENTERING/LEAVING ENTRANCE,ANGLE,STRAIGHT & LEVEL,DAYLIGHT,,,43946.89673,False,37,Accepted,5,4,C,,"INATTENTION, MISJUDGE CLEARANCE",,2020,1
1842,26633299,0510100,HENDERSON POLICE DEPARTMENT,Accepted,HENDERSON,,,ADAMS,ST,N,,,,10TH,,9TH,37.84776654,-87.5795627,0.9,2020-04-17,1041,1,1,0,0,CLOUDY,WET,False,COLLISION WITH FIXED OBJECT NON - INTERSECTION - FIRST EVENT COLLISION 09 - 32 EXCLUDING 16,SINGLE VEHICLE,STRAIGHT & LEVEL,DAYLIGHT,,,43947.33485,False,33,Accepted,5,5,O,,DISTRACTION,,2020,1
1843,26633798,0510100,HENDERSON POLICE DEPARTMENT,Accepted,HENDERSON,US0060,,US60,,E,,MANOR,,,,,37.86059739,-87.56580448,10.721,2020-04-25,1600,2,2,0,0,RAINING,WET,False,ANGLE COLLISION - OTHER,ANGLE,STRAIGHT & LEVEL,DAYLIGHT,,,43947.65526,False,44,Accepted,5,5,O,,"FAILED TO YIELD RIGHT OF WAY, INATTENTION",,2020,1
1844,26633799,0510100,HENDERSON POLICE DEPARTMENT,Accepted,HENDERSON,,,2ND,ST,,,,,,,,37.8413838,-87.59318256,0.289,2020-04-25,1528,2,2,0,0,RAINING,WET,False,1 VEHICLE PARKED POSITION (NOT PARKING LOT/DRIVEWAY),BACKING,STRAIGHT & GRADE,DAYLIGHT,,,43947.6553,False,50,Accepted,5,5,O,IMPROPERLY PARKED VEHICLE(S),INATTENTION,,2020,1
1845,26635296,0510100,HENDERSON POLICE DEPARTMENT,Accepted,HENDERSON,,1795,OLD MADISONVILLE,RD,,,,,,,,37.80806458,-87.58777378,,2020-04-26,,1,1,0,0,RAINING,WET,True,OTHER ROADWAY OR MID-BLOCK COLLISION,SINGLE VEHICLE,STRAIGHT & LEVEL,DARK-HWY NOT LIGHTED,,,43948.36927,False,23,Accepted,5,5,O,,,,2020,1
1848,26636224,0510000,HENDERSON COUNTY SHERIFF DEPT.,Accepted,HENDERSON,US0041,,US41,,,,,,,,,37.80631705,-87.56405748,12.283,2020-04-25,230,1,1,0,0,CLEAR,DRY,False,COLLISION WITH ANIMAL NON INTERSECTION,SINGLE VEHICLE,STRAIGHT & LEVEL,DARK-HWY NOT LIGHTED,,,43948.48446,False,144,Accepted,5,5,O,ANIMALS ACTION,,,2020,1
1852,26640317,0510100,HENDERSON POLICE DEPARTMENT,Accepted,HENDERSON,,,1ST,ST,,US0041A,GREEN,,,,,37.83821596,-87.58926147,0.293,2020-04-27,1124,2,2,0,0,CLEAR,DRY,False,ANGLE COLLISION - OTHER,ANGLE,STRAIGHT & LEVEL,DAYLIGHT,,,43949.66066,False,60,Accepted,5,5,O,,FAILED TO YIELD RIGHT OF WAY,,2020,1
1853,26640688,0510100,HENDERSON POLICE DEPARTMENT,Accepted,HENDERSON,,1200,WASHINGTON,ST,,,,,,,,37.82868287,-87.5781253,0.339,2020-04-27,1609,3,3,0,0,CLEAR,DRY,False,1 VEHICLE PARKED POSITION (NOT PARKING LOT/DRIVEWAY),REAR END,STRAIGHT & LEVEL,DAYLIGHT,,,43949.7767,False,64,Accepted,5,5,O,,INATTENTION,,2020,1
1854,26640901,0510100,HENDERSON POLICE DEPARTMENT,Accepted,HENDERSON,US0041A,500,GREEN,ST,S,,,,,,,37.83141138,-87.59563972,15.223,2020-04-23,1500,2,2,0,0,CLOUDY,WET,False,OTHER ROADWAY OR MID-BLOCK COLLISION,REAR END,STRAIGHT & GRADE,DAYLIGHT,,,43949.90578,False,35,Accepted,5,5,O,SLIPPERY SURFACE,TOO FAST FOR CONDITIONS,,2020,1
1857,26643810,0510100,HENDERSON POLICE DEPARTMENT,Accepted,HENDERSON,KY0351,1600,2ND,ST,,,,,,,,37.83256093,-87.57192554,1.025,2020-04-25,1521,2,2,0,1,RAINING,WET,False,REAR END IN TRAFFIC LANES BOTH VEHICLES MOVING,REAR END,STRAIGHT & LEVEL,DAYLIGHT,,,43950.72555,False,64,Accepted,5,4,C,,"INATTENTION, NOT UNDER PROPER CONTROL",,2020,1
1858,26643811,0510100,HENDERSON POLICE DEPARTMENT,Accepted,HENDERSON,,,POWELL,ST,,,MEADOW,,,,,37.829833,-87.58296149,0.907,2020-04-21,1411,2,2,0,0,CLEAR,DRY,False,ANGLE COLLISION - OTHER,ANGLE,STRAIGHT & LEVEL,DAYLIGHT,,,43950.72559,False,22,Accepted,5,5,O,,DISREGARD TRAFFIC CONTROL,,2020,1
1859,26645468,0510100,HENDERSON POLICE DEPARTMENT,Accepted,HENDERSON,US0041,,US41,,N,,,,,,,37.87529946,-87.56758272,17.421,2020-04-29,920,3,3,0,0,RAINING,WET,False,1 VEHICLE ENTERING/LEAVING ENTRANCE,ANGLE,STRAIGHT & LEVEL,DAYLIGHT,,,43951.34858,False,62,Accepted,5,5,O,,"DISREGARD TRAFFIC CONTROL, INATTENTION",,2020,1
1860,26651097,0510100,HENDERSON POLICE DEPARTMENT,Accepted,HENDERSON,,,MEADOW,ST,,,,,,,,37.83059233,-87.5822828,0.55,2020-04-30,1605,2,2,0,0,CLEAR,DRY,False,1 VEHICLE ENTERING/LEAVING ENTRANCE,ANGLE,STRAIGHT & LEVEL,DAYLIGHT,,,43952.75601,False,19,Accepted,5,5,O,,INATTENTION,,2020,1
1861,26652637,0510100,HENDERSON POLICE DEPARTMENT,Accepted,HENDERSON,US0041A,,GREEN,ST,N,,,,7TH,,8TH,37.84616131,-87.5841779,16.444,2020-04-30,1344,2,2,0,1,CLEAR,DRY,False,REAR END IN TRAFFIC LANES BOTH VEHICLES MOVING,REAR END,STRAIGHT & LEVEL,DAYLIGHT,,,43953.64387,False,36,Accepted,5,3,B,,INATTENTION,,2020,1
1862,26652638,0510100,HENDERSON POLICE DEPARTMENT,Accepted,HENDERSON,US0041A,,GREEN,ST,N,,5TH,,,,,37.84328208,-87.58594392,16.216,2020-05-01,843,3,3,0,1,CLEAR,DRY,False,OPPOSING LEFT TURN,OPPOSING LEFT TURN,STRAIGHT & LEVEL,DAYLIGHT,,,43953.64392,False,36,Accepted,5,4,C,,FAILED TO YIELD RIGHT OF WAY,,2020,1
1863,26652639,0510100,HENDERSON POLICE DEPARTMENT,Accepted,HENDERSON,US0041A,,GREEN,ST,N,,,,3RD,,4TH,37.84170598,-87.58704055,16.095,2020-05-01,1341,2,2,0,0,CLEAR,DRY,False,OTHER ROADWAY OR MID-BLOCK COLLISION,REAR END,STRAIGHT & LEVEL,DAYLIGHT,,,43953.64399,False,67,Accepted,5,5,O,,INATTENTION,,2020,1
1864,26653551,0510100,HENDERSON POLICE DEPARTMENT,Accepted,HENDERSON,US0041A,,GREEN,ST,S,,WASHINGTON,,,,,37.83629077,-87.59079893,15.663,2020-05-01,2316,2,2,0,0,CLEAR,DRY,False,ANGLE COLLISION - OTHER,ANGLE,STRAIGHT & GRADE,DARK-HWY LIGHTED/ON,,,43953.96583,False,38,Accepted,5,5,O,,INATTENTION,,2020,1
1865,26655416,0510100,HENDERSON POLICE DEPARTMENT,Accepted,HENDERSON,US0041A,1000,GREEN,ST,N,,,,,,,37.8485852,-87.58251827,16.638,2020-05-02,2324,2,2,0,0,CLEAR,DRY,False,1 VEHICLE ENTERING/LEAVING ENTRANCE,ANGLE,STRAIGHT & LEVEL,DARK-HWY LIGHTED/ON,,,43954.94818,False,63,Accepted,5,5,O,,INATTENTION,,2020,1
1866,26655508,0510100,HENDERSON POLICE DEPARTMENT,Accepted,HENDERSON,,1300,PRINGLE,ST,,,,,,,,37.82410761,-87.58811284,0.54,2020-05-02,1554,2,2,0,0,CLEAR,DRY,False,1 VEHICLE PARKED POSITION (NOT PARKING LOT/DRIVEWAY),SIDESWIPE-SAME DIRECTION,STRAIGHT & LEVEL,DAYLIGHT,,,43954.98422,False,64,Accepted,5,5,O,,DISTRACTION,,2020,1
1867,26659604,0510100,HENDERSON POLICE DEPARTMENT,Accepted,HENDERSON,US0041,,US41,,N,,,,PAUL,,WATSON,37.87492298,-87.56794498,17.378,2020-04-29,1701,2,2,0,0,CLOUDY,DRY,True,REAR END IN TRAFFIC LANES BOTH VEHICLES MOVING,REAR END,STRAIGHT & LEVEL,DAYLIGHT,,,43955.82498,False,33,Accepted,5,5,O,,,,2020,1
1868,26660049,0510100,HENDERSON POLICE DEPARTMENT,Accepted,HENDERSON,,,14TH,ST,,,,,ELM,US0041A,GREEN,37.85469743,-87.58033602,0.019,2020-04-29,1904,2,2,0,1,CLOUDY,DRY,False,1 VEHICLE PARKED POSITION (NOT PARKING LOT/DRIVEWAY),REAR END,STRAIGHT & GRADE,DAYLIGHT,,,43956.00598,False,22,Accepted,5,4,C,,LOST CONSCIOUSNESS/FAINTED,,2020,1
1869,26661581,0510100,HENDERSON POLICE DEPARTMENT,Accepted,HENDERSON,,800,LETCHER,ST,,,,,,,,37.82211076,-87.5835967,0.542,2020-05-02,1642,2,1,0,0,CLEAR,DRY,False,1 VEHICLE PARKED POSITION (NOT PARKING LOT/DRIVEWAY),SIDESWIPE-SAME DIRECTION,STRAIGHT & LEVEL,DAYLIGHT,,,43956.43126,False,64,Accepted,5,5,O,,INATTENTION,,2020,1
1871,26662650,0510100,HENDERSON POLICE DEPARTMENT,Accepted,HENDERSON,US0041A,,GREEN,ST,N,,5TH,,,,,37.8432686,-87.58599206,16.216,2020-05-04,1011,3,3,0,0,CLEAR,DRY,False,ANGLE COLLISION - OTHER,ANGLE,STRAIGHT & LEVEL,DAYLIGHT,,,43956.65814,False,48,Accepted,5,5,O,,DISREGARD TRAFFIC CONTROL,,2020,1
1873,26667577,0510100,HENDERSON POLICE DEPARTMENT,Accepted,HENDERSON,US0060,2150,US60,,E,,,,,,,37.86073673,-87.56511865,10.698,2020-05-02,1433,2,2,0,0,CLEAR,DRY,False,OTHER ROADWAY OR MID-BLOCK COLLISION,OPPOSING LEFT TURN,STRAIGHT & LEVEL,DAYLIGHT,,,43958.01763,False,17,Accepted,5,5,O,,INATTENTION,,2020,1
1874,26667578,0510100,HENDERSON POLICE DEPARTMENT,Accepted,HENDERSON,,,WASHINGTON,ST,,,INGRAM,,,,,37.83552618,-87.58957121,1.124,2020-04-23,1705,2,2,0,1,CLEAR,DRY,False,ANGLE COLLISION - OTHER,ANGLE,STRAIGHT & GRADE,DAYLIGHT,,,43958.01768,False,44,Accepted,5,4,C,,"DISREGARD TRAFFIC CONTROL, INATTENTION",,2020,1
1875,26667579,0510100,HENDERSON POLICE DEPARTMENT,Accepted,HENDERSON,US0041A,1773,GREEN,ST,S,,,,,,,37.81457049,-87.61726001,13.485,2020-05-02,2133,2,2,0,0,CLEAR,DRY,False,1 VEHICLE ENTERING/LEAVING ENTRANCE,ANGLE,STRAIGHT & LEVEL,DARK (UNKNOWN ROADWAY LIGHTING),,,43958.01772,False,33,Accepted,5,5,O,,"FAILED TO YIELD RIGHT OF WAY, INATTENTION",,2020,1
1876,26667580,0510100,HENDERSON POLICE DEPARTMENT,Accepted,HENDERSON,US0041,2067,US41,,N,,,,,,,37.87044176,-87.5703843,17.041,2020-05-04,2123,2,2,0,0,CLOUDY,DRY,False,SIDESWIPE COLLISION - SAME DIRECTION,SIDESWIPE-SAME DIRECTION,STRAIGHT & LEVEL,DARK-HWY LIGHTED/ON,,,43958.01777,False,17,Accepted,5,5,O,,FAILED TO YIELD RIGHT OF WAY,,2020,1
1877,26668502,0510100,HENDERSON POLICE DEPARTMENT,Accepted,HENDERSON,US0041A,,GREEN,ST,N,,,,10TH,,10TH,37.84944266,-87.5819842,16.687,2020-05-06,1255,2,2,0,1,CLEAR,DRY,False,REAR END IN TRAFFIC LANES BOTH VEHICLES MOVING,REAR END,STRAIGHT & LEVEL,DAYLIGHT,,,43958.34151,False,60,Accepted,5,4,C,,NOT UNDER PROPER CONTROL,,2020,1
1879,26670982,0510100,HENDERSON POLICE DEPARTMENT,Accepted,HENDERSON,,,KIMSEY,LN,,,,,,,,37.85275093,-87.57256396,0.176,2020-05-04,2017,2,2,0,0,CLEAR,DRY,False,SIDESWIPE COLLISION - OPPOSITE DIRECTION,SIDESWIPE-OPPOSITE DIRECTION,STRAIGHT & LEVEL,DARK-HWY LIGHTED/OFF,,,43958.7851,False,17,Accepted,5,5,O,,FAILED TO KEEP PROPER LANE,,2020,1
1880,26672774,0510100,HENDERSON POLICE DEPARTMENT,Accepted,HENDERSON,,708,BARRET,BLVD,,,,,,,,37.86024276,-87.57003602,0.494,2020-05-07,1253,1,1,0,0,CLEAR,DRY,False,COLLISION WITH FIXED OBJECT NON - INTERSECTION - FIRST EVENT COLLISION 09 - 32 EXCLUDING 16,SINGLE VEHICLE,STRAIGHT & LEVEL,DAYLIGHT,,,43959.45235,False,67,Accepted,5,5,O,,OTHER,,2020,1
1882,26675330,0370300,KY STATE PARK RANGERS DIVISION,Accepted,HENDERSON,US0041,3100,US41,,N,,JOHN JAMES AUDUBON STATE,,,,,37.88092459,-87.56480105,17.813,2020-03-28,1427,2,2,0,4,CLEAR,DRY,False,ANGLE COLLISION - OTHER,ANGLE,STRAIGHT & LEVEL,DAYLIGHT,,,43960.69605,False,65,Accepted,5,2,A,,INATTENTION,,2020,1
1883,26677566,0510100,HENDERSON POLICE DEPARTMENT,Accepted,HENDERSON,,235,WATER,ST,S,,,,,,,37.83673757,-87.59718238,,2020-05-08,1000,1,1,0,0,RAINING,WET,True,COLLISION WITH NON-FIXED OBJECT ,SINGLE VEHICLE,STRAIGHT & LEVEL,DAYLIGHT,,,43961.33982,False,23,Accepted,5,5,O,,,,2020,1
1884,26677567,0510100,HENDERSON POLICE DEPARTMENT,Accepted,HENDERSON,,,MEADOW,ST,,,,,THOMPSON,,WASHINGTON,37.83132491,-87.58156736,0.614,2020-05-07,937,1,1,0,0,CLEAR,DRY,False,COLLISION WITH FIXED OBJECT NON - INTERSECTION - FIRST EVENT COLLISION 09 - 32 EXCLUDING 16,SINGLE VEHICLE,STRAIGHT & LEVEL,DAYLIGHT,,,43961.33987,False,48,Accepted,5,5,O,OTHER,,,2020,1
1885,26677568,0510100,HENDERSON POLICE DEPARTMENT,Accepted,HENDERSON,,,ELM,ST,N,,PARK,,,,,37.86407181,-87.57548709,2.008,2020-05-08,831,2,2,0,0,RAINING,WET,False,OTHER INTERSECTION COLLISIONS,REAR END,STRAIGHT & LEVEL,DAYLIGHT,,,43961.33991,False,67,Accepted,5,5,O,SLIPPERY SURFACE,INATTENTION,,2020,1
1886,26677569,0510100,HENDERSON POLICE DEPARTMENT,Accepted,HENDERSON,,1100,BARRET,BLVD,,,,,,,,37.85870563,-87.56708987,0.258,2020-05-08,1108,2,2,0,0,RAINING,WET,False,SIDESWIPE COLLISION - SAME DIRECTION,SIDESWIPE-SAME DIRECTION,STRAIGHT & LEVEL,DAYLIGHT,,,43961.33995,False,67,Accepted,5,5,O,,INATTENTION,,2020,1
1887,26677958,0510100,HENDERSON POLICE DEPARTMENT,Accepted,HENDERSON,,,RICHARDSON,AVE,,,,,,,,37.85549017,-87.57705857,0.304,2020-05-09,1400,1,1,0,0,CLEAR,DRY,False,COLLISION WITH FIXED OBJECT NON - INTERSECTION - FIRST EVENT COLLISION 09 - 32 EXCLUDING 16,SINGLE VEHICLE,CURVE & LEVEL,DAYLIGHT,,,43961.60735,False,50,Accepted,5,5,O,,MISJUDGE CLEARANCE,,2020,1
1888,26677960,0510100,HENDERSON POLICE DEPARTMENT,Accepted,HENDERSON,,2309,CARTER,DR,,,,,,,,37.79906652,-87.63835306,0.025,2020-05-08,2330,2,2,0,0,CLEAR,DRY,False,1 VEHICLE PARKED POSITION (NOT PARKING LOT/DRIVEWAY),SIDESWIPE-SAME DIRECTION,STRAIGHT & LEVEL,DAYLIGHT,,,43961.6074,False,25,Accepted,5,5,O,,"INATTENTION, MISJUDGE CLEARANCE",,2020,1
1889,26678159,0510100,HENDERSON POLICE DEPARTMENT,Accepted,HENDERSON,US0041A,,GREEN,ST,S,,KRESGE,,,,,37.81607235,-87.61474673,13.674,2020-05-06,1409,2,2,0,0,CLEAR,DRY,False,OPPOSING LEFT TURN,OPPOSING LEFT TURN,STRAIGHT & LEVEL,DAYLIGHT,,,43961.67845,False,25,Accepted,5,5,O,,"INATTENTION, MISJUDGE CLEARANCE",,2020,1
1890,26678160,0510100,HENDERSON POLICE DEPARTMENT,Accepted,HENDERSON,US0041,,US41,,N,,,,WATSON,,PAUL,37.87490965,-87.56790964,17.378,2020-05-08,1645,1,1,0,0,CLEAR,DRY,False,COLLISION WITH FIXED OBJECT NON - INTERSECTION - FIRST EVENT COLLISION 09 - 32 EXCLUDING 16,SINGLE VEHICLE,STRAIGHT & LEVEL,DAYLIGHT,,,43961.6785,False,33,Accepted,5,5,O,,OTHER,OTHER,2020,1
1891,26681228,0510000,HENDERSON COUNTY SHERIFF DEPT.,Accepted,HENDERSON,US0041,,US41,,N,,,,STRATMAN,,RACETRACK,37.88763215,-87.55815453,18.401,2020-05-07,720,1,1,0,0,CLEAR,DRY,False,OCCUPANT FELL FROM MOVING VEHICLE,SINGLE VEHICLE,STRAIGHT & LEVEL,DAYLIGHT,,,43962.50322,False,132,Accepted,5,5,O,OTHER,,,2020,1
1897,26685249,0510100,HENDERSON POLICE DEPARTMENT,Accepted,HENDERSON,US0060,,US60,,E,,PEBBLE CREEK,,,,,37.86476968,-87.54914132,11.709,2020-05-09,1344,2,2,0,0,CLEAR,DRY,False,ANGLE COLLISION - OTHER,ANGLE,STRAIGHT & LEVEL,DAYLIGHT,,,43963.44676,False,67,Accepted,5,5,O,,INATTENTION,,2020,1
1899,26687802,0510100,HENDERSON POLICE DEPARTMENT,Accepted,HENDERSON,US0041A,1656,GREEN,ST,S,,,,,,,37.81678879,-87.61388739,13.629,2020-05-10,1802,1,1,0,0,CLEAR,DRY,False,COLLISION WITH FIXED OBJECT NON - INTERSECTION - FIRST EVENT COLLISION 09 - 32 EXCLUDING 16,SINGLE VEHICLE,STRAIGHT & LEVEL,DAYLIGHT,,,43963.9666,False,50,Accepted,5,5,O,OTHER,OTHER,,2020,1
1900,26690231,0510100,HENDERSON POLICE DEPARTMENT,Accepted,HENDERSON,,,ADAMS,ST,N,,,,10TH,,10TH,37.84885607,-87.57886841,0.984,2020-05-12,1005,1,1,0,1,CLOUDY,DRY,False,COLLISION WITH FIXED OBJECT NON - INTERSECTION - FIRST EVENT COLLISION 09 - 32 EXCLUDING 16,SINGLE VEHICLE,STRAIGHT & LEVEL,DAYLIGHT,,,43964.65581,False,34,Accepted,5,4,C,,LOST CONSCIOUSNESS/FAINTED,,2020,1
1903,26695423,0510100,HENDERSON POLICE DEPARTMENT,Accepted,HENDERSON,US0060,,GREEN,ST,S,,OLD CORYDON,,,,,37.80568666,-87.63246581,9.632,2020-05-12,1430,2,2,0,0,CLOUDY,DRY,True,OTHER INTERSECTION COLLISIONS,REAR END,STRAIGHT & LEVEL,DAYLIGHT,,,43965.85824,False,25,Accepted,5,5,O,,"INATTENTION, TOO FAST FOR CONDITIONS",,2020,1
1904,26695424,0510100,HENDERSON POLICE DEPARTMENT,Accepted,HENDERSON,US0041,1400,US41,,N,,,,,,,37.8496161,-87.56721818,15.434,2020-05-12,2020,1,1,0,0,RAINING,WET,False,COLLISION WITH ANIMAL NON INTERSECTION,SINGLE VEHICLE,STRAIGHT & LEVEL,DARK-HWY NOT LIGHTED,,,43965.85828,False,35,Accepted,5,5,O,,,,2020,1
1905,26695908,0510100,HENDERSON POLICE DEPARTMENT,Accepted,HENDERSON,,500,FAIR,ST,,,,,,,,37.82037547,-87.60150915,0.045,2020-05-10,1750,2,2,0,0,CLEAR,DRY,False,1 VEHICLE PARKED POSITION (NOT PARKING LOT/DRIVEWAY),BACKING,STRAIGHT & LEVEL,DAYLIGHT,,,43966.01224,False,66,Accepted,5,5,O,,INATTENTION,,2020,1
1906,26702818,0510100,HENDERSON POLICE DEPARTMENT,Accepted,HENDERSON,US0041,,US41,,N,US0041,US41 RAMP KY351,,,,,37.83017267,-87.56637833,14.057,2020-05-10,756,1,1,0,0,CLOUDY,DRY,False,COLLISION WITH FIXED OBJECT IN INTERSECTION - FIRST EVENT COLLISION 09 - 32,SINGLE VEHICLE,STRAIGHT & LEVEL,DAYLIGHT,,,43968.50756,False,26,Accepted,5,5,O,,"FATIGUE, FELL ASLEEP",,2020,1
1907,26705283,0510100,HENDERSON POLICE DEPARTMENT,Accepted,HENDERSON,,,RACETRACK,RD,,,,,,,,37.88296938,-87.56346091,0.007,2020-05-17,942,2,2,0,0,CLOUDY,DRY,False,OTHER COLLISIONS ON SHOULDER,ANGLE,STRAIGHT & LEVEL,DAYLIGHT,,,43969.32598,False,62,Accepted,5,5,O,,FAILED TO YIELD RIGHT OF WAY,,2020,1
1913,26713668,0510100,HENDERSON POLICE DEPARTMENT,Accepted,HENDERSON,US0041,1900,US41,,N,,,,,,,37.86140186,-87.5750527,16.369,2020-05-17,348,1,1,0,0,CLEAR,DRY,False,RAN OFF ROADWAY (1 VEHICLE WITH/EARTH EMBANKMENT/DITCH),SINGLE VEHICLE,CURVE & LEVEL,DARK-HWY LIGHTED/ON,,,43971.26754,False,63,Accepted,5,5,O,,"ALCOHOL INVOLVEMENT, TOO FAST FOR CONDITIONS",,2020,1
1917,26723127,0510100,HENDERSON POLICE DEPARTMENT,Accepted,HENDERSON,KY0351,,2ND,ST,,,,US0041A,GREEN,,INGRAM,37.83925636,-87.58790346,0.033,2020-05-20,1327,2,2,0,0,CLOUDY,DRY,False,SIDESWIPE COLLISION - SAME DIRECTION,SIDESWIPE-SAME DIRECTION,STRAIGHT & LEVEL,DAYLIGHT,,,43973.44309,False,36,Accepted,5,5,O,,INATTENTION,,2020,1
1918,26724781,0510100,HENDERSON POLICE DEPARTMENT,Accepted,HENDERSON,US0041A,1000,GREEN,ST,N,,,,,,,37.84926853,-87.58216262,16.689,2020-05-16,2010,2,2,0,0,CLEAR,DRY,False,1 VEHICLE ENTERING/LEAVING ENTRANCE,ANGLE,STRAIGHT & LEVEL,DARK-HWY LIGHTED/ON,,,43973.76163,False,50,Accepted,5,5,O,,"INATTENTION, OTHER",,2020,1
1919,26724783,0510100,HENDERSON POLICE DEPARTMENT,Accepted,HENDERSON,US0041,,US41,,N,,,,,,,37.8535183,-87.5697292,15.737,2020-05-16,1557,1,1,0,0,RAINING,WET,False,COLLISION WITH FIXED OBJECT NON - INTERSECTION - FIRST EVENT COLLISION 09 - 32 EXCLUDING 16,SINGLE VEHICLE,CURVE & LEVEL,DAYLIGHT,,,43973.76168,False,33,Accepted,5,5,O,WATER POOLING,,,2020,1
1920,26724784,0510100,HENDERSON POLICE DEPARTMENT,Accepted,HENDERSON,,,WATSON,LN,,,GREEN RIVER,,,,,37.86846733,-87.55742311,0.295,2020-05-17,1537,2,2,0,0,CLEAR,DRY,False,OTHER INTERSECTION COLLISIONS,REAR END,STRAIGHT & LEVEL,DAYLIGHT,,,43973.76171,False,33,Accepted,5,5,O,,DISTRACTION,,2020,1
1921,26735153,0510100,HENDERSON POLICE DEPARTMENT,Accepted,HENDERSON,US0041A,,GREEN,ST,N,,9TH,,,,,37.84830851,-87.58275176,16.615,2020-05-21,904,2,2,0,1,CLEAR,DRY,False,ANGLE COLLISION - OTHER,ANGLE,STRAIGHT & LEVEL,DAYLIGHT,,,43977.30056,False,65,Accepted,4,4,C,,INATTENTION,,2020,1