OBJECTID,IncidentID,AgencyORI,AgencyName,IncidentStatusDesc,County,RdwyNumber,Street,RoadwayName,StreetSfx,StreetDir,IntersectionRdwy,IntersectionRdwyName,BetweenStRdwy1,BetweenStRdwyName1,BetweenStRdwy2,BetweenStRdwyName2,Latitude,Longitude,Milepoint,CollisionDate,CollisionTime,UnitsInvolved,MotorVehiclesInvolved,NumberKilled,NumberInjured,Weather,RdwyConditionCode,HitandRun,DirAnalysisCode,MannerofCollision,RdwyCharacter,LightCondition,RampFromRdwyId,RampToRdwyId,AcceptedDate,IsSecondaryCollision,OwnerBadge,IncidentStatus,InjurySeverityCde,KABCO_Code,KABCO,Environmental_Factors,Human_Factors,Vehicular_Factors,CollisionYear,CityCrash
1922,26736720,0510000,HENDERSON COUNTY SHERIFF DEPT.,Accepted,HENDERSON,AU9005,,,,,,,,,,,37.81260528,-87.56568989,0.293,2020-05-22,620,1,1,0,1,CLEAR,DRY,False,COLLISION WITH FIXED OBJECT NOT IN GORE ,SINGLE VEHICLE,CURVE & GRADE,DAYLIGHT,AU9005,US0041,43977.48301,False,132,Accepted,5,4,C,,NOT UNDER PROPER CONTROL,LOAD SECUREMENT,2020,1
1924,26738847,0510100,HENDERSON POLICE DEPARTMENT,Accepted,HENDERSON,US0041A,,GREEN,ST,N,,,,,,,37.85217651,-87.58027178,16.896,2020-05-16,1957,3,3,0,1,CLEAR,DRY,False,1 VEHICLE ENTERING/LEAVING ENTRANCE,ANGLE,STRAIGHT & LEVEL,DARK-HWY LIGHTED/ON,,,43977.80639,False,50,Accepted,5,4,C,,INATTENTION,,2020,1
1925,26740414,0510100,HENDERSON POLICE DEPARTMENT,Accepted,HENDERSON,US0041,,US41,,N,,,,ROBIN,,HARMONY,37.86889137,-87.5712277,16.923,2020-05-26,936,2,2,0,2,CLEAR,DRY,False,OTHER ROADWAY OR MID-BLOCK COLLISION,REAR END,STRAIGHT & LEVEL,DAYLIGHT,,,43978.31611,False,67,Accepted,5,4,C,,INATTENTION,,2020,1
1928,26743725,0510100,HENDERSON POLICE DEPARTMENT,Accepted,HENDERSON,,800,MAIN,ST,S,,,,,,,37.82992749,-87.60176124,1.393,2020-05-24,1625,1,1,0,0,CLEAR,DRY,False,COLLISION WITH FIXED OBJECT NON - INTERSECTION - FIRST EVENT COLLISION 09 - 32 EXCLUDING 16,SINGLE VEHICLE,STRAIGHT & LEVEL,DAYLIGHT,,,43978.83839,False,35,Accepted,5,5,O,,"CELL PHONE, INATTENTION",,2020,1
1929,26743726,0510100,HENDERSON POLICE DEPARTMENT,Accepted,HENDERSON,,400,2ND,ST,,,,,,,,37.83944214,-87.58840072,0.004,2020-05-26,1619,2,2,0,0,CLEAR,DRY,False,1 VEHICLE ENTERING/LEAVING ENTRANCE,ANGLE,STRAIGHT & LEVEL,DAYLIGHT,,,43978.83846,False,50,Accepted,5,5,O,,INATTENTION,,2020,1
1930,26743741,0510100,HENDERSON POLICE DEPARTMENT,Accepted,HENDERSON,US0041,,,,,,,,,,,37.85772634,-87.57455774,0.106,2020-05-11,1911,1,1,0,1,CLEAR,DRY,False,COLLISION WITH FIXED OBJECT NOT IN GORE ,SINGLE VEHICLE,CURVE & LEVEL,DAYLIGHT,US0041,US0041,43978.84687,False,22,Accepted,5,4,C,,NOT UNDER PROPER CONTROL,,2020,1
1931,26743742,0510100,HENDERSON POLICE DEPARTMENT,Accepted,HENDERSON,,948,PEBBLE CREEK,DR,,,,,,,,37.86375903,-87.54916195,0.067,2020-05-16,1409,2,2,0,0,CLEAR,DRY,False,VEHICLE BACKING NON INTERSECTION,BACKING,STRAIGHT & LEVEL,DAYLIGHT,,,43978.84691,False,22,Accepted,5,5,O,,MISJUDGE CLEARANCE,,2020,1
1933,26751781,0510100,HENDERSON POLICE DEPARTMENT,Accepted,HENDERSON,,1302,POWELL,ST,,,,,,,,37.82747186,-87.57883343,1.186,2020-05-26,2300,2,2,0,0,CLEAR,DRY,True,1 VEHICLE PARKED POSITION (NOT PARKING LOT/DRIVEWAY),SIDESWIPE-SAME DIRECTION,STRAIGHT & LEVEL,DARK (UNKNOWN ROADWAY LIGHTING),,,43980.77149,False,25,Accepted,5,5,O,,,,2020,1
1934,26751782,0510100,HENDERSON POLICE DEPARTMENT,Accepted,HENDERSON,US0041A,1700,GREEN,ST,S,,,,KRESGE,,DRURY,37.81610198,-87.61475088,13.675,2020-05-22,1811,2,2,0,6,CLEAR,DRY,False,OTHER ROADWAY OR MID-BLOCK COLLISION,OPPOSING LEFT TURN,STRAIGHT & LEVEL,DAYLIGHT,,,43980.77154,False,22,Accepted,3,3,B,BACKUP DUE TO REGULAR CONGESTION,FAILED TO YIELD RIGHT OF WAY,,2020,1
1935,26751785,0510100,HENDERSON POLICE DEPARTMENT,Accepted,HENDERSON,,,3RD,ST,,,,,,,,37.8413978,-87.58932519,0.188,2020-05-28,1549,2,2,0,0,CLEAR,DRY,False,VEHICLE BACKING NON INTERSECTION,BACKING,STRAIGHT & LEVEL,DAYLIGHT,,,43980.77165,False,25,Accepted,5,5,O,,INATTENTION,,2020,1
1937,26754412,0510100,HENDERSON POLICE DEPARTMENT,Accepted,HENDERSON,US0060,,US60,,E,,,,MANOR,,MARYWOOD,37.86071493,-87.5656895,10.714,2020-05-07,1540,2,2,0,0,CLEAR,DRY,False,SIDESWIPE COLLISION - OPPOSITE DIRECTION,SIDESWIPE-OPPOSITE DIRECTION,STRAIGHT & LEVEL,DAYLIGHT,,,43982.04592,False,33,Accepted,5,5,O,,INATTENTION,,2020,1
1938,26756578,0510100,HENDERSON POLICE DEPARTMENT,Accepted,HENDERSON,KY0136,1814,MADISON,ST,,,,,,,,37.81106057,-87.578563,21.292,2020-05-29,2332,2,2,0,1,CLEAR,DRY,False,1 VEHICLE PARKED POSITION (NOT PARKING LOT/DRIVEWAY),ANGLE,CURVE & LEVEL,DARK-HWY NOT LIGHTED,,,43983.07018,False,38,Accepted,5,3,B,,DRUG INVOLVEMENT,STEERING FAILURE,2020,1
1942,26761569,0510100,HENDERSON POLICE DEPARTMENT,Accepted,HENDERSON,US0041A,,GREEN,ST,N,,1ST,,,,,37.83820327,-87.58927668,15.825,2020-05-31,1253,2,2,0,0,CLEAR,DRY,False,OTHER INTERSECTION COLLISIONS,REAR END,STRAIGHT & LEVEL,DAYLIGHT,,,43984.40689,False,34,Accepted,5,5,O,,INATTENTION,,2020,1
1944,26763659,0510100,HENDERSON POLICE DEPARTMENT,Accepted,HENDERSON,US0041,2945,US41,,N,,,,,,,37.87374135,-87.56866511,17.287,2020-05-29,2010,2,2,0,0,CLEAR,DRY,False,1 VEHICLE ENTERING/LEAVING ENTRANCE,ANGLE,STRAIGHT & LEVEL,DARK-HWY LIGHTED/ON,,,43984.81485,False,17,Accepted,5,5,O,,"FAILED TO YIELD RIGHT OF WAY, INATTENTION",,2020,1
1945,26763660,0510100,HENDERSON POLICE DEPARTMENT,Accepted,HENDERSON,,300,WASHINGTON,ST,,,,,,,,37.83628514,-87.5907815,1.208,2020-06-01,1531,2,2,0,0,CLEAR,DRY,False,OTHER ROADWAY OR MID-BLOCK COLLISION,REAR END,STRAIGHT & HILLCREST,DAYLIGHT,,,43984.8149,False,50,Accepted,5,5,O,,DISTRACTION,MIRRORS,2020,1
1946,26763661,0510100,HENDERSON POLICE DEPARTMENT,Accepted,HENDERSON,US0041A,,GREEN,ST,N,,,,12TH,,13TH,37.85257529,-87.58001067,16.914,2020-06-01,1438,2,2,0,1,CLEAR,DRY,False,SIDESWIPE COLLISION - SAME DIRECTION,SIDESWIPE-SAME DIRECTION,STRAIGHT & LEVEL,DAYLIGHT,,,43984.81494,False,25,Accepted,5,3,B,,"CELL PHONE, MISJUDGE CLEARANCE, TOO FAST FOR CONDITIONS",,2020,1
1947,26763678,0510100,HENDERSON POLICE DEPARTMENT,Accepted,HENDERSON,US0041A,,US41 ALT,,,,COLLIER,,,,,37.8076657,-87.62212316,12.784,2020-05-31,2004,2,2,0,2,CLEAR,DRY,False,HEAD-ON COLLISION,HEAD ON,STRAIGHT & LEVEL,DUSK,,,43984.82637,False,35,Accepted,5,4,C,,MISJUDGE CLEARANCE,,2020,1
1948,26764159,0510100,HENDERSON POLICE DEPARTMENT,Accepted,HENDERSON,US0041A,1725,GREEN,ST,S,,,,,,,37.81512258,-87.61628586,13.558,2020-05-27,1332,2,2,0,0,CLOUDY,DRY,False,REAR END IN TRAFFIC LANES BOTH VEHICLES MOVING,REAR END,STRAIGHT & LEVEL,DAYLIGHT,,,43985.00661,False,25,Accepted,5,5,O,,"FOLLOWING TOO CLOSE, INATTENTION, TOO FAST FOR CONDITIONS",,2020,1
1949,26764160,0510100,HENDERSON POLICE DEPARTMENT,Accepted,HENDERSON,US0041A,1680,GREEN,ST,S,,,,,,,37.81680948,-87.6137091,13.76,2020-05-27,1555,2,2,0,0,CLOUDY,DRY,False,SIDESWIPE COLLISION - OPPOSITE DIRECTION,SIDESWIPE-OPPOSITE DIRECTION,STRAIGHT & LEVEL,DAYLIGHT,,,43985.00665,False,25,Accepted,5,5,O,,"INATTENTION, MISJUDGE CLEARANCE",,2020,1
1950,26764161,0510100,HENDERSON POLICE DEPARTMENT,Accepted,HENDERSON,,400,WASHINGTON,ST,,,,,,,,37.83627166,-87.59077421,1.207,2020-05-29,1606,2,2,0,0,CLEAR,DRY,False,REAR END IN TRAFFIC LANES BOTH VEHICLES MOVING,REAR END,STRAIGHT & GRADE,DAYLIGHT,,,43985.00669,False,59,Accepted,5,5,O,,INATTENTION,,2020,1
1951,26764162,0510100,HENDERSON POLICE DEPARTMENT,Accepted,HENDERSON,US0041,2860,US41,,N,,,,,,,37.87612033,-87.56723913,17.47,2020-05-29,1709,2,2,0,0,CLEAR,DRY,False,REAR END IN TRAFFIC LANES BOTH VEHICLES MOVING,REAR END,STRAIGHT & LEVEL,DAYLIGHT,,,43985.00673,False,59,Accepted,5,5,O,,INATTENTION,,2020,1
1952,26764163,0510100,HENDERSON POLICE DEPARTMENT,Accepted,HENDERSON,,2011,ELM,ST,N,,,,,,,37.86537294,-87.57552586,2.083,2020-05-29,1920,2,2,0,0,CLEAR,DRY,False,HEAD-ON COLLISION,HEAD ON,STRAIGHT & LEVEL,DAYLIGHT,,,43985.00677,False,59,Accepted,5,5,O,"VIEW OBSTRUCTED, LIMITED DUE TO WEATHER CONDITIONS",DISREGARD TRAFFIC CONTROL,,2020,1
1953,26764164,0510100,HENDERSON POLICE DEPARTMENT,Accepted,HENDERSON,US0041A,500,GREEN,ST,N,,,,,,,37.84327865,-87.58599737,16.217,2020-05-30,1431,2,2,0,0,CLEAR,DRY,False,OTHER ROADWAY OR MID-BLOCK COLLISION,REAR END,STRAIGHT & LEVEL,DAYLIGHT,,,43985.00682,False,50,Accepted,5,5,O,,INATTENTION,,2020,1
1955,26771644,0510100,HENDERSON POLICE DEPARTMENT,Accepted,HENDERSON,US0041A,,GREEN,ST,N,,4TH,,,,,37.84207056,-87.58681242,16.121,2020-05-29,2122,2,2,0,0,CLEAR,DRY,False,SIDESWIPE-SAME DIRECTION,SIDESWIPE-SAME DIRECTION,STRAIGHT & LEVEL,DARK-HWY LIGHTED/ON,,,43986.82165,False,22,Accepted,5,5,O,,FAILED TO YIELD RIGHT OF WAY,,2020,1
1957,26775039,0510100,HENDERSON POLICE DEPARTMENT,Accepted,HENDERSON,KY0351,,2ND,ST,,,KLUTEY PARK PLAZA,,,,,37.83268531,-87.57199849,1.018,2020-06-01,1903,2,2,0,2,CLEAR,DRY,False,ANGLE COLLISION - OTHER,ANGLE,STRAIGHT & LEVEL,DAYLIGHT,,,43987.86298,False,64,Accepted,4,3,B,,INATTENTION,,2020,1
1958,26775041,0510100,HENDERSON POLICE DEPARTMENT,Accepted,HENDERSON,,300,2ND,ST,,,,,,,,37.83959851,-87.58873349,0.017,2020-06-03,1356,2,2,0,0,CLEAR,DRY,False,SIDESWIPE COLLISION - SAME DIRECTION,SIDESWIPE-SAME DIRECTION,STRAIGHT & LEVEL,DAYLIGHT,,,43987.86303,False,50,Accepted,5,5,O,,OTHER,,2020,1
1959,26775502,0510100,HENDERSON POLICE DEPARTMENT,Accepted,HENDERSON,US0041A,122,GREEN,ST,S,,,,,,,37.83619849,-87.59090777,15.67,2020-05-26,1523,2,2,0,0,CLEAR,DRY,False,REAR END IN TRAFFIC LANES BOTH VEHICLES MOVING,REAR END,STRAIGHT & LEVEL,DAYLIGHT,,,43988.02578,False,22,Accepted,5,5,O,,INATTENTION,,2020,1
1960,26775503,0510100,HENDERSON POLICE DEPARTMENT,Accepted,HENDERSON,US0041,,US41,,N,,PAUL,,,,,37.87424661,-87.56842762,17.323,2020-06-04,1610,2,2,0,0,CLOUDY,WET,False,ANGLE COLLISION - ONE VEHICLE TURNING LEFT,ANGLE,STRAIGHT & LEVEL,DAYLIGHT,,,43988.02583,False,44,Accepted,5,5,O,BACKUP DUE TO REGULAR CONGESTION,"IMPROPER PASSING, FAILED TO YIELD RIGHT OF WAY, INATTENTION",,2020,1
1961,26775505,0510100,HENDERSON POLICE DEPARTMENT,Accepted,HENDERSON,US0041,2709,US41,,N,,,,,,,37.8726749,-87.56932855,17.205,2020-06-04,1759,2,2,0,0,CLOUDY,DRY,False,1 VEHICLE ENTERING/LEAVING ENTRANCE,ANGLE,STRAIGHT & LEVEL,DAYLIGHT,,,43988.02595,False,17,Accepted,5,5,O,,INATTENTION,,2020,1
1962,26775506,0510100,HENDERSON POLICE DEPARTMENT,Accepted,HENDERSON,US0041A,,GREEN,ST,N,,,,7TH,,8TH,37.846126,-87.58415929,16.442,2020-06-03,1804,1,1,0,0,CLEAR,DRY,False,COLLISION WITH FIXED OBJECT NON - INTERSECTION - FIRST EVENT COLLISION 09 - 32 EXCLUDING 16,SINGLE VEHICLE,STRAIGHT & LEVEL,DAYLIGHT,,,43988.02599,False,22,Accepted,5,5,O,,,,2020,1
1963,26775508,0510100,HENDERSON POLICE DEPARTMENT,Accepted,HENDERSON,US0041A,,GREEN,ST,N,,,,CENTER,,1ST,37.83750273,-87.58972286,15.77,2020-06-04,1405,2,2,0,0,RAINING,WET,False,OTHER ROADWAY OR MID-BLOCK COLLISION,REAR END,STRAIGHT & LEVEL,DAYLIGHT,,,43988.02602,False,22,Accepted,5,5,O,,INATTENTION,,2020,1
1964,26775509,0510100,HENDERSON POLICE DEPARTMENT,Accepted,HENDERSON,,,LETCHER,ST,,,OBYRNE,,,,,37.82458825,-87.58141474,0.333,2020-05-30,1842,2,2,0,0,CLEAR,DRY,False,ANGLE COLLISION - OTHER,ANGLE,STRAIGHT & LEVEL,DAYLIGHT,,,43988.02606,False,22,Accepted,5,5,O,,MISJUDGE CLEARANCE,,2020,1
1965,26778556,0510100,HENDERSON POLICE DEPARTMENT,Accepted,HENDERSON,US0041A,,GREEN,ST,S,,CHESTNUT,,,,,37.8279223,-87.59898315,15,2020-06-03,1219,2,2,0,0,CLEAR,DRY,True,OPPOSITE DIRECTION - BOTH VEHICLES GOING STRAIGHT AHEAD,SIDESWIPE-OPPOSITE DIRECTION,STRAIGHT & LEVEL,DAYLIGHT,,,43989.37979,False,26,Accepted,5,5,O,,,,2020,1
1966,26778557,0510100,HENDERSON POLICE DEPARTMENT,Accepted,HENDERSON,,,12TH,ST,,,,,,,,37.852211,-87.58027943,0.294,2020-06-05,857,2,2,0,0,CLOUDY,DRY,False,REAR END IN TRAFFIC LANES BOTH VEHICLES MOVING,REAR END,STRAIGHT & LEVEL,DAYLIGHT,,,43989.37988,False,62,Accepted,5,5,O,,DISTRACTION,,2020,1
1967,26778559,0510100,HENDERSON POLICE DEPARTMENT,Accepted,HENDERSON,US0060,,US60,,E,,,,BARRET,,MANOR,37.86028633,-87.56683267,10.66,2020-06-05,956,2,2,0,0,CLEAR,DRY,False,OTHER ROADWAY OR MID-BLOCK COLLISION,REAR END,STRAIGHT & LEVEL,DAYLIGHT,,,43989.37996,False,67,Accepted,5,5,O,,INATTENTION,,2020,1
1968,26778561,0510100,HENDERSON POLICE DEPARTMENT,Accepted,HENDERSON,,,WASHINGTON,ST,,,MEADOW,,,,,37.83089397,-87.58194755,0.597,2020-06-05,1157,2,2,0,0,CLEAR,DRY,False,ANGLE COLLISION - OTHER,ANGLE,STRAIGHT & LEVEL,DAYLIGHT,,,43989.38038,False,65,Accepted,5,5,O,,INATTENTION,BRAKES DEFECTIVE,2020,1
1969,26778562,0510100,HENDERSON POLICE DEPARTMENT,Accepted,HENDERSON,,,2ND,ST,,,,,,,,37.83938899,-87.58837755,0.007,2020-06-05,1116,2,2,0,1,CLOUDY,DRY,False,SIDESWIPE COLLISION - SAME DIRECTION,SIDESWIPE-SAME DIRECTION,STRAIGHT & LEVEL,DAYLIGHT,,,43989.3805,False,62,Accepted,5,4,C,,INATTENTION,,2020,1
1970,26780204,0510100,HENDERSON POLICE DEPARTMENT,Accepted,HENDERSON,US0041,,US41,,N,,,,,,,37.87554947,-87.56772335,17.423,2020-06-03,1500,2,2,0,0,CLEAR,DRY,True,SIDESWIPE COLLISION - SAME DIRECTION,SIDESWIPE-SAME DIRECTION,STRAIGHT & LEVEL,DAYLIGHT,,,43990.04308,False,44,Accepted,5,5,O,,,,2020,1
1971,26781485,0510100,HENDERSON POLICE DEPARTMENT,Accepted,HENDERSON,US0041,1917,US41,,N,,,,,,,37.86268412,-87.57487683,16.473,2020-06-07,1008,3,3,0,2,CLEAR,DRY,False,REAR END IN TRAFFIC LANES BOTH VEHICLES MOVING,REAR END,STRAIGHT & LEVEL,DAYLIGHT,,,43990.35276,False,62,Accepted,5,4,C,,INATTENTION,,2020,1
1972,26785800,0510100,HENDERSON POLICE DEPARTMENT,Accepted,HENDERSON,,,ELM,ST,N,,14TH,,,,,37.85480887,-87.58064334,1.302,2020-06-07,1328,2,2,0,0,CLEAR,DRY,False,ANGLE COLLISION - OTHER,ANGLE,STRAIGHT & HILLCREST,DAYLIGHT,,,43991.34262,False,34,Accepted,5,5,O,VIEW OBSTRUCTED/LIMITED DUE TO RDWY,MISJUDGE CLEARANCE,,2020,1
1973,26785801,0510100,HENDERSON POLICE DEPARTMENT,Accepted,HENDERSON,US0041,,US41,,N,,,,PAUL,,BARKER,37.87421577,-87.56848048,17.321,2020-06-08,942,2,2,0,0,CLEAR,DRY,False,SIDESWIPE COLLISION - SAME DIRECTION,SIDESWIPE-SAME DIRECTION,STRAIGHT & LEVEL,DAYLIGHT,,,43991.3427,False,34,Accepted,5,5,O,OTHER,OTHER,,2020,1
1981,26791049,0510000,HENDERSON COUNTY SHERIFF DEPT.,Accepted,HENDERSON,US0041A,,GREEN,ST,N,,1ST,,,,,37.83815831,-87.58921125,15.822,2020-06-03,1325,2,2,0,0,CLEAR,DRY,False,OPPOSING LEFT TURN,OPPOSING LEFT TURN,STRAIGHT & LEVEL,DAYLIGHT,,,43992.45243,False,101,Accepted,5,5,O,,DISREGARD TRAFFIC CONTROL,,2020,1
1983,26793121,0510100,HENDERSON POLICE DEPARTMENT,Accepted,HENDERSON,US0041A,,GREEN,ST,N,KY0351,2ND,,,,,37.83949586,-87.58846936,15.922,2020-06-07,1944,2,2,0,0,CLEAR,DRY,False,ANGLE COLLISION - OTHER,ANGLE,STRAIGHT & LEVEL,DUSK,,,43992.765,False,25,Accepted,5,5,O,GLARE (SUN),INATTENTION,,2020,1
1984,26793126,0510100,HENDERSON POLICE DEPARTMENT,Accepted,HENDERSON,US0060,,US60,,E,,MARYWOOD,,,,,37.86101653,-87.56477951,10.789,2020-06-02,1654,2,2,0,1,CLEAR,DRY,False,OTHER INTERSECTION COLLISIONS,REAR END,STRAIGHT & LEVEL,DAYLIGHT,,,43992.76528,False,25,Accepted,5,3,B,,"FOLLOWING TOO CLOSE, INATTENTION",,2020,1
1985,26793763,0510100,HENDERSON POLICE DEPARTMENT,Accepted,HENDERSON,,,BARKER,RD,,,,,,,,37.87349096,-87.57444788,0.288,2020-06-08,18,1,1,0,0,CLEAR,DRY,False,COLLISION WITH FIXED OBJECT NON - INTERSECTION - FIRST EVENT COLLISION 09 - 32 EXCLUDING 16,SINGLE VEHICLE,CURVE & LEVEL,DARK-HWY LIGHTED/ON,,,43992.99654,False,24,Accepted,5,5,O,,INATTENTION,,2020,1
1986,26794722,0510100,HENDERSON POLICE DEPARTMENT,Accepted,HENDERSON,,,GREEN,ST,S,,DRURY,,,,,37.81400009,-87.61811847,,2020-06-09,1130,2,2,0,0,CLOUDY,WET,False,ANGLE COLLISION - OTHER,ANGLE,STRAIGHT & LEVEL,DAYLIGHT,,,43993.31467,False,23,Accepted,5,5,O,,"FAILED TO YIELD RIGHT OF WAY, INATTENTION",,2020,1
1987,26794726,0510100,HENDERSON POLICE DEPARTMENT,Accepted,HENDERSON,US0041,,US41,,N,,WATSON,,,,,37.87530768,-87.56774436,17.413,2020-06-09,1124,2,2,0,0,RAINING,WET,True,OTHER INTERSECTION COLLISIONS,REAR END,STRAIGHT & LEVEL,DAYLIGHT,,,43993.31476,False,67,Accepted,5,5,O,,INATTENTION,,2020,1
1988,26796110,0510100,HENDERSON POLICE DEPARTMENT,Accepted,HENDERSON,,,GREEN,ST,S,,SAND,,,,,37.82366403,-87.60326432,,2020-06-11,1105,2,2,0,0,CLEAR,DRY,False,OTHER INTERSECTION COLLISIONS,REAR END,STRAIGHT & LEVEL,DAYLIGHT,,,43993.54462,False,23,Accepted,5,5,O,,INATTENTION,,2020,1
1989,26796409,0510100,HENDERSON POLICE DEPARTMENT,Accepted,HENDERSON,,800,MERRITT,DR,,,,,,,,37.84918743,-87.58846141,0.303,2020-06-06,916,1,1,0,2,CLEAR,DRY,False,COLLISION WITH FIXED OBJECT NON - INTERSECTION - FIRST EVENT COLLISION 09 - 32 EXCLUDING 16,SINGLE VEHICLE,CURVE & GRADE,DAYLIGHT,,,43993.59579,False,62,Accepted,5,2,A,,"DRUG INVOLVEMENT, EXCEEDED STATED SPEED LIMIT, NOT UNDER PROPER CONTROL",,2020,1
1991,26801149,0510100,HENDERSON POLICE DEPARTMENT,Accepted,HENDERSON,,1103,ELM,ST,S,,,,,,,37.82886918,-87.60023014,0.445,2020-06-10,1728,2,2,0,0,CLEAR,DRY,True,1 VEHICLE PARKED POSITION (NOT PARKING LOT/DRIVEWAY),REAR END,STRAIGHT & LEVEL,DAYLIGHT,,,43994.69334,False,59,Accepted,5,5,O,,ALCOHOL INVOLVEMENT,,2020,1
1992,26801559,0510100,HENDERSON POLICE DEPARTMENT,Accepted,HENDERSON,,,CANOE CREEK,DR,,US0041A,GREEN,,,,,37.82018119,-87.6077801,0.02,2020-06-11,1657,2,2,0,0,CLEAR,DRY,False,SIDESWIPE-SAME DIRECTION,SIDESWIPE-SAME DIRECTION,STRAIGHT & LEVEL,DAYLIGHT,,,43994.82268,False,59,Accepted,5,5,O,,INATTENTION,,2020,1
1993,26801747,0510100,HENDERSON POLICE DEPARTMENT,Accepted,HENDERSON,US0060,,US60,,E,US0041,US41 N EXIT81 OFF RAMP TO US60 E,,,,,37.85904563,-87.56991385,10.48,2020-06-09,2016,1,1,0,1,CLEAR,DRY,False,COLLISION WITH FIXED OBJECT IN INTERSECTION - FIRST EVENT COLLISION 09 - 32,SINGLE VEHICLE,STRAIGHT & LEVEL,DARK-HWY LIGHTED/ON,,,43994.89552,False,17,Accepted,5,4,C,,NOT UNDER PROPER CONTROL,,2020,1
1995,26827656,0510100,HENDERSON POLICE DEPARTMENT,Accepted,HENDERSON,KY0285,,OLD MADISONVILLE,RD,,,ILEX,,,,,37.80525383,-87.58784644,1.84,2020-06-16,847,1,1,0,0,CLEAR,DRY,False,COLLISION WITH FIXED OBJECT IN INTERSECTION - FIRST EVENT COLLISION 09 - 32,SINGLE VEHICLE,STRAIGHT & LEVEL,DAYLIGHT,,,43999.37883,False,67,Accepted,5,5,O,,INATTENTION,,2020,1
1996,26829931,0510100,HENDERSON POLICE DEPARTMENT,Accepted,HENDERSON,US0041,2230,US41,,N,,,,,,,37.86965728,-87.57082656,17.004,2020-06-14,1653,2,2,0,0,CLEAR,DRY,False,OTHER ROADWAY OR MID-BLOCK COLLISION,REAR END,STRAIGHT & LEVEL,DAYLIGHT,,,43999.82514,False,37,Accepted,5,5,O,,"INATTENTION, MISJUDGE CLEARANCE",,2020,1
1997,26829934,0510100,HENDERSON POLICE DEPARTMENT,Accepted,HENDERSON,US0041,,US41,,N,,,,HARMONY,,WALKER,37.86955449,-87.57088703,16.972,2020-06-09,1149,3,3,0,0,CLEAR,DRY,False,OTHER ROADWAY OR MID-BLOCK COLLISION,REAR END,STRAIGHT & LEVEL,DAYLIGHT,,,43999.82527,False,22,Accepted,5,5,O,,INATTENTION,,2020,1
1998,26832742,0510100,HENDERSON POLICE DEPARTMENT,Accepted,HENDERSON,US0041,,US41,,N,,,,ROBIN,,HARMONY,37.86939768,-87.57124017,17.018,2020-06-16,1037,2,2,0,0,CLEAR,DRY,False,REAR END IN TRAFFIC LANES BOTH VEHICLES MOVING,REAR END,STRAIGHT & LEVEL,DAYLIGHT,,,44000.50996,False,67,Accepted,5,5,O,,INATTENTION,,2020,1
1999,26832743,0510100,HENDERSON POLICE DEPARTMENT,Accepted,HENDERSON,US0041A,,GREEN,ST,S,,,,DIXON,,CLAY,37.83334908,-87.59372304,15.403,2020-06-16,1103,2,2,0,0,CLEAR,DRY,False,SIDESWIPE COLLISION - SAME DIRECTION,SIDESWIPE-SAME DIRECTION,STRAIGHT & LEVEL,DAYLIGHT,,,44000.51001,False,72,Accepted,5,5,O,,"FAILED TO YIELD RIGHT OF WAY, INATTENTION",,2020,1
2000,26832744,0510100,HENDERSON POLICE DEPARTMENT,Accepted,HENDERSON,KY0351,,2ND,ST,,,INGRAM,,,,,37.83888428,-87.58698092,0.088,2020-06-16,1129,2,2,0,1,CLEAR,DRY,False,ANGLE COLLISION - OTHER,ANGLE,STRAIGHT & LEVEL,DAYLIGHT,,,44000.51005,False,72,Accepted,5,3,B,,"OTHER, FAILED TO YIELD RIGHT OF WAY",,2020,1
2001,26832746,0510100,HENDERSON POLICE DEPARTMENT,Accepted,HENDERSON,US0041,,US41,,N,,,,WATSON,,PAUL,37.87483678,-87.56813543,17.369,2020-06-17,1130,3,3,0,1,CLEAR,DRY,False,REAR END IN TRAFFIC LANES BOTH VEHICLES MOVING,REAR END,STRAIGHT & LEVEL,DAYLIGHT,,,44000.51009,False,67,Accepted,5,3,B,,INATTENTION,,2020,1
2003,26835154,0510100,HENDERSON POLICE DEPARTMENT,Accepted,HENDERSON,,,WATSON,LN,,,ELM,,,,,37.87560282,-87.56899913,1.164,2020-06-11,1655,2,2,0,1,CLEAR,DRY,False,OPPOSING LEFT TURN,OPPOSING LEFT TURN,STRAIGHT & LEVEL,DAYLIGHT,,,44001.06229,False,22,Accepted,5,4,C,GLARE (SUN),INATTENTION,,2020,1
2004,26835157,0510100,HENDERSON POLICE DEPARTMENT,Accepted,HENDERSON,,,3RD,ST,,,,,ADAMS,,ALVES,37.83919074,-87.58420645,0.507,2020-06-17,2045,2,2,0,0,CLEAR,DRY,False,1 VEHICLE PARKED POSITION (NOT PARKING LOT/DRIVEWAY),SIDESWIPE-SAME DIRECTION,STRAIGHT & LEVEL,DARK-HWY LIGHTED/ON,,,44001.0624,False,22,Accepted,5,5,O,,MISJUDGE CLEARANCE,,2020,1