OBJECTID,IncidentID,AgencyORI,AgencyName,IncidentStatusDesc,County,RdwyNumber,Street,RoadwayName,StreetSfx,StreetDir,IntersectionRdwy,IntersectionRdwyName,BetweenStRdwy1,BetweenStRdwyName1,BetweenStRdwy2,BetweenStRdwyName2,Latitude,Longitude,Milepoint,CollisionDate,CollisionTime,UnitsInvolved,MotorVehiclesInvolved,NumberKilled,NumberInjured,Weather,RdwyConditionCode,HitandRun,DirAnalysisCode,MannerofCollision,RdwyCharacter,LightCondition,RampFromRdwyId,RampToRdwyId,AcceptedDate,IsSecondaryCollision,OwnerBadge,IncidentStatus,InjurySeverityCde,KABCO_Code,KABCO,Environmental_Factors,Human_Factors,Vehicular_Factors,CollisionYear,CityCrash
2005,26835159,0510100,HENDERSON POLICE DEPARTMENT,Accepted,HENDERSON,,1544,CUMNOCK,ST,,,,,,,,37.82404062,-87.57849487,0.023,2020-06-17,1748,2,2,0,0,CLEAR,DRY,True,1 VEHICLE PARKED POSITION (NOT PARKING LOT/DRIVEWAY),ANGLE,STRAIGHT & LEVEL,DAYLIGHT,,,44001.06247,False,64,Accepted,5,5,O,,,,2020,1
2007,26839212,0510100,HENDERSON POLICE DEPARTMENT,Accepted,HENDERSON,US0060,2950,US60,,E,,,,,,,37.86463762,-87.5507201,11.631,2020-06-05,18,2,2,0,0,CLEAR,DRY,False,1 VEHICLE ENTERING/LEAVING ENTRANCE,ANGLE,STRAIGHT & LEVEL,UNKNOWN,,,44001.96485,False,63,Accepted,5,5,O,,"INATTENTION, TURNING IMPROPERLY",,2020,1
2008,26840220,0510100,HENDERSON POLICE DEPARTMENT,Accepted,HENDERSON,,,MAIN,ST,S,,HACKBERRY,,,,,37.81821106,-87.61500311,0.299,2020-06-11,724,2,2,0,0,CLEAR,DRY,False,1 VEHICLE ENTERING/LEAVING ENTRANCE,ANGLE,STRAIGHT & LEVEL,DAYLIGHT,,,44002.34311,False,48,Accepted,5,5,O,,INATTENTION,,2020,1
2009,26840876,0510100,HENDERSON POLICE DEPARTMENT,Accepted,HENDERSON,,617,7TH,ST,,,,,,,,37.84434851,-87.58049912,0.532,2020-06-19,1351,2,2,0,1,CLEAR,DRY,True,SIDESWIPE COLLISION - OPPOSITE DIRECTION,SIDESWIPE-OPPOSITE DIRECTION,STRAIGHT & LEVEL,DAYLIGHT,,,44002.68182,False,25,Accepted,3,3,B,,INATTENTION,,2020,1
2010,26840877,0510100,HENDERSON POLICE DEPARTMENT,Accepted,HENDERSON,KY0136,,SAND,LN,,,ALVES,,,,,37.82128528,-87.59935831,19.814,2020-06-19,1714,3,3,0,0,CLEAR,DRY,False,ANGLE COLLISION - OTHER,ANGLE,CURVE & LEVEL,DAYLIGHT,,,44002.68186,False,59,Accepted,5,5,O,VIEW OBSTRUCTED/LIMITED DUE TO RDWY,INATTENTION,,2020,1
2011,26840890,0510100,HENDERSON POLICE DEPARTMENT,Accepted,HENDERSON,,1301,CUMNOCK,ST,,,,,,,,37.82584482,-87.58145818,0.228,2020-06-12,2142,1,1,0,0,CLEAR,DRY,False,COLLISION WITH FIXED OBJECT NON - INTERSECTION - FIRST EVENT COLLISION 09 - 32 EXCLUDING 16,SINGLE VEHICLE,STRAIGHT & LEVEL,DARK (UNKNOWN ROADWAY LIGHTING),,,44002.68523,False,25,Accepted,5,5,O,,"DRUG INVOLVEMENT, INATTENTION",,2020,1
2012,26840956,0510100,HENDERSON POLICE DEPARTMENT,Accepted,HENDERSON,KY0351,202,2ND,ST,,US0041A,GREEN,,,,,37.83948137,-87.58850289,0.002,2020-06-19,1930,2,2,0,0,CLEAR,DRY,False,ANGLE COLLISION - OTHER,ANGLE,STRAIGHT & LEVEL,DUSK,,,44002.70489,False,25,Accepted,5,5,O,,"DISTRACTION, INATTENTION",,2020,1
2013,26840958,0510100,HENDERSON POLICE DEPARTMENT,Accepted,HENDERSON,,,JEFFERSON,ST,,US0041A,GREEN,,,,,37.83183141,-87.59512511,0.002,2020-06-19,36,6,6,0,0,CLEAR,DRY,True,COLLISION WITH PARKED VEHICLE,REAR END,STRAIGHT & LEVEL,DARK-HWY LIGHTED/OFF,,,44002.70496,False,17,Accepted,5,5,O,,ALCOHOL INVOLVEMENT,OTHER,2020,1
2014,26840959,0510100,HENDERSON POLICE DEPARTMENT,Accepted,HENDERSON,,641,MARYWOOD,DR,,,,,,,,37.86683388,-87.57104714,0.538,2020-06-16,1636,1,1,0,0,CLEAR,DRY,False,COLLISION WITH FIXED OBJECT NON - INTERSECTION - FIRST EVENT COLLISION 09 - 32 EXCLUDING 16,SINGLE VEHICLE,STRAIGHT & LEVEL,DAYLIGHT,,,44002.705,False,17,Accepted,5,5,O,"NON-HIGHWAY WORK: WORK ZONE (Utility, Tree, etc.)",OTHER,,2020,1
2022,26852134,0510100,HENDERSON POLICE DEPARTMENT,Accepted,HENDERSON,US0041,2236,US41,,N,,,,,,,37.86995277,-87.57064961,17.006,2020-06-19,1635,2,2,0,0,CLEAR,DRY,False,OTHER ROADWAY OR MID-BLOCK COLLISION,REAR END,STRAIGHT & LEVEL,DAYLIGHT,,,44005.78636,False,44,Accepted,5,5,O,,"FOLLOWING TOO CLOSE, INATTENTION",,2020,1
2023,26852135,0510100,HENDERSON POLICE DEPARTMENT,Accepted,HENDERSON,US0041A,1100,GREEN,ST,S,,,,,,,37.82423645,-87.60273851,14.498,2020-06-21,2000,2,2,0,0,CLEAR,DRY,False,1 VEHICLE PARKED POSITION (NOT PARKING LOT/DRIVEWAY),BACKING,STRAIGHT & LEVEL,DAYLIGHT,,,44005.78641,False,35,Accepted,5,5,O,,INATTENTION,,2020,1
2025,26855205,0510100,HENDERSON POLICE DEPARTMENT,Accepted,HENDERSON,US0041A,,GREEN,ST,N,,RICHARDSON,,,,,37.85537477,-87.57677976,17.222,2020-06-14,1332,2,2,0,1,CLOUDY,DRY,False,ANGLE COLLISION - OTHER,ANGLE,STRAIGHT & LEVEL,DAYLIGHT,,,44006.6055,False,34,Accepted,5,4,C,,"INATTENTION, MISJUDGE CLEARANCE, TURNING IMPROPERLY",,2020,1
2026,26855207,0510100,HENDERSON POLICE DEPARTMENT,Accepted,HENDERSON,KY0812,,AIRLINE,RD,,KY6107,ADAMS,,,,,37.81103715,-87.55347876,6.319,2020-06-18,1246,2,2,0,1,CLEAR,DRY,False,OTHER INTERSECTION COLLISIONS,REAR END,STRAIGHT & GRADE,DAYLIGHT,,,44006.60555,False,48,Accepted,3,3,B,,,BRAKES DEFECTIVE,2020,1
2027,26855208,0510100,HENDERSON POLICE DEPARTMENT,Accepted,HENDERSON,US0041A,,GREEN,ST,S,KY0136,SAND,,,,,37.82364319,-87.60325891,14.513,2020-06-19,1221,2,2,0,1,CLEAR,DRY,False,OTHER INTERSECTION COLLISIONS,REAR END,STRAIGHT & LEVEL,DAYLIGHT,,,44006.60559,False,65,Accepted,5,4,C,,INATTENTION,,2020,1
2028,26855209,0510100,HENDERSON POLICE DEPARTMENT,Accepted,HENDERSON,KY0351,,2ND,ST,,,KLUTEY PARK PLAZA,,,,,37.83241044,-87.57160741,1.044,2020-06-16,818,2,2,0,0,CLEAR,DRY,False,ANGLE COLLISION - OTHER,ANGLE,STRAIGHT & LEVEL,DAYLIGHT,,,44006.60563,False,34,Accepted,5,5,O,,"INATTENTION, TURNING IMPROPERLY",,2020,1
2029,26858383,0510100,HENDERSON POLICE DEPARTMENT,Accepted,HENDERSON,,1126,POWELL,ST,,,,,,,,37.82962282,-87.5825863,0.932,2020-06-20,1047,2,2,0,0,CLEAR,DRY,False,1 VEHICLE PARKED POSITION (NOT PARKING LOT/DRIVEWAY),BACKING,STRAIGHT & LEVEL,DAYLIGHT,,,44007.42084,False,65,Accepted,5,5,O,,INATTENTION,,2020,1
2030,26858384,0510100,HENDERSON POLICE DEPARTMENT,Accepted,HENDERSON,,,MAIN,ST,S,,WASHINGTON,,,,,37.83810707,-87.59364628,2.101,2020-06-23,1305,2,2,0,0,CLEAR,DRY,False,ANGLE COLLISION - OTHER,ANGLE,STRAIGHT & LEVEL,DAYLIGHT,,,44007.4209,False,72,Accepted,5,5,O,BACKUP DUE TO REGULAR CONGESTION,"DISREGARD TRAFFIC CONTROL, NOT UNDER PROPER CONTROL",,2020,1
2031,26858385,0510100,HENDERSON POLICE DEPARTMENT,Accepted,HENDERSON,US0041,,US41,,N,,RETTIG,,,,,37.86729938,-87.57224898,16.8,2020-06-24,734,2,2,0,0,CLEAR,DRY,False,ANGLE COLLISION - OTHER,ANGLE,STRAIGHT & LEVEL,DAYLIGHT,,,44007.42094,False,67,Accepted,5,5,O,,INATTENTION,,2020,1
2032,26858386,0510100,HENDERSON POLICE DEPARTMENT,Accepted,HENDERSON,,500,BARRET,BLVD,,,,,,,,37.86302585,-87.57131134,0.74,2020-06-21,946,2,2,0,0,RAINING,WET,True,SIDESWIPE COLLISION - OPPOSITE DIRECTION,SIDESWIPE-OPPOSITE DIRECTION,STRAIGHT & LEVEL,DAYLIGHT,,,44007.42097,False,26,Accepted,5,5,O,,,,2020,1
2035,26861759,0510100,HENDERSON POLICE DEPARTMENT,Accepted,HENDERSON,US0041,2746,US41,,N,,,,,,,37.87671948,-87.56691412,17.514,2020-06-22,1349,2,2,0,0,CLEAR,DRY,False,REAR END IN TRAFFIC LANES BOTH VEHICLES MOVING,REAR END,STRAIGHT & LEVEL,DAYLIGHT,,,44008.32104,False,12,Accepted,5,5,O,,"FOLLOWING TOO CLOSE, INATTENTION",,2020,1
2036,26864031,0510100,HENDERSON POLICE DEPARTMENT,Accepted,HENDERSON,US0041A,,GREEN,ST,N,,,,RAY,,8TH,37.84726035,-87.58344128,16.531,2020-06-25,1505,2,2,0,0,CLEAR,DRY,False,SIDESWIPE COLLISION - SAME DIRECTION,SIDESWIPE-SAME DIRECTION,STRAIGHT & LEVEL,DAYLIGHT,,,44008.82746,False,44,Accepted,5,5,O,,INATTENTION,,2020,1
2037,26864032,0510100,HENDERSON POLICE DEPARTMENT,Accepted,HENDERSON,,702,CLAY,ST,,,,,,,,37.83221387,-87.59075515,0.895,2020-06-23,1426,2,2,0,0,CLEAR,DRY,True,1 VEHICLE PARKED POSITION (NOT PARKING LOT/DRIVEWAY),SIDESWIPE-SAME DIRECTION,STRAIGHT & LEVEL,DAYLIGHT,,,44008.8275,False,37,Accepted,5,5,O,,INATTENTION,,2020,1
2038,26864107,0510100,HENDERSON POLICE DEPARTMENT,Accepted,HENDERSON,,380,BORAX,DR,,,,,,,,37.81231475,-87.62384997,0.109,2020-06-24,1600,2,2,0,0,CLEAR,DRY,False,1 VEHICLE PARKED POSITION (NOT PARKING LOT/DRIVEWAY),SIDESWIPE-SAME DIRECTION,STRAIGHT & LEVEL,DAYLIGHT,,,44008.85867,False,35,Accepted,5,5,O,,MISJUDGE CLEARANCE,,2020,1
2039,26865784,0510100,HENDERSON POLICE DEPARTMENT,Accepted,HENDERSON,US0041,,US41,,N,,,,BARRET,,PARK,37.86417192,-87.57398313,16.566,2020-06-19,1105,2,2,0,0,CLEAR,DRY,False,SIDESWIPE COLLISION - SAME DIRECTION,SIDESWIPE-SAME DIRECTION,STRAIGHT & LEVEL,DAYLIGHT,,,44009.61029,False,48,Accepted,5,5,O,,INATTENTION,,2020,1
2040,26865785,0510100,HENDERSON POLICE DEPARTMENT,Accepted,HENDERSON,,110,3RD,ST,,,,,,,,37.84242531,-87.59190508,0.031,2020-06-25,1322,2,2,0,0,CLEAR,DRY,False,VEHICLE BACKING NON INTERSECTION,BACKING,STRAIGHT & LEVEL,DAYLIGHT,,,44009.61035,False,72,Accepted,5,5,O,OTHER,OTHER,,2020,1
2041,26868712,0510100,HENDERSON POLICE DEPARTMENT,Accepted,HENDERSON,,,5TH,ST,,,PRIEST,,,,,37.83666103,-87.56984032,,2020-06-27,417,1,1,0,0,CLEAR,DRY,False,OTHER INTERSECTION COLLISIONS,SINGLE VEHICLE,CURVE & LEVEL,DARK-HWY LIGHTED/ON,,,44010.82419,False,46,Accepted,5,5,O,,,STEERING FAILURE,2020,1
2044,26871353,0510000,HENDERSON COUNTY SHERIFF DEPT.,Accepted,HENDERSON,US0041,,US41,,N,,,,RACETRACK,,STRATMAN,37.88825383,-87.55750697,18.456,2020-06-27,608,1,1,0,0,CLOUDY,DRY,True,OTHER COLLISIONS ON SHOULDER,SINGLE VEHICLE,STRAIGHT & LEVEL,DAYLIGHT,,,44011.47756,False,132,Accepted,5,5,O,,FELL ASLEEP,,2020,1
2047,26872011,0510100,HENDERSON POLICE DEPARTMENT,Accepted,HENDERSON,,,PEGGY,DR,,,,KY0285,OLD MADISONVILLE,,COUNTRY,37.80345558,-87.58798913,0.267,2020-06-21,1211,2,2,0,0,CLOUDY,DRY,False,REAR END IN TRAFFIC LANES BOTH VEHICLES MOVING,REAR END,STRAIGHT & LEVEL,DAYLIGHT,,,44011.59103,False,34,Accepted,5,5,O,,INATTENTION,,2020,1
2049,26873510,0510100,HENDERSON POLICE DEPARTMENT,Accepted,HENDERSON,,,MERRITT,DR,,,12TH,,,,,37.85411682,-87.58510764,0.688,2020-06-28,2248,2,2,0,0,CLEAR,DRY,True,SIDESWIPE-SAME DIRECTION,SIDESWIPE-SAME DIRECTION,STRAIGHT & HILLCREST,DARK-HWY LIGHTED/ON,,,44012.00339,False,66,Accepted,5,5,O,,"EMOTIONAL, IMPROPER PASSING, INATTENTION",,2020,1
2050,26877637,0510100,HENDERSON POLICE DEPARTMENT,Accepted,HENDERSON,US0041,,US41,,N,,WATSON,,,,,37.87535458,-87.56783993,17.408,2020-06-23,1712,2,2,0,0,CLEAR,DRY,False,ANGLE COLLISION - OTHER,ANGLE,STRAIGHT & LEVEL,DAYLIGHT,,,44012.8454,False,17,Accepted,5,5,O,VIEW OBSTRUCTED/LIMITED DUE TO RDWY,FAILED TO YIELD RIGHT OF WAY,,2020,1
2051,26877638,0510100,HENDERSON POLICE DEPARTMENT,Accepted,HENDERSON,,,INGRAM,ST,N,,3RD,,,,,37.83989504,-87.58594524,0.409,2020-06-26,1523,2,2,0,0,CLEAR,DRY,False,ANGLE COLLISION - OTHER,ANGLE,STRAIGHT & LEVEL,DAYLIGHT,,,44012.84545,False,33,Accepted,5,5,O,,"DISTRACTION, INATTENTION",,2020,1
2052,26877642,0510100,HENDERSON POLICE DEPARTMENT,Accepted,HENDERSON,,,WASHINGTON,ST,,,HOLLOWAY,,,,,37.83256488,-87.58468622,0.782,2020-06-13,1359,2,2,0,1,CLEAR,DRY,False,ANGLE COLLISION - OTHER,ANGLE,STRAIGHT & LEVEL,DAYLIGHT,,,44012.84552,False,22,Accepted,4,4,C,,INATTENTION,,2020,1
2054,26882167,0510100,HENDERSON POLICE DEPARTMENT,Accepted,HENDERSON,US0041,2480,US41,,N,,,,,,,37.87123607,-87.57015076,17.096,2020-06-26,1440,2,2,0,0,CLEAR,DRY,False,REAR END IN TRAFFIC LANES BOTH VEHICLES MOVING,REAR END,STRAIGHT & LEVEL,DAYLIGHT,,,44013.97652,False,17,Accepted,5,5,O,,,BRAKES DEFECTIVE,2020,1
2055,26883435,0510100,HENDERSON POLICE DEPARTMENT,Accepted,HENDERSON,,,FRANKLIN,AVE,,,,KY0351,2ND,,1ST,37.83146772,-87.57027651,0.019,2020-06-28,826,1,1,0,0,RAINING,WATER (STANDING OR MOVING),False,RAN OFF ROADWAY (1 VEHICLE WITH/EARTH EMBANKMENT/DITCH),SINGLE VEHICLE,STRAIGHT & LEVEL,DAYLIGHT,,,44014.33854,False,65,Accepted,5,5,O,WATER POOLING,INATTENTION,,2020,1
2056,26887281,0510100,HENDERSON POLICE DEPARTMENT,Accepted,HENDERSON,KY0285,2127,OLD MADISONVILLE,RD,,,,,,,,37.80993068,-87.58797065,2.17,2020-06-26,2242,2,2,0,0,CLOUDY,DRY,False,HEAD-ON COLLISION,HEAD ON,CURVE & LEVEL,DARK-HWY LIGHTED/ON,,,44015.21255,False,38,Accepted,5,5,O,"NON-HIGHWAY WORK: WORK ZONE (Utility, Tree, etc.)",INATTENTION,,2020,1
2057,26895979,0510100,HENDERSON POLICE DEPARTMENT,Accepted,HENDERSON,,400,POWELL,ST,,,,,,,,37.83471702,-87.59114521,0.346,2020-07-04,2323,2,2,0,0,CLEAR,DRY,False,1 VEHICLE PARKED POSITION (NOT PARKING LOT/DRIVEWAY),SIDESWIPE-SAME DIRECTION,STRAIGHT & LEVEL,DARK (UNKNOWN ROADWAY LIGHTING),,,44018.19999,False,38,Accepted,5,5,O,,INATTENTION,,2020,1
2058,26895981,0510100,HENDERSON POLICE DEPARTMENT,Accepted,HENDERSON,US0041A,,GREEN,ST,N,,10TH,,,,,37.84967564,-87.58188401,16.679,2020-07-04,2204,2,2,0,1,CLEAR,DRY,False,ANGLE COLLISION - OTHER,ANGLE,STRAIGHT & GRADE,DARK-HWY LIGHTED/ON,,,44018.20005,False,38,Accepted,4,4,C,,INATTENTION,,2020,1
2059,26896067,0510100,HENDERSON POLICE DEPARTMENT,Accepted,HENDERSON,KY0136,,MADISON,ST,,,,,PORTER,KY0285,OLD MADISONVILLE,37.81669202,-87.58260956,20.828,2020-07-05,221,1,1,0,1,CLEAR,DRY,False,COLLISION WITH FIXED OBJECT NON - INTERSECTION - FIRST EVENT COLLISION 09 - 32 EXCLUDING 16,SINGLE VEHICLE,CURVE & LEVEL,DARK-HWY NOT LIGHTED,,,44018.24538,False,33,Accepted,3,3,B,,"CELL PHONE, DRUG INVOLVEMENT, INATTENTION",,2020,1
2060,26897259,0510100,HENDERSON POLICE DEPARTMENT,Accepted,HENDERSON,US0041A,,GREEN,ST,N,,12TH,,,,,37.85219589,-87.58028477,16.896,2020-07-03,932,2,2,0,0,CLEAR,DRY,False,SIDESWIPE-SAME DIRECTION,SIDESWIPE-SAME DIRECTION,STRAIGHT & GRADE,DAYLIGHT,,,44018.3876,False,36,Accepted,5,5,O,,INATTENTION,,2020,1
2061,26897261,0510100,HENDERSON POLICE DEPARTMENT,Accepted,HENDERSON,US0041,1961,US41,,N,,,,,,,37.86424794,-87.57395273,16.57,2020-07-03,633,2,2,0,0,CLEAR,DRY,False,1 VEHICLE ENTERING/LEAVING ENTRANCE,ANGLE,STRAIGHT & LEVEL,DAYLIGHT,,,44018.38769,False,62,Accepted,5,5,O,,"DISTRACTION, INATTENTION, TURNING IMPROPERLY",,2020,1
2067,26904959,0510100,HENDERSON POLICE DEPARTMENT,Accepted,HENDERSON,US0041,2222,US41,,N,,,,,,,37.86889726,-87.57120677,16.924,2020-07-02,1705,2,2,0,0,CLOUDY,DRY,False,REAR END IN TRAFFIC LANES BOTH VEHICLES MOVING,REAR END,STRAIGHT & LEVEL,DAYLIGHT,,,44019.87038,False,25,Accepted,5,5,O,,"FOLLOWING TOO CLOSE, INATTENTION",,2020,1
2068,26904961,0510100,HENDERSON POLICE DEPARTMENT,Accepted,HENDERSON,KY0812,,AIRLINE,RD,,,,,,,,37.81890329,-87.56718523,7.255,2020-07-05,1356,2,2,0,0,CLEAR,DRY,False,REAR END IN TRAFFIC LANES BOTH VEHICLES MOVING,REAR END,STRAIGHT & LEVEL,DAYLIGHT,,,44019.87047,False,19,Accepted,5,5,O,,INATTENTION,,2020,1
2069,26904963,0510100,HENDERSON POLICE DEPARTMENT,Accepted,HENDERSON,US0041A,1800,GREEN,ST,S,,,,,,,37.81428751,-87.61760272,13.456,2020-07-01,2108,1,1,0,0,CLEAR,DRY,False,COLLISION WITH ANIMAL NON INTERSECTION,SINGLE VEHICLE,STRAIGHT & LEVEL,DARK-HWY LIGHTED/ON,,,44019.87055,False,35,Accepted,5,5,O,,,,2020,1
2070,26904967,0510100,HENDERSON POLICE DEPARTMENT,Accepted,HENDERSON,US0041A,1126,GREEN,ST,S,,,,,,,37.82396848,-87.60301171,14.509,2020-07-04,1759,2,2,0,1,CLEAR,DRY,False,1 VEHICLE ENTERING/LEAVING ENTRANCE,ANGLE,STRAIGHT & LEVEL,DAYLIGHT,,,44019.8706,False,59,Accepted,5,3,B,,"FAILED TO YIELD RIGHT OF WAY, INATTENTION",,2020,1
2071,26904968,0510100,HENDERSON POLICE DEPARTMENT,Accepted,HENDERSON,,,WATSON,LN,,US0041,US41,,,,,37.87536482,-87.56781537,1.099,2020-06-30,1446,2,2,0,0,CLOUDY,WET,True,OTHER INTERSECTION COLLISIONS,REAR END,STRAIGHT & LEVEL,DAYLIGHT,,,44019.87064,False,17,Accepted,5,5,O,,,,2020,1
2072,26904969,0510100,HENDERSON POLICE DEPARTMENT,Accepted,HENDERSON,,,WATSON,LN,,US0041,US41,,,,,37.87531821,-87.56766987,1.095,2020-07-01,1433,3,3,0,0,CLEAR,DRY,False,OTHER INTERSECTION COLLISIONS,REAR END,STRAIGHT & LEVEL,DAYLIGHT,,,44019.87068,False,17,Accepted,5,5,O,,LOST CONSCIOUSNESS/FAINTED,,2020,1
2073,26904971,0510100,HENDERSON POLICE DEPARTMENT,Accepted,HENDERSON,,,COMANCHE,DR,,,,,,,,37.86449227,-87.57051015,0.268,2020-07-02,1845,2,2,0,0,CLEAR,DRY,False,1 VEHICLE PARKED POSITION (NOT PARKING LOT/DRIVEWAY),BACKING,STRAIGHT & LEVEL,DAYLIGHT,,,44019.87075,False,17,Accepted,5,5,O,,,,2020,1
2074,26910492,0510100,HENDERSON POLICE DEPARTMENT,Accepted,HENDERSON,US0041A,,GREEN,ST,N,,7TH,,,,,37.84574317,-87.58444252,16.413,2020-07-07,1734,2,2,0,0,CLEAR,DRY,False,OTHER INTERSECTION COLLISIONS,REAR END,STRAIGHT & LEVEL,DAYLIGHT,,,44021.00913,False,22,Accepted,5,5,O,,"FOLLOWING TOO CLOSE, MISJUDGE CLEARANCE",,2020,1
2075,26910494,0510100,HENDERSON POLICE DEPARTMENT,Accepted,HENDERSON,,,ATKINSON,ST,,,,,,,,37.82169299,-87.58008973,0.49,2020-07-04,1845,1,1,0,0,CLEAR,DRY,False,COLLISION WITH FIXED OBJECT NON - INTERSECTION - FIRST EVENT COLLISION 09 - 32 EXCLUDING 16,SINGLE VEHICLE,STRAIGHT & LEVEL,DAYLIGHT,,,44021.00917,False,19,Accepted,5,5,O,,INATTENTION,,2020,1
2078,26916969,0510100,HENDERSON POLICE DEPARTMENT,Accepted,HENDERSON,,,BARRET,BLVD,,,,,,,,37.8600579,-87.56785466,0.361,2020-07-07,1220,2,2,0,0,CLEAR,DRY,False,VEHICLE BACKING NON INTERSECTION,BACKING,STRAIGHT & LEVEL,DAYLIGHT,,,44022.51586,False,29,Accepted,5,5,O,OTHER,IMPROPER BACKING,,2020,1
2080,26919807,0510100,HENDERSON POLICE DEPARTMENT,Accepted,HENDERSON,,,WASHINGTON,ST,,,,,HOLLOWAY,,JULIA,37.83241207,-87.58448548,0.772,2020-07-04,1112,3,3,0,0,CLEAR,DRY,False,1 VEHICLE PARKED POSITION (NOT PARKING LOT/DRIVEWAY),SIDESWIPE-SAME DIRECTION,STRAIGHT & LEVEL,DAYLIGHT,,,44023.44428,False,34,Accepted,5,5,O,,,"STEERING FAILURE, TIRE FAILURE",2020,1
2081,26919808,0510100,HENDERSON POLICE DEPARTMENT,Accepted,HENDERSON,US0041A,,GREEN,ST,N,,,,RICHARDSON,,HERRON,37.85520507,-87.57725667,17.192,2020-07-08,1145,2,2,0,0,RAINING,WET,False,SIDESWIPE COLLISION - SAME DIRECTION,SIDESWIPE-SAME DIRECTION,STRAIGHT & LEVEL,DAYLIGHT,,,44023.44433,False,34,Accepted,5,5,O,,INATTENTION,,2020,1
2082,26922899,0510100,HENDERSON POLICE DEPARTMENT,Accepted,HENDERSON,,417,3RD,ST,,,,,,,,37.84019326,-87.58666685,0.356,2020-07-07,1538,2,2,0,0,CLEAR,DRY,True,1 VEHICLE PARKED POSITION (NOT PARKING LOT/DRIVEWAY),SIDESWIPE-SAME DIRECTION,STRAIGHT & LEVEL,DAYLIGHT,,,44024.76522,False,22,Accepted,5,5,O,,MISJUDGE CLEARANCE,,2020,1
2083,26922900,0510100,HENDERSON POLICE DEPARTMENT,Accepted,HENDERSON,,,ALVES,ST,S,,,,VINE,,PLUM,37.82867608,-87.5926516,0.629,2020-07-04,2131,2,2,0,8,CLEAR,DRY,False,1 VEHICLE PARKED POSITION (NOT PARKING LOT/DRIVEWAY),REAR END,STRAIGHT & LEVEL,DARK-HWY LIGHTED/ON,,,44024.76526,False,22,Accepted,4,4,C,,"DISREGARD TRAFFIC CONTROL, EXCEEDED STATED SPEED LIMIT, NOT UNDER PROPER CONTROL",,2020,1
2085,26930387,0510100,HENDERSON POLICE DEPARTMENT,Accepted,HENDERSON,US0041A,,GREEN,ST,N,,10TH,,,,,37.84954053,-87.58197119,16.711,2020-07-10,1240,2,2,0,0,CLEAR,DRY,False,ANGLE COLLISION - OTHER,ANGLE,STRAIGHT & GRADE,DAYLIGHT,,,44026.44019,False,72,Accepted,5,5,O,,"FAILED TO YIELD RIGHT OF WAY, OTHER",,2020,1
2089,26942167,0510100,HENDERSON POLICE DEPARTMENT,Accepted,HENDERSON,US0041,2709,US41,,N,,,,,,,37.86637721,-87.57266808,16.737,2020-07-01,1806,2,2,0,0,CLEAR,DRY,False,SIDESWIPE COLLISION - SAME DIRECTION,SIDESWIPE-SAME DIRECTION,STRAIGHT & LEVEL,DAYLIGHT,,,44028.86503,False,17,Accepted,5,5,O,,INATTENTION,,2020,1
2090,26942230,0510100,HENDERSON POLICE DEPARTMENT,Accepted,HENDERSON,US0060,,US60,,E,,MANOR,,,,,37.86042101,-87.56635283,10.689,2020-07-09,1814,2,2,0,0,CLEAR,DRY,False,OTHER INTERSECTION COLLISIONS,REAR END,STRAIGHT & LEVEL,DAYLIGHT,,,44028.88562,False,17,Accepted,5,5,O,,INATTENTION,,2020,1
2091,26943681,0510100,HENDERSON POLICE DEPARTMENT,Accepted,HENDERSON,,2474,DUNDEE,DR,,,,,,,,37.86102399,-87.5608315,0.074,2020-07-16,900,2,2,0,0,CLOUDY,DRY,True,1 VEHICLE PARKED POSITION (NOT PARKING LOT/DRIVEWAY),BACKING,STRAIGHT & LEVEL,DAYLIGHT,,,44029.3451,False,62,Accepted,5,5,O,,,,2020,1
2092,26944046,0510100,HENDERSON POLICE DEPARTMENT,Accepted,HENDERSON,US0041,,US41,,N,,,,,,,37.8536861,-87.56966889,15.745,2020-07-17,638,2,2,0,2,RAINING,WET,False,OTHER ROADWAY OR MID-BLOCK COLLISION,REAR END,STRAIGHT & LEVEL,DAYLIGHT,,,44029.41341,True,62,Accepted,4,4,C,SLIPPERY SURFACE,TOO FAST FOR CONDITIONS,,2020,1
2093,26947890,0510100,HENDERSON POLICE DEPARTMENT,Accepted,HENDERSON,KY2084,,KY2084,,S,,REID,,,,,37.81841383,-87.56984832,2.016,2020-07-14,1057,2,2,0,0,CLEAR,DRY,False,REAR END - ONE VEHICLE TURNING LEFT,REAR END,STRAIGHT & LEVEL,DAYLIGHT,,,44030.3343,False,65,Accepted,5,5,O,,INATTENTION,,2020,1
2094,26947897,0510100,HENDERSON POLICE DEPARTMENT,Accepted,HENDERSON,US0041,,US41,,N,,,,,,,37.85402721,-87.57002174,15.907,2020-07-17,634,1,1,0,0,RAINING,WATER (STANDING OR MOVING),False,OTHER ROADWAY OR MID-BLOCK COLLISION,SINGLE VEHICLE,STRAIGHT & LEVEL,DAYLIGHT,,,44030.33534,False,67,Accepted,5,5,O,WATER POOLING,INATTENTION,,2020,1