OBJECTID,IncidentID,AgencyORI,AgencyName,IncidentStatusDesc,County,RdwyNumber,Street,RoadwayName,StreetSfx,StreetDir,IntersectionRdwy,IntersectionRdwyName,BetweenStRdwy1,BetweenStRdwyName1,BetweenStRdwy2,BetweenStRdwyName2,Latitude,Longitude,Milepoint,CollisionDate,CollisionTime,UnitsInvolved,MotorVehiclesInvolved,NumberKilled,NumberInjured,Weather,RdwyConditionCode,HitandRun,DirAnalysisCode,MannerofCollision,RdwyCharacter,LightCondition,RampFromRdwyId,RampToRdwyId,AcceptedDate,IsSecondaryCollision,OwnerBadge,IncidentStatus,InjurySeverityCde,KABCO_Code,KABCO,Environmental_Factors,Human_Factors,Vehicular_Factors,CollisionYear,CityCrash
2095,26947903,0510100,HENDERSON POLICE DEPARTMENT,Accepted,HENDERSON,,,GREEN RIVER,RD,,,,,,,,37.8679438,-87.55879376,0.633,2020-07-13,741,2,1,0,0,CLEAR,DRY,False,1 VEHICLE ENTERING/LEAVING ENTRANCE,ANGLE,STRAIGHT & LEVEL,DAYLIGHT,,,44026.44031,False,62,Accepted,5,5,O,OTHER,INATTENTION,,2020,1
2096,26947905,0510100,HENDERSON POLICE DEPARTMENT,Accepted,HENDERSON,US0041,2190,US41,,N,,JOHN JAMES AUDUBON STATE,,,,,37.88162032,-87.56423165,17.874,2020-07-12,1934,1,1,0,0,CLEAR,DRY,False,COLLISION WITH FIXED OBJECT IN INTERSECTION - FIRST EVENT COLLISION 09 - 32,SINGLE VEHICLE,STRAIGHT & LEVEL,DUSK,,,44028.88544,False,25,Accepted,5,5,O,,OVERCORRECTING/OVERSTEERING,"BRAKES DEFECTIVE, STEERING FAILURE",2020,1
2097,26947906,0510100,HENDERSON POLICE DEPARTMENT,Accepted,HENDERSON,US0041A,700,GREEN,ST,N,,,,,,,37.84671707,-87.58376648,16.489,2020-07-10,1547,2,1,0,0,CLEAR,DRY,False,REAR END IN TRAFFIC LANES BOTH VEHICLES MOVING,REAR END,STRAIGHT & LEVEL,DAYLIGHT,,,44028.88549,False,50,Accepted,5,5,O,,INATTENTION,BRAKES DEFECTIVE,2020,1
2098,26947909,0510100,HENDERSON POLICE DEPARTMENT,Accepted,HENDERSON,KY0351,2718,ZION,RD,,,,,,,,37.82721328,-87.55398445,2.074,2020-07-15,1342,2,1,0,0,CLEAR,DRY,False,VEHICLE BACKING NON INTERSECTION,BACKING,STRAIGHT & LEVEL,DAYLIGHT,,,44028.8858,False,64,Accepted,5,5,O,,INATTENTION,,2020,1
2100,26951350,0510100,HENDERSON POLICE DEPARTMENT,Accepted,HENDERSON,,118,CHEANEY,DR,,,,,,,,37.82363968,-87.56650403,0.077,2020-07-17,1409,2,2,0,0,CLEAR,DRY,False,1 VEHICLE PARKED POSITION (NOT PARKING LOT/DRIVEWAY),BACKING,STRAIGHT & LEVEL,DAYLIGHT,,,44031.81766,False,19,Accepted,5,5,O,,INATTENTION,,2020,1
2101,26951351,0510100,HENDERSON POLICE DEPARTMENT,Accepted,HENDERSON,US0041,1905,US41,,N,,,,,,,37.86176336,-87.57507798,16.393,2020-07-16,1636,2,2,0,1,CLEAR,DRY,False,REAR END IN TRAFFIC LANES BOTH VEHICLES MOVING,REAR END,CURVE & LEVEL,DAYLIGHT,,,44031.8177,False,25,Accepted,5,2,A,,"EXCEEDED STATED SPEED LIMIT, FOLLOWING TOO CLOSE, WEAVING IN TRAFFIC",,2020,1
2102,26951354,0510100,HENDERSON POLICE DEPARTMENT,Accepted,HENDERSON,,5,CENTER,CIR,,,,,,,,37.83255596,-87.57912661,0.075,2020-07-18,1910,1,1,0,0,CLEAR,DRY,True,COLLISION WITH FIXED OBJECT NON - INTERSECTION - FIRST EVENT COLLISION 09 - 32 EXCLUDING 16,SINGLE VEHICLE,STRAIGHT & LEVEL,DAYLIGHT,,,44031.81781,False,64,Accepted,5,5,O,,MISJUDGE CLEARANCE,,2020,1
2103,26954329,0510100,HENDERSON POLICE DEPARTMENT,Accepted,HENDERSON,US0041,,US41,,N,,,,PARK,,CINEMA,37.86261189,-87.57484689,16.475,2020-07-17,1247,2,2,0,0,CLEAR,DRY,False,REAR END IN TRAFFIC LANES BOTH VEHICLES MOVING,REAR END,STRAIGHT & LEVEL,DAYLIGHT,,,44032.43416,False,67,Accepted,5,5,O,,INATTENTION,,2020,1
2104,26954330,0510100,HENDERSON POLICE DEPARTMENT,Accepted,HENDERSON,US0041,,US41,,N,,CINEMA,,,,,37.86275787,-87.57458615,16.471,2020-07-18,1204,2,2,0,2,CLEAR,DRY,False,ANGLE COLLISION - OTHER,ANGLE,STRAIGHT & LEVEL,DAYLIGHT,,,44032.43421,False,67,Accepted,3,3,B,,INATTENTION,,2020,1
2117,26954680,0510000,HENDERSON COUNTY SHERIFF DEPT.,Accepted,HENDERSON,KY0285,,OLD MADISONVILLE,RD,,,,,,,,37.80872466,-87.58796824,2.086,2020-05-18,1526,1,1,0,0,CLEAR,DRY,False,COLLISION WITH FIXED OBJECT NON - INTERSECTION - FIRST EVENT COLLISION 09 - 32 EXCLUDING 16,SINGLE VEHICLE,CURVE & LEVEL,DAYLIGHT,,,44032.46621,False,130,Accepted,5,5,O,FIXED OBJECT(S),"FAILED TO KEEP PROPER LANE, INATTENTION",,2020,1
2119,26959984,0510100,HENDERSON POLICE DEPARTMENT,Accepted,HENDERSON,,,POWELL,ST,,,JULIA,,,,,37.83064897,-87.58436604,0.812,2020-07-20,933,2,2,0,0,CLEAR,DRY,False,ANGLE COLLISION - OTHER,ANGLE,STRAIGHT & LEVEL,DAYLIGHT,,,44033.54826,False,72,Accepted,5,5,O,,DISREGARD TRAFFIC CONTROL,,2020,1
2121,26964424,0510100,HENDERSON POLICE DEPARTMENT,Accepted,HENDERSON,US0041A,,GREEN,ST,N,,,,3RD,,4TH,37.84122147,-87.58711685,16.064,2020-07-13,655,1,1,0,1,CLEAR,DRY,False,OTHER COLLISIONS ON SHOULDER,SINGLE VEHICLE,STRAIGHT & LEVEL,DAYLIGHT,,,44034.49311,False,34,Accepted,5,3,B,,OTHER,,2020,1
2124,26980256,0510100,HENDERSON POLICE DEPARTMENT,Accepted,HENDERSON,US0060,,US60,,E,,BARRET,,,,,37.85990597,-87.56775451,10.6,2020-07-19,2009,2,2,0,0,CLEAR,DRY,False,OPPOSING LEFT TURN,OPPOSING LEFT TURN,STRAIGHT & LEVEL,DARK-HWY LIGHTED/ON,,,44035.71955,False,25,Accepted,5,5,O,,INATTENTION,,2020,1
2125,26980257,0510100,HENDERSON POLICE DEPARTMENT,Accepted,HENDERSON,,1700,GREEN,ST,N,,,,,,,37.85566195,-87.57646761,0.009,2020-07-19,1812,2,2,0,0,CLEAR,DRY,False,SIDESWIPE COLLISION - SAME DIRECTION,SIDESWIPE-SAME DIRECTION,STRAIGHT & LEVEL,DAYLIGHT,,,44035.71959,False,35,Accepted,5,5,O,,INATTENTION,,2020,1
2126,26980258,0510100,HENDERSON POLICE DEPARTMENT,Accepted,HENDERSON,US0041A,900,GREEN,ST,S,,,,,,,37.82682507,-87.60005658,14.875,2020-07-17,1840,1,1,0,0,CLEAR,DRY,False,COLLISION WITH FIXED OBJECT NON - INTERSECTION - FIRST EVENT COLLISION 09 - 32 EXCLUDING 16,SINGLE VEHICLE,STRAIGHT & LEVEL,DAYLIGHT,,,44035.71962,False,59,Accepted,5,5,O,,"FATIGUE, FELL ASLEEP, INATTENTION",TOW HITCH DEFECTIVE/UNIT SEPARATION,2020,1
2127,26980259,0510100,HENDERSON POLICE DEPARTMENT,Accepted,HENDERSON,,330,POWELL,ST,,,,,,,,37.83529309,-87.59224103,0.274,2020-06-29,2038,1,1,0,0,CLOUDY,WET,False,OTHER ROADWAY OR MID-BLOCK COLLISION,SINGLE VEHICLE,STRAIGHT & LEVEL,DARK-HWY LIGHTED/ON,,,44035.71966,False,22,Accepted,5,5,O,,"ALCOHOL INVOLVEMENT, LOST CONSCIOUSNESS/FAINTED, NOT UNDER PROPER CONTROL",,2020,1
2128,26980260,0510100,HENDERSON POLICE DEPARTMENT,Accepted,HENDERSON,US0041,1900,US41,,N,,,,,,,37.86469009,-87.57371497,16.607,2020-07-20,1453,2,2,0,0,CLEAR,DRY,False,1 VEHICLE ENTERING/LEAVING ENTRANCE,ANGLE,STRAIGHT & LEVEL,DAYLIGHT,,,44035.71971,False,64,Accepted,5,5,O,,INATTENTION,,2020,1
2129,26980261,0510100,HENDERSON POLICE DEPARTMENT,Accepted,HENDERSON,US0060,,US60,,E,,,,,,,37.8599077,-87.56775395,10.6,2020-07-20,1452,2,2,0,0,CLOUDY,DRY,False,1 VEHICLE ENTERING/LEAVING ENTRANCE,ANGLE,STRAIGHT & GRADE,DAYLIGHT,,,44035.71974,False,50,Accepted,5,5,O,,INATTENTION,,2020,1
2130,26980262,0510100,HENDERSON POLICE DEPARTMENT,Accepted,HENDERSON,US0041,2810,US41,,N,,,,,,,37.87754373,-87.56640626,17.577,2020-07-20,2110,2,2,0,0,CLEAR,DRY,False,REAR END IN TRAFFIC LANES BOTH VEHICLES MOVING,REAR END,STRAIGHT & LEVEL,DARK-HWY LIGHTED/ON,,,44035.71978,False,25,Accepted,5,5,O,,"FOLLOWING TOO CLOSE, INATTENTION",,2020,1
2131,26982774,0510100,HENDERSON POLICE DEPARTMENT,Accepted,HENDERSON,,1236,POWELL,ST,,,,,,,,37.82873521,-87.58101481,1.038,2020-07-22,,2,2,0,0,CLOUDY,DRY,True,1 VEHICLE PARKED POSITION (NOT PARKING LOT/DRIVEWAY),SIDESWIPE-OPPOSITE DIRECTION,STRAIGHT & LEVEL,DARK (UNKNOWN ROADWAY LIGHTING),,,44036.37385,False,72,Accepted,5,5,O,,"MISJUDGE CLEARANCE, OTHER",,2020,1
2132,26985888,0510100,HENDERSON POLICE DEPARTMENT,Accepted,HENDERSON,,,ELM,ST,N,,12TH,,,,,37.8528752,-87.58187745,1.139,2020-07-16,133,1,1,0,0,CLOUDY,WET,True,COLLISION WITH FIXED OBJECT IN INTERSECTION - FIRST EVENT COLLISION 09 - 32,SINGLE VEHICLE,STRAIGHT & GRADE,DARK-HWY LIGHTED/ON,,,44037.08409,False,24,Accepted,5,5,O,FIXED OBJECT(S),"ALCOHOL INVOLVEMENT, DRUG INVOLVEMENT, INATTENTION",,2020,1
2133,26986739,0510100,HENDERSON POLICE DEPARTMENT,Accepted,HENDERSON,,,CLAY,ST,,,ATKINSON,,,,,37.82449807,-87.57750955,,2020-07-24,1100,2,2,0,0,CLEAR,DRY,False,OPPOSITE DIRECTION - BOTH VEHICLES GOING STRAIGHT AHEAD,SIDESWIPE-OPPOSITE DIRECTION,STRAIGHT & LEVEL,DAYLIGHT,,,44037.46277,False,23,Accepted,5,5,O,,OTHER,LOAD SECUREMENT,2020,1
2134,26986741,0510100,HENDERSON POLICE DEPARTMENT,Accepted,HENDERSON,,,3RD,ST,,,,,ALVASIA,,ALVES,37.83878496,-87.58321774,0.567,2020-07-24,929,2,2,0,0,CLEAR,DRY,True,1 VEHICLE PARKED POSITION (NOT PARKING LOT/DRIVEWAY),SIDESWIPE-SAME DIRECTION,STRAIGHT & LEVEL,UNKNOWN,,,44037.46282,False,65,Accepted,5,5,O,,INATTENTION,,2020,1
2135,26987873,0510100,HENDERSON POLICE DEPARTMENT,Accepted,HENDERSON,US0041,2452,US41,,N,,,,,,,37.87080035,-87.57038837,17.063,2020-07-24,1550,2,2,0,0,CLEAR,DRY,False,SIDESWIPE COLLISION - SAME DIRECTION,SIDESWIPE-SAME DIRECTION,STRAIGHT & LEVEL,DAYLIGHT,,,44037.94297,False,25,Accepted,5,5,O,,"FOLLOWING TOO CLOSE, INATTENTION, MISJUDGE CLEARANCE",,2020,1
2136,26987874,0510100,HENDERSON POLICE DEPARTMENT,Accepted,HENDERSON,US0041,2530,US41,,N,,,,,,,37.8718123,-87.56967152,17.141,2020-07-23,1429,1,1,0,0,CLEAR,DRY,False,COLLISION WITH FIXED OBJECT NON - INTERSECTION - FIRST EVENT COLLISION 09 - 32 EXCLUDING 16,SINGLE VEHICLE,STRAIGHT & LEVEL,DAYLIGHT,,,44037.94302,False,17,Accepted,5,5,O,,NOT UNDER PROPER CONTROL,OTHER,2020,1
2137,26987875,0510100,HENDERSON POLICE DEPARTMENT,Accepted,HENDERSON,,1420,OBYRNE,ST,,,,,,,,37.82409411,-87.58052132,0.316,2020-07-24,2008,2,2,0,0,CLEAR,DRY,True,1 VEHICLE PARKED POSITION (NOT PARKING LOT/DRIVEWAY),ANGLE,STRAIGHT & GRADE,DARK-HWY LIGHTED/ON,,,44037.94306,False,50,Accepted,5,5,O,,INATTENTION,,2020,1
2138,26992295,0510100,HENDERSON POLICE DEPARTMENT,Accepted,HENDERSON,US0041,,US41,,N,,,,,,,37.82432687,-87.56766863,13.34,2020-07-20,1245,1,1,0,1,CLOUDY,DRY,False,OTHER COLLISIONS ON SHOULDER,SINGLE VEHICLE,CURVE & LEVEL,DAYLIGHT,,,44039.35295,False,29,Accepted,5,4,C,,,,2020,1
2142,26996758,0510100,HENDERSON POLICE DEPARTMENT,Accepted,HENDERSON,,27,CLARK,ST,,,,,,,,37.83278953,-87.58010639,0.029,2020-07-23,26,2,2,0,0,CLEAR,DRY,True,1 VEHICLE PARKED POSITION (NOT PARKING LOT/DRIVEWAY),REAR END,STRAIGHT & LEVEL,DARK-HWY LIGHTED/ON,,,44040.23401,False,49,Accepted,5,5,O,,INATTENTION,,2020,1
2145,27013341,0510100,HENDERSON POLICE DEPARTMENT,Accepted,HENDERSON,US0041,,US41,,N,,,,,,,37.87464935,-87.56821597,17.355,2020-07-27,945,2,2,0,0,CLEAR,DRY,False,1 VEHICLE ENTERING/LEAVING ENTRANCE,ANGLE,STRAIGHT & LEVEL,DAYLIGHT,,,44041.48857,False,29,Accepted,5,5,O,,INATTENTION,,2020,1
2146,27013342,0510100,HENDERSON POLICE DEPARTMENT,Accepted,HENDERSON,,372,BITTERSWEET,LN,,,,,,,,37.83059226,-87.54999675,0.312,2020-07-24,1057,1,1,0,0,CLEAR,DRY,False,COLLISION WITH FIXED OBJECT NON - INTERSECTION - FIRST EVENT COLLISION 09 - 32 EXCLUDING 16,SINGLE VEHICLE,STRAIGHT & LEVEL,DAYLIGHT,,,44041.48862,False,65,Accepted,5,5,O,,SICK,,2020,1
2147,27013344,0510100,HENDERSON POLICE DEPARTMENT,Accepted,HENDERSON,,893,CLAYMARK,WAY,,,,,,,,37.86516273,-87.56386661,0.03,2020-07-27,1230,2,2,0,0,CLEAR,DRY,False,1 VEHICLE PARKED POSITION (NOT PARKING LOT/DRIVEWAY),BACKING,STRAIGHT & LEVEL,DAYLIGHT,,,44041.48866,False,72,Accepted,5,5,O,,INATTENTION,,2020,1
2152,27022202,0510100,HENDERSON POLICE DEPARTMENT,Accepted,HENDERSON,US0041,,US41,,N,,RETTIG,,,,,37.86746825,-87.57217292,16.795,2020-07-30,1032,3,3,0,0,RAINING,WET,False,OTHER INTERSECTION COLLISIONS,REAR END,STRAIGHT & LEVEL,DAYLIGHT,,,44043.35772,False,67,Accepted,5,5,O,SLIPPERY SURFACE,INATTENTION,,2020,1
2153,27022552,0510000,HENDERSON COUNTY SHERIFF DEPT.,Accepted,HENDERSON,US0041,,US41,,,,,,,,,37.80526333,-87.56407769,1.069,2020-07-27,1527,2,2,0,0,RAINING,WET,False,OTHER ROADWAY OR MID-BLOCK COLLISION,REAR END,CURVE & GRADE,DAYLIGHT,,,44043.4092,False,138,Accepted,5,5,O,"SLIPPERY SURFACE, VIEW OBSTRUCTED, LIMITED DUE TO WEATHER CONDITIONS",NOT UNDER PROPER CONTROL,,2020,1
2154,27027521,0510100,HENDERSON POLICE DEPARTMENT,Accepted,HENDERSON,US0041,,,,,KY0351,ZION,,,,,37.83094188,-87.56718829,0.205,2020-08-01,1049,2,2,0,1,CLOUDY,DRY,False,OTHER INTERSECTION COLLISIONS,REAR END,STRAIGHT & LEVEL,DAYLIGHT,,,44045.04672,False,66,Accepted,5,4,C,,"CELL PHONE, DISTRACTION, INATTENTION",,2020,1
2155,27027522,0510100,HENDERSON POLICE DEPARTMENT,Accepted,HENDERSON,,114,CHEANEY,DR,,,,,,,,37.8237804,-87.56647015,0.087,2020-08-01,1125,2,2,0,0,CLOUDY,DRY,False,1 VEHICLE PARKED POSITION (NOT PARKING LOT/DRIVEWAY),BACKING,STRAIGHT & LEVEL,DAYLIGHT,,,44045.04694,False,66,Accepted,5,5,O,,INATTENTION,,2020,1
2156,27028356,0510100,HENDERSON POLICE DEPARTMENT,Accepted,HENDERSON,,,GREEN RIVER,RD,,,,,,,,37.86797046,-87.55880213,0.634,2020-08-01,1205,2,2,0,0,CLEAR,DRY,False,OTHER ROADWAY OR MID-BLOCK COLLISION,OPPOSING LEFT TURN,STRAIGHT & LEVEL,DAYLIGHT,,,44045.45263,False,29,Accepted,5,5,O,,INATTENTION,,2020,1
2157,27028357,0510100,HENDERSON POLICE DEPARTMENT,Accepted,HENDERSON,,,BARRET,BLVD,,US0041,US41,,,,,37.86434682,-87.5737154,0.9,2020-08-01,1123,2,2,0,0,CLOUDY,DRY,False,OTHER INTERSECTION COLLISIONS,REAR END,STRAIGHT & LEVEL,DAYLIGHT,,,44045.45268,False,67,Accepted,5,5,O,,INATTENTION,,2020,1
2158,27030163,0510100,HENDERSON POLICE DEPARTMENT,Accepted,HENDERSON,,880,MCGUIRE,LN,,,,,,,,37.87139876,-87.5552534,0.006,2020-08-01,,2,2,0,0,CLOUDY,DRY,True,1 VEHICLE PARKED POSITION (NOT PARKING LOT/DRIVEWAY),BACKING,STRAIGHT & GRADE,DARK-HWY NOT LIGHTED,,,44046.04127,False,33,Accepted,5,5,O,,,,2020,1
2159,27032507,0510100,HENDERSON POLICE DEPARTMENT,Accepted,HENDERSON,US0041,,US41,,N,,RACETRACK,,,,,37.88329953,-87.56331859,17.994,2020-07-11,1316,2,2,0,0,CLEAR,DRY,False,SIDESWIPE-SAME DIRECTION,SIDESWIPE-SAME DIRECTION,STRAIGHT & LEVEL,DAYLIGHT,,,44046.46042,False,67,Accepted,5,5,O,,INATTENTION,,2020,1
2160,27032508,0510100,HENDERSON POLICE DEPARTMENT,Accepted,HENDERSON,,1312,CLAY,ST,,,,,MILL,,LETCHER,37.82605366,-87.58025495,0.181,2020-08-02,948,2,2,0,0,CLEAR,DRY,True,1 VEHICLE PARKED POSITION (NOT PARKING LOT/DRIVEWAY),SIDESWIPE-SAME DIRECTION,STRAIGHT & LEVEL,UNKNOWN,,,44046.46049,False,65,Accepted,5,5,O,,,,2020,1
2161,27032959,0510100,HENDERSON POLICE DEPARTMENT,Accepted,HENDERSON,US0060,,US60,,E,,WATSON,,,,,37.864721,-87.55498517,11.393,2020-07-20,1140,2,2,0,0,CLOUDY,DRY,False,ANGLE COLLISION - ONE VEHICLE TURNING LEFT,ANGLE,STRAIGHT & LEVEL,DAYLIGHT,,,44046.52076,False,34,Accepted,5,5,O,,"DISREGARD TRAFFIC CONTROL, INATTENTION",,2020,1
2162,27032962,0510100,HENDERSON POLICE DEPARTMENT,Accepted,HENDERSON,KY0351,,ZION,RD,,,,,DENISE,,ADAMS,37.82540877,-87.54619107,2.512,2020-07-21,750,2,2,0,0,CLEAR,DRY,False,REAR END IN TRAFFIC LANES BOTH VEHICLES MOVING,REAR END,STRAIGHT & LEVEL,DAYLIGHT,,,44046.52081,False,34,Accepted,5,5,O,,OTHER,,2020,1
2163,27034868,0510100,HENDERSON POLICE DEPARTMENT,Accepted,HENDERSON,US0041A,400,GREEN,ST,S,,,,,,,37.8314968,-87.59550188,15.221,2020-07-25,1905,2,2,0,0,CLEAR,DRY,False,SIDESWIPE COLLISION - SAME DIRECTION,SIDESWIPE-SAME DIRECTION,STRAIGHT & LEVEL,DAYLIGHT,,,44046.95218,False,59,Accepted,5,5,O,,INATTENTION,,2020,1
2164,27034870,0510100,HENDERSON POLICE DEPARTMENT,Accepted,HENDERSON,,1517,LOEB,ST,,,,,,,,37.82277146,-87.58014611,0.387,2020-07-27,2038,2,2,0,0,RAINING,WET,False,1 VEHICLE PARKED POSITION (NOT PARKING LOT/DRIVEWAY),BACKING,STRAIGHT & LEVEL,DARK-HWY NOT LIGHTED,,,44046.95227,False,64,Accepted,5,5,O,,INATTENTION,,2020,1
2165,27034871,0510100,HENDERSON POLICE DEPARTMENT,Accepted,HENDERSON,US0041,1917,US41,,N,,,,,,,37.86308854,-87.57451554,16.559,2020-07-28,1957,2,2,0,0,CLEAR,DRY,False,1 VEHICLE PARKED POSITION (NOT PARKING LOT/DRIVEWAY),BACKING,STRAIGHT & LEVEL,DAYLIGHT,,,44046.95231,False,35,Accepted,5,5,O,,INATTENTION,,2020,1
2166,27034872,0510100,HENDERSON POLICE DEPARTMENT,Accepted,HENDERSON,US0041A,200,GREEN,ST,N,,2ND,,,,,37.83955687,-87.58856369,15.916,2020-07-29,2028,2,2,0,0,CLEAR,DRY,False,ANGLE COLLISION - ONE VEHICLE TURNING LEFT,ANGLE,STRAIGHT & LEVEL,DARK-HWY LIGHTED/ON,,,44046.95235,False,35,Accepted,5,5,O,,INATTENTION,,2020,1
2171,27037407,0510100,HENDERSON POLICE DEPARTMENT,Accepted,HENDERSON,US0041,,US41,,N,,,,,,,37.87369078,-87.56861443,17.285,2020-07-28,1008,1,1,0,1,CLEAR,DRY,False,COLLISION WITH FIXED OBJECT NON - INTERSECTION - FIRST EVENT COLLISION 09 - 32 EXCLUDING 16,SINGLE VEHICLE,STRAIGHT & LEVEL,DAYLIGHT,,,44047.50808,False,72,Accepted,5,3,B,OTHER,,,2020,1
2172,27037445,0510100,HENDERSON POLICE DEPARTMENT,Accepted,HENDERSON,US0041A,,GREEN,ST,N,,12TH,,,,,37.85217838,-87.58028684,16.918,2020-07-22,1345,2,2,0,0,CLOUDY,DRY,False,OPPOSING LEFT TURN,OPPOSING LEFT TURN,STRAIGHT & LEVEL,DAYLIGHT,,,44047.51834,False,34,Accepted,5,5,O,,"INATTENTION, MISJUDGE CLEARANCE",,2020,1
2173,27037446,0510100,HENDERSON POLICE DEPARTMENT,Accepted,HENDERSON,,,ELK,AVE,,,,,ELM,,GREEN,37.85653003,-87.57692636,,2020-07-29,1200,2,2,0,0,CLEAR,DRY,True,1 VEHICLE PARKED POSITION (NOT PARKING LOT/DRIVEWAY),BACKING,STRAIGHT & LEVEL,DAYLIGHT,,,44047.51837,False,34,Accepted,5,5,O,,,,2020,1
2174,27042212,0510100,HENDERSON POLICE DEPARTMENT,Accepted,HENDERSON,,,1ST,ST,,,INGRAM,,,,,37.83762841,-87.58774703,0.382,2020-07-28,1115,2,2,0,0,CLOUDY,DRY,False,ANGLE COLLISION - OTHER,ANGLE,STRAIGHT & LEVEL,DAYLIGHT,,,44048.56023,False,34,Accepted,5,5,O,,"OTHER, INATTENTION",OTHER,2020,1
2175,27042218,0510100,HENDERSON POLICE DEPARTMENT,Accepted,HENDERSON,,,2ND,ST,,,,US0041A,GREEN,,ELM,37.84002416,-87.58965176,0.075,2020-08-04,1225,2,2,0,0,CLEAR,DRY,False,VEHICLE BACKING NON INTERSECTION,BACKING,STRAIGHT & LEVEL,DAYLIGHT,,,44048.5603,False,34,Accepted,5,5,O,,INATTENTION,,2020,1
2176,27042563,0510100,HENDERSON POLICE DEPARTMENT,Accepted,HENDERSON,,,WASHINGTON,ST,,,,US0041A,GREEN,,INGRAM,37.83593567,-87.59018403,1.168,2020-06-12,717,1,1,0,1,CLEAR,DRY,False,COLLISION WITH FIXED OBJECT NON - INTERSECTION - FIRST EVENT COLLISION 09 - 32 EXCLUDING 16,SINGLE VEHICLE,STRAIGHT & LEVEL,DAYLIGHT,,,43998.4605,False,72,Accepted,5,3,B,,NOT UNDER PROPER CONTROL,OTHER,2020,1
2177,27042568,0510100,HENDERSON POLICE DEPARTMENT,Accepted,HENDERSON,US0041A,1200,GREEN,ST,N,,12TH,,,,,37.85216595,-87.58025793,16.896,2020-07-17,1629,2,1,0,1,CLEAR,DRY,False,ANGLE COLLISION - ONE VEHICLE TURNING LEFT,ANGLE,STRAIGHT & LEVEL,DAYLIGHT,,,44031.81746,False,50,Accepted,5,4,C,,INATTENTION,,2020,1
2179,27044442,0510100,HENDERSON POLICE DEPARTMENT,Accepted,HENDERSON,,,CLAY,ST,,,MEADOW,,,,,37.82811818,-87.5838883,0.425,2020-07-23,1101,2,2,0,0,CLOUDY,DRY,False,HEAD-ON COLLISION,HEAD ON,STRAIGHT & LEVEL,DAYLIGHT,,,44048.99394,False,22,Accepted,5,5,O,,"MISJUDGE CLEARANCE, NOT UNDER PROPER CONTROL",,2020,1
2180,27044444,0510100,HENDERSON POLICE DEPARTMENT,Accepted,HENDERSON,,,MAIN,ST,N,,12TH,,,,,37.85331974,-87.58350458,1.077,2020-07-31,1732,2,2,0,0,RAINING,WET,False,ANGLE COLLISION - OTHER,ANGLE,STRAIGHT & LEVEL,DAYLIGHT,,,44048.99404,False,22,Accepted,5,5,O,,"FAILED TO YIELD RIGHT OF WAY, INATTENTION",,2020,1
2181,27044446,0510100,HENDERSON POLICE DEPARTMENT,Accepted,HENDERSON,US0060,,US60,,E,,MARYWOOD,,,,,37.86102847,-87.56478199,10.789,2020-08-03,1641,2,2,0,0,CLEAR,DRY,False,ANGLE COLLISION - OTHER,ANGLE,STRAIGHT & LEVEL,DAYLIGHT,,,44048.99408,False,17,Accepted,5,5,O,,FAILED TO YIELD RIGHT OF WAY,,2020,1
2182,27044448,0510100,HENDERSON POLICE DEPARTMENT,Accepted,HENDERSON,US0041A,,GREEN,ST,N,,,,2ND,,3RD,37.83965418,-87.58837114,15.913,2020-08-05,1356,2,2,0,0,CLEAR,DRY,False,1 VEHICLE ENTERING/LEAVING ENTRANCE,ANGLE,STRAIGHT & LEVEL,DAYLIGHT,,,44048.99415,False,22,Accepted,5,5,O,,INATTENTION,,2020,1
2183,27046238,0510100,HENDERSON POLICE DEPARTMENT,Accepted,HENDERSON,,,1ST,ST,,,ADAMS,,,,,37.83706058,-87.58635041,0.471,2020-07-30,842,2,2,0,0,RAINING,WET,False,ANGLE COLLISION - OTHER,ANGLE,STRAIGHT & LEVEL,DAYLIGHT,,,44049.4354,False,26,Accepted,5,5,O,,INATTENTION,,2020,1
2185,27046380,0510100,HENDERSON POLICE DEPARTMENT,Accepted,HENDERSON,US0041A,,GREEN,ST,N,,,,CENTER,,1ST,37.83763025,-87.58948097,15.784,2020-08-02,430,1,1,0,0,CLEAR,DRY,False,OTHER COLLISIONS ON SHOULDER,SINGLE VEHICLE,STRAIGHT & LEVEL,DARK-HWY LIGHTED/ON,,,44049.45975,False,34,Accepted,5,5,O,,,TIRE FAILURE,2020,1
2191,27051374,0510100,HENDERSON POLICE DEPARTMENT,Accepted,HENDERSON,,,3RD,ST,,,,,MAIN,,ELM,37.84169283,-87.58996415,0.148,2020-08-06,911,2,2,0,0,CLEAR,DRY,False,VEHICLE BACKING NON INTERSECTION,BACKING,STRAIGHT & LEVEL,DAYLIGHT,,,44050.56353,False,36,Accepted,5,5,O,,INATTENTION,,2020,1
2192,27051392,0510100,HENDERSON POLICE DEPARTMENT,Accepted,HENDERSON,US0041,,US41,,N,,,,CANARY,,ROBIN,37.86827794,-87.57173479,16.872,2020-08-04,1131,2,2,0,0,CLEAR,DRY,False,OTHER ROADWAY OR MID-BLOCK COLLISION,REAR END,STRAIGHT & LEVEL,DAYLIGHT,,,44050.56409,False,65,Accepted,5,5,O,,INATTENTION,,2020,1