OBJECTID,IncidentID,AgencyORI,AgencyName,IncidentStatusDesc,County,RdwyNumber,Street,RoadwayName,StreetSfx,StreetDir,IntersectionRdwy,IntersectionRdwyName,BetweenStRdwy1,BetweenStRdwyName1,BetweenStRdwy2,BetweenStRdwyName2,Latitude,Longitude,Milepoint,CollisionDate,CollisionTime,UnitsInvolved,MotorVehiclesInvolved,NumberKilled,NumberInjured,Weather,RdwyConditionCode,HitandRun,DirAnalysisCode,MannerofCollision,RdwyCharacter,LightCondition,RampFromRdwyId,RampToRdwyId,AcceptedDate,IsSecondaryCollision,OwnerBadge,IncidentStatus,InjurySeverityCde,KABCO_Code,KABCO,Environmental_Factors,Human_Factors,Vehicular_Factors,CollisionYear,CityCrash
2193,27055500,0510100,HENDERSON POLICE DEPARTMENT,Accepted,HENDERSON,US0041,2236,US41,,N,,,,,,,37.86981227,-87.57071014,17.001,2020-08-07,430,1,1,0,1,CLEAR,DRY,False,COLLISION WITH FIXED OBJECT NON - INTERSECTION - FIRST EVENT COLLISION 09 - 32 EXCLUDING 16,SINGLE VEHICLE,STRAIGHT & LEVEL,DARK-HWY LIGHTED/ON,,,44051.9463,False,24,Accepted,3,3,B,FIXED OBJECT(S),"FELL ASLEEP, INATTENTION",,2020,1
2194,27057210,0510100,HENDERSON POLICE DEPARTMENT,Accepted,HENDERSON,US0041A,,GREEN,ST,N,,,,1ST,,CENTER,37.83791311,-87.58946325,15.803,2020-08-06,1556,2,2,0,0,CLEAR,DRY,False,SIDESWIPE COLLISION - SAME DIRECTION,SIDESWIPE-SAME DIRECTION,STRAIGHT & LEVEL,DAYLIGHT,,,44052.65524,False,22,Accepted,5,5,O,,INATTENTION,,2020,1
2195,27057211,0510100,HENDERSON POLICE DEPARTMENT,Accepted,HENDERSON,US0041A,1700,GREEN,ST,S,,,,,,,37.81604395,-87.61486496,13.669,2020-08-05,1448,2,2,0,1,CLEAR,DRY,False,1 VEHICLE ENTERING/LEAVING ENTRANCE,ANGLE,STRAIGHT & LEVEL,DAYLIGHT,,,44052.6553,False,19,Accepted,5,4,C,,INATTENTION,,2020,1
2196,27057212,0510100,HENDERSON POLICE DEPARTMENT,Accepted,HENDERSON,US0041,2611,US41,,N,,,,,,,37.87422261,-87.56831793,17.318,2020-08-06,1639,2,2,0,1,CLEAR,DRY,False,HEAD-ON COLLISION,HEAD ON,STRAIGHT & LEVEL,DAYLIGHT,,,44052.65535,False,25,Accepted,5,3,B,,"FAILED TO YIELD RIGHT OF WAY, INATTENTION",,2020,1
2197,27057213,0510100,HENDERSON POLICE DEPARTMENT,Accepted,HENDERSON,,,ELM,ST,N,,BARKER,,,,,37.87247833,-87.57074037,2.662,2020-08-06,1718,2,2,0,0,CLEAR,DRY,True,OTHER INTERSECTION COLLISIONS,REAR END,STRAIGHT & LEVEL,DAYLIGHT,,,44052.6554,False,25,Accepted,5,5,O,,INATTENTION,,2020,1
2198,27057215,0510100,HENDERSON POLICE DEPARTMENT,Accepted,HENDERSON,,,OLD HENDERSON CORYDON,RD,,US0060,GREEN,,,,,37.80315806,-87.63730495,0.047,2020-08-07,1700,1,1,0,1,CLEAR,DRY,False,NON-COLLISION OBJECT COLLISION,SINGLE VEHICLE,STRAIGHT & LEVEL,DAYLIGHT,,,44052.6555,False,37,Accepted,3,3,B,,"INATTENTION, MISJUDGE CLEARANCE",,2020,1
2199,27057218,0510100,HENDERSON POLICE DEPARTMENT,Accepted,HENDERSON,,,2ND,ST,,,ELM,,,,,37.84008284,-87.58983915,0.086,2020-08-06,2100,2,2,0,0,CLEAR,DRY,False,ANGLE COLLISION - OTHER,ANGLE,STRAIGHT & LEVEL,DARK-HWY LIGHTED/ON,,,44052.65554,False,37,Accepted,5,5,O,,"DISREGARD TRAFFIC CONTROL, EXCEEDED STATED SPEED LIMIT, NOT UNDER PROPER CONTROL",,2020,1
2200,27057221,0510100,HENDERSON POLICE DEPARTMENT,Accepted,HENDERSON,,,VANGUARD,AVE,,,CHEANEY,,,,,37.82252323,-87.56657656,0.055,2020-08-07,1503,2,2,0,0,CLEAR,DRY,False,ANGLE COLLISION - ONE VEHICLE TURNING RIGHT,ANGLE,STRAIGHT & LEVEL,DAYLIGHT,,,44052.65558,False,37,Accepted,5,5,O,,"FAILED TO KEEP PROPER LANE, INATTENTION",,2020,1
2201,27057764,0510100,HENDERSON POLICE DEPARTMENT,Accepted,HENDERSON,,1400,PRINGLE,ST,,,,,,,,37.82098727,-87.58270134,0.172,2020-08-07,1620,2,2,0,0,CLEAR,DRY,False,1 VEHICLE ENTERING/LEAVING ENTRANCE,ANGLE,STRAIGHT & LEVEL,DAYLIGHT,,,44052.78966,False,19,Accepted,5,5,O,,INATTENTION,,2020,1
2209,27060984,0510000,HENDERSON COUNTY SHERIFF DEPT.,Accepted,HENDERSON,,,14TH,ST,,,,,,,,37.8538258,-87.57796815,0.16,2020-08-08,2300,1,1,0,0,CLEAR,DRY,False,COLLISION WITH FIXED OBJECT NON - INTERSECTION - FIRST EVENT COLLISION 09 - 32 EXCLUDING 16,SINGLE VEHICLE,STRAIGHT & LEVEL,DARK (UNKNOWN ROADWAY LIGHTING),,,44053.47399,False,130,Accepted,5,5,O,,INATTENTION,,2020,1
2210,27061852,0510100,HENDERSON POLICE DEPARTMENT,Accepted,HENDERSON,,1504,SMITH,CT,,,,,,,,37.81754221,-87.60701514,0.007,2020-08-09,1229,2,2,0,0,CLOUDY,DRY,False,1 VEHICLE PARKED POSITION (NOT PARKING LOT/DRIVEWAY),BACKING,STRAIGHT & LEVEL,DAYLIGHT,,,44053.59952,False,26,Accepted,5,5,O,,,BRAKES DEFECTIVE,2020,1
2211,27061854,0510000,HENDERSON COUNTY SHERIFF DEPT.,Accepted,HENDERSON,,8,MEADOW,ST,,,,,CENTER,,CLARK,37.83240822,-87.5806877,0.62,2020-08-07,1540,2,2,0,0,CLEAR,DRY,False,VEHICLE BACKING NON INTERSECTION,BACKING,STRAIGHT & LEVEL,DAYLIGHT,,,44053.59997,False,128,Accepted,5,5,O,,INATTENTION,,2020,1
2213,27066053,0510100,HENDERSON POLICE DEPARTMENT,Accepted,HENDERSON,,428,6TH,ST,,,,,,,,37.84430624,-87.5845614,0.057,2020-07-31,1134,2,2,0,0,CLEAR,DRY,True,1 VEHICLE PARKED POSITION (NOT PARKING LOT/DRIVEWAY),SIDESWIPE-SAME DIRECTION,STRAIGHT & LEVEL,DAYLIGHT,,,44054.54653,False,72,Accepted,5,5,O,,"INATTENTION, MISJUDGE CLEARANCE",,2020,1
2214,27066067,0510100,HENDERSON POLICE DEPARTMENT,Accepted,HENDERSON,KY0351,,2ND,ST,,,PRIEST,,,,,37.83320211,-87.57320603,0.947,2020-08-10,959,2,2,0,1,CLEAR,DRY,False,ANGLE COLLISION - OTHER,ANGLE,STRAIGHT & LEVEL,DAYLIGHT,,,44054.54983,False,65,Accepted,5,4,C,,INATTENTION,,2020,1
2215,27067410,0510100,HENDERSON POLICE DEPARTMENT,Accepted,HENDERSON,,,WATSON,LN,,US0060,US60,,,,,37.86473099,-87.55504014,0.001,2020-08-05,1818,2,2,0,0,CLEAR,DRY,False,ANGLE COLLISION - ONE VEHICLE TURNING LEFT,ANGLE,STRAIGHT & LEVEL,DAYLIGHT,,,44054.76761,False,17,Accepted,5,5,O,GLARE (SUN),INATTENTION,,2020,1
2216,27067514,0510100,HENDERSON POLICE DEPARTMENT,Accepted,HENDERSON,US0041,2000,US41,,N,,,,,,,37.8640137,-87.5738431,16.56,2020-08-10,1426,2,2,0,0,CLEAR,DRY,False,SIDESWIPE COLLISION - SAME DIRECTION,SIDESWIPE-SAME DIRECTION,CURVE & LEVEL,DAYLIGHT,,,44054.79179,False,25,Accepted,5,5,O,,"FAILED TO KEEP PROPER LANE, FOLLOWING TOO CLOSE, INATTENTION",,2020,1
2217,27067516,0510100,HENDERSON POLICE DEPARTMENT,Accepted,HENDERSON,,,WATSON,LN,,US0041,US41,,,,,37.87530219,-87.5676996,1.094,2020-08-10,1422,2,2,0,0,CLEAR,DRY,False,OTHER INTERSECTION COLLISIONS,REAR END,STRAIGHT & LEVEL,DAYLIGHT,,,44054.79206,False,17,Accepted,5,5,O,,INATTENTION,,2020,1
2219,27072136,0510100,HENDERSON POLICE DEPARTMENT,Accepted,HENDERSON,US0060,,US60,,E,,BARRET,,,,,37.85991415,-87.56774259,10.599,2020-08-11,1625,2,2,0,1,CLEAR,DRY,False,OTHER INTERSECTION COLLISIONS,REAR END,STRAIGHT & LEVEL,DAYLIGHT,,,44055.78499,False,17,Accepted,5,4,C,,INATTENTION,,2020,1
2220,27072137,0510100,HENDERSON POLICE DEPARTMENT,Accepted,HENDERSON,US0041,2611,US41,,N,,,,,,,37.87430707,-87.56821494,17.333,2020-08-11,1345,2,2,0,0,CLEAR,DRY,False,1 VEHICLE ENTERING/LEAVING ENTRANCE,ANGLE,STRAIGHT & LEVEL,DAYLIGHT,,,44055.78504,False,37,Accepted,5,5,O,,MISJUDGE CLEARANCE,,2020,1
2221,27076639,0510100,HENDERSON POLICE DEPARTMENT,Accepted,HENDERSON,KY0351,2400,ZION,RD,,,,,,,,37.8279695,-87.55636294,1.937,2020-08-12,1500,2,2,0,0,CLOUDY,DRY,False,1 VEHICLE ENTERING/LEAVING ENTRANCE,ANGLE,STRAIGHT & LEVEL,DAYLIGHT,,,44056.70946,False,64,Accepted,5,5,O,,INATTENTION,,2020,1
2223,27079935,0510100,HENDERSON POLICE DEPARTMENT,Accepted,HENDERSON,KY0351,,2ND,ST,,,,,PRIEST,,KLUTEY PARK PLAZA,37.83240483,-87.57159581,1.045,2020-08-04,936,2,2,0,0,CLEAR,DRY,False,REAR END IN TRAFFIC LANES BOTH VEHICLES MOVING,REAR END,STRAIGHT & LEVEL,DAYLIGHT,,,44057.52076,False,65,Accepted,5,5,O,,INATTENTION,,2020,1
2224,27079968,0510100,HENDERSON POLICE DEPARTMENT,Accepted,HENDERSON,US0041,2855,US41,,N,,,,,,,37.87920302,-87.56575672,17.695,2020-08-13,1333,2,2,0,0,RAINING,WET,False,REAR END IN TRAFFIC LANES BOTH VEHICLES MOVING,REAR END,STRAIGHT & LEVEL,DAYLIGHT,,,44057.52375,False,67,Accepted,5,5,O,SLIPPERY SURFACE,INATTENTION,,2020,1
2225,27083492,0510100,HENDERSON POLICE DEPARTMENT,Accepted,HENDERSON,US0041A,,GREEN,ST,N,,5TH,,,,,37.84329575,-87.58598963,16.218,2020-08-14,1713,2,2,0,0,CLOUDY,DRY,False,ANGLE COLLISION - OTHER,ANGLE,STRAIGHT & LEVEL,DAYLIGHT,,,44058.67533,False,22,Accepted,5,5,O,,FAILED TO YIELD RIGHT OF WAY,,2020,1
2226,27083493,0510100,HENDERSON POLICE DEPARTMENT,Accepted,HENDERSON,US0041A,1640,GREEN,ST,S,,,,,,,37.8180871,-87.61164598,13.908,2020-08-14,1733,2,2,0,0,CLEAR,DRY,False,OTHER ROADWAY OR MID-BLOCK COLLISION,REAR END,STRAIGHT & LEVEL,DAYLIGHT,,,44058.67538,False,59,Accepted,5,5,O,,INATTENTION,,2020,1
2227,27083494,0510100,HENDERSON POLICE DEPARTMENT,Accepted,HENDERSON,,,BARRET,BLVD,,US0060,US60,,,,,37.86007927,-87.56784673,0.362,2020-08-14,2113,2,2,0,0,CLEAR,DRY,False,OTHER INTERSECTION COLLISIONS,REAR END,STRAIGHT & LEVEL,DARK-HWY LIGHTED/ON,,,44058.67541,False,37,Accepted,5,5,O,,INATTENTION,,2020,1
2228,27086145,0510100,HENDERSON POLICE DEPARTMENT,Accepted,HENDERSON,US0041A,1000,GREEN,ST,N,,,,,,,37.84953296,-87.58193472,16.683,2020-07-24,1851,2,2,0,1,CLEAR,DRY,False,REAR END IN TRAFFIC LANES BOTH VEHICLES MOVING,REAR END,STRAIGHT & LEVEL,DAYLIGHT,,,44059.65975,False,25,Accepted,4,4,C,,"EXCEEDED STATED SPEED LIMIT, FOLLOWING TOO CLOSE, INATTENTION",,2020,1
2229,27087403,0510100,HENDERSON POLICE DEPARTMENT,Accepted,HENDERSON,,2601,IRISH IVY,LN,,,,,,,,37.83556658,-87.55065368,0.057,2020-08-15,442,2,2,0,0,CLEAR,DRY,True,1 VEHICLE PARKED POSITION (NOT PARKING LOT/DRIVEWAY),HEAD ON,STRAIGHT & LEVEL,DARK-HWY LIGHTED/ON,,,44060.02772,False,46,Accepted,5,5,O,,INATTENTION,,2020,1
2233,27090341,0510100,HENDERSON POLICE DEPARTMENT,Accepted,HENDERSON,KY0425,,KY425,,,US0060,GREEN,,,,,37.79994188,-87.6477844,,2020-08-12,1037,2,2,0,2,CLOUDY,DRY,True,OPPOSING LEFT TURN,OPPOSING LEFT TURN,,DAYLIGHT,,,44060.49624,False,72,Accepted,4,4,C,,FAILED TO YIELD RIGHT OF WAY,,2020,1
2234,27090342,0510100,HENDERSON POLICE DEPARTMENT,Accepted,HENDERSON,US0041A,,GREEN,ST,N,,4TH,,,,,37.84200501,-87.58681186,16.119,2020-08-08,1003,2,2,0,0,CLEAR,DRY,False,NON-COLLISION OBJECT COLLISION,REAR END,STRAIGHT & LEVEL,DAYLIGHT,,,44060.49631,False,34,Accepted,5,5,O,DEBRIS IN ROADWAY,FOLLOWING TOO CLOSE,,2020,1
2235,27090343,0510100,HENDERSON POLICE DEPARTMENT,Accepted,HENDERSON,,621,ALVES,ST,N,,,,SHORT SEVENTH,,6TH,37.84314276,-87.58137117,0.473,2020-08-08,200,2,2,0,0,CLEAR,DRY,True,1 VEHICLE PARKED POSITION (NOT PARKING LOT/DRIVEWAY),SIDESWIPE-SAME DIRECTION,STRAIGHT & LEVEL,DARK (UNKNOWN ROADWAY LIGHTING),,,44060.49636,False,34,Accepted,5,5,O,,"ALCOHOL INVOLVEMENT, DRUG INVOLVEMENT, NOT UNDER PROPER CONTROL",,2020,1
2236,27090592,0510100,HENDERSON POLICE DEPARTMENT,Accepted,HENDERSON,US0041,,US41,,N,US0060,US60,,,,,37.85740987,-87.573544,16.05,2020-08-14,835,2,2,0,0,CLEAR,DRY,False,SIDESWIPE-SAME DIRECTION,SIDESWIPE-SAME DIRECTION,CURVE & GRADE,DAYLIGHT,,,44060.53598,False,72,Accepted,5,5,O,,FAILED TO YIELD RIGHT OF WAY,,2020,1
2237,27090593,0510100,HENDERSON POLICE DEPARTMENT,Accepted,HENDERSON,US0041,,US41,,N,,,US0041,US41 RAMP TO US41 N,US0041,US41 S EXIT81 OFF RAMP TO US60 W,37.85887952,-87.57479679,16.184,2020-08-14,1326,1,1,0,0,CLEAR,DRY,False,COLLISION WITH FIXED OBJECT NON - INTERSECTION - FIRST EVENT COLLISION 09 - 32 EXCLUDING 16,SINGLE VEHICLE,STRAIGHT & LEVEL,DAYLIGHT,,,44060.53602,False,67,Accepted,5,5,O,,INATTENTION,,2020,1
2238,27098167,0510100,HENDERSON POLICE DEPARTMENT,Accepted,HENDERSON,KY0285,1739,OLD MADISONVILLE,RD,,,,,,,,37.81191398,-87.58927207,2.282,2020-08-18,121,1,1,0,1,CLEAR,GRAVEL,False,OTHER ROADWAY OR MID-BLOCK COLLISION,SINGLE VEHICLE,STRAIGHT & GRADE,DARK-HWY NOT LIGHTED,,,44062.07265,False,33,Accepted,5,3,B,,"INATTENTION, MISJUDGE CLEARANCE",,2020,1
2240,27102326,0510100,HENDERSON POLICE DEPARTMENT,Accepted,HENDERSON,,,GREEN RIVER,RD,,,WATSON,,,,,37.86864099,-87.55757612,0.717,2020-08-17,1415,2,2,0,0,CLEAR,DRY,False,ANGLE COLLISION - OTHER,ANGLE,STRAIGHT & LEVEL,DAYLIGHT,,,44062.96076,False,22,Accepted,5,5,O,,FAILED TO YIELD RIGHT OF WAY,,2020,1
2242,27103980,0510100,HENDERSON POLICE DEPARTMENT,Accepted,HENDERSON,,,ELM,ST,N,,,,4TH,,5TH,37.84381649,-87.58763035,0.452,2020-08-18,1205,2,2,0,4,CLEAR,DRY,False,REAR END IN TRAFFIC LANES BOTH VEHICLES MOVING,REAR END,STRAIGHT & LEVEL,DAYLIGHT,,,44063.39766,False,72,Accepted,5,4,C,,LOST CONSCIOUSNESS/FAINTED,,2020,1
2243,27105680,0510100,HENDERSON POLICE DEPARTMENT,Accepted,HENDERSON,US0041A,1400,GREEN,ST,N,,,,,,,37.8544092,-87.57850186,17.058,2020-08-19,1650,2,2,0,0,CLEAR,DRY,False,OTHER ROADWAY OR MID-BLOCK COLLISION,REAR END,STRAIGHT & LEVEL,DAYLIGHT,,,44063.681,False,35,Accepted,5,5,O,,INATTENTION,,2020,1
2244,27107988,0510100,HENDERSON POLICE DEPARTMENT,Accepted,HENDERSON,,,WATHEN,LN,,,,,,,,37.87372025,-87.52917585,0.783,2020-08-09,541,2,2,0,0,CLOUDY,DRY,False,SIDESWIPE COLLISION - OPPOSITE DIRECTION,SIDESWIPE-OPPOSITE DIRECTION,STRAIGHT & LEVEL,DAWN,,,44064.32337,False,24,Accepted,5,5,O,ANIMALS ACTION,INATTENTION,BODY DOORS,2020,1
2246,27109953,0510100,HENDERSON POLICE DEPARTMENT,Accepted,HENDERSON,,10,ELM,ST,N,,,,,,,37.83825135,-87.5912959,0.02,2020-08-11,1630,2,2,0,0,CLEAR,DRY,True,1 VEHICLE PARKED POSITION (NOT PARKING LOT/DRIVEWAY),REAR END,STRAIGHT & LEVEL,DAYLIGHT,,,44064.69183,False,35,Accepted,5,5,O,,INATTENTION,,2020,1
2247,27110655,0510100,HENDERSON POLICE DEPARTMENT,Accepted,HENDERSON,,,10TH,ST,,,,,EARL,US0041A,GREEN,37.84890765,-87.58099648,0.262,2020-08-20,1824,2,2,0,0,CLEAR,DRY,True,COLLISION WITH BICYCLIST NON INTERSECTION,ANGLE,STRAIGHT & LEVEL,DAYLIGHT,,,44064.90146,False,22,Accepted,5,5,O,,"FAILED TO YIELD RIGHT OF WAY, INATTENTION",,2020,1
2248,27110657,0510100,HENDERSON POLICE DEPARTMENT,Accepted,HENDERSON,US0041A,,GREEN,ST,N,,14TH,,,,,37.85408136,-87.57886738,17.075,2020-08-21,1851,2,2,0,0,CLEAR,DRY,False,ANGLE COLLISION - OTHER,ANGLE,STRAIGHT & LEVEL,DAYLIGHT,,,44064.90151,False,22,Accepted,5,5,O,,FAILED TO YIELD RIGHT OF WAY,,2020,1
2249,27114672,0510100,HENDERSON POLICE DEPARTMENT,Accepted,HENDERSON,US0041,,US41,,N,,,,,,,37.87203641,-87.56968082,17.156,2020-08-21,1202,2,2,0,0,CLEAR,DRY,False,REAR END IN TRAFFIC LANES BOTH VEHICLES MOVING,REAR END,STRAIGHT & LEVEL,DAYLIGHT,,,44066.46343,False,62,Accepted,5,5,O,,INATTENTION,,2020,1
2254,27118702,0510000,HENDERSON COUNTY SHERIFF DEPT.,Accepted,HENDERSON,KY0425,,KY425,,,,OLD HENDERSON CORYDON,,,,,37.7946376,-87.64384733,0.425,2020-08-18,1258,2,2,2,0,CLEAR,DRY,False,ANGLE COLLISION - OTHER,ANGLE,STRAIGHT & LEVEL,DAYLIGHT,,,44067.43736,False,142,Accepted,5,1,K,,INATTENTION,,2020,1
2256,27121540,0510100,HENDERSON POLICE DEPARTMENT,Accepted,HENDERSON,US0041A,,GREEN,ST,S,,SAND,,,,,37.82377098,-87.6032167,14.518,2020-08-21,1400,2,2,0,0,CLEAR,DRY,True,OTHER INTERSECTION COLLISIONS,REAR END,STRAIGHT & LEVEL,DAYLIGHT,,,44067.97147,False,59,Accepted,5,5,O,,INATTENTION,,2020,1
2257,27121542,0510100,HENDERSON POLICE DEPARTMENT,Accepted,HENDERSON,,300,DIXON,ST,,,,,,,,37.83358246,-87.59523896,0.077,2020-08-23,1510,2,2,0,0,CLEAR,DRY,False,1 VEHICLE ENTERING/LEAVING ENTRANCE,ANGLE,STRAIGHT & LEVEL,DAYLIGHT,,,44067.97155,False,35,Accepted,5,5,O,,INATTENTION,,2020,1
2258,27122494,0510100,HENDERSON POLICE DEPARTMENT,Accepted,HENDERSON,US0041,,US41,,N,,,,,,,37.86714954,-87.57216926,16.797,2020-08-21,449,2,2,0,1,CLEAR,DRY,False,HEAD-ON COLLISION,HEAD ON,STRAIGHT & LEVEL,DARK-HWY LIGHTED/ON,,,44068.27036,False,63,Accepted,5,3,B,,INATTENTION,,2020,1
2259,27125363,0510100,HENDERSON POLICE DEPARTMENT,Accepted,HENDERSON,US0041A,200,GREEN,ST,S,,,,,,,37.834392,-87.59291838,15.457,2020-08-24,1748,2,2,0,0,CLEAR,DRY,False,SIDESWIPE COLLISION - SAME DIRECTION,SIDESWIPE-SAME DIRECTION,STRAIGHT & LEVEL,DAYLIGHT,,,44068.69517,False,64,Accepted,5,5,O,,INATTENTION,,2020,1
2261,27128458,0510100,HENDERSON POLICE DEPARTMENT,Accepted,HENDERSON,US0060,,US60,,E,,BARRET,,,,,37.85996819,-87.56765122,10.594,2020-08-24,1341,3,3,0,0,CLEAR,DRY,False,OTHER INTERSECTION COLLISIONS,REAR END,STRAIGHT & LEVEL,DAYLIGHT,,,44069.41845,False,26,Accepted,5,5,O,,INATTENTION,,2020,1
2262,27128459,0510100,HENDERSON POLICE DEPARTMENT,Accepted,HENDERSON,,,ELM,ST,S,,,,JEFFERSON,,AUDUBON,37.8319097,-87.59734871,,2020-08-25,1605,2,2,0,0,CLEAR,DRY,False,VEHICLE BACKING NON INTERSECTION,BACKING,STRAIGHT & GRADE,DAYLIGHT,,,44069.41849,False,23,Accepted,5,5,O,,INATTENTION,,2020,1
2263,27128460,0510100,HENDERSON POLICE DEPARTMENT,Accepted,HENDERSON,US0041,,US41,,N,,,,BARKER,,WALKER,37.87109413,-87.57003282,17.089,2020-08-25,942,2,2,0,0,CLEAR,DRY,False,OTHER ROADWAY OR MID-BLOCK COLLISION,REAR END,STRAIGHT & LEVEL,DAYLIGHT,,,44069.41853,False,72,Accepted,5,5,O,,INATTENTION,,2020,1
2264,27129513,0510100,HENDERSON POLICE DEPARTMENT,Accepted,HENDERSON,,,ATKINSON,ST,,,WRIGHT,,,,,37.8192563,-87.58232165,0.694,2020-08-19,1055,2,2,0,0,CLEAR,DRY,True,ANGLE COLLISION - OTHER,ANGLE,STRAIGHT & LEVEL,DAYLIGHT,,,44069.57677,False,34,Accepted,5,5,O,,"INATTENTION, OTHER",,2020,1
2265,27130133,0510000,HENDERSON COUNTY SHERIFF DEPT.,Accepted,HENDERSON,KY0425,,KY425,,,,,,,,,37.79252647,-87.64202542,0.605,2020-08-06,841,1,1,0,0,CLEAR,DRY,False,OTHER ROADWAY OR MID-BLOCK COLLISION,SINGLE VEHICLE,STRAIGHT & LEVEL,DAYLIGHT,,,44069.64879,False,132,Accepted,5,5,O,,,,2020,1
2266,27134470,0510100,HENDERSON POLICE DEPARTMENT,Accepted,HENDERSON,,110,MEADOW,ST,,,,,,,,37.83070007,-87.58214186,0.561,2020-08-27,,2,2,0,0,CLOUDY,DRY,True,1 VEHICLE PARKED POSITION (NOT PARKING LOT/DRIVEWAY),SIDESWIPE-OPPOSITE DIRECTION,STRAIGHT & LEVEL,UNKNOWN,,,44070.58289,False,72,Accepted,5,5,O,,MISJUDGE CLEARANCE,,2020,1
2268,27140214,0510100,HENDERSON POLICE DEPARTMENT,Accepted,HENDERSON,KY0136,,SAND,LN,,US0041A,GREEN,,,,,37.82378595,-87.60314709,19.55,2020-08-27,1634,2,2,0,0,CLEAR,DRY,False,OTHER INTERSECTION COLLISIONS,REAR END,STRAIGHT & LEVEL,DAYLIGHT,,,44071.91246,False,59,Accepted,5,5,O,,"IMPROPER BACKING, INATTENTION",,2020,1
2269,27141573,0510100,HENDERSON POLICE DEPARTMENT,Accepted,HENDERSON,US0060,,GREEN,ST,S,,OHIO,,,,,37.8057465,-87.632437,9.636,2020-08-17,1253,2,2,0,0,CLEAR,DRY,False,OTHER INTERSECTION COLLISIONS,REAR END,STRAIGHT & LEVEL,DAYLIGHT,,,44072.47825,False,65,Accepted,5,5,O,,INATTENTION,,2020,1
2270,27141938,0510100,HENDERSON POLICE DEPARTMENT,Accepted,HENDERSON,US0041A,500,GREEN,ST,N,,,,,,,37.84348567,-87.58579148,16.205,2020-08-24,1430,3,3,0,0,CLEAR,DRY,False,OTHER ROADWAY OR MID-BLOCK COLLISION,REAR END,STRAIGHT & LEVEL,DAYLIGHT,,,44072.64692,False,35,Accepted,5,5,O,,"DISTRACTION, INATTENTION",,2020,1
2271,27144859,0510100,HENDERSON POLICE DEPARTMENT,Accepted,HENDERSON,US0060,,US60,,E,,,,,,,37.85987894,-87.56780612,10.597,2020-08-25,1723,2,2,0,0,CLEAR,DRY,True,REAR END IN TRAFFIC LANES BOTH VEHICLES MOVING,REAR END,STRAIGHT & LEVEL,DAYLIGHT,,,44073.65809,False,50,Accepted,5,5,O,,OTHER,OTHER,2020,1
2275,27149202,0510000,HENDERSON COUNTY SHERIFF DEPT.,Accepted,HENDERSON,US0041,,US41,,,,,,,,,37.80984174,-87.56374996,12.528,2020-08-30,241,2,2,0,0,CLEAR,DRY,False,1 VEHICLE PARKED POSITION (NOT PARKING LOT/DRIVEWAY),REAR END,STRAIGHT & LEVEL,DARK-HWY LIGHTED/ON,,,44074.50251,False,140,Accepted,5,5,O,,FELL ASLEEP,,2020,1
2278,27154447,0510100,HENDERSON POLICE DEPARTMENT,Accepted,HENDERSON,KY0351,,2ND,ST,,,INGRAM,,,,,37.83888122,-87.5869546,0.087,2020-08-28,1157,2,2,0,0,RAINING,WET,False,ANGLE COLLISION - OTHER,ANGLE,STRAIGHT & LEVEL,DAYLIGHT,,,44075.50207,False,36,Accepted,5,5,O,WATER POOLING,TOO FAST FOR CONDITIONS,,2020,1
2283,27160650,0510100,HENDERSON POLICE DEPARTMENT,Accepted,HENDERSON,US0041,2860,US41,,N,,,,,,,37.88061247,-87.56487594,17.797,2020-08-31,1753,2,2,0,0,FOG WITH RAIN,WET,False,SIDESWIPE COLLISION - SAME DIRECTION,SIDESWIPE-SAME DIRECTION,STRAIGHT & LEVEL,DAYLIGHT,,,44076.74653,False,25,Accepted,5,5,O,,INATTENTION,,2020,1
2284,27160653,0510100,HENDERSON POLICE DEPARTMENT,Accepted,HENDERSON,KY0285,,OLD MADISONVILLE,RD,,,PEGGY,,,,,37.8034386,-87.5879116,1.717,2020-08-30,1950,2,2,0,0,CLOUDY,WET,False,SIDESWIPE-SAME DIRECTION,SIDESWIPE-SAME DIRECTION,STRAIGHT & LEVEL,DARK-HWY LIGHTED/ON,,,44076.74668,False,59,Accepted,5,5,O,"VIEW OBSTRUCTED, LIMITED DUE TO WEATHER CONDITIONS","FAILED TO YIELD RIGHT OF WAY, MISJUDGE CLEARANCE",,2020,1
2285,27160657,0510100,HENDERSON POLICE DEPARTMENT,Accepted,HENDERSON,US0041,,,,,,,,,,,37.85471321,-87.57052866,0.288,2020-09-01,1619,1,1,0,0,RAINING,WET,False,COLLISION WITH FIXED OBJECT NOT IN GORE ,SINGLE VEHICLE,CURVE & HILLCREST,DAYLIGHT,US0041,US0041,44076.74704,False,50,Accepted,5,5,O,,NOT UNDER PROPER CONTROL,,2020,1
2286,27162692,0510100,HENDERSON POLICE DEPARTMENT,Accepted,HENDERSON,US0041,,US41,,N,,JOHN JAMES AUDUBON STATE,,,,,37.88092064,-87.56461506,17.821,2020-08-17,1345,2,2,0,0,CLEAR,DRY,False,SIDESWIPE-SAME DIRECTION,SIDESWIPE-SAME DIRECTION,STRAIGHT & LEVEL,DAYLIGHT,,,44077.3486,False,72,Accepted,5,5,O,,MISJUDGE CLEARANCE,,2020,1