OBJECTID,IncidentID,AgencyORI,AgencyName,IncidentStatusDesc,County,RdwyNumber,Street,RoadwayName,StreetSfx,StreetDir,IntersectionRdwy,IntersectionRdwyName,BetweenStRdwy1,BetweenStRdwyName1,BetweenStRdwy2,BetweenStRdwyName2,Latitude,Longitude,Milepoint,CollisionDate,CollisionTime,UnitsInvolved,MotorVehiclesInvolved,NumberKilled,NumberInjured,Weather,RdwyConditionCode,HitandRun,DirAnalysisCode,MannerofCollision,RdwyCharacter,LightCondition,RampFromRdwyId,RampToRdwyId,AcceptedDate,IsSecondaryCollision,OwnerBadge,IncidentStatus,InjurySeverityCde,KABCO_Code,KABCO,Environmental_Factors,Human_Factors,Vehicular_Factors,CollisionYear,CityCrash
2290,27164193,0510100,HENDERSON POLICE DEPARTMENT,Accepted,HENDERSON,US0041A,,GREEN,ST,N,,,,13TH,,14TH,37.85398653,-87.57891145,17.068,2020-09-03,857,1,1,0,0,CLOUDY,DRY,False,COLLISION WITH FIXED OBJECT NON - INTERSECTION - FIRST EVENT COLLISION 09 - 32 EXCLUDING 16,SINGLE VEHICLE,CURVE & GRADE,DAYLIGHT,,,44077.57283,False,36,Accepted,5,5,O,OTHER,,,2020,1
2294,27168490,0510100,HENDERSON POLICE DEPARTMENT,Accepted,HENDERSON,,500,ELM,ST,S,,,,,,,37.83179094,-87.59753878,0.743,2020-09-02,1113,2,2,0,1,CLEAR,DRY,False,1 VEHICLE PARKED POSITION (NOT PARKING LOT/DRIVEWAY),BACKING,STRAIGHT & GRADE,DAYLIGHT,,,44078.4928,False,66,Accepted,5,4,C,,"EMOTIONAL, INATTENTION",,2020,1
2295,27173346,0510100,HENDERSON POLICE DEPARTMENT,Accepted,HENDERSON,,1030,3RD,ST,,,,,,,,37.83623159,-87.57843766,0.823,2020-09-03,1553,2,2,0,0,CLEAR,DRY,True,VEHICLE BACKING NON INTERSECTION,BACKING,STRAIGHT & LEVEL,DAYLIGHT,,,44079.8968,False,35,Accepted,5,5,O,,INATTENTION,,2020,1
2296,27173347,0510100,HENDERSON POLICE DEPARTMENT,Accepted,HENDERSON,US0041A,1765,GREEN,ST,S,,,,,,,37.8146848,-87.61705299,13.501,2020-09-01,1800,1,1,0,0,CLEAR,DRY,False,COLLISION WITH ANIMAL NON INTERSECTION,SINGLE VEHICLE,STRAIGHT & LEVEL,DAYLIGHT,,,44079.89686,False,59,Accepted,5,5,O,ANIMALS ACTION,,,2020,1
2297,27176083,0510100,HENDERSON POLICE DEPARTMENT,Accepted,HENDERSON,US0041A,529,GREEN,ST,S,,,,,,,37.83131654,-87.59566074,15.232,2020-08-17,1833,2,2,0,1,CLEAR,DRY,False,1 VEHICLE ENTERING/LEAVING ENTRANCE,ANGLE,STRAIGHT & LEVEL,DAYLIGHT,,,44080.7832,False,64,Accepted,5,3,B,,INATTENTION,BRAKES DEFECTIVE,2020,1
2298,27178072,0510100,HENDERSON POLICE DEPARTMENT,Accepted,HENDERSON,US0041A,,GREEN,ST,N,,HERRON,,,,,37.85483621,-87.57781235,17.15,2020-09-03,1207,2,2,0,0,CLOUDY,DRY,False,OPPOSING LEFT TURN,OPPOSING LEFT TURN,CURVE & GRADE,DAYLIGHT,,,44081.41017,False,36,Accepted,5,5,O,,FAILED TO YIELD RIGHT OF WAY,,2020,1
2299,27178073,0510100,HENDERSON POLICE DEPARTMENT,Accepted,HENDERSON,,1306,CLAY,ST,,,,,,,,37.82629568,-87.58073608,0.212,2020-09-03,100,4,4,0,0,RAINING,WET,True,1 VEHICLE PARKED POSITION (NOT PARKING LOT/DRIVEWAY),SIDESWIPE-SAME DIRECTION,STRAIGHT & LEVEL,DARK-HWY NOT LIGHTED,,,44081.41028,False,48,Accepted,5,5,O,,OTHER,,2020,1
2300,27180317,0510100,HENDERSON POLICE DEPARTMENT,Accepted,HENDERSON,US0041A,,GREEN,ST,N,,,,,,,37.83722703,-87.58994844,15.747,2020-09-04,1445,2,2,0,0,CLEAR,DRY,False,HEAD-ON COLLISION,HEAD ON,STRAIGHT & LEVEL,DAYLIGHT,,,44081.96385,False,29,Accepted,5,5,O,,FAILED TO YIELD RIGHT OF WAY,,2020,1
2301,27180318,0510100,HENDERSON POLICE DEPARTMENT,Accepted,HENDERSON,KY0136,,MADISON,ST,,,PORTER,,,,,37.81639267,-87.58245546,20.846,2020-09-03,1604,2,1,0,1,CLEAR,DRY,False,COLLISION WITH BICYCLE IN INTERSECTION,SINGLE VEHICLE,CURVE & LEVEL,DAYLIGHT,,,44081.9639,False,37,Accepted,5,3,B,,MISJUDGE CLEARANCE,,2020,1
2302,27180319,0510100,HENDERSON POLICE DEPARTMENT,Accepted,HENDERSON,US0041A,1680,GREEN,ST,S,,,,,,,37.81650804,-87.61409023,13.64,2020-09-05,1823,2,2,0,0,CLEAR,DRY,False,OTHER ROADWAY OR MID-BLOCK COLLISION,OPPOSING LEFT TURN,STRAIGHT & LEVEL,DAYLIGHT,,,44081.96395,False,59,Accepted,5,5,O,,"FAILED TO YIELD RIGHT OF WAY, INATTENTION, MISJUDGE CLEARANCE",,2020,1
2303,27180323,0510100,HENDERSON POLICE DEPARTMENT,Accepted,HENDERSON,US0041,,US41,,N,,WATSON,,,,,37.87536752,-87.56788707,17.41,2020-09-06,1629,2,2,0,0,CLEAR,DRY,True,ANGLE COLLISION - OTHER,ANGLE,STRAIGHT & LEVEL,DAYLIGHT,,,44081.96402,False,33,Accepted,5,5,O,,,,2020,1
2304,27180324,0510100,HENDERSON POLICE DEPARTMENT,Accepted,HENDERSON,KY2084,,KY2084,,S,,JAMERSON,,,,,37.81661812,-87.57029144,1.885,2020-09-06,2115,2,2,0,1,CLEAR,DRY,True,REAR END - ONE VEHICLE TURNING RIGHT,REAR END,STRAIGHT & LEVEL,DARK-HWY LIGHTED/ON,,,44081.96406,False,35,Accepted,5,4,C,,"FOLLOWING TOO CLOSE, INATTENTION",,2020,1
2310,27191651,0510100,HENDERSON POLICE DEPARTMENT,Accepted,HENDERSON,US0041A,1680,GREEN,ST,S,,,,,,,37.81865984,-87.6106593,13.975,2020-09-05,1848,2,2,0,0,CLEAR,DRY,False,1 VEHICLE PARKED POSITION (NOT PARKING LOT/DRIVEWAY),SIDESWIPE-OPPOSITE DIRECTION,STRAIGHT & LEVEL,DAYLIGHT,,,44084.27298,False,17,Accepted,5,5,O,OTHER,MISJUDGE CLEARANCE,,2020,1
2311,27192880,0510100,HENDERSON POLICE DEPARTMENT,Accepted,HENDERSON,,931,BELLEWOOD,DR,,,,,,,,37.87931883,-87.5376709,0.013,2020-09-07,1225,2,2,0,0,CLEAR,DRY,False,1 VEHICLE PARKED POSITION (NOT PARKING LOT/DRIVEWAY),SIDESWIPE-SAME DIRECTION,CURVE & GRADE,DAYLIGHT,,,44084.48309,False,72,Accepted,5,5,O,,MISJUDGE CLEARANCE,,2020,1
2312,27192886,0510100,HENDERSON POLICE DEPARTMENT,Accepted,HENDERSON,,1301,SECOND,ST,,,,,,,,37.83405781,-87.57496768,,2020-09-09,745,1,1,0,0,CLEAR,DRY,False,COLLISION WITH FIXED OBJECT NON - INTERSECTION - FIRST EVENT COLLISION 09 - 32 EXCLUDING 16,SINGLE VEHICLE,CURVE & GRADE,DAYLIGHT,,,44084.48347,False,23,Accepted,5,5,O,,LOST CONSCIOUSNESS/FAINTED,,2020,1
2313,27192888,0510100,HENDERSON POLICE DEPARTMENT,Accepted,HENDERSON,US0041,,US41,,N,,RETTIG,,,,,37.86730125,-87.57220382,16.803,2020-09-09,1057,2,2,0,0,CLEAR,DRY,False,HEAD-ON COLLISION,HEAD ON,STRAIGHT & LEVEL,DAYLIGHT,,,44084.48353,False,67,Accepted,5,5,O,,INATTENTION,,2020,1
2319,27202786,0510100,HENDERSON POLICE DEPARTMENT,Accepted,HENDERSON,US0041A,1640,GREEN,ST,S,,,,,,,37.8220849,-87.60487667,14.374,2020-09-11,412,1,1,0,0,CLEAR,DRY,False,COLLISION WITH ANIMAL NON INTERSECTION,SINGLE VEHICLE,STRAIGHT & LEVEL,DARK-HWY NOT LIGHTED,,,44087.01122,False,24,Accepted,5,5,O,ANIMALS ACTION,,,2020,1
2320,27205037,0510100,HENDERSON POLICE DEPARTMENT,Accepted,HENDERSON,,,MEADOW,ST,,,CLAY,,,,,37.82832751,-87.58434519,0.365,2020-09-04,2116,2,2,0,0,CLEAR,DRY,True,ANGLE COLLISION - OTHER,ANGLE,STRAIGHT & LEVEL,DARK-HWY NOT LIGHTED,,,44087.93438,False,33,Accepted,5,5,O,,,,2020,1
2321,27205038,0510100,HENDERSON POLICE DEPARTMENT,Accepted,HENDERSON,US0041,,US41,,N,,BARRET,,,,,37.86436862,-87.57384696,16.576,2020-09-08,1739,3,3,0,0,CLEAR,DRY,False,OPPOSING LEFT TURN,OPPOSING LEFT TURN,STRAIGHT & LEVEL,DAYLIGHT,,,44087.93464,True,59,Accepted,5,5,O,,"FAILED TO YIELD RIGHT OF WAY, INATTENTION",,2020,1
2322,27205039,0510100,HENDERSON POLICE DEPARTMENT,Accepted,HENDERSON,US0041A,,GREEN,ST,S,,YEAMAN,,,,,37.81952896,-87.60949989,14.061,2020-09-08,1545,2,2,0,0,CLEAR,DRY,True,ANGLE COLLISION - OTHER,ANGLE,STRAIGHT & LEVEL,DAYLIGHT,,,44087.93475,False,64,Accepted,5,5,O,,INATTENTION,,2020,1
2323,27205040,0510100,HENDERSON POLICE DEPARTMENT,Accepted,HENDERSON,,,WASHINGTON,ST,,,ADAMS,,,,,37.83448086,-87.58783265,1.005,2020-09-05,2117,2,2,0,0,CLEAR,DRY,False,SIDESWIPE-SAME DIRECTION,SIDESWIPE-SAME DIRECTION,STRAIGHT & LEVEL,DARK-HWY LIGHTED/ON,,,44087.9349,False,33,Accepted,5,5,O,,INATTENTION,,2020,1
2324,27205041,0510100,HENDERSON POLICE DEPARTMENT,Accepted,HENDERSON,US0041,2611,US41,,N,,,,,,,37.87493623,-87.56816431,17.434,2020-09-10,1738,2,2,0,0,CLEAR,DRY,False,OTHER ROADWAY OR MID-BLOCK COLLISION,OPPOSING LEFT TURN,STRAIGHT & LEVEL,DAYLIGHT,,,44087.93502,False,25,Accepted,5,5,O,,"FAILED TO YIELD RIGHT OF WAY, INATTENTION",,2020,1
2325,27205045,0510100,HENDERSON POLICE DEPARTMENT,Accepted,HENDERSON,,500,BARRET,BLVD,,,,,BARRET,US0041,US41,37.86303404,-87.57132946,0.741,2020-09-11,1803,2,2,0,0,CLEAR,DRY,False,SIDESWIPE COLLISION - OPPOSITE DIRECTION,SIDESWIPE-OPPOSITE DIRECTION,STRAIGHT & LEVEL,DAYLIGHT,,,44087.9353,False,5,Accepted,5,5,O,,NOT UNDER PROPER CONTROL,,2020,1
2326,27205469,0510100,HENDERSON POLICE DEPARTMENT,Accepted,HENDERSON,US0041,2855,US41,,N,,,,,,,37.87971551,-87.56545608,17.734,2020-09-12,2214,1,1,0,1,CLEAR,DRY,False,COLLISION WITH FIXED OBJECT NON - INTERSECTION - FIRST EVENT COLLISION 09 - 32 EXCLUDING 16,SINGLE VEHICLE,STRAIGHT & LEVEL,DARK-HWY LIGHTED/ON,,,44088.05618,False,24,Accepted,5,2,A,,INATTENTION,TIRE FAILURE,2020,1
2328,27207914,0510000,HENDERSON COUNTY SHERIFF DEPT.,Accepted,HENDERSON,US0041,,US41,,S,,,,,,,37.81065289,-87.56377593,12.584,2020-09-10,925,1,1,0,0,CLEAR,DRY,False,COLLISION WITH ANIMAL NON INTERSECTION,SINGLE VEHICLE,STRAIGHT & LEVEL,DARK-HWY NOT LIGHTED,,,44088.51805,False,136,Accepted,5,5,O,ANIMALS ACTION,,,2020,1
2333,27210195,0510100,HENDERSON POLICE DEPARTMENT,Accepted,HENDERSON,US0041,2630,US41,,N,,,,,,,37.87529596,-87.56772499,17.414,2020-09-10,1648,2,2,0,0,CLEAR,DRY,False,OTHER ROADWAY OR MID-BLOCK COLLISION,REAR END,STRAIGHT & LEVEL,DAYLIGHT,,,44088.98463,False,50,Accepted,5,5,O,,INATTENTION,,2020,1
2334,27210197,0510100,HENDERSON POLICE DEPARTMENT,Accepted,HENDERSON,US0041,2222,US41,,N,,,,,,,37.86992066,-87.57062286,17.006,2020-09-01,1733,2,2,0,0,CLOUDY,WET,False,OTHER ROADWAY OR MID-BLOCK COLLISION,REAR END,STRAIGHT & LEVEL,DAYLIGHT,,,44088.98469,False,50,Accepted,5,5,O,,INATTENTION,BRAKES DEFECTIVE,2020,1
2335,27210201,0510100,HENDERSON POLICE DEPARTMENT,Accepted,HENDERSON,US0041A,1200,GREEN,ST,N,,,,,,,37.85446686,-87.57836328,17.055,2020-09-10,1615,2,2,0,0,CLEAR,DRY,False,OTHER ROADWAY OR MID-BLOCK COLLISION,REAR END,STRAIGHT & LEVEL,DAYLIGHT,,,44088.98483,False,35,Accepted,5,5,O,,INATTENTION,,2020,1
2336,27210203,0510100,HENDERSON POLICE DEPARTMENT,Accepted,HENDERSON,US0041,2480,US41,,N,,,,,,,37.87103876,-87.57001999,17.086,2020-09-13,1343,2,2,0,0,CLEAR,DRY,False,REAR END IN TRAFFIC LANES BOTH VEHICLES MOVING,REAR END,STRAIGHT & LEVEL,DAYLIGHT,,,44088.9849,False,25,Accepted,5,5,O,,"INATTENTION, TOO FAST FOR CONDITIONS",,2020,1
2337,27212153,0510100,HENDERSON POLICE DEPARTMENT,Accepted,HENDERSON,,,POWELL,ST,,,ALVASIA,,,,,37.83226138,-87.58706048,0.627,2020-09-11,1129,2,2,0,0,CLEAR,DRY,False,OPPOSITE DIRECTION - BOTH VEHICLES GOING STRAIGHT AHEAD,SIDESWIPE-OPPOSITE DIRECTION,STRAIGHT & LEVEL,DAYLIGHT,,,44089.41762,False,65,Accepted,5,5,O,,INATTENTION,,2020,1
2341,27222802,0510100,HENDERSON POLICE DEPARTMENT,Accepted,HENDERSON,,,BARRET,BLVD,,,,,,,,37.85722688,-87.56598548,0.156,2020-09-15,1502,2,2,0,0,CLEAR,DRY,False,1 VEHICLE PARKED POSITION (NOT PARKING LOT/DRIVEWAY),HEAD ON,STRAIGHT & LEVEL,DAYLIGHT,,,44091.58159,False,72,Accepted,5,5,O,,"NOT UNDER PROPER CONTROL, OTHER",,2020,1
2342,27225864,0510100,HENDERSON POLICE DEPARTMENT,Accepted,HENDERSON,,1900,COUNTRY,DR,,,,,,,,37.80462976,-87.58907551,0.223,2020-09-13,1100,2,2,0,0,CLEAR,DRY,True,1 VEHICLE PARKED POSITION (NOT PARKING LOT/DRIVEWAY),SIDESWIPE-SAME DIRECTION,STRAIGHT & LEVEL,DAYLIGHT,,,44092.33215,False,18,Accepted,5,5,O,,INATTENTION,,2020,1
2343,27226077,0510100,HENDERSON POLICE DEPARTMENT,Accepted,HENDERSON,US0041A,,GREEN,ST,S,,,,FAIR ,,CANOE CREEK,37.82190026,-87.60513493,,2020-09-17,650,2,2,0,0,CLEAR,DRY,False,REAR END IN TRAFFIC LANES BOTH VEHICLES MOVING,REAR END,STRAIGHT & LEVEL,DAYLIGHT,,,44092.36082,False,23,Accepted,5,5,O,,INATTENTION,,2020,1
2344,27226078,0510100,HENDERSON POLICE DEPARTMENT,Accepted,HENDERSON,US0060,,US60,,E,,WATSON,,,,,37.86474128,-87.55507444,11.394,2020-09-16,1140,2,2,0,0,CLEAR,DRY,False,OTHER INTERSECTION COLLISIONS,REAR END,STRAIGHT & LEVEL,DAYLIGHT,,,44092.36094,False,67,Accepted,5,5,O,,INATTENTION,,2020,1
2345,27226079,0510100,HENDERSON POLICE DEPARTMENT,Accepted,HENDERSON,US0041,,US41,,N,,,,MARYWOOD,,BARRET,37.86629333,-87.57267557,16.731,2020-09-16,949,2,2,0,1,CLEAR,DRY,False,1 VEHICLE ENTERING/LEAVING ENTRANCE,ANGLE,STRAIGHT & LEVEL,DAYLIGHT,,,44092.36104,False,72,Accepted,5,3,B,OTHER,"FAILED TO YIELD RIGHT OF WAY, OTHER",,2020,1
2346,27226080,0510100,HENDERSON POLICE DEPARTMENT,Accepted,HENDERSON,,,US 41,,,,REID,,,,,37.81842154,-87.56982315,,2020-09-17,1335,2,2,0,0,CLEAR,DRY,False,ANGLE COLLISION - OTHER,ANGLE,STRAIGHT & LEVEL,DAYLIGHT,,,44092.36118,False,23,Accepted,5,5,O,,INATTENTION,,2020,1
2347,27226082,0510100,HENDERSON POLICE DEPARTMENT,Accepted,HENDERSON,US0041A,,GREEN,ST,N,,,,7TH,,8TH,37.84591194,-87.58430435,16.425,2020-09-16,835,2,2,0,2,CLEAR,DRY,False,HEAD-ON COLLISION,HEAD ON,STRAIGHT & LEVEL,DAYLIGHT,,,44092.36136,False,72,Accepted,5,3,B,,"INATTENTION, NOT UNDER PROPER CONTROL",,2020,1
2348,27226636,0510100,HENDERSON POLICE DEPARTMENT,Accepted,HENDERSON,,,12TH,ST,,,ELM,,,,,37.85276987,-87.58192008,0.198,2020-09-16,1213,2,2,0,0,CLEAR,DRY,False,ANGLE COLLISION - OTHER,ANGLE,STRAIGHT & LEVEL,DAYLIGHT,,,44092.4523,False,36,Accepted,5,5,O,,FAILED TO YIELD RIGHT OF WAY,,2020,1
2349,27229846,0510100,HENDERSON POLICE DEPARTMENT,Accepted,HENDERSON,US0060,,US60,,E,,,,,,,37.85980916,-87.56799999,10.586,2020-09-16,2253,2,2,0,2,CLEAR,DRY,True,REAR END IN TRAFFIC LANES BOTH VEHICLES MOVING,REAR END,STRAIGHT & GRADE,DARK-HWY LIGHTED/ON,,,44093.32396,False,62,Accepted,4,3,B,,DRUG INVOLVEMENT,,2020,1
2350,27231184,0510100,HENDERSON POLICE DEPARTMENT,Accepted,HENDERSON,US0041A,500,GREEN,ST,S,,,,,,,37.83114315,-87.59581905,15.224,2020-09-16,1513,2,2,0,0,CLEAR,DRY,False,1 VEHICLE ENTERING/LEAVING ENTRANCE,ANGLE,STRAIGHT & GRADE,DAYLIGHT,,,44093.92218,False,37,Accepted,5,5,O,,"MISJUDGE CLEARANCE, OVERCORRECTING/OVERSTEERING",,2020,1
2351,27237583,0510100,HENDERSON POLICE DEPARTMENT,Accepted,HENDERSON,US0041,,US41,,N,,RACETRACK,,,,,37.88289574,-87.56337129,17.976,2020-09-17,1128,2,2,0,0,CLEAR,DRY,False,SIDESWIPE-SAME DIRECTION,SIDESWIPE-SAME DIRECTION,STRAIGHT & LEVEL,DAYLIGHT,,,44095.61366,False,67,Accepted,5,5,O,,INATTENTION,,2020,1
2352,27237584,0510100,HENDERSON POLICE DEPARTMENT,Accepted,HENDERSON,US0041,,US41,,N,,,,BARRET,,MARYWOOD,37.866761,-87.5724558,16.766,2020-09-15,1309,2,2,0,0,CLOUDY,DRY,False,SIDESWIPE COLLISION - SAME DIRECTION,SIDESWIPE-SAME DIRECTION,STRAIGHT & LEVEL,DAYLIGHT,,,44095.61371,False,34,Accepted,5,5,O,,MISJUDGE CLEARANCE,OTHER,2020,1
2353,27239614,0510100,HENDERSON POLICE DEPARTMENT,Accepted,HENDERSON,US0060,,US60,,E,,DEER,,,,,37.86389099,-87.55966854,11.13,2020-09-21,439,1,1,0,0,CLEAR,DRY,False,COLLISION WITH ANIMAL IN INTERSECTION,SINGLE VEHICLE,STRAIGHT & GRADE,DARK-HWY NOT LIGHTED,,,44096.02747,False,24,Accepted,5,5,O,ANIMALS ACTION,,,2020,1
2354,27240727,0510100,HENDERSON POLICE DEPARTMENT,Accepted,HENDERSON,,,GREEN,ST,S,,KRESGE,,,,,37.81610029,-87.61481363,,2020-09-19,1040,2,2,0,2,CLEAR,DRY,False,ANGLE COLLISION - OTHER,ANGLE,STRAIGHT & LEVEL,DAYLIGHT,,,44096.35039,False,23,Accepted,3,3,B,,"FAILED TO YIELD RIGHT OF WAY, INATTENTION",,2020,1
2356,27241406,0510100,HENDERSON POLICE DEPARTMENT,Accepted,HENDERSON,,,HICKS,ST,,,,KY0812,AIRLINE,,CONNELL,37.82429337,-87.57456332,0.076,2020-09-18,1059,2,2,0,0,CLEAR,DRY,False,1 VEHICLE PARKED POSITION (NOT PARKING LOT/DRIVEWAY),SIDESWIPE-SAME DIRECTION,STRAIGHT & LEVEL,DAYLIGHT,,,44096.46948,False,65,Accepted,5,5,O,,INATTENTION,,2020,1
2357,27241407,0510100,HENDERSON POLICE DEPARTMENT,Accepted,HENDERSON,US0041A,,GREEN,ST,S,,,,WASHINGTON,,CENTER,37.83643629,-87.59067332,15.676,2020-09-18,1300,2,2,0,0,CLEAR,DRY,False,REAR END IN TRAFFIC LANES BOTH VEHICLES MOVING,REAR END,STRAIGHT & GRADE,DAYLIGHT,,,44096.46957,False,36,Accepted,5,5,O,,FOLLOWING TOO CLOSE,,2020,1
2358,27241854,0510100,HENDERSON POLICE DEPARTMENT,Accepted,HENDERSON,US0041,,US41,,N,,RACETRACK,,,,,37.8829679,-87.56346448,17.971,2020-09-21,854,2,2,0,1,CLEAR,DRY,False,ANGLE COLLISION - OTHER,ANGLE,STRAIGHT & LEVEL,DAYLIGHT,,,44096.55251,False,72,Accepted,5,3,B,,"FAILED TO YIELD RIGHT OF WAY, MISJUDGE CLEARANCE",,2020,1
2359,27243035,0510100,HENDERSON POLICE DEPARTMENT,Accepted,HENDERSON,US0041,2746,US41,,N,,,,,,,37.87383281,-87.56864838,17.293,2020-09-21,1520,3,3,0,0,CLEAR,DRY,False,HEAD-ON COLLISION,HEAD ON,STRAIGHT & LEVEL,DAYLIGHT,,,44096.69556,False,25,Accepted,5,5,O,,"FAILED TO YIELD RIGHT OF WAY, INATTENTION",,2020,1
2360,27244202,0510100,HENDERSON POLICE DEPARTMENT,Accepted,HENDERSON,,1400,POWELL,ST,,,,,,,,37.82765708,-87.57910038,1.167,2020-09-21,2336,3,3,0,1,CLEAR,DRY,False,1 VEHICLE PARKED POSITION (NOT PARKING LOT/DRIVEWAY),REAR END,STRAIGHT & LEVEL,DARK-HWY LIGHTED/ON,,,44096.98188,False,49,Accepted,5,3,B,,"ALCOHOL INVOLVEMENT, CELL PHONE",,2020,1
2364,27251754,0510100,HENDERSON POLICE DEPARTMENT,Accepted,HENDERSON,US0041,2600,US41,,N,,,,,,,37.87496917,-87.56790008,17.382,2020-09-23,1538,2,2,0,0,CLOUDY,DRY,False,OTHER ROADWAY OR MID-BLOCK COLLISION,OPPOSING LEFT TURN,STRAIGHT & LEVEL,DAYLIGHT,,,44098.79452,False,22,Accepted,5,5,O,,"FAILED TO YIELD RIGHT OF WAY, MISJUDGE CLEARANCE",,2020,1
2365,27251755,0510100,HENDERSON POLICE DEPARTMENT,Accepted,HENDERSON,US0041,2700,US41,,N,,,,,,,37.88031686,-87.56506626,17.718,2020-09-23,1656,2,2,0,0,CLEAR,DRY,False,REAR END IN TRAFFIC LANES BOTH VEHICLES MOVING,REAR END,STRAIGHT & LEVEL,DAYLIGHT,,,44098.7946,False,35,Accepted,5,5,O,,INATTENTION,,2020,1
2366,27254254,0510100,HENDERSON POLICE DEPARTMENT,Accepted,HENDERSON,,540,FAIR,ST,,,,,,,,37.82005314,-87.60107748,0.012,2020-09-23,200,1,1,0,0,CLEAR,DRY,True,OTHER ROADWAY OR MID-BLOCK COLLISION,SINGLE VEHICLE,STRAIGHT & LEVEL,DARK-HWY NOT LIGHTED,,,44099.43739,False,23,Accepted,5,5,O,,,,2020,1
2368,27259944,0510100,HENDERSON POLICE DEPARTMENT,Accepted,HENDERSON,,,IRISH IVY,LN,,,TARN,,,,,37.83514138,-87.54976552,0.114,2020-09-26,814,2,2,0,0,CLOUDY,DRY,False,ANGLE COLLISION - OTHER,ANGLE,STRAIGHT & LEVEL,DAYLIGHT,,,44101.37259,False,65,Accepted,5,5,O,,INATTENTION,,2020,1
2369,27260922,0510100,HENDERSON POLICE DEPARTMENT,Accepted,HENDERSON,US0041,3113,US41,,N,,,,,,,37.8829817,-87.56347685,17.972,2020-09-23,1629,2,2,0,0,CLEAR,DRY,True,VEHICLE BACKING NON INTERSECTION,BACKING,STRAIGHT & LEVEL,DAYLIGHT,,,44101.80714,False,50,Accepted,5,5,O,,OTHER,,2020,1
2370,27260923,0510100,HENDERSON POLICE DEPARTMENT,Accepted,HENDERSON,US0041,,US41,,N,,,,,,,37.88261628,-87.56366881,17.994,2020-09-25,1651,2,2,0,0,CLEAR,DRY,False,1 VEHICLE ENTERING/LEAVING ENTRANCE,ANGLE,STRAIGHT & LEVEL,DAYLIGHT,,,44101.80723,False,50,Accepted,5,5,O,,INATTENTION,,2020,1
2371,27260924,0510100,HENDERSON POLICE DEPARTMENT,Accepted,HENDERSON,KY0136,1425,MADISON,ST,,,,,,,,37.81867012,-87.58628211,20.588,2020-09-22,1410,1,1,0,0,CLEAR,DRY,False,COLLISION WITH FIXED OBJECT NON - INTERSECTION - FIRST EVENT COLLISION 09 - 32 EXCLUDING 16,SINGLE VEHICLE,STRAIGHT & LEVEL,DAYLIGHT,,,44101.80746,False,37,Accepted,5,5,O,,MISJUDGE CLEARANCE,,2020,1
2372,27260925,0510100,HENDERSON POLICE DEPARTMENT,Accepted,HENDERSON,,,WATSON,LN,,,,,,,,37.86871576,-87.55760896,0.304,2020-09-23,2014,2,2,0,0,CLEAR,DRY,False,REAR END IN TRAFFIC LANES BOTH VEHICLES MOVING,REAR END,STRAIGHT & LEVEL,DARK-HWY NOT LIGHTED,,,44101.80762,False,50,Accepted,5,5,O,,"FOLLOWING TOO CLOSE, INATTENTION, OTHER",,2020,1
2373,27260926,0510100,HENDERSON POLICE DEPARTMENT,Accepted,HENDERSON,US0041,,US41,,N,,,,,,,37.87534124,-87.56770718,17.414,2020-09-23,1535,2,2,0,0,CLEAR,DRY,False,1 VEHICLE ENTERING/LEAVING ENTRANCE,ANGLE,STRAIGHT & LEVEL,DAYLIGHT,,,44101.80775,False,50,Accepted,5,5,O,,INATTENTION,,2020,1
2374,27260928,0510100,HENDERSON POLICE DEPARTMENT,Accepted,HENDERSON,US0041A,,GREEN,ST,N,,RAY,,,,,37.84752016,-87.58325857,16.552,2020-09-26,1638,2,2,0,1,CLEAR,DRY,False,ANGLE COLLISION - OTHER,ANGLE,STRAIGHT & LEVEL,DAYLIGHT,,,44101.80794,False,64,Accepted,3,3,B,,INATTENTION,,2020,1
2375,27261549,0510100,HENDERSON POLICE DEPARTMENT,Accepted,HENDERSON,,641,MARYWOOD,DR,,,,,,,,37.86398706,-87.56687771,0.235,2020-09-26,51,1,1,0,0,CLEAR,DRY,False,COLLISION WITH FIXED OBJECT NON - INTERSECTION - FIRST EVENT COLLISION 09 - 32 EXCLUDING 16,SINGLE VEHICLE,STRAIGHT & GRADE,DARK-HWY NOT LIGHTED,,,44102.0313,False,24,Accepted,5,5,O,ANIMALS ACTION,,,2020,1
2378,27267492,0510100,HENDERSON POLICE DEPARTMENT,Accepted,HENDERSON,,400,ADAMS,ST,S,,,,,,,37.83093288,-87.59230354,0.437,2020-09-26,727,1,1,0,0,CLEAR,DRY,False,COLLISION WITH FIXED OBJECT NON - INTERSECTION - FIRST EVENT COLLISION 09 - 32 EXCLUDING 16,SINGLE VEHICLE,STRAIGHT & GRADE,DAYLIGHT,,,44103.37461,False,66,Accepted,5,5,O,,INATTENTION,,2020,1
2382,27270929,0510100,HENDERSON POLICE DEPARTMENT,Accepted,HENDERSON,,302,INGRAM,ST,S,,,,,,,37.83294433,-87.59212616,0.5,2020-09-27,1752,2,2,0,0,CLEAR,DRY,True,1 VEHICLE PARKED POSITION (NOT PARKING LOT/DRIVEWAY),SIDESWIPE-OPPOSITE DIRECTION,STRAIGHT & LEVEL,DAYLIGHT,,,44103.955,False,59,Accepted,5,5,O,,,,2020,1