OBJECTID,IncidentID,AgencyORI,AgencyName,IncidentStatusDesc,County,RdwyNumber,Street,RoadwayName,StreetSfx,StreetDir,IntersectionRdwy,IntersectionRdwyName,BetweenStRdwy1,BetweenStRdwyName1,BetweenStRdwy2,BetweenStRdwyName2,Latitude,Longitude,Milepoint,CollisionDate,CollisionTime,UnitsInvolved,MotorVehiclesInvolved,NumberKilled,NumberInjured,Weather,RdwyConditionCode,HitandRun,DirAnalysisCode,MannerofCollision,RdwyCharacter,LightCondition,RampFromRdwyId,RampToRdwyId,AcceptedDate,IsSecondaryCollision,OwnerBadge,IncidentStatus,InjurySeverityCde,KABCO_Code,KABCO,Environmental_Factors,Human_Factors,Vehicular_Factors,CollisionYear,CityCrash
2383,27271027,0510100,HENDERSON POLICE DEPARTMENT,Accepted,HENDERSON,,1600,CLAY,ST,,,,,,,,37.82473202,-87.57783506,0.02,2020-09-28,1638,2,2,0,0,CLEAR,DRY,False,OTHER ROADWAY OR MID-BLOCK COLLISION,REAR END,STRAIGHT & LEVEL,DAYLIGHT,,,44103.98912,False,64,Accepted,5,5,O,,NOT UNDER PROPER CONTROL,,2020,1
2384,27271028,0510100,HENDERSON POLICE DEPARTMENT,Accepted,HENDERSON,,,WOOD,DR,,,LAKEVIEW,,,,,37.86769251,-87.56446421,0.059,2020-09-28,1953,2,2,0,1,CLEAR,DRY,False,OPPOSING LEFT TURN,OPPOSING LEFT TURN,STRAIGHT & LEVEL,DARK-HWY LIGHTED/ON,,,44103.98944,False,25,Accepted,5,3,B,,"FAILED TO YIELD RIGHT OF WAY, INATTENTION",,2020,1
2385,27271030,0510100,HENDERSON POLICE DEPARTMENT,Accepted,HENDERSON,US0041A,,US41 ALT,,,,,,,,,37.8570844,-87.5736783,17.412,2020-09-28,2134,2,2,0,0,CLEAR,DRY,False,SIDESWIPE COLLISION - SAME DIRECTION,SIDESWIPE-SAME DIRECTION,STRAIGHT & LEVEL,DARK-HWY LIGHTED/ON,,,44103.98977,False,25,Accepted,5,5,O,,"INATTENTION, MISJUDGE CLEARANCE",,2020,1
2386,27271031,0510100,HENDERSON POLICE DEPARTMENT,Accepted,HENDERSON,US0041A,1700,GREEN,ST,S,,,,,,,37.81578002,-87.61522151,13.639,2020-09-25,1517,2,2,0,1,CLEAR,DRY,True,1 VEHICLE ENTERING/LEAVING ENTRANCE,ANGLE,STRAIGHT & LEVEL,DAYLIGHT,,,44103.98986,False,37,Accepted,5,4,C,,"INATTENTION, MISJUDGE CLEARANCE, TURNING IMPROPERLY",,2020,1
2387,27271032,0510100,HENDERSON POLICE DEPARTMENT,Accepted,HENDERSON,,800,ELM,ST,N,,,,,,,37.8488219,-87.58441886,0.84,2020-09-29,1500,2,2,0,0,CLEAR,DRY,False,1 VEHICLE PARKED POSITION (NOT PARKING LOT/DRIVEWAY),REAR END,STRAIGHT & LEVEL,DAYLIGHT,,,44103.98997,False,35,Accepted,5,5,O,,INATTENTION,,2020,1
2388,27271252,0510100,HENDERSON POLICE DEPARTMENT,Accepted,HENDERSON,,,LAWNDALE APARTMENTS,CT,,,,,,,,37.827422,-87.58618125,0.069,2020-09-21,2208,2,2,0,0,CLEAR,DRY,True,1 VEHICLE PARKED POSITION (NOT PARKING LOT/DRIVEWAY),ANGLE,STRAIGHT & LEVEL,DARK-HWY LIGHTED/ON,,,44104.04805,False,46,Accepted,5,5,O,,INATTENTION,,2020,1
2390,27272969,0510100,HENDERSON POLICE DEPARTMENT,Accepted,HENDERSON,,,ARBOR DR A,,,,,,,,,37.8108703,-87.60935833,0.212,2020-09-29,645,2,2,0,0,CLEAR,DRY,False,1 VEHICLE PARKED POSITION (NOT PARKING LOT/DRIVEWAY),ANGLE,STRAIGHT & LEVEL,DAYLIGHT,,,44104.43821,False,72,Accepted,5,5,O,,INATTENTION,,2020,1
2393,27275432,0510100,HENDERSON POLICE DEPARTMENT,Accepted,HENDERSON,US0041,,US41,,N,,,,,,,37.85485328,-87.57067787,15.88,2020-09-23,1612,2,2,0,0,CLEAR,DRY,False,SIDESWIPE COLLISION - SAME DIRECTION,SIDESWIPE-SAME DIRECTION,STRAIGHT & LEVEL,DAYLIGHT,,,44104.87294,False,50,Accepted,5,5,O,,"INATTENTION, MISJUDGE CLEARANCE",,2020,1
2394,27275726,0510100,HENDERSON POLICE DEPARTMENT,Accepted,HENDERSON,US0060,,US60,,E,,,,,,,37.86463176,-87.55109753,11.61,2020-09-30,1722,2,1,0,0,CLEAR,DRY,True,COLLISION WITH PEDESTRIAN NON - INTERSECTION,SINGLE VEHICLE,STRAIGHT & LEVEL,DAYLIGHT,,,44104.96013,False,50,Accepted,5,5,O,,OTHER,,2020,1
2395,27275727,0510100,HENDERSON POLICE DEPARTMENT,Accepted,HENDERSON,,,WASHINGTON,ST,,,,,,,,37.83326493,-87.58586135,0.868,2020-09-25,2130,2,2,0,0,CLEAR,DRY,False,SIDESWIPE COLLISION - OPPOSITE DIRECTION,SIDESWIPE-OPPOSITE DIRECTION,STRAIGHT & GRADE,DARK-HWY LIGHTED/ON,,,44104.96022,False,19,Accepted,5,5,O,,ALCOHOL INVOLVEMENT,,2020,1
2399,27280667,0510100,HENDERSON POLICE DEPARTMENT,Accepted,HENDERSON,US0060,,US60,,E,,BARRET,,,,,37.85971645,-87.56781396,10.588,2020-09-28,641,2,2,0,0,CLOUDY,WET,False,SIDESWIPE-SAME DIRECTION,SIDESWIPE-SAME DIRECTION,STRAIGHT & LEVEL,DAYLIGHT,,,44106.18008,False,33,Accepted,5,5,O,,INATTENTION,,2020,1
2400,27283521,0510100,HENDERSON POLICE DEPARTMENT,Accepted,HENDERSON,US0041A,301,GREEN,ST,S,,,,,,,37.83340386,-87.59366381,15.408,2020-09-30,1739,2,2,0,0,CLEAR,DRY,False,REAR END IN TRAFFIC LANES BOTH VEHICLES MOVING,REAR END,STRAIGHT & LEVEL,DAYLIGHT,,,44106.77222,False,37,Accepted,5,5,O,,"FOLLOWING TOO CLOSE, INATTENTION",,2020,1
2401,27283522,0510100,HENDERSON POLICE DEPARTMENT,Accepted,HENDERSON,,600,LETCHER,ST,,,,,,,,37.82458448,-87.58139988,0.334,2020-09-30,1943,2,2,0,0,CLEAR,DRY,False,1 VEHICLE ENTERING/LEAVING ENTRANCE,ANGLE,STRAIGHT & LEVEL,DARK-HWY LIGHTED/ON,,,44106.77267,False,19,Accepted,5,5,O,,INATTENTION,,2020,1
2402,27283524,0510100,HENDERSON POLICE DEPARTMENT,Accepted,HENDERSON,,,POWELL,ST,,,MEADOW,,,,,37.82985591,-87.58300841,0.904,2020-10-01,1501,2,2,0,0,CLEAR,DRY,False,ANGLE COLLISION - OTHER,ANGLE,STRAIGHT & LEVEL,DAYLIGHT,,,44106.77283,False,37,Accepted,5,5,O,,MISJUDGE CLEARANCE,,2020,1
2404,27284711,0510100,HENDERSON POLICE DEPARTMENT,Accepted,HENDERSON,US0041A,1400,GREEN,ST,N,,,,,,,37.85447433,-87.57837518,17.114,2020-10-01,340,1,1,0,0,CLEAR,DRY,False,COLLISION WITH FIXED OBJECT NON - INTERSECTION - FIRST EVENT COLLISION 09 - 32 EXCLUDING 16,SINGLE VEHICLE,STRAIGHT & LEVEL,DARK-HWY LIGHTED/ON,,,44107.17279,False,24,Accepted,5,5,O,,"INATTENTION, NOT UNDER PROPER CONTROL",,2020,1
2405,27285454,0510100,HENDERSON POLICE DEPARTMENT,Accepted,HENDERSON,,1024,POWELL,ST,,,,,,,,37.82837163,-87.58049651,1.075,2020-09-30,1330,2,2,0,0,CLEAR,DRY,False,1 VEHICLE PARKED POSITION (NOT PARKING LOT/DRIVEWAY),BACKING,STRAIGHT & LEVEL,DAYLIGHT,,,44107.61246,False,27,Accepted,5,5,O,,IMPROPER BACKING,,2020,1
2406,27285455,0510100,HENDERSON POLICE DEPARTMENT,Accepted,HENDERSON,,1022,MARYWOOD,DR,,,,,,,,37.86193678,-87.56555926,0.077,2020-10-02,1130,2,2,0,0,CLOUDY,DRY,False,1 VEHICLE PARKED POSITION (NOT PARKING LOT/DRIVEWAY),SIDESWIPE-SAME DIRECTION,STRAIGHT & LEVEL,DAYLIGHT,,,44107.61262,False,27,Accepted,5,5,O,,MISJUDGE CLEARANCE,,2020,1
2407,27285456,0510100,HENDERSON POLICE DEPARTMENT,Accepted,HENDERSON,,100,2ND,ST,,,,,,,,37.84124714,-87.59300128,0.276,2020-10-02,1335,2,2,0,0,CLOUDY,DRY,False,VEHICLE BACKING NON INTERSECTION,BACKING,STRAIGHT & LEVEL,DAYLIGHT,,,44107.61291,False,27,Accepted,5,5,O,,IMPROPER BACKING,,2020,1
2408,27285460,0510100,HENDERSON POLICE DEPARTMENT,Accepted,HENDERSON,US0041,,60,HWY,E,,,,,,,37.85686939,-87.5738307,0.109,2020-10-02,1156,2,2,0,0,CLOUDY,DRY,False,OTHER RAMP RELATED COLLISIONS NOT LISTED ABOVE,REAR END,CURVE & HILLCREST,DAYLIGHT,US0041,US0060,44107.61377,False,27,Accepted,5,5,O,,FAILED TO YIELD RIGHT OF WAY,,2020,1
2409,27293094,0510100,HENDERSON POLICE DEPARTMENT,Accepted,HENDERSON,,,ADAMS,LN,,KY0351,ZION,,,,,37.8259119,-87.54824246,,2020-10-02,719,2,2,0,0,CLEAR,DRY,False,OTHER INTERSECTION COLLISIONS,REAR END,STRAIGHT & LEVEL,DAYLIGHT,,,44109.58719,False,65,Accepted,5,5,O,,INATTENTION,,2020,1
2410,27293098,0510100,HENDERSON POLICE DEPARTMENT,Accepted,HENDERSON,,,WASHINGTON,ST,,,,,BURDETTE,,HICKS,37.82621866,-87.57379872,0.047,2020-10-02,1219,1,1,0,0,CLEAR,DRY,True,COLLISION WITH FIXED OBJECT NON - INTERSECTION - FIRST EVENT COLLISION 09 - 32 EXCLUDING 16,SINGLE VEHICLE,STRAIGHT & LEVEL,DAYLIGHT,,,44109.58748,False,65,Accepted,5,5,O,,MISJUDGE CLEARANCE,,2020,1
2411,27293099,0510100,HENDERSON POLICE DEPARTMENT,Accepted,HENDERSON,,,2ND,ST,,,,,ELM,US0041A,GREEN,37.83987461,-87.5894451,0.06,2020-10-03,1005,2,2,0,0,CLEAR,DRY,False,1 VEHICLE ENTERING/LEAVING ENTRANCE,ANGLE,STRAIGHT & LEVEL,DAYLIGHT,,,44109.58753,False,34,Accepted,5,5,O,,INATTENTION,,2020,1
2412,27293100,0510100,HENDERSON POLICE DEPARTMENT,Accepted,HENDERSON,US0041A,,GREEN,ST,N,,,,10TH,,CRESTVIEW,37.85014015,-87.58152445,16.76,2020-10-03,1225,2,2,0,0,CLEAR,DRY,False,OTHER COLLISIONS ON SHOULDER,ANGLE,STRAIGHT & HILLCREST,DAYLIGHT,,,44109.58765,False,49,Accepted,5,5,O,,DISTRACTION,,2020,1
2413,27293103,0510100,HENDERSON POLICE DEPARTMENT,Accepted,HENDERSON,,,AUDUBON,ST,,,ELM,,,,,37.83153435,-87.59775108,0.102,2020-09-29,1143,2,2,0,0,CLEAR,DRY,False,ANGLE COLLISION - OTHER,ANGLE,STRAIGHT & LEVEL,DAYLIGHT,,,44109.58787,False,66,Accepted,5,5,O,,INATTENTION,,2020,1
2414,27293108,0510100,HENDERSON POLICE DEPARTMENT,Accepted,HENDERSON,,622,7TH,ST,,,,,,,,37.84448851,-87.58088835,0.509,2020-10-05,1120,2,2,0,2,CLEAR,DRY,False,VEHICLE BACKING NON INTERSECTION,BACKING,STRAIGHT & LEVEL,DAYLIGHT,,,44109.58811,False,27,Accepted,5,3,B,,IMPROPER BACKING,,2020,1
2415,27294083,0510100,HENDERSON POLICE DEPARTMENT,Accepted,HENDERSON,,,14TH,ST,,US0041A,GREEN,,,,,37.8540822,-87.57885927,0.11,2020-10-02,1428,3,3,0,1,CLEAR,DRY,False,ANGLE COLLISION - OTHER,ANGLE,STRAIGHT & LEVEL,DAYLIGHT,,,44109.81549,False,17,Accepted,4,4,C,VIEW OBSTRUCTED/LIMITED DUE TO RDWY,INATTENTION,,2020,1
2416,27294091,0510100,HENDERSON POLICE DEPARTMENT,Accepted,HENDERSON,,,WASHINGTON,ST,,,MAIN,,,,,37.83826806,-87.59353904,1.394,2020-10-03,1352,2,2,0,0,CLEAR,DRY,False,VEHICLE BACKING IN INTERSECTION,BACKING,STRAIGHT & LEVEL,DAYLIGHT,,,44109.81782,False,17,Accepted,5,5,O,,INATTENTION,,2020,1
2417,27294095,0510100,HENDERSON POLICE DEPARTMENT,Accepted,HENDERSON,,840,ADAMS,ST,N,,,,,,,37.84671682,-87.58021931,0.819,2020-10-04,1440,2,2,0,0,CLOUDY,DRY,False,1 VEHICLE PARKED POSITION (NOT PARKING LOT/DRIVEWAY),SIDESWIPE-SAME DIRECTION,STRAIGHT & LEVEL,DAYLIGHT,,,44109.81813,False,25,Accepted,5,5,O,,MISJUDGE CLEARANCE,,2020,1
2418,27294158,0510100,HENDERSON POLICE DEPARTMENT,Accepted,HENDERSON,KY2084,,KY2084,,S,,,,,,,37.80487364,-87.57267985,1.027,2020-10-02,1739,2,2,0,0,CLEAR,DRY,False,OTHER ROADWAY OR MID-BLOCK COLLISION,REAR TO REAR,STRAIGHT & LEVEL,DAYLIGHT,,,44109.83153,False,19,Accepted,5,5,O,,INATTENTION,,2020,1
2419,27298267,0510100,HENDERSON POLICE DEPARTMENT,Accepted,HENDERSON,,1423,CLAY,ST,,,,,,,,37.82565603,-87.57950606,0.132,2020-09-08,1123,2,2,0,0,CLEAR,DRY,True,1 VEHICLE PARKED POSITION (NOT PARKING LOT/DRIVEWAY),SIDESWIPE-SAME DIRECTION,STRAIGHT & GRADE,DAYLIGHT,,,44110.60258,False,72,Accepted,5,5,O,,OTHER,,2020,1
2420,27298268,0510100,HENDERSON POLICE DEPARTMENT,Accepted,HENDERSON,US0041,,US41,,N,,,,,,,37.8573763,-87.57350591,16.072,2020-10-05,1225,2,2,0,0,CLEAR,DRY,False,SIDESWIPE COLLISION - SAME DIRECTION,SIDESWIPE-SAME DIRECTION,STRAIGHT & LEVEL,DAYLIGHT,,,44110.60262,False,72,Accepted,5,5,O,OTHER,OTHER,,2020,1
2421,27301914,0510100,HENDERSON POLICE DEPARTMENT,Accepted,HENDERSON,KY0351,,2ND,ST,,,,,,,,37.83660518,-87.58135803,0.434,2020-10-06,933,2,2,0,2,CLEAR,DRY,False,REAR END IN TRAFFIC LANES BOTH VEHICLES MOVING,REAR END,STRAIGHT & LEVEL,DAYLIGHT,,,44111.4306,False,72,Accepted,5,4,C,,OTHER,,2020,1
2422,27301916,0510100,HENDERSON POLICE DEPARTMENT,Accepted,HENDERSON,,,2ND,ST,,,ELM,,,,,37.84013271,-87.59000204,0.095,2020-10-06,1406,2,2,0,0,CLEAR,DRY,False,ANGLE COLLISION - OTHER,ANGLE,STRAIGHT & LEVEL,DAYLIGHT,,,44111.43075,False,72,Accepted,5,5,O,,"DISREGARD TRAFFIC CONTROL, FAILED TO YIELD RIGHT OF WAY",,2020,1
2423,27301917,0510100,HENDERSON POLICE DEPARTMENT,Accepted,HENDERSON,,,SUNSET,LN,,,SPRINGER,,,,,37.87459156,-87.57410408,0.391,2020-10-06,944,1,1,0,1,CLEAR,DRY,False,OTHER INTERSECTION COLLISIONS,SINGLE VEHICLE,STRAIGHT & LEVEL,DAYLIGHT,,,44111.43092,False,67,Accepted,5,4,C,,OTHER,,2020,1
2424,27302974,0510100,HENDERSON POLICE DEPARTMENT,Accepted,HENDERSON,KY0351,600,2ND,ST,,,ALVES,,,,,37.83773194,-87.58412645,0.26,2020-10-05,1644,2,2,0,2,CLEAR,DRY,False,ANGLE COLLISION - OTHER,ANGLE,STRAIGHT & LEVEL,DAYLIGHT,,,44111.57763,False,35,Accepted,4,4,C,,INATTENTION,,2020,1
2425,27302986,0510100,HENDERSON POLICE DEPARTMENT,Accepted,HENDERSON,KY0351,633,2ND,ST,,,,,,,,37.8386891,-87.5863724,0.069,2020-10-05,1410,2,2,0,0,CLEAR,DRY,True,1 VEHICLE PARKED POSITION (NOT PARKING LOT/DRIVEWAY),SIDESWIPE-SAME DIRECTION,STRAIGHT & LEVEL,DAYLIGHT,,,44111.57803,False,35,Accepted,5,5,O,,INATTENTION,,2020,1
2426,27302992,0510100,HENDERSON POLICE DEPARTMENT,Accepted,HENDERSON,US0041,2846,US41,,N,,,,,,,37.87817277,-87.56643253,17.616,2020-10-05,1749,2,2,0,0,CLEAR,DRY,False,REAR END IN TRAFFIC LANES BOTH VEHICLES MOVING,REAR END,STRAIGHT & LEVEL,DAYLIGHT,,,44111.57825,False,25,Accepted,5,5,O,,"DISTRACTION, INATTENTION",,2020,1
2427,27302996,0510100,HENDERSON POLICE DEPARTMENT,Accepted,HENDERSON,US0041,,US41,,N,,BARKER,,,,,37.87219669,-87.56949812,17.176,2020-10-05,1552,2,2,0,0,CLEAR,DRY,False,OTHER INTERSECTION COLLISIONS,REAR END,STRAIGHT & LEVEL,DAYLIGHT,,,44111.57837,False,25,Accepted,5,5,O,,INATTENTION,,2020,1
2428,27308459,0510100,HENDERSON POLICE DEPARTMENT,Accepted,HENDERSON,,,WATSON,LN,,,FLINTLOCK,,,,,37.86596535,-87.55555034,0.093,2020-10-07,1400,2,2,0,0,CLEAR,DRY,False,OPPOSING LEFT TURN,OPPOSING LEFT TURN,CURVE & HILLCREST,DAYLIGHT,,,44112.70846,False,37,Accepted,5,5,O,,"INATTENTION, MISJUDGE CLEARANCE",,2020,1
2429,27308464,0510100,HENDERSON POLICE DEPARTMENT,Accepted,HENDERSON,,,5TH,ST,,US0041A,GREEN,,,,,37.84333081,-87.58606985,0.948,2020-10-06,1709,2,2,0,4,CLEAR,DRY,False,ANGLE COLLISION - OTHER,ANGLE,STRAIGHT & LEVEL,DAYLIGHT,,,44112.70886,False,37,Accepted,5,2,A,,"ALCOHOL INVOLVEMENT, DISREGARD TRAFFIC CONTROL, DRUG INVOLVEMENT",,2020,1
2430,27308469,0510100,HENDERSON POLICE DEPARTMENT,Accepted,HENDERSON,KY0351,,ZION,RD,,,,,,,,37.83053795,-87.56554871,1.391,2020-10-07,1905,2,2,0,0,CLEAR,DRY,False,1 VEHICLE ENTERING/LEAVING ENTRANCE,ANGLE,STRAIGHT & LEVEL,DARK-HWY LIGHTED/ON,,,44112.70958,False,19,Accepted,5,5,O,,INATTENTION,,2020,1
2431,27311066,0510100,HENDERSON POLICE DEPARTMENT,Accepted,HENDERSON,US0041,,US41,,N,,WATSON,,,,,37.87534327,-87.56785047,17.408,2020-09-30,729,2,2,0,1,CLEAR,DRY,False,SIDESWIPE-SAME DIRECTION,SIDESWIPE-SAME DIRECTION,STRAIGHT & LEVEL,DAYLIGHT,,,44113.3942,False,22,Accepted,5,2,A,,"FAILED TO KEEP PROPER LANE, TURNING IMPROPERLY",,2020,1
2432,27311068,0510100,HENDERSON POLICE DEPARTMENT,Accepted,HENDERSON,US0041A,,GREEN,ST,N,,5TH,,,,,37.84328237,-87.58598966,16.217,2020-10-07,1226,2,2,0,0,CLEAR,DRY,False,OPPOSING LEFT TURN,OPPOSING LEFT TURN,STRAIGHT & LEVEL,DAYLIGHT,,,44113.39454,False,49,Accepted,5,5,O,,"FAILED TO YIELD RIGHT OF WAY, INATTENTION",,2020,1
2435,27312996,0510100,HENDERSON POLICE DEPARTMENT,Accepted,HENDERSON,US0060,2950,US60,,E,,,,,,,37.86478397,-87.5475314,11.804,2020-10-09,1411,2,2,0,1,CLOUDY,DRY,False,OTHER ROADWAY OR MID-BLOCK COLLISION,OPPOSING LEFT TURN,STRAIGHT & LEVEL,DAYLIGHT,,,44113.7758,False,25,Accepted,5,3,B,,"FAILED TO YIELD RIGHT OF WAY, INATTENTION",,2020,1
2436,27313139,0510100,HENDERSON POLICE DEPARTMENT,Accepted,HENDERSON,US0041,,US41,,N,,,,,,,37.85714283,-87.5732573,16.053,2020-10-09,1527,2,2,0,1,CLEAR,DRY,False,SIDESWIPE COLLISION - SAME DIRECTION,SIDESWIPE-SAME DIRECTION,CURVE & GRADE,DAYLIGHT,,,44113.80984,False,50,Accepted,5,4,C,,"FAILED TO YIELD RIGHT OF WAY, INATTENTION",,2020,1
2437,27317995,0510100,HENDERSON POLICE DEPARTMENT,Accepted,HENDERSON,KY0351,,2ND,ST,,,,,,,,37.83144733,-87.5694483,1.177,2020-10-09,1523,2,2,0,0,CLEAR,DRY,False,1 VEHICLE ENTERING/LEAVING ENTRANCE,ANGLE,STRAIGHT & LEVEL,DAYLIGHT,,,44115.73245,False,19,Accepted,5,5,O,,INATTENTION,,2020,1
2438,27318091,0510100,HENDERSON POLICE DEPARTMENT,Accepted,HENDERSON,US0041A,1139,GREEN,ST,N,,,,,,,37.85161501,-87.580668,16.874,2020-10-09,1354,2,2,0,0,CLEAR,DRY,False,REAR END IN TRAFFIC LANES BOTH VEHICLES MOVING,REAR END,STRAIGHT & LEVEL,DAYLIGHT,,,44115.7526,False,17,Accepted,5,5,O,,,BRAKES DEFECTIVE,2020,1
2439,27318558,0510100,HENDERSON POLICE DEPARTMENT,Accepted,HENDERSON,,,2ND,ST,,US0041A,GREEN,,,,,37.83944278,-87.58847428,0.002,2020-10-11,1440,2,2,0,2,CLEAR,DRY,False,ANGLE COLLISION - OTHER,ANGLE,STRAIGHT & LEVEL,DAYLIGHT,,,44115.89412,False,50,Accepted,5,4,C,,"DISREGARD TRAFFIC CONTROL, INATTENTION",,2020,1
2440,27321016,0510100,HENDERSON POLICE DEPARTMENT,Accepted,HENDERSON,US0041A,,GREEN,ST,N,,,,4TH,,5TH,37.84269214,-87.586348,16.172,2020-10-09,937,2,2,0,1,CLEAR,DRY,False,REAR END IN TRAFFIC LANES BOTH VEHICLES MOVING,REAR END,STRAIGHT & LEVEL,DAYLIGHT,,,44116.4454,False,48,Accepted,5,4,C,,INATTENTION,,2020,1
2441,27321019,0510100,HENDERSON POLICE DEPARTMENT,Accepted,HENDERSON,,,WALNUT,LN,,,,,MARLOW,US0041,US41,37.88016948,-87.56639614,0.27,2020-10-11,1159,1,1,0,0,CLEAR,DRY,False,RAN OFF ROADWAY (1 VEHICLE WITH/EARTH EMBANKMENT/DITCH),SINGLE VEHICLE,STRAIGHT & LEVEL,DAYLIGHT,,,44116.44557,False,22,Accepted,5,5,O,,LOST CONSCIOUSNESS/FAINTED,,2020,1
2445,27326517,0510100,HENDERSON POLICE DEPARTMENT,Accepted,HENDERSON,US0041,,US41,,N,,,US0041,US41 S EXIT81 OFF RAMP TO US60 W,,CINEMA,37.86181484,-87.57521926,16.394,2020-10-12,1233,2,2,0,0,CLOUDY,DRY,False,SIDESWIPE COLLISION - SAME DIRECTION,SIDESWIPE-SAME DIRECTION,CURVE & GRADE,DAYLIGHT,,,44117.56809,False,36,Accepted,5,5,O,,INATTENTION,,2020,1
2446,27328432,0510100,HENDERSON POLICE DEPARTMENT,Accepted,HENDERSON,US0041,3113,US41,,N,,,,,,,37.88314851,-87.56328191,17.986,2020-10-11,1920,2,2,0,0,CLOUDY,DRY,False,OTHER ROADWAY OR MID-BLOCK COLLISION,OPPOSING LEFT TURN,STRAIGHT & LEVEL,DARK-HWY LIGHTED/ON,,,44117.86315,False,25,Accepted,5,5,O,,"FAILED TO YIELD RIGHT OF WAY, INATTENTION",,2020,1
2447,27328434,0510100,HENDERSON POLICE DEPARTMENT,Accepted,HENDERSON,US0041A,300,GREEN,ST,S,,DIXON,,,,,37.83287814,-87.59413661,15.328,2020-10-12,1453,2,2,0,0,CLOUDY,DRY,False,OTHER INTERSECTION COLLISIONS,REAR END,STRAIGHT & LEVEL,DAYLIGHT,,,44117.86321,False,59,Accepted,5,5,O,,"INATTENTION, NOT UNDER PROPER CONTROL",,2020,1
2448,27328435,0510100,HENDERSON POLICE DEPARTMENT,Accepted,HENDERSON,,416,CLAY,ST,,,,,,,,37.83332965,-87.59254217,1.02,2020-10-12,1552,2,2,0,0,CLEAR,DRY,True,1 VEHICLE PARKED POSITION (NOT PARKING LOT/DRIVEWAY),SIDESWIPE-SAME DIRECTION,STRAIGHT & LEVEL,DAYLIGHT,,,44117.86326,False,37,Accepted,5,5,O,,"INATTENTION, MISJUDGE CLEARANCE",,2020,1
2449,27333466,0510100,HENDERSON POLICE DEPARTMENT,Accepted,HENDERSON,KY0285,,OLD MADISONVILLE,RD,,,PEGGY,,,,,37.80343946,-87.58788822,1.718,2020-10-09,1507,2,2,0,0,CLEAR,DRY,False,SIDESWIPE-SAME DIRECTION,SIDESWIPE-SAME DIRECTION,STRAIGHT & LEVEL,DAYLIGHT,,,44118.78818,False,17,Accepted,5,5,O,,"INATTENTION, NOT UNDER PROPER CONTROL, TURNING IMPROPERLY","MIRRORS, OTHER LIGHTING DEFECTIVE",2020,1
2450,27333467,0510100,HENDERSON POLICE DEPARTMENT,Accepted,HENDERSON,US0041A,100,GREEN,ST,N,,,,,,,37.83797518,-87.58943427,15.807,2020-10-14,1500,2,2,0,0,CLEAR,DRY,False,OTHER ROADWAY OR MID-BLOCK COLLISION,REAR END,STRAIGHT & LEVEL,DAYLIGHT,,,44118.78823,False,35,Accepted,5,5,O,,"FOLLOWING TOO CLOSE, INATTENTION",,2020,1
2453,27338132,0510100,HENDERSON POLICE DEPARTMENT,Accepted,HENDERSON,US0041,2810,US41,,N,,,,,,,37.87504632,-87.5678608,17.387,2020-10-14,1421,2,2,0,1,CLEAR,DRY,False,REAR END IN TRAFFIC LANES BOTH VEHICLES MOVING,REAR END,STRAIGHT & LEVEL,DAYLIGHT,,,44119.7947,False,50,Accepted,5,4,C,,OTHER,,2020,1
2454,27338133,0510100,HENDERSON POLICE DEPARTMENT,Accepted,HENDERSON,US0060,,GREEN,ST,S,KY0136,KY136,,,,,37.7999116,-87.64783855,8.706,2020-10-14,1737,2,2,0,2,CLEAR,DRY,False,HEAD-ON COLLISION,HEAD ON,STRAIGHT & LEVEL,DAYLIGHT,,,44119.79475,False,37,Accepted,4,4,C,,"INATTENTION, MISJUDGE CLEARANCE",,2020,1
2455,27341314,0510100,HENDERSON POLICE DEPARTMENT,Accepted,HENDERSON,US0041A,,GREEN,ST,S,,,,KRESGE,,MCCLAIN,37.81658456,-87.61396317,,2020-10-15,935,2,2,0,0,CLOUDY,DRY,False,SIDESWIPE COLLISION - OPPOSITE DIRECTION,SIDESWIPE-OPPOSITE DIRECTION,STRAIGHT & LEVEL,DAYLIGHT,,,44120.61338,False,23,Accepted,5,5,O,,"FAILED TO KEEP PROPER LANE, INATTENTION",,2020,1
2456,27341315,0510100,HENDERSON POLICE DEPARTMENT,Accepted,HENDERSON,,,US 41A,,,,,,COLLIER ,,GREEN ,37.8110212,-87.62267402,,2020-10-15,1300,2,2,0,0,RAINING,WET,False,OTHER ROADWAY OR MID-BLOCK COLLISION,REAR END,STRAIGHT & LEVEL,DAYLIGHT,,,44120.61343,False,23,Accepted,5,5,O,,INATTENTION,,2020,1
2457,27342218,0510100,HENDERSON POLICE DEPARTMENT,Accepted,HENDERSON,,400,MAIN,ST,S,,,,,,,37.8346639,-87.59705064,1.807,2020-10-08,2105,2,2,0,0,CLEAR,DRY,False,OTHER ROADWAY OR MID-BLOCK COLLISION,REAR END,STRAIGHT & LEVEL,DARK-HWY LIGHTED/ON,,,44120.79265,False,37,Accepted,5,5,O,,MISJUDGE CLEARANCE,,2020,1
2458,27342235,0510100,HENDERSON POLICE DEPARTMENT,Accepted,HENDERSON,US0041A,629,GREEN,ST,S,,,,,,,37.82922886,-87.59770017,15.131,2020-10-15,1555,2,2,0,0,CLOUDY,WET,False,REAR END IN TRAFFIC LANES BOTH VEHICLES MOVING,REAR END,STRAIGHT & LEVEL,DAYLIGHT,,,44120.79584,False,37,Accepted,5,5,O,,INATTENTION,,2020,1