OBJECTID,IncidentID,AgencyORI,AgencyName,IncidentStatusDesc,County,RdwyNumber,Street,RoadwayName,StreetSfx,StreetDir,IntersectionRdwy,IntersectionRdwyName,BetweenStRdwy1,BetweenStRdwyName1,BetweenStRdwy2,BetweenStRdwyName2,Latitude,Longitude,Milepoint,CollisionDate,CollisionTime,UnitsInvolved,MotorVehiclesInvolved,NumberKilled,NumberInjured,Weather,RdwyConditionCode,HitandRun,DirAnalysisCode,MannerofCollision,RdwyCharacter,LightCondition,RampFromRdwyId,RampToRdwyId,AcceptedDate,IsSecondaryCollision,OwnerBadge,IncidentStatus,InjurySeverityCde,KABCO_Code,KABCO,Environmental_Factors,Human_Factors,Vehicular_Factors,CollisionYear,CityCrash
2459,27343331,0510100,HENDERSON POLICE DEPARTMENT,Accepted,HENDERSON,,613,1ST,ST,,,,,,,,37.83798771,-87.58874218,0.275,2020-10-10,2357,2,2,0,0,CLOUDY,DRY,True,1 VEHICLE PARKED POSITION (NOT PARKING LOT/DRIVEWAY),SIDESWIPE-SAME DIRECTION,STRAIGHT & LEVEL,DARK-HWY NOT LIGHTED,,,44121.10161,False,38,Accepted,5,5,O,,,,2020,1
2460,27343875,0510100,HENDERSON POLICE DEPARTMENT,Accepted,HENDERSON,US0060,2500,GREEN,ST,S,,,,,,,37.79989173,-87.64794855,8.721,2020-10-14,900,2,2,0,0,CLOUDY,DRY,False,SIDESWIPE COLLISION - SAME DIRECTION,SIDESWIPE-SAME DIRECTION,STRAIGHT & LEVEL,DAYLIGHT,,,44121.37804,False,27,Accepted,5,5,O,,FAILED TO YIELD RIGHT OF WAY,,2020,1
2461,27343878,0510100,HENDERSON POLICE DEPARTMENT,Accepted,HENDERSON,US0041A,,GREEN,ST,N,,,,3RD,,4TH,37.84190018,-87.58690705,16.11,2020-10-13,1104,2,2,0,0,CLEAR,DRY,False,SIDESWIPE COLLISION - SAME DIRECTION,SIDESWIPE-SAME DIRECTION,STRAIGHT & GRADE,DAYLIGHT,,,44121.37817,False,36,Accepted,5,5,O,OTHER,MISJUDGE CLEARANCE,,2020,1
2462,27343879,0510100,HENDERSON POLICE DEPARTMENT,Accepted,HENDERSON,,,ATKINSON,ST,,,OBYRNE,,,,,37.82312703,-87.57883074,0.367,2020-10-15,1124,2,2,0,0,RAINING,WET,False,ANGLE COLLISION - OTHER,ANGLE,STRAIGHT & LEVEL,DAYLIGHT,,,44121.37822,False,49,Accepted,5,5,O,SLIPPERY SURFACE,FAILED TO YIELD RIGHT OF WAY,,2020,1
2463,27344236,0510100,HENDERSON POLICE DEPARTMENT,Accepted,HENDERSON,US0041A,,GREEN,ST,N,,,,3RD,,4TH,37.84128998,-87.58739856,16.06,2020-10-09,1202,2,2,0,0,CLEAR,DRY,False,SIDESWIPE COLLISION - SAME DIRECTION,SIDESWIPE-SAME DIRECTION,STRAIGHT & LEVEL,DAYLIGHT,,,44121.59487,False,34,Accepted,5,5,O,,MISJUDGE CLEARANCE,MIRRORS,2020,1
2464,27344237,0510100,HENDERSON POLICE DEPARTMENT,Accepted,HENDERSON,US0041,,US41,,N,,PAUL,,,,,37.87422319,-87.56833042,17.318,2020-10-17,1112,2,2,0,0,CLEAR,DRY,False,OTHER INTERSECTION COLLISIONS,REAR END,STRAIGHT & LEVEL,DAYLIGHT,,,44121.59493,False,67,Accepted,5,5,O,,INATTENTION,,2020,1
2465,27346819,0510100,HENDERSON POLICE DEPARTMENT,Accepted,HENDERSON,US0041,,US41,,N,,,US0041,US41 RAMP TO US41 N,,CINEMA,37.86027881,-87.57544129,16.295,2020-10-18,945,2,2,0,0,CLEAR,DRY,False,SIDESWIPE COLLISION - SAME DIRECTION,SIDESWIPE-SAME DIRECTION,CURVE & GRADE,DAYLIGHT,,,44122.59942,False,49,Accepted,5,5,O,,INATTENTION,,2020,1
2466,27346926,0510100,HENDERSON POLICE DEPARTMENT,Accepted,HENDERSON,KY0351,1600,2ND,ST,,,,,,,,37.83196238,-87.57067903,1.103,2020-10-17,1407,2,2,0,0,CLEAR,DRY,False,1 VEHICLE ENTERING/LEAVING ENTRANCE,ANGLE,STRAIGHT & LEVEL,DAYLIGHT,,,44122.65235,False,19,Accepted,5,5,O,,INATTENTION,,2020,1
2467,27348188,0510100,HENDERSON POLICE DEPARTMENT,Accepted,HENDERSON,US0041A,,GREEN,ST,S,,DRURY,,,,,37.81397056,-87.61808955,13.436,2020-10-17,2222,2,2,0,0,CLEAR,DRY,True,ANGLE COLLISION - OTHER,ANGLE,STRAIGHT & LEVEL,DARK-HWY LIGHTED/ON,,,44123.05575,False,46,Accepted,5,5,O,,,,2020,1
2468,27350820,0510100,HENDERSON POLICE DEPARTMENT,Accepted,HENDERSON,US0041A,,GREEN,ST,N,,HERRON,,,,,37.85480793,-87.57784666,17.151,2020-10-19,1020,2,2,0,0,RAINING,WET,False,OTHER INTERSECTION COLLISIONS,REAR END,CURVE & LEVEL,DAYLIGHT,,,44123.54288,False,36,Accepted,5,5,O,BACKUP DUE TO REGULAR CONGESTION,FOLLOWING TOO CLOSE,,2020,1
2474,27354669,0510100,HENDERSON POLICE DEPARTMENT,Accepted,HENDERSON,US0041,,US41,,N,,,,VAN WYK,US0041,US41 CROSSOVER,37.84233453,-87.56533968,14.918,2020-10-19,718,1,1,0,0,RAINING,WET,False,COLLISION WITH FIXED OBJECT NON - INTERSECTION - FIRST EVENT COLLISION 09 - 32 EXCLUDING 16,SINGLE VEHICLE,STRAIGHT & LEVEL,DAYLIGHT,,,44124.46856,False,65,Accepted,5,5,O,WATER POOLING,NOT UNDER PROPER CONTROL,,2020,1
2475,27354673,0510100,HENDERSON POLICE DEPARTMENT,Accepted,HENDERSON,,702,WATSON,LN,,,,,,,,37.87274883,-87.55996913,0.623,2020-10-20,701,1,1,0,0,CLOUDY,WET,False,COLLISION WITH FIXED OBJECT NON - INTERSECTION - FIRST EVENT COLLISION 09 - 32 EXCLUDING 16,SINGLE VEHICLE,STRAIGHT & LEVEL,DAYLIGHT,,,44124.46887,False,67,Accepted,5,5,O,SLIPPERY SURFACE,INATTENTION,,2020,1
2476,27354687,0510100,HENDERSON POLICE DEPARTMENT,Accepted,HENDERSON,,,MCKINLEY,ST,S,,WASHINGTON,,,,,37.82781944,-87.57657803,,2020-10-20,905,1,1,0,0,RAINING,WET,False,COLLISION WITH FIXED OBJECT IN INTERSECTION - FIRST EVENT COLLISION 09 - 32,SINGLE VEHICLE,STRAIGHT & LEVEL,DAYLIGHT,,,44124.47245,False,65,Accepted,5,5,O,IMPROPER/NON-WORKING TRAFFIC CONTROLS,,,2020,1
2478,27356104,0510100,HENDERSON POLICE DEPARTMENT,Accepted,HENDERSON,,,BARRET,BLVD,,,,,,,,37.8603827,-87.5682151,0.391,2020-10-16,1632,2,2,0,0,CLEAR,DRY,True,SIDESWIPE COLLISION - OPPOSITE DIRECTION,SIDESWIPE-OPPOSITE DIRECTION,CURVE & LEVEL,DAYLIGHT,,,44124.69638,False,50,Accepted,5,5,O,,"INATTENTION, WEAVING IN TRAFFIC",,2020,1
2479,27356105,0510100,HENDERSON POLICE DEPARTMENT,Accepted,HENDERSON,,,ELM,ST,N,,5TH,,,,,37.84400886,-87.58773027,0.455,2020-10-18,2006,2,2,0,0,CLEAR,DRY,False,ANGLE COLLISION - OTHER,ANGLE,STRAIGHT & LEVEL,DARK-HWY LIGHTED/ON,,,44124.69642,False,17,Accepted,5,5,O,,INATTENTION,,2020,1
2480,27356107,0510100,HENDERSON POLICE DEPARTMENT,Accepted,HENDERSON,,,2ND,ST,,,MAIN,,,,,37.84077554,-87.59160652,0.19,2020-10-15,1649,2,2,0,0,CLEAR,DRY,True,VEHICLE BACKING IN INTERSECTION,BACKING,STRAIGHT & LEVEL,DAYLIGHT,,,44124.69648,False,17,Accepted,5,5,O,,"ALCOHOL INVOLVEMENT, INATTENTION",,2020,1
2481,27356111,0510100,HENDERSON POLICE DEPARTMENT,Accepted,HENDERSON,,,CLAY,ST,,,MILL,,,,,37.82670107,-87.581474,0.259,2020-10-17,2013,2,2,0,0,CLEAR,DRY,False,ANGLE COLLISION - OTHER,ANGLE,STRAIGHT & LEVEL,DARK-HWY LIGHTED/ON,,,44124.69653,False,17,Accepted,5,5,O,,INATTENTION,,2020,1
2484,27360208,0510100,HENDERSON POLICE DEPARTMENT,Accepted,HENDERSON,US0060,,US60,,E,,,,WATHEN,,CHAMBERS,37.86473783,-87.54071477,12.175,2020-10-20,1046,2,2,0,0,CLOUDY,DRY,False,SIDESWIPE COLLISION - SAME DIRECTION,SIDESWIPE-SAME DIRECTION,STRAIGHT & LEVEL,DAYLIGHT,,,44125.61003,False,67,Accepted,5,5,O,,INATTENTION,,2020,1
2485,27360210,0510100,HENDERSON POLICE DEPARTMENT,Accepted,HENDERSON,,,MARYWOOD,DR,,,,US0060,US60,,SUZANNE,37.8610051,-87.56476747,0.001,2020-10-20,1250,2,2,0,0,CLOUDY,WET,False,SIDESWIPE COLLISION - SAME DIRECTION,SIDESWIPE-SAME DIRECTION,STRAIGHT & GRADE,DAYLIGHT,,,44125.61016,False,36,Accepted,5,5,O,,INATTENTION,,2020,1
2486,27360890,0510100,HENDERSON POLICE DEPARTMENT,Accepted,HENDERSON,US0041,2709,US41,,N,,,,,,,37.87547533,-87.56776725,17.417,2020-10-20,1725,2,2,0,0,CLEAR,DRY,False,OTHER ROADWAY OR MID-BLOCK COLLISION,REAR END,STRAIGHT & LEVEL,DAYLIGHT,,,44125.70975,False,50,Accepted,5,5,O,,INATTENTION,,2020,1
2487,27363729,0370200,"KY STATE POLICE, CVE",Accepted,HENDERSON,US0041,,US41,,N,,,,,,,37.87954847,-87.56553992,17.721,2020-10-20,1039,2,2,0,0,CLOUDY,WET,False,1 VEHICLE PARKED POSITION (NOT PARKING LOT/DRIVEWAY),BACKING,STRAIGHT & LEVEL,DAYLIGHT,,,44126.38954,False,,Accepted,5,5,O,,INATTENTION,,2020,1
2488,27366174,0510100,HENDERSON POLICE DEPARTMENT,Accepted,HENDERSON,US0041A,,US41 ALT,,,,,,,,,37.8567712,-87.5742001,17.376,2020-10-21,1711,2,2,0,0,CLEAR,DRY,False,SIDESWIPE COLLISION - SAME DIRECTION,SIDESWIPE-SAME DIRECTION,STRAIGHT & LEVEL,DAYLIGHT,,,44126.85725,False,37,Accepted,5,5,O,,"INATTENTION, MISJUDGE CLEARANCE",,2020,1
2490,27371692,0510100,HENDERSON POLICE DEPARTMENT,Accepted,HENDERSON,,,RICHARDSON,AVE,,,,US0041A,GREEN,,KENTUCKY,37.85536255,-87.57631145,0.283,2020-10-23,1216,2,2,0,0,CLOUDY,DRY,False,OTHER ROADWAY OR MID-BLOCK COLLISION,REAR END,CURVE & GRADE,DAYLIGHT,,,44128.3329,False,36,Accepted,5,5,O,,INATTENTION,,2020,1
2491,27373923,0510100,HENDERSON POLICE DEPARTMENT,Accepted,HENDERSON,US0041A,,GREEN,ST,N,,,,HARDING,,12TH,37.85216947,-87.58026934,16.919,2020-10-23,2349,2,2,0,0,CLOUDY,DRY,False,1 VEHICLE ENTERING/LEAVING ENTRANCE,ANGLE,STRAIGHT & LEVEL,DARK (UNKNOWN ROADWAY LIGHTING),,,44129.28474,False,16,Accepted,5,5,O,,INATTENTION,,2020,1
2492,27376743,0510100,HENDERSON POLICE DEPARTMENT,Accepted,HENDERSON,US0041A,1898,GREEN,ST,S,,,,,,,37.81241276,-87.62036086,13.254,2020-10-17,1240,2,2,0,0,CLOUDY,DRY,False,SIDESWIPE COLLISION - SAME DIRECTION,SIDESWIPE-SAME DIRECTION,STRAIGHT & LEVEL,DAYLIGHT,,,44130.32403,False,34,Accepted,5,5,O,,"FAILED TO KEEP PROPER LANE, FAILED TO YIELD RIGHT OF WAY, INATTENTION",,2020,1
2494,27377785,KSP1600,"KY STATE POLICE, POST 16",Accepted,HENDERSON,US0041,,US41,,N,,,,,,,37.8708985,-87.570296,17.071,2019-08-30,1738,3,3,0,0,CLEAR,DRY,False,OTHER ROADWAY OR MID-BLOCK COLLISION,REAR END,STRAIGHT & LEVEL,DAYLIGHT,,,44130.46456,False,1000,Accepted,5,5,O,,DISTRACTION,,2019,1
2504,27383033,0510100,HENDERSON POLICE DEPARTMENT,Accepted,HENDERSON,,,2ND,ST,,,,US0041A,GREEN,,ELM,37.83978339,-87.58916425,0.044,2020-10-26,1035,2,2,0,0,CLOUDY,DRY,True,1 VEHICLE PARKED POSITION (NOT PARKING LOT/DRIVEWAY),ANGLE,STRAIGHT & LEVEL,UNKNOWN,,,44131.51649,False,36,Accepted,5,5,O,,,,2020,1
2505,27384150,0510100,HENDERSON POLICE DEPARTMENT,Accepted,HENDERSON,US0041,,,,,,,,,,,37.85684421,-87.57526179,0.158,2020-10-22,2119,2,2,0,0,CLEAR,DRY,False,OTHER RAMP RELATED COLLISIONS NOT LISTED ABOVE,SIDESWIPE-SAME DIRECTION,STRAIGHT & HILLCREST,DARK-HWY LIGHTED/ON,US0041,US0060,44131.69646,False,50,Accepted,5,5,O,,INATTENTION,,2020,1
2506,27384164,0510100,HENDERSON POLICE DEPARTMENT,Accepted,HENDERSON,,1424,POWELL,ST,,,,,,,,37.82690915,-87.57777485,1.255,2020-10-21,1903,2,2,0,0,CLEAR,DRY,True,1 VEHICLE PARKED POSITION (NOT PARKING LOT/DRIVEWAY),SIDESWIPE-SAME DIRECTION,STRAIGHT & LEVEL,DARK-HWY LIGHTED/ON,,,44131.69674,False,19,Accepted,5,5,O,,,,2020,1
2507,27385204,0510100,HENDERSON POLICE DEPARTMENT,Accepted,HENDERSON,US0041,,US41,,,,,,,,,37.81734134,-87.56266821,1.913,2020-10-23,2035,7,7,0,0,CLEAR,DRY,False,COLLISION WITH FIXED OBJECT NON - INTERSECTION - FIRST EVENT COLLISION 09 - 32 EXCLUDING 16,HEAD ON,STRAIGHT & LEVEL,DARK-HWY LIGHTED/ON,,,44131.95565,False,17,Accepted,5,5,O,DEBRIS IN ROADWAY,,STEERING FAILURE,2020,1
2508,27385205,0510100,HENDERSON POLICE DEPARTMENT,Accepted,HENDERSON,,,14TH,ST,,US0041A,GREEN,,,,,37.8540789,-87.57885317,0.109,2020-10-24,1348,2,2,0,3,CLEAR,DRY,False,ANGLE COLLISION - OTHER,ANGLE,STRAIGHT & LEVEL,DAYLIGHT,,,44131.95601,False,17,Accepted,5,4,C,,INATTENTION,,2020,1
2509,27385206,0510100,HENDERSON POLICE DEPARTMENT,Accepted,HENDERSON,,300,PRIEST,ST,,,,,,,,37.8360662,-87.57134803,0.076,2020-10-25,2121,1,1,0,0,RAINING,WET,False,OTHER ROADWAY OR MID-BLOCK COLLISION,SINGLE VEHICLE,CURVE & LEVEL,DARK (UNKNOWN ROADWAY LIGHTING),,,44131.95616,False,64,Accepted,5,5,O,,DISTRACTION,,2020,1
2510,27385368,0510100,HENDERSON POLICE DEPARTMENT,Accepted,HENDERSON,US0041,,US41,,N,,,,,,,37.85715145,-87.57328538,16.039,2020-10-27,447,1,1,0,0,RAINING,WET,False,OTHER ROADWAY OR MID-BLOCK COLLISION,SINGLE VEHICLE,STRAIGHT & LEVEL,DARK-HWY LIGHTED/ON,,,44131.99932,False,62,Accepted,5,5,O,SLIPPERY SURFACE,TOO FAST FOR CONDITIONS,,2020,1
2511,27385915,0510100,HENDERSON POLICE DEPARTMENT,Accepted,HENDERSON,,437,LAKE,DR,,,,,,,,37.81869179,-87.57120062,0.017,2020-10-27,519,2,2,0,0,RAINING,WET,False,1 VEHICLE PARKED POSITION (NOT PARKING LOT/DRIVEWAY),SIDESWIPE-OPPOSITE DIRECTION,STRAIGHT & LEVEL,DARK-HWY LIGHTED/ON,,,44132.17515,False,38,Accepted,5,5,O,,INATTENTION,,2020,1
2515,27395674,0510100,HENDERSON POLICE DEPARTMENT,Accepted,HENDERSON,US0060,,GREEN,ST,S,,,US0060,US60 TURN LANE,,DANA,37.80123099,-87.64428497,8.918,2020-10-24,1311,1,1,0,0,CLOUDY,DRY,False,COLLISION WITH ANIMAL NON INTERSECTION,SINGLE VEHICLE,STRAIGHT & LEVEL,DAYLIGHT,,,44134.38296,False,22,Accepted,5,5,O,ANIMALS ACTION,,,2020,1
2516,27395676,0510100,HENDERSON POLICE DEPARTMENT,Accepted,HENDERSON,US0041,,US41,,N,,,,PARK,,BARRET,37.86405597,-87.57387426,16.562,2020-10-28,1306,2,2,0,0,CLOUDY,WET,False,SIDESWIPE COLLISION - SAME DIRECTION,SIDESWIPE-SAME DIRECTION,STRAIGHT & LEVEL,DAYLIGHT,,,44134.38303,False,67,Accepted,5,5,O,,INATTENTION,,2020,1
2521,27399146,0510100,HENDERSON POLICE DEPARTMENT,Accepted,HENDERSON,US0041,,US41,,N,,,,,,,37.84843644,-87.56685094,15.351,2020-10-30,229,1,1,0,0,CLOUDY,DRY,False,COLLISION WITH ANIMAL NON INTERSECTION,SINGLE VEHICLE,STRAIGHT & LEVEL,DARK-HWY NOT LIGHTED,,,44135.07966,False,62,Accepted,5,5,O,,,,2020,1
2522,27399682,0510100,HENDERSON POLICE DEPARTMENT,Accepted,HENDERSON,US0041A,301,GREEN,ST,S,,,,,,,37.83391987,-87.59313507,15.458,2020-10-27,1310,2,2,0,0,CLOUDY,DRY,False,VEHICLE BACKING NON INTERSECTION,BACKING,STRAIGHT & LEVEL,DAYLIGHT,,,44135.31321,False,65,Accepted,5,5,O,,INATTENTION,,2020,1
2523,27401156,0510100,HENDERSON POLICE DEPARTMENT,Accepted,HENDERSON,,,AUDUBON,ST,,US0041A,GREEN,,,,,37.83064264,-87.59636469,0.201,2020-10-27,805,2,2,0,0,RAINING,WET,False,VEHICLE BACKING IN INTERSECTION,BACKING,STRAIGHT & LEVEL,DAYLIGHT,,,44135.95061,False,44,Accepted,5,5,O,,INATTENTION,,2020,1
2524,27401157,0510100,HENDERSON POLICE DEPARTMENT,Accepted,HENDERSON,US0041,2855,US41,,N,,,,,,,37.87657863,-87.56721538,17.499,2020-10-27,1610,2,2,0,0,CLOUDY,DRY,False,SIDESWIPE COLLISION - SAME DIRECTION,SIDESWIPE-SAME DIRECTION,STRAIGHT & LEVEL,DAYLIGHT,,,44135.95074,False,59,Accepted,5,5,O,,INATTENTION,,2020,1
2525,27401158,0510100,HENDERSON POLICE DEPARTMENT,Accepted,HENDERSON,,100,1ST,ST,,,,,,,,37.8400621,-87.59396568,0.007,2020-10-28,1525,2,2,0,0,CLOUDY,DRY,False,1 VEHICLE PARKED POSITION (NOT PARKING LOT/DRIVEWAY),ANGLE,STRAIGHT & LEVEL,DAYLIGHT,,,44135.95088,False,35,Accepted,5,5,O,,INATTENTION,,2020,1
2526,27401641,0510100,HENDERSON POLICE DEPARTMENT,Accepted,HENDERSON,,700,ADAMS,ST,N,,,,,,,37.84525101,-87.58137672,0.699,2020-10-30,2335,1,1,0,0,CLOUDY,DRY,False,COLLISION WITH FIXED OBJECT NON - INTERSECTION - FIRST EVENT COLLISION 09 - 32 EXCLUDING 16,SINGLE VEHICLE,STRAIGHT & LEVEL,DARK-HWY LIGHTED/OFF,,,44136.08174,False,38,Accepted,5,5,O,,"ALCOHOL INVOLVEMENT, DRUG INVOLVEMENT",,2020,1
2527,27402476,0510100,HENDERSON POLICE DEPARTMENT,Accepted,HENDERSON,KY2084,300,KY2084,,S,,,,,,,37.82012142,-87.56936535,2.137,2020-10-31,905,1,1,0,0,CLEAR,DRY,False,COLLISION WITH FIXED OBJECT NON - INTERSECTION - FIRST EVENT COLLISION 09 - 32 EXCLUDING 16,SINGLE VEHICLE,STRAIGHT & LEVEL,DAYLIGHT,,,44136.55267,False,65,Accepted,5,5,O,,LOST CONSCIOUSNESS/FAINTED,,2020,1
2528,27403505,0510100,HENDERSON POLICE DEPARTMENT,Accepted,HENDERSON,,2900,WALNUT,LN,,,,,,,,37.87976173,-87.56524854,0.32,2020-10-29,1643,2,2,0,0,RAINING,WET,False,1 VEHICLE ENTERING/LEAVING ENTRANCE,ANGLE,STRAIGHT & LEVEL,DAYLIGHT,,,44136.82128,False,50,Accepted,5,5,O,,INATTENTION,,2020,1
2529,27403507,0510100,HENDERSON POLICE DEPARTMENT,Accepted,HENDERSON,,,POWELL,ST,,,,,,,,37.82983701,-87.58296439,0.908,2020-10-29,1849,2,2,0,2,RAINING,WET,False,1 VEHICLE ENTERING/LEAVING ENTRANCE,ANGLE,STRAIGHT & LEVEL,DARK-HWY LIGHTED/ON,,,44136.82135,False,19,Accepted,5,4,C,,INATTENTION,,2020,1
2530,27403510,0510100,HENDERSON POLICE DEPARTMENT,Accepted,HENDERSON,,,HOLLOWAY,ST,S,,CLAY,,,,,37.83007006,-87.58722183,0.007,2020-10-30,1928,2,2,0,0,CLEAR,DRY,False,OPPOSITE DIRECTION - BOTH VEHICLES GOING STRAIGHT AHEAD,SIDESWIPE-OPPOSITE DIRECTION,STRAIGHT & LEVEL,DARK-HWY LIGHTED/ON,,,44136.82145,False,25,Accepted,5,5,O,,"FAILED TO YIELD RIGHT OF WAY, INATTENTION",,2020,1
2531,27403628,0510100,HENDERSON POLICE DEPARTMENT,Accepted,HENDERSON,,,ALVASIA,ST,N,KY0351,2ND,,,,,37.83713615,-87.58265907,0.296,2020-10-30,1527,2,2,0,0,CLEAR,DRY,False,VEHICLE BACKING IN INTERSECTION,BACKING,STRAIGHT & LEVEL,DAYLIGHT,,,44136.88631,False,17,Accepted,5,5,O,,INATTENTION,,2020,1
2534,27411212,0510100,HENDERSON POLICE DEPARTMENT,Accepted,HENDERSON,KY0136,,SAND,LN,,,FAIRGROUND,,,,,37.82128482,-87.59936359,19.814,2020-10-26,1844,2,2,0,0,CLEAR,DRY,True,REAR END - ONE VEHICLE TURNING LEFT,REAR END,STRAIGHT & LEVEL,DARK-HWY LIGHTED/ON,,,44138.66353,False,17,Accepted,5,5,O,,,,2020,1
2535,27412619,0510100,HENDERSON POLICE DEPARTMENT,Accepted,HENDERSON,,,CENTER,ST,,US0041A,GREEN,,,,,37.83722015,-87.5899469,0.84,2020-11-01,1854,2,2,0,2,CLEAR,DRY,False,ANGLE COLLISION - OTHER,ANGLE,STRAIGHT & LEVEL,DARK-HWY LIGHTED/ON,,,44138.98314,False,17,Accepted,5,4,C,,INATTENTION,,2020,1
2539,27414788,0510100,HENDERSON POLICE DEPARTMENT,Accepted,HENDERSON,US0041,2500,US41,,N,,,,,,,37.87417491,-87.56833747,17.322,2020-11-01,1332,2,2,0,0,CLEAR,DRY,False,OTHER ROADWAY OR MID-BLOCK COLLISION,OPPOSING LEFT TURN,STRAIGHT & LEVEL,DAYLIGHT,,,44139.4428,False,12,Accepted,5,5,O,,"FAILED TO YIELD RIGHT OF WAY, INATTENTION",,2020,1
2540,27414794,0510100,HENDERSON POLICE DEPARTMENT,Accepted,HENDERSON,US0041A,100,GREEN,ST,N,,,,,,,37.83817753,-87.58921499,15.823,2020-11-02,1109,3,3,0,0,CLEAR,DRY,False,1 VEHICLE ENTERING/LEAVING ENTRANCE,ANGLE,STRAIGHT & LEVEL,DAYLIGHT,,,44139.4429,False,12,Accepted,5,5,O,OTHER,"DISTRACTION, FAILED TO YIELD RIGHT OF WAY, INATTENTION",,2020,1
2541,27417378,0510100,HENDERSON POLICE DEPARTMENT,Accepted,HENDERSON,US0041,2000,US41,,N,,,,,,,37.866137,-87.57285048,16.717,2020-10-30,1351,2,2,0,0,CLEAR,DRY,False,1 VEHICLE ENTERING/LEAVING ENTRANCE,ANGLE,STRAIGHT & LEVEL,DAYLIGHT,,,44139.93992,False,15,Accepted,5,5,O,,MISJUDGE CLEARANCE,,2020,1
2542,27417379,0510100,HENDERSON POLICE DEPARTMENT,Accepted,HENDERSON,,,WATSON,LN,,,,,,,,37.87533374,-87.56770699,1.096,2020-11-04,1357,2,2,0,0,CLEAR,DRY,False,1 VEHICLE ENTERING/LEAVING ENTRANCE,ANGLE,STRAIGHT & LEVEL,DAYLIGHT,,,44139.93999,False,50,Accepted,5,5,O,,INATTENTION,,2020,1
2543,27417380,0510100,HENDERSON POLICE DEPARTMENT,Accepted,HENDERSON,,,WATSON,LN,,,,,,,,37.87511677,-87.56669857,1.033,2020-11-04,1452,2,2,0,0,CLEAR,DRY,False,1 VEHICLE ENTERING/LEAVING ENTRANCE,ANGLE,STRAIGHT & LEVEL,DAYLIGHT,,,44139.94005,False,50,Accepted,5,5,O,,INATTENTION,,2020,1
2545,27419439,0510100,HENDERSON POLICE DEPARTMENT,Accepted,HENDERSON,,,14TH,ST,,,ADAMS,,,,,37.85307389,-87.57624621,0.27,2020-11-03,939,2,2,0,0,CLEAR,DRY,False,ANGLE COLLISION - OTHER,ANGLE,STRAIGHT & LEVEL,DAYLIGHT,,,44140.44974,False,66,Accepted,5,5,O,,INATTENTION,,2020,1
2546,27419441,0510100,HENDERSON POLICE DEPARTMENT,Accepted,HENDERSON,KY0351,,ZION,RD,,,,,ARLINGTON,KY1539,LARUE,37.82903746,-87.56082338,1.686,2020-10-30,759,3,2,0,3,CLEAR,DRY,False,1 VEHICLE ENTERING/LEAVING ENTRANCE,ANGLE,STRAIGHT & LEVEL,DAYLIGHT,,,44140.44984,False,48,Accepted,4,3,B,GLARE (SUN),"DISREGARD TRAFFIC CONTROL, INATTENTION",,2020,1
2549,27424709,0510100,HENDERSON POLICE DEPARTMENT,Accepted,HENDERSON,,151,GARDEN MILE,RD,N,,,,,,,37.82632351,-87.55830695,0.138,2020-11-05,1021,2,2,0,0,CLEAR,DRY,False,1 VEHICLE PARKED POSITION (NOT PARKING LOT/DRIVEWAY),BACKING,STRAIGHT & LEVEL,DAYLIGHT,,,44141.60373,False,49,Accepted,5,5,O,,IMPROPER BACKING,,2020,1
2550,27430120,0510100,HENDERSON POLICE DEPARTMENT,Accepted,HENDERSON,US0041,,US41,,N,,WATSON,,,,,37.87536425,-87.56767572,17.416,2020-11-06,1014,2,2,0,0,CLEAR,DRY,False,OTHER INTERSECTION COLLISIONS,REAR END,STRAIGHT & LEVEL,DAYLIGHT,,,44143.43304,False,67,Accepted,5,5,O,,INATTENTION,,2020,1
2551,27430122,0510100,HENDERSON POLICE DEPARTMENT,Accepted,HENDERSON,US0041A,,GREEN,ST,N,,12TH,,,,,37.85198272,-87.5803845,16.905,2020-11-05,1019,2,2,0,1,CLEAR,DRY,False,OTHER INTERSECTION COLLISIONS,REAR END,STRAIGHT & HILLCREST,DAYLIGHT,,,44143.43313,False,66,Accepted,5,4,C,,INATTENTION,,2020,1
2552,27430123,0510100,HENDERSON POLICE DEPARTMENT,Accepted,HENDERSON,US0041,,US41,,N,US0041,US41 N EXIT81 OFF RAMP TO US60 E,,,,,37.8552386,-87.57110164,15.864,2020-11-05,1115,3,3,0,0,CLEAR,DRY,False,OTHER INTERSECTION COLLISIONS,REAR END,STRAIGHT & LEVEL,DAYLIGHT,,,44143.43317,False,66,Accepted,5,5,O,BACKUP DUE TO REGULAR CONGESTION,INATTENTION,,2020,1
2553,27431714,0510100,HENDERSON POLICE DEPARTMENT,Accepted,HENDERSON,,526,SPRING GARDEN,RD,,,,,,,,37.83076598,-87.54466008,0.403,2020-11-08,251,2,2,0,0,CLEAR,DRY,True,1 VEHICLE PARKED POSITION (NOT PARKING LOT/DRIVEWAY),SIDESWIPE-SAME DIRECTION,STRAIGHT & LEVEL,DARK-HWY NOT LIGHTED,,,44143.96023,False,24,Accepted,5,5,O,,INATTENTION,,2020,1