OBJECTID,IncidentID,AgencyORI,AgencyName,IncidentStatusDesc,County,RdwyNumber,Street,RoadwayName,StreetSfx,StreetDir,IntersectionRdwy,IntersectionRdwyName,BetweenStRdwy1,BetweenStRdwyName1,BetweenStRdwy2,BetweenStRdwyName2,Latitude,Longitude,Milepoint,CollisionDate,CollisionTime,UnitsInvolved,MotorVehiclesInvolved,NumberKilled,NumberInjured,Weather,RdwyConditionCode,HitandRun,DirAnalysisCode,MannerofCollision,RdwyCharacter,LightCondition,RampFromRdwyId,RampToRdwyId,AcceptedDate,IsSecondaryCollision,OwnerBadge,IncidentStatus,InjurySeverityCde,KABCO_Code,KABCO,Environmental_Factors,Human_Factors,Vehicular_Factors,CollisionYear,CityCrash
2554,27434280,KSP1600,"KY STATE POLICE, POST 16",Accepted,HENDERSON,US0041,,US41,,,,,,,,,37.81901099,-87.56288488,2.032,2020-11-03,1821,1,1,0,0,CLEAR,DRY,False,COLLISION WITH ANIMAL NON INTERSECTION,SINGLE VEHICLE,STRAIGHT & LEVEL,DARK-HWY NOT LIGHTED,,,44144.47887,False,317,Accepted,5,5,O,ANIMALS ACTION,,,2020,1
2562,27439710,0510100,HENDERSON POLICE DEPARTMENT,Accepted,HENDERSON,US0041,2700,US41,,N,,,,,,,37.87538851,-87.56782659,17.411,2020-11-09,752,2,2,0,0,CLOUDY,DRY,False,REAR END IN TRAFFIC LANES BOTH VEHICLES MOVING,REAR END,STRAIGHT & LEVEL,DAYLIGHT,,,44145.5914,False,27,Accepted,5,5,O,,INATTENTION,,2020,1
2563,27441600,0510100,HENDERSON POLICE DEPARTMENT,Accepted,HENDERSON,US0041A,300,GREEN,ST,S,,,,,,,37.83262352,-87.5944452,15.324,2020-11-08,1555,2,2,0,0,CLEAR,DRY,False,1 VEHICLE PARKED POSITION (NOT PARKING LOT/DRIVEWAY),ANGLE,STRAIGHT & LEVEL,DAYLIGHT,,,44145.95837,False,35,Accepted,5,5,O,,,,2020,1
2564,27443655,0510100,HENDERSON POLICE DEPARTMENT,Accepted,HENDERSON,US0041,,US41,,N,,WATSON,,,,,37.87533651,-87.56767504,17.416,2020-11-07,1320,2,2,0,2,CLEAR,DRY,False,ANGLE COLLISION - OTHER,ANGLE,STRAIGHT & LEVEL,DAYLIGHT,,,44146.58845,False,67,Accepted,5,3,B,GLARE (SUN),INATTENTION,,2020,1
2565,27444430,0510100,HENDERSON POLICE DEPARTMENT,Accepted,HENDERSON,US0041A,1200,GREEN,ST,N,,,,,,,37.85274953,-87.57993094,16.964,2020-11-10,1651,2,2,0,0,RAINING,WET,False,REAR END IN TRAFFIC LANES BOTH VEHICLES MOVING,REAR END,STRAIGHT & LEVEL,DUSK,,,44146.75431,False,35,Accepted,5,5,O,SLIPPERY SURFACE,INATTENTION,,2020,1
2566,27444431,0510100,HENDERSON POLICE DEPARTMENT,Accepted,HENDERSON,US0041,,US41,,N,,,,,,,37.88241318,-87.56399673,17.926,2020-11-10,1620,2,2,0,0,RAINING,WET,False,SIDESWIPE COLLISION - SAME DIRECTION,SIDESWIPE-SAME DIRECTION,STRAIGHT & LEVEL,DUSK,,,44146.75435,False,44,Accepted,5,5,O,,"FAILED TO YIELD RIGHT OF WAY, INATTENTION",,2020,1
2567,27444642,0510100,HENDERSON POLICE DEPARTMENT,Accepted,HENDERSON,KY0351,,2ND,ST,,,FRANKLIN,,,,,37.8317031,-87.57010367,1.139,2020-11-10,1900,2,2,0,2,RAINING,WET,False,ANGLE COLLISION - OTHER,ANGLE,CURVE & LEVEL,DARK-HWY LIGHTED/ON,,,44146.8164,False,44,Accepted,4,4,C,,"FAILED TO YIELD RIGHT OF WAY, INATTENTION, MISJUDGE CLEARANCE",,2020,1
2569,27450166,0510100,HENDERSON POLICE DEPARTMENT,Accepted,HENDERSON,US0041A,,GREEN,ST,N,,,,,,,37.84203425,-87.58681168,16.121,2020-11-07,1920,2,2,0,0,CLEAR,DRY,False,SIDESWIPE COLLISION - SAME DIRECTION,SIDESWIPE-SAME DIRECTION,STRAIGHT & LEVEL,DARK-HWY LIGHTED/ON,,,44147.96353,False,19,Accepted,5,5,O,,INATTENTION,,2020,1
2570,27450170,0510100,HENDERSON POLICE DEPARTMENT,Accepted,HENDERSON,US0041,,US41,,N,,,,,,,37.87161832,-87.56991275,17.125,2020-11-11,1745,2,2,0,0,CLEAR,DRY,True,COLLISION WITH FIXED OBJECT NON - INTERSECTION - FIRST EVENT COLLISION 09 - 32 EXCLUDING 16,REAR END,STRAIGHT & LEVEL,DARK-HWY NOT LIGHTED,,,44147.96362,False,44,Accepted,5,5,O,,,,2020,1
2573,27458714,0510100,HENDERSON POLICE DEPARTMENT,Accepted,HENDERSON,US0041A,1200,GREEN,ST,N,,,,,,,37.8520977,-87.58035234,16.9,2020-11-12,1725,2,2,0,0,CLEAR,DRY,False,1 VEHICLE ENTERING/LEAVING ENTRANCE,ANGLE,STRAIGHT & LEVEL,DARK-HWY LIGHTED/ON,,,44150.67399,False,35,Accepted,5,5,O,,INATTENTION,,2020,1
2574,27458715,0510100,HENDERSON POLICE DEPARTMENT,Accepted,HENDERSON,US0041,2749,US41,,N,,,,,,,37.876807,-87.5670362,17.517,2020-11-12,1640,2,2,0,0,CLEAR,DRY,False,OTHER ROADWAY OR MID-BLOCK COLLISION,REAR END,STRAIGHT & LEVEL,DUSK,,,44150.67405,False,44,Accepted,5,5,O,,INATTENTION,,2020,1
2575,27458716,0510100,HENDERSON POLICE DEPARTMENT,Accepted,HENDERSON,KY0351,,2ND,ST,,,ALVASIA,,,,,37.83716608,-87.58265199,0.35,2020-11-11,1830,3,3,0,1,CLEAR,DRY,False,ANGLE COLLISION - OTHER,ANGLE,STRAIGHT & LEVEL,DARK-HWY LIGHTED/ON,,,44150.67409,False,44,Accepted,5,3,B,,"FAILED TO YIELD RIGHT OF WAY, INATTENTION, MISJUDGE CLEARANCE",,2020,1
2576,27458717,0510100,HENDERSON POLICE DEPARTMENT,Accepted,HENDERSON,US0060,,US60,,E,,,,,,,37.86000258,-87.56749188,10.617,2020-11-13,1538,2,2,0,0,CLEAR,DRY,False,1 VEHICLE ENTERING/LEAVING ENTRANCE,ANGLE,STRAIGHT & LEVEL,DAYLIGHT,,,44150.67413,False,50,Accepted,5,5,O,,"INATTENTION, OTHER",,2020,1
2577,27459533,0510100,HENDERSON POLICE DEPARTMENT,Accepted,HENDERSON,KY0136,600,SAND,LN,,,,,,,,37.82073916,-87.59834753,19.88,2020-11-14,1700,1,1,0,0,CLEAR,WET,False,COLLISION WITH ANIMAL NON INTERSECTION,SINGLE VEHICLE,CURVE & LEVEL,DARK-HWY LIGHTED/ON,,,44150.90726,False,35,Accepted,5,5,O,,,,2020,1
2578,27459534,0510100,HENDERSON POLICE DEPARTMENT,Accepted,HENDERSON,KY0425,6400,KY425,,,,,,,,,37.79588612,-87.6445246,0.331,2020-11-14,1900,1,1,0,0,CLEAR,DRY,False,COLLISION WITH ANIMAL NON INTERSECTION,SINGLE VEHICLE,STRAIGHT & LEVEL,DARK-HWY NOT LIGHTED,,,44150.90731,False,35,Accepted,5,5,O,,,,2020,1
2579,27459537,0510100,HENDERSON POLICE DEPARTMENT,Accepted,HENDERSON,,,DIXON,ST,,,ELM,,,,,37.83372802,-87.59551541,0.094,2020-11-13,2113,2,2,0,0,CLEAR,DRY,False,ANGLE COLLISION - ONE VEHICLE TURNING LEFT,ANGLE,STRAIGHT & HILLCREST,DARK-HWY LIGHTED/ON,,,44150.90739,False,37,Accepted,5,5,O,,"DISREGARD TRAFFIC CONTROL, INATTENTION",,2020,1
2580,27460705,0510100,HENDERSON POLICE DEPARTMENT,Accepted,HENDERSON,US0041A,341,GREEN,ST,S,,,,,,,37.83332167,-87.59372775,15.401,2020-11-09,1351,4,4,0,2,CLEAR,DRY,True,OTHER ROADWAY OR MID-BLOCK COLLISION,REAR END,STRAIGHT & LEVEL,DAYLIGHT,,,44151.31242,False,59,Accepted,5,3,B,,INATTENTION,,2020,1
2581,27460707,0510100,HENDERSON POLICE DEPARTMENT,Accepted,HENDERSON,,2525,IRISH IVY,LN,,,,,,,,37.83537479,-87.55023221,0.084,2020-11-14,1141,1,1,0,0,CLEAR,DRY,False,COLLISION WITH FIXED OBJECT NON - INTERSECTION - FIRST EVENT COLLISION 09 - 32 EXCLUDING 16,SINGLE VEHICLE,STRAIGHT & LEVEL,DAYLIGHT,,,44151.3125,False,49,Accepted,5,5,O,,NOT UNDER PROPER CONTROL,"BRAKES DEFECTIVE, STEERING FAILURE",2020,1
2582,27461678,0510100,HENDERSON POLICE DEPARTMENT,Accepted,HENDERSON,,,ATKINSON,ST,,,,KY0136,MADISON,,YOUNG,37.81789067,-87.58351236,0.756,2020-11-10,1158,1,1,0,0,CLEAR,DRY,False,COLLISION WITH FIXED OBJECT NON - INTERSECTION - FIRST EVENT COLLISION 09 - 32 EXCLUDING 16,SINGLE VEHICLE,STRAIGHT & LEVEL,DAYLIGHT,,,44151.42464,False,36,Accepted,5,5,O,"CONSTRUCTION WORK ZONE, FIXED OBJECT(S)",,,2020,1
2593,27466053,0510100,HENDERSON POLICE DEPARTMENT,Accepted,HENDERSON,US0041A,,GREEN,ST,N,,,,5TH,,6TH,37.84367375,-87.58574365,16.248,2020-11-09,616,2,2,0,1,CLEAR,DRY,False,OTHER ROADWAY OR MID-BLOCK COLLISION,REAR END,STRAIGHT & LEVEL,DAYLIGHT,,,44152.3552,False,36,Accepted,5,3,B,,FELL ASLEEP,,2020,1
2594,27466105,0510100,HENDERSON POLICE DEPARTMENT,Accepted,HENDERSON,,2820,SUNSET,LN,,,,,,,,37.87871423,-87.57190582,0.15,2020-11-13,1147,2,2,0,0,,DRY,True,1 VEHICLE PARKED POSITION (NOT PARKING LOT/DRIVEWAY),SIDESWIPE-SAME DIRECTION,STRAIGHT & LEVEL,DAYLIGHT,,,44152.36169,False,67,Accepted,5,5,O,,INATTENTION,,2020,1
2596,27468117,0510100,HENDERSON POLICE DEPARTMENT,Accepted,HENDERSON,US0060,2200,GREEN,ST,S,,,,,,,37.80531322,-87.63355313,9.568,2020-11-15,1805,2,2,0,0,CLEAR,DRY,False,1 VEHICLE ENTERING/LEAVING ENTRANCE,ANGLE,STRAIGHT & LEVEL,DARK-HWY LIGHTED/ON,,,44152.66775,False,35,Accepted,5,5,O,,INATTENTION,,2020,1
2597,27468118,0510100,HENDERSON POLICE DEPARTMENT,Accepted,HENDERSON,,,5TH,ST,,US0041A,GREEN,,,,,37.84329604,-87.58598726,0.953,2020-11-13,1943,2,2,0,0,CLEAR,DRY,False,ANGLE COLLISION - OTHER,ANGLE,STRAIGHT & LEVEL,DARK-HWY LIGHTED/ON,,,44152.66787,False,17,Accepted,5,5,O,,"DISREGARD TRAFFIC CONTROL, FAILED TO YIELD RIGHT OF WAY",,2020,1
2598,27468120,0510100,HENDERSON POLICE DEPARTMENT,Accepted,HENDERSON,,4008,DENISE,DR,,,,,,,,37.82400572,-87.54276778,0.035,2020-11-13,,2,2,0,0,CLEAR,DRY,True,1 VEHICLE PARKED POSITION (NOT PARKING LOT/DRIVEWAY),BACKING,STRAIGHT & LEVEL,DARK-HWY NOT LIGHTED,,,44152.66795,False,44,Accepted,5,5,O,,,,2020,1
2600,27475925,0510100,HENDERSON POLICE DEPARTMENT,Accepted,HENDERSON,US0041,,US41,,N,,VAN WYK,,,,,37.84242214,-87.56565731,14.93,2020-11-17,1325,2,2,0,0,CLEAR,DRY,False,OTHER INTERSECTION COLLISIONS,REAR END,STRAIGHT & LEVEL,DAYLIGHT,,,44154.4964,False,67,Accepted,5,5,O,,INATTENTION,,2020,1
2601,27475926,0510100,HENDERSON POLICE DEPARTMENT,Accepted,HENDERSON,,,ADAMS,ST,N,,7TH,,,,,37.84458425,-87.58163642,0.648,2020-11-18,730,2,2,0,0,CLEAR,DRY,False,ANGLE COLLISION - OTHER,ANGLE,STRAIGHT & LEVEL,DAYLIGHT,,,44154.49644,False,36,Accepted,5,5,O,,FAILED TO YIELD RIGHT OF WAY,,2020,1
2604,27477705,0510100,HENDERSON POLICE DEPARTMENT,Accepted,HENDERSON,KY0136,,SAND,LN,,,COMMONWEALTH,,,,,37.82062802,-87.58990339,20.349,2020-11-16,1346,2,2,0,0,CLEAR,DRY,False,ANGLE COLLISION - OTHER,ANGLE,STRAIGHT & LEVEL,DAYLIGHT,,,44154.75901,False,37,Accepted,5,5,O,,"FAILED TO YIELD RIGHT OF WAY, INATTENTION",,2020,1
2605,27477707,0510100,HENDERSON POLICE DEPARTMENT,Accepted,HENDERSON,US0041A,,GREEN,ST,S,,BORAX,,,,,37.81275548,-87.62003571,13.283,2020-11-16,1640,3,3,0,2,CLEAR,DRY,False,OTHER INTERSECTION COLLISIONS,REAR END,STRAIGHT & LEVEL,DARK-HWY LIGHTED/OFF,,,44154.75906,False,37,Accepted,5,4,C,,"INATTENTION, MISJUDGE CLEARANCE",,2020,1
2606,27477708,0510100,HENDERSON POLICE DEPARTMENT,Accepted,HENDERSON,US0041A,,GREEN,ST,N,,5TH,,,,,37.84326403,-87.58598208,16.216,2020-11-16,1548,2,2,0,0,CLEAR,DRY,False,ANGLE COLLISION - OTHER,ANGLE,STRAIGHT & LEVEL,DAYLIGHT,,,44154.7591,False,17,Accepted,5,5,O,,"DISREGARD TRAFFIC CONTROL, FAILED TO YIELD RIGHT OF WAY",,2020,1
2608,27483330,0510100,HENDERSON POLICE DEPARTMENT,Accepted,HENDERSON,US0041A,,GREEN,ST,N,,,,6TH,,7TH,37.84530472,-87.58469327,16.377,2020-11-12,747,2,2,0,0,CLEAR,DRY,False,SIDESWIPE COLLISION - SAME DIRECTION,SIDESWIPE-SAME DIRECTION,STRAIGHT & LEVEL,DAYLIGHT,,,44156.3702,False,67,Accepted,5,5,O,,INATTENTION,,2020,1
2609,27483656,0510100,HENDERSON POLICE DEPARTMENT,Accepted,HENDERSON,US0041A,,GREEN,ST,N,,10TH,,,,,37.84939764,-87.58201174,16.689,2020-11-07,1132,2,2,0,0,CLEAR,DRY,False,SIDESWIPE-SAME DIRECTION,SIDESWIPE-SAME DIRECTION,STRAIGHT & GRADE,DAYLIGHT,,,44156.56314,False,34,Accepted,5,5,O,,"INATTENTION, MISJUDGE CLEARANCE",,2020,1
2610,27483660,0510100,HENDERSON POLICE DEPARTMENT,Accepted,HENDERSON,KY0351,800,2ND,ST,,,ALVASIA,,,,,37.83714449,-87.5826421,0.35,2020-11-19,1114,2,2,0,0,CLEAR,DRY,False,OPPOSING LEFT TURN,OPPOSING LEFT TURN,STRAIGHT & LEVEL,DAYLIGHT,,,44156.56329,False,59,Accepted,5,5,O,,"FAILED TO YIELD RIGHT OF WAY, MISJUDGE CLEARANCE",,2020,1
2611,27486200,0510100,HENDERSON POLICE DEPARTMENT,Accepted,HENDERSON,,192,GARDEN MILE,RD,N,,,,,,,37.82738163,-87.55801219,0.063,2020-11-21,1204,2,2,0,0,CLOUDY,DRY,False,OTHER ROADWAY OR MID-BLOCK COLLISION,OPPOSING LEFT TURN,STRAIGHT & LEVEL,DAYLIGHT,,,44157.59845,False,59,Accepted,5,5,O,,"FAILED TO YIELD RIGHT OF WAY, INATTENTION",,2020,1
2612,27487218,0510100,HENDERSON POLICE DEPARTMENT,Accepted,HENDERSON,US0041A,,GREEN,ST,N,,1ST,,,,,37.83817459,-87.58925188,15.824,2020-11-22,103,1,1,0,0,CLOUDY,WET,False,COLLISION WITH FIXED OBJECT IN INTERSECTION - FIRST EVENT COLLISION 09 - 32,SINGLE VEHICLE,STRAIGHT & LEVEL,DARK-HWY LIGHTED/ON,,,44157.94566,False,38,Accepted,5,5,O,,"DISTRACTION, INATTENTION",,2020,1
2613,27489418,0510100,HENDERSON POLICE DEPARTMENT,Accepted,HENDERSON,,,MARYWOOD,DR,,,,US0041,US41,,GUM,37.86725955,-87.57198398,0.597,2020-11-19,1006,2,2,0,0,CLEAR,DRY,False,REAR END IN TRAFFIC LANES BOTH VEHICLES MOVING,REAR END,STRAIGHT & LEVEL,DAYLIGHT,,,44158.44583,False,36,Accepted,5,5,O,,INATTENTION,,2020,1
2618,27489543,0510100,HENDERSON POLICE DEPARTMENT,Accepted,HENDERSON,US0041,,US41,,N,US0041,US41 E RAMP TO US41 S,,,,,37.85493161,-87.57096263,15.858,2020-11-15,1204,2,2,0,0,CLEAR,DRY,False,SIDESWIPE-SAME DIRECTION,SIDESWIPE-SAME DIRECTION,STRAIGHT & LEVEL,DAYLIGHT,,,44158.46309,False,22,Accepted,5,5,O,,"INATTENTION, MISJUDGE CLEARANCE",,2020,1
2619,27489544,0510100,HENDERSON POLICE DEPARTMENT,Accepted,HENDERSON,US0060,1999,US60,,E,,,,,,,37.85975111,-87.5681901,10.576,2020-11-15,1235,2,2,0,0,CLEAR,DRY,False,VEHICLE BACKING NON INTERSECTION,BACKING,STRAIGHT & LEVEL,DAYLIGHT,,,44158.46313,False,22,Accepted,5,5,O,,"INATTENTION, MISJUDGE CLEARANCE",,2020,1
2621,27490688,0510000,HENDERSON COUNTY SHERIFF DEPT.,Accepted,HENDERSON,AU9005,,US 41 I-69,,,,,,,,,37.8065213,-87.56409652,0.029,2020-10-12,1449,2,2,0,0,CLOUDY,DRY,False,OTHER RAMP RELATED COLLISIONS NOT LISTED ABOVE,SIDESWIPE-SAME DIRECTION,CURVE & LEVEL,DAYLIGHT,US0041,AU9005,44158.65099,False,128,Accepted,5,5,O,,NOT UNDER PROPER CONTROL,LOAD SECUREMENT,2020,1
2622,27491115,0510100,HENDERSON POLICE DEPARTMENT,Accepted,HENDERSON,KY0812,,AIRLINE,RD,,KY2084,KY2084,,,,,37.82017926,-87.56936464,7.393,2020-11-19,1723,2,2,0,0,CLEAR,DRY,False,OTHER INTERSECTION COLLISIONS,REAR END,STRAIGHT & LEVEL,DARK-HWY LIGHTED/ON,,,44158.71445,False,25,Accepted,5,5,O,,INATTENTION,BRAKES DEFECTIVE,2020,1
2623,27491119,0510100,HENDERSON POLICE DEPARTMENT,Accepted,HENDERSON,US0041,,US41,,N,,,,,,,37.8797158,-87.56545253,17.734,2020-11-19,1623,2,2,0,0,CLEAR,DRY,False,1 VEHICLE ENTERING/LEAVING ENTRANCE,ANGLE,STRAIGHT & LEVEL,DAYLIGHT,,,44158.71454,False,50,Accepted,5,5,O,,INATTENTION,,2020,1
2624,27491120,0510100,HENDERSON POLICE DEPARTMENT,Accepted,HENDERSON,,,ATKINSON,ST,,,CLAY,,,,,37.82458246,-87.5775876,0.245,2020-11-20,1841,2,2,0,0,CLEAR,DRY,False,OTHER INTERSECTION COLLISIONS,REAR END,STRAIGHT & LEVEL,DARK-HWY LIGHTED/ON,,,44158.71458,False,25,Accepted,5,5,O,,"CELL PHONE, DISTRACTION, INATTENTION",,2020,1
2625,27491122,0510100,HENDERSON POLICE DEPARTMENT,Accepted,HENDERSON,US0041,2236,US41,,N,,,,,,,37.86999985,-87.57081947,17.003,2020-11-18,1523,3,3,0,0,CLEAR,DRY,False,REAR END IN TRAFFIC LANES BOTH VEHICLES MOVING,REAR END,STRAIGHT & LEVEL,DAYLIGHT,,,44158.71464,False,50,Accepted,5,5,O,,INATTENTION,,2020,1
2626,27491124,0510100,HENDERSON POLICE DEPARTMENT,Accepted,HENDERSON,,11,CENTER,CIR,,,,,,,,37.83237962,-87.57847297,0.096,2020-11-21,1644,2,2,0,0,CLEAR,DRY,False,1 VEHICLE PARKED POSITION (NOT PARKING LOT/DRIVEWAY),BACKING,STRAIGHT & LEVEL,DARK (UNKNOWN ROADWAY LIGHTING),,,44158.71474,False,64,Accepted,5,5,O,,INATTENTION,,2020,1
2627,27491125,0510100,HENDERSON POLICE DEPARTMENT,Accepted,HENDERSON,US0041,,US41,,N,,,,,,,37.86994732,-87.57063661,17.006,2020-11-21,1732,2,2,0,1,RAINING,WET,False,1 VEHICLE ENTERING/LEAVING ENTRANCE,ANGLE,STRAIGHT & LEVEL,DARK-HWY LIGHTED/ON,,,44158.71482,False,50,Accepted,5,4,C,,"DRUG INVOLVEMENT, INATTENTION",,2020,1
2628,27491282,0510100,HENDERSON POLICE DEPARTMENT,Accepted,HENDERSON,,81,CIRCLE B TRAILER PARK,,,,,,SUNSET,,SUNSET,37.87796741,-87.57089307,0.213,2020-11-18,1546,2,1,0,0,CLEAR,DRY,False,1 VEHICLE PARKED POSITION (NOT PARKING LOT/DRIVEWAY),SIDESWIPE-SAME DIRECTION,STRAIGHT & LEVEL,DAYLIGHT,,,44158.7145,False,5,Accepted,5,5,O,,INATTENTION,,2020,1
2631,27493883,0510100,HENDERSON POLICE DEPARTMENT,Accepted,HENDERSON,US0041,,US41,,N,,,,WALNUT,,WATSON,37.87654376,-87.56722073,17.496,2020-11-21,1149,2,2,0,0,RAINING,WET,False,REAR END IN TRAFFIC LANES BOTH VEHICLES MOVING,REAR END,STRAIGHT & LEVEL,DAYLIGHT,,,44159.50738,False,67,Accepted,5,5,O,SLIPPERY SURFACE,INATTENTION,,2020,1
2632,27493884,0510100,HENDERSON POLICE DEPARTMENT,Accepted,HENDERSON,US0041,,US41,,N,,MARYWOOD,,,,,37.8672818,-87.57211582,16.806,2020-11-23,1049,3,3,0,1,CLEAR,DRY,False,ANGLE COLLISION - OTHER,ANGLE,STRAIGHT & LEVEL,DAYLIGHT,,,44159.50743,False,59,Accepted,5,3,B,,INATTENTION,,2020,1
2633,27493885,0510100,HENDERSON POLICE DEPARTMENT,Accepted,HENDERSON,KY0351,,ZION,RD,,,,,GARDEN MILE,,KERRY,37.82793899,-87.55644986,1.933,2020-10-09,556,2,2,0,0,CLEAR,DRY,False,1 VEHICLE ENTERING/LEAVING ENTRANCE,ANGLE,STRAIGHT & LEVEL,DAWN,,,44159.50748,False,65,Accepted,5,5,O,,INATTENTION,,2020,1
2634,27494081,0510100,HENDERSON POLICE DEPARTMENT,Accepted,HENDERSON,US0041,,US41,,,,,US0041,US41,US0041,US41 TURN AROUND,37.82344612,-87.56385249,13.462,2020-11-23,1203,2,2,0,0,CLEAR,DRY,False,SIDESWIPE COLLISION - SAME DIRECTION,SIDESWIPE-SAME DIRECTION,STRAIGHT & LEVEL,DAYLIGHT,,,44159.55238,False,65,Accepted,5,5,O,,"ALCOHOL INVOLVEMENT, INATTENTION",,2020,1
2635,27496193,0510100,HENDERSON POLICE DEPARTMENT,Accepted,HENDERSON,US0041A,301,GREEN,ST,S,,,,,,,37.83274592,-87.59421362,15.334,2020-11-19,1528,2,2,0,0,CLEAR,DRY,False,1 VEHICLE ENTERING/LEAVING ENTRANCE,ANGLE,STRAIGHT & LEVEL,DAYLIGHT,,,44159.94813,False,17,Accepted,5,5,O,,INATTENTION,,2020,1
2636,27503087,0510100,HENDERSON POLICE DEPARTMENT,Accepted,HENDERSON,US0041,1956,US41,,N,,,,,,,37.86366161,-87.57424961,16.554,2020-11-23,704,3,3,0,0,CLEAR,DRY,False,OTHER ROADWAY OR MID-BLOCK COLLISION,OPPOSING LEFT TURN,STRAIGHT & LEVEL,DAYLIGHT,,,44162.55187,False,59,Accepted,5,5,O,,"FAILED TO YIELD RIGHT OF WAY, MISJUDGE CLEARANCE",BRAKES DEFECTIVE,2020,1
2637,27504115,0510100,HENDERSON POLICE DEPARTMENT,Accepted,HENDERSON,US0060,1900,GREEN,ST,S,,,,,,,37.80722647,-87.62864523,9.867,2020-11-25,2008,1,1,0,0,CLEAR,DRY,False,COLLISION WITH ANIMAL NON INTERSECTION,SINGLE VEHICLE,STRAIGHT & LEVEL,DARK-HWY NOT LIGHTED,,,44162.83763,False,64,Accepted,5,5,O,,,,2020,1
2638,27504124,0510100,HENDERSON POLICE DEPARTMENT,Accepted,HENDERSON,,2820,SUNSET,LN,,,,,,,,37.87826622,-87.57218061,0.161,2020-11-23,1345,2,2,0,0,CLEAR,DRY,False,VEHICLE BACKING NON INTERSECTION,BACKING,STRAIGHT & LEVEL,DAYLIGHT,,,44162.84103,False,25,Accepted,5,5,O,,INATTENTION,,2020,1
2639,27505043,0510100,HENDERSON POLICE DEPARTMENT,Accepted,HENDERSON,,100,ALVASIA,ST,S,,,,,,,37.83283877,-87.58664718,0.161,2020-11-23,109,2,2,0,0,CLEAR,DRY,True,1 VEHICLE PARKED POSITION (NOT PARKING LOT/DRIVEWAY),SIDESWIPE-SAME DIRECTION,STRAIGHT & LEVEL,DARK-HWY LIGHTED/ON,,,44163.17571,False,38,Accepted,5,5,O,,,,2020,1
2640,27505733,0510100,HENDERSON POLICE DEPARTMENT,Accepted,HENDERSON,US0041A,,GREEN,ST,S,,SAND,,,,,37.82369502,-87.60321787,14.517,2020-11-19,1541,3,3,0,0,CLEAR,DRY,False,OTHER INTERSECTION COLLISIONS,REAR END,STRAIGHT & LEVEL,DAYLIGHT,,,44163.59949,False,37,Accepted,5,5,O,,INATTENTION,,2020,1
2641,27505734,0510100,HENDERSON POLICE DEPARTMENT,Accepted,HENDERSON,,1200,WRIGHT,ST,,,,,,,,37.82180716,-87.58654554,0.038,2020-11-23,1907,2,2,0,0,CLOUDY,DRY,False,1 VEHICLE PARKED POSITION (NOT PARKING LOT/DRIVEWAY),BACKING,STRAIGHT & LEVEL,DARK-HWY LIGHTED/ON,,,44163.59955,False,64,Accepted,5,5,O,,INATTENTION,,2020,1
2642,27505735,0510100,HENDERSON POLICE DEPARTMENT,Accepted,HENDERSON,,,BARRET,BLVD,,US0041,US41,,,,,37.86433611,-87.57370612,0.9,2020-11-23,1922,2,2,0,0,CLEAR,DRY,False,OPPOSITE DIRECTION - BOTH VEHICLES GOING STRAIGHT AHEAD,SIDESWIPE-OPPOSITE DIRECTION,STRAIGHT & LEVEL,DARK-HWY LIGHTED/ON,,,44163.59958,False,35,Accepted,5,5,O,,"INATTENTION, MISJUDGE CLEARANCE",,2020,1
2646,27512401,0510100,HENDERSON POLICE DEPARTMENT,Accepted,HENDERSON,,,WATSON,LN,,US0041,US41,,,,,37.87531956,-87.56769056,1.095,2020-11-24,914,2,2,0,0,CLEAR,DRY,True,OTHER INTERSECTION COLLISIONS,REAR END,STRAIGHT & LEVEL,DAYLIGHT,,,44165.47445,False,48,Accepted,5,5,O,,INATTENTION,,2020,1
2648,27516363,0510100,HENDERSON POLICE DEPARTMENT,Accepted,HENDERSON,US0041A,1200,GREEN,ST,N,,,,,,,37.8521286,-87.58030337,16.898,2020-12-01,715,2,2,0,0,CLEAR,DRY,False,SIDESWIPE COLLISION - OPPOSITE DIRECTION,SIDESWIPE-OPPOSITE DIRECTION,STRAIGHT & LEVEL,DAYLIGHT,,,44166.48736,False,27,Accepted,5,5,O,,FAILED TO YIELD RIGHT OF WAY,OTHER,2020,1
2649,27518459,0510100,HENDERSON POLICE DEPARTMENT,Accepted,HENDERSON,,,WATSON,LN,,US0041,US41,,,,,37.8754175,-87.56763553,1.024,2020-11-28,1416,2,2,0,2,CLEAR,DRY,False,ANGLE COLLISION - OTHER,ANGLE,STRAIGHT & LEVEL,DAYLIGHT,,,44166.85532,False,25,Accepted,3,2,A,,"FAILED TO YIELD RIGHT OF WAY, INATTENTION",BRAKES DEFECTIVE,2020,1
2650,27518461,0510100,HENDERSON POLICE DEPARTMENT,Accepted,HENDERSON,US0041A,,GREEN,ST,N,,,,,,,37.8522088,-87.58027257,16.917,2020-11-28,1906,2,2,0,0,CLEAR,DRY,False,1 VEHICLE ENTERING/LEAVING ENTRANCE,ANGLE,STRAIGHT & LEVEL,DARK-HWY LIGHTED/ON,,,44166.85542,False,19,Accepted,5,5,O,,INATTENTION,,2020,1