OBJECTID,IncidentID,AgencyORI,AgencyName,IncidentStatusDesc,County,RdwyNumber,Street,RoadwayName,StreetSfx,StreetDir,IntersectionRdwy,IntersectionRdwyName,BetweenStRdwy1,BetweenStRdwyName1,BetweenStRdwy2,BetweenStRdwyName2,Latitude,Longitude,Milepoint,CollisionDate,CollisionTime,UnitsInvolved,MotorVehiclesInvolved,NumberKilled,NumberInjured,Weather,RdwyConditionCode,HitandRun,DirAnalysisCode,MannerofCollision,RdwyCharacter,LightCondition,RampFromRdwyId,RampToRdwyId,AcceptedDate,IsSecondaryCollision,OwnerBadge,IncidentStatus,InjurySeverityCde,KABCO_Code,KABCO,Environmental_Factors,Human_Factors,Vehicular_Factors,CollisionYear,CityCrash
2651,27518462,0510100,HENDERSON POLICE DEPARTMENT,Accepted,HENDERSON,US0041A,,GREEN,ST,S,,,,,,,37.83380093,-87.59325597,15.443,2020-11-29,1711,2,2,0,0,CLOUDY,DRY,False,1 VEHICLE ENTERING/LEAVING ENTRANCE,ANGLE,STRAIGHT & LEVEL,DARK-HWY LIGHTED/ON,,,44166.85546,False,19,Accepted,5,5,O,,INATTENTION,,2020,1
2652,27518463,0510100,HENDERSON POLICE DEPARTMENT,Accepted,HENDERSON,US0041,3113,US41,,N,,,,,,,37.8831933,-87.56308543,17.996,2020-11-29,2000,3,3,0,0,RAINING,WET,False,REAR END IN TRAFFIC LANES BOTH VEHICLES MOVING,REAR END,CURVE & LEVEL,DARK-HWY LIGHTED/ON,,,44166.8555,False,25,Accepted,5,5,O,,"FOLLOWING TOO CLOSE, INATTENTION, MISJUDGE CLEARANCE",,2020,1
2653,27521253,0510100,HENDERSON POLICE DEPARTMENT,Accepted,HENDERSON,US0041,,US41,,N,,,,BARRET,,MARYWOOD,37.86624583,-87.57270295,16.727,2020-12-02,730,2,2,0,0,CLEAR,DRY,False,OTHER ROADWAY OR MID-BLOCK COLLISION,REAR END,STRAIGHT & LEVEL,DAYLIGHT,,,44167.62179,False,67,Accepted,5,5,O,,INATTENTION,,2020,1
2656,27525247,0510100,HENDERSON POLICE DEPARTMENT,Accepted,HENDERSON,US0060,,US60,,E,,BARRET,,,,,37.85989731,-87.56775601,10.599,2020-11-27,1218,2,2,0,0,CLEAR,DRY,False,ANGLE COLLISION - OTHER,ANGLE,STRAIGHT & LEVEL,DAYLIGHT,,,44168.60594,False,22,Accepted,5,5,O,,FAILED TO YIELD RIGHT OF WAY,BRAKES DEFECTIVE,2020,1
2657,27525250,0510100,HENDERSON POLICE DEPARTMENT,Accepted,HENDERSON,,1238,POWELL,ST,,,,,,,,37.82859005,-87.58079689,1.054,2020-12-02,938,2,2,0,0,CLEAR,DRY,True,SIDESWIPE COLLISION - SAME DIRECTION,SIDESWIPE-SAME DIRECTION,STRAIGHT & LEVEL,DAYLIGHT,,,44168.60599,False,49,Accepted,5,5,O,,,,2020,1
2659,27526172,0510100,HENDERSON POLICE DEPARTMENT,Accepted,HENDERSON,,,MAIN,ST,S,,YEAMAN,,,,,37.82085872,-87.61087911,0.591,2020-11-16,1553,2,2,0,1,CLEAR,DRY,False,OTHER INTERSECTION COLLISIONS,REAR END,STRAIGHT & LEVEL,DAYLIGHT,,,44168.75697,False,37,Accepted,5,4,C,,INATTENTION,,2020,1
2663,27531877,0510100,HENDERSON POLICE DEPARTMENT,Accepted,HENDERSON,US0041,2820,US41,,N,,,,,,,37.8794909,-87.56560896,17.716,2020-12-02,1740,2,2,0,0,CLEAR,DRY,False,REAR END IN TRAFFIC LANES BOTH VEHICLES MOVING,REAR END,STRAIGHT & LEVEL,DARK-HWY LIGHTED/ON,,,44170.67868,False,50,Accepted,5,5,O,,OTHER,,2020,1
2664,27531879,0510100,HENDERSON POLICE DEPARTMENT,Accepted,HENDERSON,US0041,1900,US41,,N,,,,,,,37.86106864,-87.57536201,16.346,2020-12-03,1843,3,3,0,0,CLEAR,DRY,False,1 VEHICLE ENTERING/LEAVING ENTRANCE,ANGLE,CURVE & GRADE,DARK-HWY LIGHTED/ON,,,44170.67887,False,50,Accepted,5,5,O,,INATTENTION,,2020,1
2665,27534064,0510100,HENDERSON POLICE DEPARTMENT,Accepted,HENDERSON,KY0351,,ZION,RD,,US0041,US41 RAMP KY351,,,,,37.83042663,-87.56513349,1.406,2020-12-03,1255,2,2,0,0,"SLEET, HAIL, FREEZING RAIN",WET,False,ANGLE COLLISION - OTHER,ANGLE,STRAIGHT & LEVEL,DAYLIGHT,,,44171.58922,False,67,Accepted,5,5,O,SLIPPERY SURFACE,INATTENTION,,2020,1
2666,27534066,0510100,HENDERSON POLICE DEPARTMENT,Accepted,HENDERSON,,,1ST,ST,,,,,INGRAM,US0041A,GREEN,37.83782473,-87.58829895,0.353,2020-12-04,635,2,2,0,0,OTHER,WET,False,OTHER ROADWAY OR MID-BLOCK COLLISION,OPPOSING LEFT TURN,STRAIGHT & LEVEL,DAWN,,,44171.5893,False,48,Accepted,5,5,O,"OTHER, IMPROPERLY PARKED VEHICLE(S)","INATTENTION, IMPROPER PASSING",,2020,1
2667,27534067,0510100,HENDERSON POLICE DEPARTMENT,Accepted,HENDERSON,KY0285,,OLD MADISONVILLE,RD,,,,,THORNTON,,RUSSELL,37.80946046,-87.58791785,2.137,2020-12-04,703,1,1,0,0,CLEAR,DRY,False,COLLISION WITH FIXED OBJECT NON - INTERSECTION - FIRST EVENT COLLISION 09 - 32 EXCLUDING 16,SINGLE VEHICLE,CURVE & GRADE,DAYLIGHT,,,44171.58936,False,49,Accepted,5,5,O,ANIMALS ACTION,NOT UNDER PROPER CONTROL,,2020,1
2668,27534068,0510100,HENDERSON POLICE DEPARTMENT,Accepted,HENDERSON,US0041,,US41,,N,,,,BARRET,,MARYWOOD,37.86612684,-87.57277003,16.718,2020-12-05,1038,2,2,0,0,CLEAR,DRY,False,OTHER ROADWAY OR MID-BLOCK COLLISION,REAR END,STRAIGHT & LEVEL,DAYLIGHT,,,44171.58939,False,67,Accepted,5,5,O,,INATTENTION,,2020,1
2669,27534069,0510100,HENDERSON POLICE DEPARTMENT,Accepted,HENDERSON,US0041A,,GREEN,ST,N,,,,13TH,,14TH,37.85352844,-87.57920679,17.032,2020-11-29,955,2,2,0,0,CLEAR,DRY,False,COLLISION WITH FIXED OBJECT NON - INTERSECTION - FIRST EVENT COLLISION 09 - 32 EXCLUDING 16,REAR END,STRAIGHT & LEVEL,DAYLIGHT,,,44171.58944,False,34,Accepted,5,5,O,,FOLLOWING TOO CLOSE,,2020,1
2670,27534071,0510100,HENDERSON POLICE DEPARTMENT,Accepted,HENDERSON,,1021,BOOK,ST,,,,,10TH,,10TH,37.84938756,-87.57947588,0.066,2020-12-06,600,2,2,0,0,CLEAR,DRY,True,1 VEHICLE PARKED POSITION (NOT PARKING LOT/DRIVEWAY),SIDESWIPE-SAME DIRECTION,STRAIGHT & LEVEL,DARK (UNKNOWN ROADWAY LIGHTING),,,44171.58953,False,34,Accepted,5,5,O,,,,2020,1
2671,27539136,0510100,HENDERSON POLICE DEPARTMENT,Accepted,HENDERSON,US0041,,US41,,N,,,,,,,37.85785265,-87.57384032,16.096,2020-12-03,1915,2,2,0,1,CLEAR,DRY,False,OTHER ROADWAY OR MID-BLOCK COLLISION,REAR END,STRAIGHT & LEVEL,DARK-HWY NOT LIGHTED,,,44172.74881,True,44,Accepted,5,4,C,OTHER,INATTENTION,,2020,1
2672,27541801,0510100,HENDERSON POLICE DEPARTMENT,Accepted,HENDERSON,,223,MEADOW,ST,,,,,,,,37.82891721,-87.58387839,0.406,2020-12-07,1342,2,1,0,1,CLEAR,DRY,False,COLLISION WITH PEDESTRIAN NON - INTERSECTION,SINGLE VEHICLE,STRAIGHT & LEVEL,DAYLIGHT,,,44173.47316,False,66,Accepted,5,3,B,,INATTENTION,,2020,1
2673,27541812,0510100,HENDERSON POLICE DEPARTMENT,Accepted,HENDERSON,,,MAIN,ST,N,,2ND,,,,,37.84075799,-87.59160386,0.102,2020-12-08,705,2,2,0,0,CLOUDY,DRY,False,ANGLE COLLISION - OTHER,ANGLE,STRAIGHT & LEVEL,DAWN,,,44173.4734,False,34,Accepted,5,5,O,,INATTENTION,,2020,1
2674,27545785,0510100,HENDERSON POLICE DEPARTMENT,Accepted,HENDERSON,US0041A,,GREEN,ST,N,KY0351,2ND,,,,,37.83950573,-87.58850524,15.92,2020-12-08,1307,2,2,0,0,CLOUDY,DRY,False,OPPOSING LEFT TURN,OPPOSING LEFT TURN,STRAIGHT & LEVEL,DAYLIGHT,,,44174.42104,False,34,Accepted,5,5,O,,INATTENTION,,2020,1
2679,27548534,0510100,HENDERSON POLICE DEPARTMENT,Accepted,HENDERSON,US0041,,US41,,N,,,,KIMSEY,,VAN WYK,37.84491389,-87.56638052,15.109,2020-12-06,1743,2,2,0,1,CLEAR,DRY,False,REAR END IN TRAFFIC LANES BOTH VEHICLES MOVING,REAR END,STRAIGHT & LEVEL,DARK-HWY NOT LIGHTED,,,44174.92348,False,64,Accepted,5,3,B,,INATTENTION,,2020,1
2680,27548536,0510100,HENDERSON POLICE DEPARTMENT,Accepted,HENDERSON,,460,FAGAN,ST,,,,,,,,37.82728054,-87.58905743,0.132,2020-12-07,2030,2,2,0,0,CLEAR,DRY,True,1 VEHICLE PARKED POSITION (NOT PARKING LOT/DRIVEWAY),SIDESWIPE-OPPOSITE DIRECTION,STRAIGHT & GRADE,DARK-HWY LIGHTED/ON,,,44174.92359,False,44,Accepted,5,5,O,,,,2020,1
2681,27551319,0510000,HENDERSON COUNTY SHERIFF DEPT.,Accepted,HENDERSON,US0041,,US41,,N,,,,,,,37.87530006,-87.56770791,17.407,2020-12-09,1208,2,2,0,0,CLEAR,DRY,False,REAR END IN TRAFFIC LANES BOTH VEHICLES MOVING,REAR END,STRAIGHT & LEVEL,DAYLIGHT,,,44175.62709,False,138,Accepted,5,5,O,,"INATTENTION, NOT UNDER PROPER CONTROL",OTHER,2020,1
2683,27551467,0510100,HENDERSON POLICE DEPARTMENT,Accepted,HENDERSON,US0041A,1400,GREEN,ST,N,,,,,,,37.85397157,-87.57898109,16.984,2020-12-09,1658,2,2,0,0,CLEAR,DRY,False,OTHER ROADWAY OR MID-BLOCK COLLISION,REAR END,STRAIGHT & LEVEL,DARK-HWY LIGHTED/ON,,,44175.65042,False,35,Accepted,5,5,O,,INATTENTION,,2020,1
2684,27555684,0510100,HENDERSON POLICE DEPARTMENT,Accepted,HENDERSON,,801,PARKWAY,DR,S,,,,,,,37.82067413,-87.59762867,0.014,2020-10-03,1533,2,2,0,0,CLOUDY,DRY,True,1 VEHICLE PARKED POSITION (NOT PARKING LOT/DRIVEWAY),SIDESWIPE-SAME DIRECTION,STRAIGHT & LEVEL,DAYLIGHT,,,44176.66074,False,59,Accepted,5,5,O,,,,2020,1
2685,27560280,0510100,HENDERSON POLICE DEPARTMENT,Accepted,HENDERSON,US0041A,,US41 ALT,,,US0060,GREEN,,,,,37.81103603,-87.62277775,13.091,2020-12-11,1036,2,2,0,0,CLEAR,DRY,False,OTHER INTERSECTION COLLISIONS,REAR END,STRAIGHT & LEVEL,DAYLIGHT,,,44178.61553,False,48,Accepted,5,5,O,,INATTENTION,,2020,1
2686,27561575,0510100,HENDERSON POLICE DEPARTMENT,Accepted,HENDERSON,,7776,WATHEN,LN,,,,,,,,37.87661707,-87.52653468,1.029,2020-12-10,1625,1,1,0,0,CLOUDY,DRY,False,COLLISION WITH ANIMAL NON INTERSECTION,SINGLE VEHICLE,STRAIGHT & HILLCREST,DUSK,,,44179.01259,False,25,Accepted,5,5,O,,,,2020,1
2687,27561577,0510100,HENDERSON POLICE DEPARTMENT,Accepted,HENDERSON,KY0351,,2ND,ST,,KY2084,KY2084,,,,,37.83128672,-87.56891981,1.209,2020-12-10,1725,2,2,0,0,CLEAR,DRY,False,OPPOSING LEFT TURN,OPPOSING LEFT TURN,STRAIGHT & LEVEL,DARK-HWY NOT LIGHTED,,,44179.01265,False,44,Accepted,5,5,O,,"FAILED TO YIELD RIGHT OF WAY, INATTENTION",,2020,1
2688,27561579,0510100,HENDERSON POLICE DEPARTMENT,Accepted,HENDERSON,,200,ADAMS,ST,S,,,,,,,37.83343822,-87.5898289,0.218,2020-12-06,1641,2,2,0,0,CLEAR,DRY,False,1 VEHICLE PARKED POSITION (NOT PARKING LOT/DRIVEWAY),SIDESWIPE-SAME DIRECTION,STRAIGHT & LEVEL,DAYLIGHT,,,44179.01271,False,59,Accepted,5,5,O,ANIMALS ACTION,INATTENTION,,2020,1
2689,27561581,0510100,HENDERSON POLICE DEPARTMENT,Accepted,HENDERSON,US0041,2539,US41,,N,,,,,,,37.87257088,-87.56911435,17.205,2020-12-11,2022,2,2,0,0,CLEAR,DRY,False,SIDESWIPE COLLISION - SAME DIRECTION,SIDESWIPE-SAME DIRECTION,STRAIGHT & LEVEL,DARK-HWY LIGHTED/ON,,,44179.01281,False,25,Accepted,5,5,O,,INATTENTION,,2020,1
2692,27566631,0510100,HENDERSON POLICE DEPARTMENT,Accepted,HENDERSON,KY0351,,ZION,RD,,,,,,,,37.82450196,-87.54273621,2.71,2020-12-11,1716,2,2,0,1,CLOUDY,DRY,False,REAR END IN TRAFFIC LANES BOTH VEHICLES MOVING,REAR END,STRAIGHT & LEVEL,DARK-HWY LIGHTED/ON,,,44179.95909,False,19,Accepted,5,4,C,,INATTENTION,,2020,1
2693,27566633,0510100,HENDERSON POLICE DEPARTMENT,Accepted,HENDERSON,US0041,,US41,,N,,,,,,,37.85752403,-87.57329629,16.05,2020-12-13,1922,1,1,0,1,RAINING,WET,False,COLLISION WITH FIXED OBJECT NON - INTERSECTION - FIRST EVENT COLLISION 09 - 32 EXCLUDING 16,SINGLE VEHICLE,STRAIGHT & LEVEL,DARK-HWY LIGHTED/ON,,,44179.95926,False,25,Accepted,5,3,B,,"INATTENTION, TOO FAST FOR CONDITIONS",,2020,1
2695,27569691,0510100,HENDERSON POLICE DEPARTMENT,Accepted,HENDERSON,US0041A,1773,GREEN,ST,S,,,,,,,37.81446581,-87.61745582,13.471,2020-12-11,1531,2,2,0,0,CLEAR,DRY,False,VEHICLE BACKING NON INTERSECTION,BACKING,STRAIGHT & LEVEL,DAYLIGHT,,,44180.65813,False,17,Accepted,5,5,O,VIEW OBSTRUCTED/LIMITED DUE TO RDWY,INATTENTION,,2020,1
2696,27569693,0510100,HENDERSON POLICE DEPARTMENT,Accepted,HENDERSON,US0041A,1700,GREEN,ST,S,,,,,,,37.81538598,-87.61535385,13.612,2020-12-11,1604,2,2,0,0,CLEAR,DRY,False,1 VEHICLE ENTERING/LEAVING ENTRANCE,ANGLE,STRAIGHT & LEVEL,DAYLIGHT,,,44180.65835,False,17,Accepted,5,5,O,,INATTENTION,,2020,1
2697,27570678,0510100,HENDERSON POLICE DEPARTMENT,Accepted,HENDERSON,US0060,2323,GREEN,ST,S,,,,,,,37.8023043,-87.64150576,9.086,2020-12-13,1829,2,2,0,1,CLOUDY,WET,False,REAR END IN TRAFFIC LANES BOTH VEHICLES MOVING,REAR END,STRAIGHT & LEVEL,DARK-HWY LIGHTED/ON,,,44180.86195,False,59,Accepted,5,3,B,SLIPPERY SURFACE,ALCOHOL INVOLVEMENT,,2020,1
2698,27570679,0510100,HENDERSON POLICE DEPARTMENT,Accepted,HENDERSON,,,SAND,LN,,US0041A,GREEN,,,,,37.823756,-87.6032863,0.089,2020-12-14,1723,2,2,0,3,CLEAR,DRY,False,OPPOSING LEFT TURN,OPPOSING LEFT TURN,STRAIGHT & LEVEL,DARK-HWY LIGHTED/ON,,,44180.862,False,59,Accepted,4,3,B,,"FAILED TO YIELD RIGHT OF WAY, INATTENTION",,2020,1
2699,27574569,0510100,HENDERSON POLICE DEPARTMENT,Accepted,HENDERSON,US0041,,,,,,,,,,,37.85740413,-87.57339959,0.017,2020-12-15,1728,2,2,0,0,CLEAR,DRY,False,OTHER RAMP RELATED COLLISIONS NOT LISTED ABOVE,SIDESWIPE-SAME DIRECTION,STRAIGHT & LEVEL,DARK-HWY LIGHTED/ON,US0041,US0060,44182.0586,False,50,Accepted,5,5,O,,INATTENTION,,2020,1
2700,27576036,0510100,HENDERSON POLICE DEPARTMENT,Accepted,HENDERSON,US0041,,US41,,N,,,,PARK,,CINEMA,37.86375409,-87.57405077,16.539,2020-12-16,921,2,2,0,0,SNOWING,WET,False,SIDESWIPE COLLISION - SAME DIRECTION,SIDESWIPE-SAME DIRECTION,STRAIGHT & LEVEL,DAYLIGHT,,,44182.47356,False,48,Accepted,5,5,O,,INATTENTION,,2020,1
2707,27581472,0510100,HENDERSON POLICE DEPARTMENT,Accepted,HENDERSON,,,WATSON,LN,,,,,,,,37.87230648,-87.55922405,0.572,2020-12-16,2217,2,2,0,0,CLEAR,DRY,True,REAR END IN TRAFFIC LANES BOTH VEHICLES MOVING,REAR END,STRAIGHT & LEVEL,DARK-HWY LIGHTED/OFF,,,44183.74421,False,62,Accepted,5,5,O,,OTHER,,2020,1
2708,27581857,KSP1600,"KY STATE POLICE, POST 16",Accepted,HENDERSON,US0060,,US60,,E,,,,,,,37.86005795,-87.56733838,10.626,2020-12-18,1731,2,2,0,0,CLEAR,DRY,False,SIDESWIPE COLLISION - OPPOSITE DIRECTION,SIDESWIPE-OPPOSITE DIRECTION,STRAIGHT & LEVEL,DARK-HWY LIGHTED/ON,,,44183.8416,False,132,Accepted,5,5,O,,INATTENTION,,2020,1
2709,27585715,0510100,HENDERSON POLICE DEPARTMENT,Accepted,HENDERSON,US0060,,GREEN,ST,S,,COMMUNITY,,,,,37.80380779,-87.63753901,9.327,2020-12-16,626,2,2,0,0,CLEAR,DRY,False,OPPOSING LEFT TURN,OPPOSING LEFT TURN,STRAIGHT & LEVEL,DARK-HWY LIGHTED/ON,,,44185.52466,False,66,Accepted,5,5,O,,INATTENTION,,2020,1
2710,27588763,0510100,HENDERSON POLICE DEPARTMENT,Accepted,HENDERSON,US0041,,US41,,N,,MARYWOOD,,,,,37.86730911,-87.57216593,16.804,2020-12-15,1220,2,2,0,0,CLEAR,DRY,True,REAR END - ONE VEHICLE TURNING LEFT,REAR END,STRAIGHT & LEVEL,DAYLIGHT,,,44186.36871,False,34,Accepted,5,5,O,,,,2020,1
2713,27589870,0510100,HENDERSON POLICE DEPARTMENT,Accepted,HENDERSON,KY0351,,ZION,RD,,KY2084,KY2084 TURN LANE,,,,,37.83115906,-87.56871819,1.233,2020-12-16,1933,2,2,0,0,CLOUDY,DRY,False,ANGLE COLLISION - OTHER,ANGLE,STRAIGHT & LEVEL,DARK (UNKNOWN ROADWAY LIGHTING),,,44186.61566,False,64,Accepted,5,5,O,,INATTENTION,,2020,1
2714,27589874,0510100,HENDERSON POLICE DEPARTMENT,Accepted,HENDERSON,,2157,LOCUST,DR,,,,,,,,37.86748162,-87.57708096,0.001,2020-12-17,1400,1,1,0,0,CLEAR,DRY,False,COLLISION WITH NON-FIXED OBJECT ,SINGLE VEHICLE,STRAIGHT & LEVEL,DAYLIGHT,,,44186.61584,False,50,Accepted,5,5,O,"NON-HIGHWAY WORK: WORK ZONE (Utility, Tree, etc.)","INATTENTION, MISJUDGE CLEARANCE",,2020,1
2715,27589880,0510100,HENDERSON POLICE DEPARTMENT,Accepted,HENDERSON,US0060,,US60,,E,,,,,,,37.8599296,-87.56769279,10.597,2020-11-13,1718,2,2,0,0,CLEAR,DRY,False,OTHER ROADWAY OR MID-BLOCK COLLISION,REAR END,STRAIGHT & LEVEL,DARK-HWY LIGHTED/ON,,,44186.61594,False,50,Accepted,5,5,O,,INATTENTION,,2020,1
2716,27589885,0510100,HENDERSON POLICE DEPARTMENT,Accepted,HENDERSON,US0041A,,GREEN,ST,N,,2ND,,,,,37.83940223,-87.58850937,15.917,2020-12-14,1703,2,2,0,0,CLEAR,DRY,False,OTHER INTERSECTION COLLISIONS,REAR END,STRAIGHT & LEVEL,DARK-HWY LIGHTED/ON,,,44186.6162,False,17,Accepted,5,5,O,,"DISTRACTION, INATTENTION",,2020,1
2717,27590089,0510100,HENDERSON POLICE DEPARTMENT,Accepted,HENDERSON,KY0812,,AIRLINE,RD,,,BLUE RIDGE,,,,,37.82172781,-87.57196887,7.572,2020-12-20,1417,2,2,0,0,CLEAR,DRY,False,REAR END - ONE VEHICLE TURNING LEFT,REAR END,STRAIGHT & LEVEL,DAYLIGHT,,,44186.66356,False,64,Accepted,5,5,O,,INATTENTION,,2020,1
2718,27590133,0510100,HENDERSON POLICE DEPARTMENT,Accepted,HENDERSON,,,KRESGE,DR,,US0041A,GREEN,,,,,37.8160676,-87.61466091,0.007,2020-12-18,1513,2,2,0,0,CLEAR,DRY,False,OTHER INTERSECTION COLLISIONS,REAR END,STRAIGHT & LEVEL,DAYLIGHT,,,44186.66896,False,17,Accepted,5,5,O,,INATTENTION,,2020,1
2719,27590136,0510100,HENDERSON POLICE DEPARTMENT,Accepted,HENDERSON,,,WATER,ST,S,,DIXON,,,,,37.83552388,-87.59833278,0.39,2020-12-20,1525,2,2,0,0,CLEAR,DRY,False,HEAD-ON COLLISION,HEAD ON,STRAIGHT & LEVEL,DAYLIGHT,,,44186.66902,False,17,Accepted,5,5,O,GLARE (SUN),OTHER,,2020,1
2720,27592801,0510100,HENDERSON POLICE DEPARTMENT,Accepted,HENDERSON,,,POWELL,ST,,,HOLLOWAY,,,,,37.83145603,-87.58568076,0.721,2020-12-20,1240,3,3,0,1,CLEAR,DRY,False,ANGLE COLLISION - OTHER,ANGLE,STRAIGHT & LEVEL,DAYLIGHT,,,44187.41643,False,34,Accepted,4,4,C,,"DISREGARD TRAFFIC CONTROL, INATTENTION, OTHER",,2020,1
2721,27595438,0510100,HENDERSON POLICE DEPARTMENT,Accepted,HENDERSON,US0041A,1700,GREEN,ST,S,,,,,,,37.81548778,-87.61560586,13.607,2020-12-21,1512,2,2,0,0,CLEAR,DRY,False,SIDESWIPE COLLISION - OPPOSITE DIRECTION,SIDESWIPE-OPPOSITE DIRECTION,STRAIGHT & LEVEL,DAYLIGHT,,,44187.88134,False,37,Accepted,5,5,O,GLARE (SUN),MISJUDGE CLEARANCE,,2020,1
2722,27595469,0510100,HENDERSON POLICE DEPARTMENT,Accepted,HENDERSON,,400,WASHINGTON,ST,,,INGRAM,,,,,37.83541681,-87.58975562,1.114,2020-12-22,1459,2,2,0,0,CLEAR,DRY,False,ANGLE COLLISION - OTHER,ANGLE,STRAIGHT & LEVEL,DAYLIGHT,,,44187.89657,False,35,Accepted,5,5,O,,"DISREGARD TRAFFIC CONTROL, INATTENTION",,2020,1
2723,27596812,0510100,HENDERSON POLICE DEPARTMENT,Accepted,HENDERSON,US0041A,301,GREEN,ST,S,,,,,,,37.83390329,-87.59315745,15.456,2020-12-21,1152,2,2,0,0,CLEAR,DRY,False,SIDESWIPE COLLISION - SAME DIRECTION,SIDESWIPE-SAME DIRECTION,STRAIGHT & LEVEL,DAYLIGHT,,,44188.36795,False,65,Accepted,5,5,O,,INATTENTION,,2020,1
2724,27597340,0510100,HENDERSON POLICE DEPARTMENT,Accepted,HENDERSON,US0041,,US41,,N,,,,BARKER,,WALKER,37.87191331,-87.56963908,17.149,2020-12-22,1024,2,2,0,0,CLEAR,DRY,False,OTHER ROADWAY OR MID-BLOCK COLLISION,REAR END,STRAIGHT & LEVEL,DAYLIGHT,,,44188.42972,False,67,Accepted,5,5,O,,INATTENTION,,2020,1
2725,27597342,0510100,HENDERSON POLICE DEPARTMENT,Accepted,HENDERSON,US0041,,US41,,N,,,,BARKER,,PAUL,37.87315148,-87.56898681,17.243,2020-12-22,1303,2,2,0,0,CLEAR,DRY,False,REAR END IN TRAFFIC LANES BOTH VEHICLES MOVING,REAR END,STRAIGHT & LEVEL,DAYLIGHT,,,44188.4298,False,67,Accepted,5,5,O,,INATTENTION,,2020,1
2726,27597505,0510100,HENDERSON POLICE DEPARTMENT,Accepted,HENDERSON,,203,JULIA,ST,S,,,,,,,37.83056881,-87.58445475,0.214,2020-12-19,1052,2,2,0,0,CLEAR,DRY,False,1 VEHICLE PARKED POSITION (NOT PARKING LOT/DRIVEWAY),SIDESWIPE-SAME DIRECTION,STRAIGHT & LEVEL,DAYLIGHT,,,44188.47916,False,22,Accepted,5,5,O,,MISJUDGE CLEARANCE,,2020,1
2727,27597506,0510100,HENDERSON POLICE DEPARTMENT,Accepted,HENDERSON,US0041,1900,US41,,N,,,,,,,37.86338174,-87.57425326,16.51,2020-12-20,1053,1,1,0,0,CLEAR,DRY,False,COLLISION WITH FIXED OBJECT NON - INTERSECTION - FIRST EVENT COLLISION 09 - 32 EXCLUDING 16,SINGLE VEHICLE,STRAIGHT & LEVEL,DAYLIGHT,,,44188.47921,False,22,Accepted,5,5,O,,MISJUDGE CLEARANCE,,2020,1
2728,27599225,0510100,HENDERSON POLICE DEPARTMENT,Accepted,HENDERSON,,2521,SPRINGER,RD,,,,,,,,37.87393857,-87.57195916,0.078,2020-12-22,1406,1,1,0,0,CLEAR,DRY,False,COLLISION WITH FIXED OBJECT NON - INTERSECTION - FIRST EVENT COLLISION 09 - 32 EXCLUDING 16,SINGLE VEHICLE,STRAIGHT & LEVEL,DAYLIGHT,,,44188.85897,False,50,Accepted,5,5,O,,,STEERING FAILURE,2020,1
2729,27599226,0510100,HENDERSON POLICE DEPARTMENT,Accepted,HENDERSON,US0041A,1300,GREEN,ST,S,,,,,,,37.82396026,-87.6029256,14.547,2020-12-23,1432,2,2,0,0,RAINING,WET,False,SIDESWIPE COLLISION - SAME DIRECTION,SIDESWIPE-SAME DIRECTION,STRAIGHT & LEVEL,DAYLIGHT,,,44188.85902,False,19,Accepted,5,5,O,,INATTENTION,,2020,1
2730,27599271,0510100,HENDERSON POLICE DEPARTMENT,Accepted,HENDERSON,US0041,2200,US41,,N,,,,,,,37.86958558,-87.57075465,17.008,2020-12-23,1600,2,2,0,0,RAINING,WET,False,REAR END IN TRAFFIC LANES BOTH VEHICLES MOVING,REAR END,STRAIGHT & LEVEL,DUSK,,,44188.87367,False,35,Accepted,5,5,O,,INATTENTION,,2020,1
2731,27601417,0510100,HENDERSON POLICE DEPARTMENT,Accepted,HENDERSON,US0041A,,GREEN,ST,S,,,,DIXON,,CLAY,37.83392003,-87.59322177,15.436,2020-12-23,1855,2,2,0,0,RAINING,WET,False,SIDESWIPE COLLISION - SAME DIRECTION,SIDESWIPE-SAME DIRECTION,STRAIGHT & LEVEL,DARK-HWY LIGHTED/ON,,,44189.92952,False,44,Accepted,5,5,O,,INATTENTION,,2020,1
2732,27601446,0510100,HENDERSON POLICE DEPARTMENT,Accepted,HENDERSON,,,DR MARTIN LUTHER KING JR,AVE,,,,,,,,37.82868874,-87.58770511,0.455,2020-12-23,1805,2,2,0,0,RAINING,WET,False,1 VEHICLE ENTERING/LEAVING ENTRANCE,ANGLE,STRAIGHT & LEVEL,DARK-HWY LIGHTED/ON,,,44189.94322,False,19,Accepted,5,5,O,,DISREGARD TRAFFIC CONTROL,,2020,1
2733,27602105,0510100,HENDERSON POLICE DEPARTMENT,Accepted,HENDERSON,,,WATSON,LN,,,,US0041,US41,,SUREWAY,37.87528602,-87.56763958,1.096,2020-12-24,1109,2,2,0,0,SNOWING,DRY,False,SIDESWIPE COLLISION - SAME DIRECTION,SIDESWIPE-SAME DIRECTION,STRAIGHT & LEVEL,DAYLIGHT,,,44190.46214,False,67,Accepted,5,5,O,,INATTENTION,,2020,1