OBJECTID,IncidentID,AgencyORI,AgencyName,IncidentStatusDesc,County,RdwyNumber,Street,RoadwayName,StreetSfx,StreetDir,IntersectionRdwy,IntersectionRdwyName,BetweenStRdwy1,BetweenStRdwyName1,BetweenStRdwy2,BetweenStRdwyName2,Latitude,Longitude,Milepoint,CollisionDate,CollisionTime,UnitsInvolved,MotorVehiclesInvolved,NumberKilled,NumberInjured,Weather,RdwyConditionCode,HitandRun,DirAnalysisCode,MannerofCollision,RdwyCharacter,LightCondition,RampFromRdwyId,RampToRdwyId,AcceptedDate,IsSecondaryCollision,OwnerBadge,IncidentStatus,InjurySeverityCde,KABCO_Code,KABCO,Environmental_Factors,Human_Factors,Vehicular_Factors,CollisionYear,CityCrash
2734,27604120,0510100,HENDERSON POLICE DEPARTMENT,Accepted,HENDERSON,US0041A,,GREEN,ST,N,,,,,,,37.83988638,-87.58820856,15.955,2020-12-23,2305,2,2,0,0,CLEAR,DRY,True,SIDESWIPE COLLISION - SAME DIRECTION,SIDESWIPE-SAME DIRECTION,STRAIGHT & LEVEL,DARK-HWY LIGHTED/ON,,,44192.03476,False,63,Accepted,5,5,O,,,,2020,1
2735,27605249,0510100,HENDERSON POLICE DEPARTMENT,Accepted,HENDERSON,,2961,GREEN RIVER,RD,,,,,,,,37.87123703,-87.55228935,1.058,2020-12-26,1730,2,2,0,0,CLEAR,DRY,False,1 VEHICLE PARKED POSITION (NOT PARKING LOT/DRIVEWAY),REAR END,CURVE & HILLCREST,DARK (UNKNOWN ROADWAY LIGHTING),,,44192.64705,False,25,Accepted,5,5,O,,INATTENTION,,2020,1
2736,27605250,0510100,HENDERSON POLICE DEPARTMENT,Accepted,HENDERSON,US0041A,,GREEN,ST,S,,AUDUBON,,,,,37.83062591,-87.59636574,15.198,2020-12-25,1941,2,2,0,0,CLEAR,DRY,False,REAR END - ONE VEHICLE TURNING LEFT,REAR END,STRAIGHT & LEVEL,DARK-HWY LIGHTED/ON,,,44192.64709,False,25,Accepted,5,5,O,,"FOLLOWING TOO CLOSE, INATTENTION",,2020,1
2741,27613032,0510100,HENDERSON POLICE DEPARTMENT,Accepted,HENDERSON,,1600,MAIN,ST,S,,,,,,,37.81999419,-87.61227325,0.477,2020-12-28,938,2,2,0,0,CLEAR,DRY,False,1 VEHICLE ENTERING/LEAVING ENTRANCE,ANGLE,STRAIGHT & LEVEL,DAYLIGHT,,,44194.6084,False,22,Accepted,5,5,O,,"FAILED TO YIELD RIGHT OF WAY, INATTENTION, MISJUDGE CLEARANCE",,2020,1
2742,27618390,0510100,HENDERSON POLICE DEPARTMENT,Accepted,HENDERSON,US0041,2000,US41,,N,,,,,,,37.86432789,-87.57329432,16.57,2020-12-29,1357,2,2,0,0,CLEAR,DRY,False,1 VEHICLE ENTERING/LEAVING ENTRANCE,ANGLE,STRAIGHT & LEVEL,DAYLIGHT,,,44195.94537,False,25,Accepted,5,5,O,,"INATTENTION, FOLLOWING TOO CLOSE",,2020,1
2743,27618391,0510100,HENDERSON POLICE DEPARTMENT,Accepted,HENDERSON,,1100,BARRET,BLVD,,,,,,,,37.8588895,-87.5671737,0.272,2020-12-23,1636,2,2,0,0,RAINING,WET,False,1 VEHICLE ENTERING/LEAVING ENTRANCE,ANGLE,CURVE & LEVEL,DARK-HWY LIGHTED/ON,,,44195.94543,False,50,Accepted,5,5,O,,INATTENTION,,2020,1
2744,27618392,0510100,HENDERSON POLICE DEPARTMENT,Accepted,HENDERSON,,,1ST,ST,,,CLARK,,,,,37.83411109,-87.57893641,0.925,2020-12-28,1416,2,2,0,0,CLEAR,DRY,False,HEAD-ON COLLISION,HEAD ON,STRAIGHT & LEVEL,DAYLIGHT,,,44195.94547,False,59,Accepted,5,5,O,,"FAILED TO YIELD RIGHT OF WAY, INATTENTION, MISJUDGE CLEARANCE",,2020,1
2745,27618393,0510100,HENDERSON POLICE DEPARTMENT,Accepted,HENDERSON,US0041A,1680,GREEN,ST,S,,,,,,,37.81797225,-87.611888,13.893,2020-12-29,1633,2,2,0,0,CLEAR,DRY,False,OTHER ROADWAY OR MID-BLOCK COLLISION,OPPOSING LEFT TURN,STRAIGHT & LEVEL,DUSK,,,44195.9455,False,59,Accepted,5,5,O,,"FAILED TO YIELD RIGHT OF WAY, INATTENTION, MISJUDGE CLEARANCE",,2020,1
2746,27618394,0510100,HENDERSON POLICE DEPARTMENT,Accepted,HENDERSON,,100,3RD,ST,,,WATER,,,,,37.84270153,-87.59245656,0.006,2020-12-28,2050,2,2,0,0,CLEAR,DRY,False,ANGLE COLLISION - OTHER,ANGLE,STRAIGHT & LEVEL,DARK-HWY NOT LIGHTED,,,44195.94554,False,35,Accepted,5,5,O,,INATTENTION,,2020,1
2747,27618395,0510100,HENDERSON POLICE DEPARTMENT,Accepted,HENDERSON,US0041A,,US41 ALT,,,,,,,,,37.85557286,-87.57648154,17.235,2020-12-24,1555,2,2,0,0,CLEAR,DRY,False,SIDESWIPE COLLISION - SAME DIRECTION,SIDESWIPE-SAME DIRECTION,STRAIGHT & GRADE,DAYLIGHT,,,44195.94557,False,44,Accepted,5,5,O,,INATTENTION,,2020,1
2748,27618396,0510100,HENDERSON POLICE DEPARTMENT,Accepted,HENDERSON,US0041A,,GREEN,ST,N,,,,HERRON,,RICHARDSON,37.85487843,-87.57752321,17.14,2020-12-28,1543,2,2,0,0,CLEAR,DRY,False,OTHER ROADWAY OR MID-BLOCK COLLISION,REAR END,STRAIGHT & LEVEL,DAYLIGHT,,,44195.94561,False,44,Accepted,5,5,O,,FOLLOWING TOO CLOSE,,2020,1
2749,27618397,0510100,HENDERSON POLICE DEPARTMENT,Accepted,HENDERSON,US0041A,1400,GREEN,ST,N,,,,,,,37.85441763,-87.5788521,17.06,2020-12-29,1425,2,2,0,0,CLEAR,DRY,False,OTHER ROADWAY OR MID-BLOCK COLLISION,OPPOSING LEFT TURN,STRAIGHT & LEVEL,DAYLIGHT,,,44195.94565,False,35,Accepted,5,5,O,,INATTENTION,,2020,1
2757,27620571,0510100,HENDERSON POLICE DEPARTMENT,Accepted,HENDERSON,,1100,BARRET,BLVD,,,,,,,,37.85987318,-87.56772666,0.351,2020-12-30,1403,2,2,0,0,RAINING,WET,False,SIDESWIPE COLLISION - SAME DIRECTION,SIDESWIPE-SAME DIRECTION,STRAIGHT & LEVEL,DAYLIGHT,,,44196.7493,False,50,Accepted,5,5,O,,INATTENTION,,2020,1
2758,27620597,0510100,HENDERSON POLICE DEPARTMENT,Accepted,HENDERSON,US0041A,1000,GREEN,ST,N,,,,,,,37.84970785,-87.58188576,16.678,2020-12-31,1355,2,2,0,0,CLOUDY,DRY,False,OTHER ROADWAY OR MID-BLOCK COLLISION,OPPOSING LEFT TURN,STRAIGHT & LEVEL,DAYLIGHT,,,44196.75316,False,35,Accepted,5,5,O,,MISJUDGE CLEARANCE,,2020,1
2759,27622533,0510100,HENDERSON POLICE DEPARTMENT,Accepted,HENDERSON,,,ELMWOOD,DR,,,,,,,,37.88323921,-87.56868164,0.077,2020-12-27,1208,3,3,0,0,CLEAR,DRY,True,1 VEHICLE PARKED POSITION (NOT PARKING LOT/DRIVEWAY),SIDESWIPE-SAME DIRECTION,STRAIGHT & LEVEL,DARK-HWY LIGHTED/ON,,,44197.5566,False,49,Accepted,5,5,O,,,,2020,1
2760,27622534,0510100,HENDERSON POLICE DEPARTMENT,Accepted,HENDERSON,US0041,,US41,,N,,MARYWOOD,,,,,37.86728099,-87.57213789,16.806,2020-12-27,1240,2,2,0,0,CLEAR,DRY,False,OTHER INTERSECTION COLLISIONS,REAR END,STRAIGHT & LEVEL,DAYLIGHT,,,44197.55663,False,49,Accepted,5,5,O,,INATTENTION,,2020,1
2761,27622614,0510100,HENDERSON POLICE DEPARTMENT,Accepted,HENDERSON,,,1ST,ST,,,,US0041A,GREEN,,ELM,37.83849855,-87.59020122,0.239,2020-12-31,1245,2,2,0,0,CLOUDY,DRY,False,OTHER ROADWAY OR MID-BLOCK COLLISION,OPPOSING LEFT TURN,STRAIGHT & LEVEL,DAYLIGHT,,,44197.59915,False,48,Accepted,5,5,O,,INATTENTION,,2020,1
2762,27625493,0510100,HENDERSON POLICE DEPARTMENT,Accepted,HENDERSON,US0041,1900,US41,,N,,,,,,,37.86380032,-87.57425303,16.553,2020-12-30,2138,2,2,0,0,RAINING,WET,False,1 VEHICLE ENTERING/LEAVING ENTRANCE,ANGLE,STRAIGHT & LEVEL,DARK-HWY LIGHTED/ON,,,44198.72588,False,50,Accepted,5,5,O,,INATTENTION,,2020,1
2764,27628213,0510100,HENDERSON POLICE DEPARTMENT,Accepted,HENDERSON,KY2084,,KY2084,,S,,,,,,,37.80459081,-87.57260927,1.041,2021-01-01,2045,1,1,0,2,RAINING,WET,False,RAN OFF ROADWAY (1 VEHICLE WITH/EARTH EMBANKMENT/DITCH),SINGLE VEHICLE,STRAIGHT & LEVEL,DARK-HWY LIGHTED/ON,,,44199.79421,False,19,Accepted,5,4,C,SLIPPERY SURFACE,,,2021,1
2765,27628218,0510100,HENDERSON POLICE DEPARTMENT,Accepted,HENDERSON,US0041A,,GREEN,ST,S,,KRESGE,,,,,37.81567528,-87.61540921,13.625,2021-01-01,1742,2,2,0,2,CLEAR,DRY,False,REAR END - ONE VEHICLE TURNING LEFT,REAR END,STRAIGHT & LEVEL,DAYLIGHT,,,44199.79433,False,17,Accepted,4,4,C,,INATTENTION,,2021,1
2766,27628223,0510100,HENDERSON POLICE DEPARTMENT,Accepted,HENDERSON,,200,ADAMS,ST,N,,,,,,,37.83887411,-87.58518713,0.237,2021-01-02,1627,2,2,0,0,CLOUDY,DRY,True,1 VEHICLE PARKED POSITION (NOT PARKING LOT/DRIVEWAY),SIDESWIPE-OPPOSITE DIRECTION,STRAIGHT & LEVEL,DUSK,,,44199.79441,False,59,Accepted,5,5,O,,,"TIRE FAILURE, TIRES",2021,1
2767,27628781,0510100,HENDERSON POLICE DEPARTMENT,Accepted,HENDERSON,,119,MILL,ST,,,,,,,,37.82887621,-87.5796938,0.779,2021-01-03,3,2,2,0,0,RAINING,WET,True,1 VEHICLE PARKED POSITION (NOT PARKING LOT/DRIVEWAY),HEAD ON,STRAIGHT & LEVEL,DARK-HWY LIGHTED/ON,,,44199.94755,False,24,Accepted,5,5,O,,INATTENTION,,2021,1
2772,27632416,0510100,HENDERSON POLICE DEPARTMENT,Accepted,HENDERSON,US0060,,US60,,E,,BARRET,,,,,37.85990215,-87.56778507,10.598,2021-01-03,1305,2,2,0,0,CLEAR,DRY,False,ANGLE COLLISION - ONE VEHICLE TURNING LEFT,ANGLE,STRAIGHT & LEVEL,DAYLIGHT,,,44200.58946,False,18,Accepted,5,5,O,,OTHER,BRAKES DEFECTIVE,2021,1
2773,27633715,0510100,HENDERSON POLICE DEPARTMENT,Accepted,HENDERSON,US0041A,,GREEN,ST,S,,,,,,,37.83283601,-87.59422831,15.331,2020-01-03,1415,2,2,0,0,CLEAR,DRY,True,1 VEHICLE ENTERING/LEAVING ENTRANCE,ANGLE,STRAIGHT & LEVEL,DAYLIGHT,,,44200.77446,False,19,Accepted,5,5,O,,,,2020,1
2774,27636564,0510100,HENDERSON POLICE DEPARTMENT,Accepted,HENDERSON,US0041,2800,US41,,N,,,,,,,37.87907095,-87.5657801,17.686,2021-01-02,1155,2,2,0,2,CLEAR,DRY,False,SIDESWIPE COLLISION - SAME DIRECTION,SIDESWIPE-SAME DIRECTION,STRAIGHT & LEVEL,DAYLIGHT,,,44201.54714,False,63,Accepted,5,4,C,,INATTENTION,,2021,1
2776,27636969,0510100,HENDERSON POLICE DEPARTMENT,Accepted,HENDERSON,KY0351,2606,ZION,RD,,,,,,,,37.82781239,-87.55590996,1.963,2021-01-04,1511,2,2,0,1,CLEAR,DRY,False,1 VEHICLE ENTERING/LEAVING ENTRANCE,ANGLE,STRAIGHT & LEVEL,DAYLIGHT,,,44201.61637,False,64,Accepted,5,4,C,,INATTENTION,,2021,1
2777,27637657,0510100,HENDERSON POLICE DEPARTMENT,Accepted,HENDERSON,,,2ND,ST,,US0041A,GREEN,,,,,37.83947711,-87.58843835,0.001,2021-01-03,2110,1,1,0,0,CLEAR,DRY,True,COLLISION WITH FIXED OBJECT IN INTERSECTION - FIRST EVENT COLLISION 09 - 32,SINGLE VEHICLE,STRAIGHT & LEVEL,DARK-HWY LIGHTED/ON,,,44201.69784,False,37,Accepted,5,5,O,,"ALCOHOL INVOLVEMENT, NOT UNDER PROPER CONTROL",,2021,1
2778,27637783,0510100,HENDERSON POLICE DEPARTMENT,Accepted,HENDERSON,US0060,,US60,,E,,BARRET,,,,,37.85990589,-87.56775187,10.6,2021-01-01,1215,2,2,0,0,CLEAR,DRY,False,OTHER INTERSECTION COLLISIONS,REAR END,STRAIGHT & LEVEL,DAYLIGHT,,,44201.71747,False,22,Accepted,5,5,O,SLIPPERY SURFACE,MISJUDGE CLEARANCE,,2021,1
2779,27641710,0510100,HENDERSON POLICE DEPARTMENT,Accepted,HENDERSON,,,CLAY,ST,,,ATKINSON,,,,,37.82455884,-87.57754594,,2020-12-29,1200,2,2,0,0,CLEAR,DRY,True,OTHER INTERSECTION COLLISIONS,REAR TO REAR,STRAIGHT & LEVEL,DAYLIGHT,,,44202.68162,False,22,Accepted,5,5,O,,"FAILED TO YIELD RIGHT OF WAY, EXCEEDED STATED SPEED LIMIT, IMPROPER PASSING",,2020,1
2780,27641712,0510100,HENDERSON POLICE DEPARTMENT,Accepted,HENDERSON,US0041,2530,US41,,N,,,,,,,37.87371976,-87.56869543,17.285,2021-01-05,2023,2,2,0,0,CLEAR,DRY,False,SIDESWIPE COLLISION - SAME DIRECTION,SIDESWIPE-SAME DIRECTION,STRAIGHT & LEVEL,DARK-HWY LIGHTED/ON,,,44202.6817,False,17,Accepted,5,5,O,,INATTENTION,,2021,1
2781,27641716,0510100,HENDERSON POLICE DEPARTMENT,Accepted,HENDERSON,US0041A,,GREEN,ST,N,,14TH,,,,,37.8540824,-87.57885931,17.075,2021-01-04,1809,2,2,0,0,CLEAR,DRY,False,ANGLE COLLISION - OTHER,ANGLE,STRAIGHT & LEVEL,DUSK,,,44202.68181,False,22,Accepted,5,5,O,,FAILED TO YIELD RIGHT OF WAY,,2021,1
2782,27644487,0510100,HENDERSON POLICE DEPARTMENT,Accepted,HENDERSON,,400,2ND,ST,,,,,,,,37.83947005,-87.58847341,0.001,2021-01-05,1040,2,2,0,0,CLOUDY,DRY,False,OTHER ROADWAY OR MID-BLOCK COLLISION,REAR END,STRAIGHT & LEVEL,DAYLIGHT,,,44203.4184,False,27,Accepted,5,5,O,,INATTENTION,,2021,1
2785,27649238,0510100,HENDERSON POLICE DEPARTMENT,Accepted,HENDERSON,,,SAND,LN,,,MAIN,,,,,37.82568402,-87.60588545,0.2,2021-01-07,936,2,2,0,1,CLEAR,DRY,False,ANGLE COLLISION - ONE VEHICLE TURNING LEFT,ANGLE,STRAIGHT & LEVEL,DAYLIGHT,,,44204.58778,False,63,Accepted,5,3,B,,INATTENTION,,2021,1
2786,27649239,0510100,HENDERSON POLICE DEPARTMENT,Accepted,HENDERSON,US0041A,,GREEN,ST,N,,RICHARDSON,,,,,37.85554511,-87.57657444,17.226,2021-01-07,1154,2,2,0,0,CLOUDY,DRY,False,SIDESWIPE-SAME DIRECTION,SIDESWIPE-SAME DIRECTION,STRAIGHT & LEVEL,DAYLIGHT,,,44204.58784,False,67,Accepted,5,5,O,,INATTENTION,,2021,1
2787,27650533,0510100,HENDERSON POLICE DEPARTMENT,Accepted,HENDERSON,US0041,,US41,,N,US0041,US41 S EXIT81 OFF RAMP TO US60 W,,,,,37.85916804,-87.57520387,16.221,2021-01-04,2050,1,1,0,0,CLEAR,DRY,False,COLLISION WITH FIXED OBJECT IN INTERSECTION - FIRST EVENT COLLISION 09 - 32,SINGLE VEHICLE,CURVE & LEVEL,DARK-HWY LIGHTED/ON,,,44204.90639,False,22,Accepted,5,5,O,,"FAILED TO KEEP PROPER LANE, NOT UNDER PROPER CONTROL",,2021,1
2788,27650535,0510100,HENDERSON POLICE DEPARTMENT,Accepted,HENDERSON,US0041,2949,US41,,N,,,,,,,37.88188331,-87.56422595,17.883,2021-01-07,1813,2,2,0,2,CLOUDY,DRY,False,1 VEHICLE ENTERING/LEAVING ENTRANCE,ANGLE,STRAIGHT & LEVEL,DARK-HWY LIGHTED/ON,,,44204.90653,False,22,Accepted,5,3,B,,"FAILED TO YIELD RIGHT OF WAY, INATTENTION",,2021,1
2789,27652281,0510100,HENDERSON POLICE DEPARTMENT,Accepted,HENDERSON,,,ELK,AVE,,,GREEN,,,,,37.85624928,-87.5765104,0.011,2021-01-08,1825,1,1,0,0,CLEAR,DRY,False,COLLISION WITH FIXED OBJECT IN INTERSECTION - FIRST EVENT COLLISION 09 - 32,SINGLE VEHICLE,STRAIGHT & LEVEL,DARK-HWY NOT LIGHTED,,,44205.65518,False,44,Accepted,5,5,O,,MISJUDGE CLEARANCE,,2021,1
2790,27655836,0510100,HENDERSON POLICE DEPARTMENT,Accepted,HENDERSON,US0041,1917,US41,,N,,,,,,,37.86262418,-87.57475866,16.452,2021-01-09,1746,2,2,0,0,CLEAR,DRY,False,1 VEHICLE ENTERING/LEAVING ENTRANCE,ANGLE,STRAIGHT & LEVEL,DARK-HWY LIGHTED/ON,,,44206.92894,False,17,Accepted,5,5,O,,INATTENTION,,2021,1
2791,27656374,0510100,HENDERSON POLICE DEPARTMENT,Accepted,HENDERSON,,,FAIR,ST,,US0041A,GREEN,,,,,37.82234742,-87.60458137,0.26,2021-01-07,2146,2,2,0,0,CLOUDY,DRY,False,SIDESWIPE-SAME DIRECTION,SIDESWIPE-SAME DIRECTION,CURVE & LEVEL,DARK-HWY LIGHTED/ON,,,44207.08523,False,24,Accepted,5,5,O,,INATTENTION,,2021,1
2792,27658245,0510100,HENDERSON POLICE DEPARTMENT,Accepted,HENDERSON,,,SUNSET,LN,,,WATSON,,,,,37.87650616,-87.57305927,0.246,2020-11-25,1215,1,1,0,0,CLOUDY,WATER (STANDING OR MOVING),False,COLLISION WITH FIXED OBJECT IN INTERSECTION - FIRST EVENT COLLISION 09 - 32,SINGLE VEHICLE,STRAIGHT & LEVEL,DAYLIGHT,,,44207.5041,False,67,Accepted,5,5,O,SLIPPERY SURFACE,TOO FAST FOR CONDITIONS,,2020,1
2793,27658246,0510100,HENDERSON POLICE DEPARTMENT,Accepted,HENDERSON,,,ELM,ST,N,,12TH,,,,,37.85280866,-87.58192753,1.144,2020-10-15,1147,2,2,0,0,RAINING,WET,False,ANGLE COLLISION - OTHER,ANGLE,STRAIGHT & LEVEL,DAYLIGHT,,,44207.50417,False,36,Accepted,5,5,O,,FAILED TO YIELD RIGHT OF WAY,,2020,1
2794,27661291,0510100,HENDERSON POLICE DEPARTMENT,Accepted,HENDERSON,US0041,2945,US41,,N,,,,,,,37.87778743,-87.56650043,17.59,2020-12-06,225,1,1,0,0,CLEAR,DRY,False,COLLISION WITH FIXED OBJECT NON - INTERSECTION - FIRST EVENT COLLISION 09 - 32 EXCLUDING 16,SINGLE VEHICLE,STRAIGHT & LEVEL,DARK-HWY LIGHTED/ON,,,44208.26494,False,29,Accepted,5,5,O,,,,2020,1
2795,27661536,0510100,HENDERSON POLICE DEPARTMENT,Accepted,HENDERSON,,510,WATSON,LN,,,,,,,,37.87457982,-87.56419421,0.895,2021-01-11,908,2,2,0,0,CLOUDY,DRY,False,1 VEHICLE PARKED POSITION (NOT PARKING LOT/DRIVEWAY),BACKING,STRAIGHT & LEVEL,DAYLIGHT,,,44208.35052,False,27,Accepted,5,5,O,,MISJUDGE CLEARANCE,,2021,1
2797,27663616,0510100,HENDERSON POLICE DEPARTMENT,Accepted,HENDERSON,US0041A,,GREEN,ST,N,,12TH,,,,,37.85219487,-87.58031144,16.917,2021-01-11,835,2,2,0,0,CLEAR,DRY,False,ANGLE COLLISION - ONE VEHICLE TURNING LEFT,ANGLE,STRAIGHT & LEVEL,DAYLIGHT,,,44208.70178,False,53,Accepted,5,5,O,,DISREGARD TRAFFIC CONTROL,,2021,1
2798,27665207,0510100,HENDERSON POLICE DEPARTMENT,Accepted,HENDERSON,US0041A,1500,GREEN,ST,S,,,,,,,37.81934454,-87.6098378,14.04,2021-01-11,2225,1,1,0,0,CLEAR,DRY,False,COLLISION WITH ANIMAL NON INTERSECTION,SINGLE VEHICLE,STRAIGHT & LEVEL,DARK-HWY LIGHTED/ON,,,44209.06836,False,61,Accepted,5,5,O,,,,2021,1
2800,27667673,0510100,HENDERSON POLICE DEPARTMENT,Accepted,HENDERSON,US0041A,721,GREEN,ST,N,,,,,,,37.84595375,-87.58415463,16.432,2021-01-12,1705,2,2,0,0,CLEAR,DRY,True,OTHER ROADWAY OR MID-BLOCK COLLISION,REAR END,STRAIGHT & LEVEL,DAYLIGHT,,,44209.64697,False,37,Accepted,5,5,O,,INATTENTION,,2021,1
2801,27669131,0510100,HENDERSON POLICE DEPARTMENT,Accepted,HENDERSON,US0041A,,GREEN,ST,S,,,,,,,37.82431363,-87.60261964,14.585,2021-01-13,1825,2,2,0,0,CLEAR,DRY,False,1 VEHICLE ENTERING/LEAVING ENTRANCE,ANGLE,STRAIGHT & LEVEL,DARK-HWY LIGHTED/ON,,,44209.94478,False,19,Accepted,5,5,O,,INATTENTION,,2021,1
2802,27669132,0510100,HENDERSON POLICE DEPARTMENT,Accepted,HENDERSON,,,GARDEN MILE,RD,S,KY0812,AIRLINE,,,,,37.81484139,-87.56011258,0.001,2021-01-12,1546,2,2,0,0,CLEAR,DRY,False,OTHER INTERSECTION COLLISIONS,REAR END,STRAIGHT & LEVEL,DAYLIGHT,,,44209.94483,False,64,Accepted,5,5,O,,INATTENTION,,2021,1
2803,27669644,0510100,HENDERSON POLICE DEPARTMENT,Accepted,HENDERSON,US0060,,US60,,E,,,,,,,37.85984002,-87.56793161,10.59,2021-01-07,2306,2,2,0,0,SNOWING,WET,False,1 VEHICLE ENTERING/LEAVING ENTRANCE,ANGLE,STRAIGHT & HILLCREST,DARK-HWY LIGHTED/ON,,,44210.09496,False,29,Accepted,5,5,O,SLIPPERY SURFACE,OVERCORRECTING/OVERSTEERING,,2021,1
2805,27671590,0510100,HENDERSON POLICE DEPARTMENT,Accepted,HENDERSON,US0041,2600,US41,,N,,,,WALNUT,,WATSON,37.87670547,-87.56691252,17.512,2021-01-12,841,2,2,0,2,CLEAR,DRY,False,1 VEHICLE ENTERING/LEAVING ENTRANCE,ANGLE,STRAIGHT & LEVEL,DAYLIGHT,,,44210.613,False,53,Accepted,3,3,B,,FAILED TO YIELD RIGHT OF WAY,,2021,1
2807,27676749,0510100,HENDERSON POLICE DEPARTMENT,Accepted,HENDERSON,,401,ELM,ST,N,,,,,,,37.84349769,-87.58778479,0.43,2021-01-14,1750,2,2,0,0,CLEAR,DRY,True,1 VEHICLE PARKED POSITION (NOT PARKING LOT/DRIVEWAY),SIDESWIPE-SAME DIRECTION,STRAIGHT & LEVEL,DARK-HWY LIGHTED/OFF,,,44211.84663,False,37,Accepted,5,5,O,,INATTENTION,,2021,1
2809,27680660,0510100,HENDERSON POLICE DEPARTMENT,Accepted,HENDERSON,,400,BARRET,BLVD,,,,,,,,37.86420327,-87.57342856,0.882,2021-01-15,837,2,2,0,0,CLEAR,DRY,False,VEHICLE BACKING NON INTERSECTION,BACKING,STRAIGHT & LEVEL,DAYLIGHT,,,44213.47826,False,63,Accepted,5,5,O,,INATTENTION,,2021,1
2810,27681090,0510100,HENDERSON POLICE DEPARTMENT,Accepted,HENDERSON,US0060,2336,GREEN,ST,S,,,,,,,37.80283741,-87.64006775,9.173,2021-01-14,632,2,2,0,0,CLEAR,DRY,False,1 VEHICLE ENTERING/LEAVING ENTRANCE,ANGLE,STRAIGHT & LEVEL,DAWN,,,44213.67217,False,66,Accepted,5,5,O,,INATTENTION,,2021,1
2811,27681091,0510100,HENDERSON POLICE DEPARTMENT,Accepted,HENDERSON,US0041A,1705,GREEN,ST,S,,,,,,,37.81699436,-87.61339402,13.784,2021-01-14,1245,2,2,0,0,CLEAR,DRY,False,SIDESWIPE COLLISION - SAME DIRECTION,SIDESWIPE-SAME DIRECTION,STRAIGHT & LEVEL,DAYLIGHT,,,44213.67222,False,66,Accepted,5,5,O,,INATTENTION,,2021,1
2812,27682129,0510100,HENDERSON POLICE DEPARTMENT,Accepted,HENDERSON,,,CLAY,ST,,,SHELBY,,,,,37.82531866,-87.57885364,0.083,2021-01-17,112,3,3,0,1,CLEAR,WET,False,COLLISION WITH PARKED VEHICLE,SIDESWIPE-OPPOSITE DIRECTION,STRAIGHT & LEVEL,DARK-HWY LIGHTED/ON,,,44214.02784,False,46,Accepted,3,3,B,,ALCOHOL INVOLVEMENT,,2021,1
2813,27682947,0510100,HENDERSON POLICE DEPARTMENT,Accepted,HENDERSON,,105,TOWLES,ST,,,,,,,,37.83285727,-87.59902637,0.009,2021-01-13,818,2,2,0,0,CLEAR,DRY,False,VEHICLE BACKING NON INTERSECTION,BACKING,STRAIGHT & LEVEL,DAYLIGHT,,,44214.33532,False,66,Accepted,5,5,O,,INATTENTION,,2021,1
2814,27682965,0510100,HENDERSON POLICE DEPARTMENT,Accepted,HENDERSON,US0041A,,GREEN,ST,S,,POWELL,,,,,37.83511878,-87.5919577,15.562,2021-01-13,657,2,2,0,0,CLEAR,DRY,False,OTHER INTERSECTION COLLISIONS,REAR END,STRAIGHT & LEVEL,DAYLIGHT,,,44214.34282,False,26,Accepted,5,5,O,,INATTENTION,,2021,1
2815,27683065,0510100,HENDERSON POLICE DEPARTMENT,Accepted,HENDERSON,US0041A,,GREEN,ST,S,,,,,,,37.83322532,-87.59390494,15.389,2021-01-14,1432,2,2,0,0,CLEAR,DRY,False,SIDESWIPE COLLISION - SAME DIRECTION,SIDESWIPE-SAME DIRECTION,STRAIGHT & LEVEL,DAYLIGHT,,,44214.35548,False,19,Accepted,5,5,O,,INATTENTION,,2021,1
2816,27684448,0510100,HENDERSON POLICE DEPARTMENT,Accepted,HENDERSON,,820,POWELL,ST,,,,,,,,37.83204565,-87.58656721,0.658,2021-01-17,2035,2,2,0,0,SNOWING,WET,True,1 VEHICLE PARKED POSITION (NOT PARKING LOT/DRIVEWAY),SIDESWIPE-SAME DIRECTION,STRAIGHT & GRADE,DARK-HWY LIGHTED/ON,,,44214.70507,False,44,Accepted,5,5,O,,,,2021,1
2817,27685254,0510100,HENDERSON POLICE DEPARTMENT,Accepted,HENDERSON,US0041,,,,,,,,,,,37.85775279,-87.57383993,0.128,2021-01-14,2252,2,2,0,0,CLEAR,WET,True,OTHER RAMP RELATED COLLISIONS NOT LISTED ABOVE,SIDESWIPE-SAME DIRECTION,STRAIGHT & LEVEL,DARK-HWY LIGHTED/ON,US0041,US0041,44214.99753,True,61,Accepted,5,5,O,SLIPPERY SURFACE,,,2021,1
2818,27687693,0510100,HENDERSON POLICE DEPARTMENT,Accepted,HENDERSON,KY0351,,2ND,ST,,US0041A,GREEN,,,,,37.83949588,-87.58846655,0.001,2021-01-17,1023,2,2,0,0,CLOUDY,DRY,False,OPPOSING LEFT TURN,OPPOSING LEFT TURN,STRAIGHT & LEVEL,DAYLIGHT,,,44215.5372,False,34,Accepted,5,5,O,,INATTENTION,,2021,1
2819,27688604,0510100,HENDERSON POLICE DEPARTMENT,Accepted,HENDERSON,US0041A,840,GREEN,ST,N,,,,,,,37.84858671,-87.58252738,16.638,2021-01-18,1839,2,2,0,0,CLEAR,DRY,False,OTHER ROADWAY OR MID-BLOCK COLLISION,REAR END,STRAIGHT & LEVEL,DARK-HWY LIGHTED/ON,,,44215.67917,False,37,Accepted,5,5,O,,"DISTRACTION, INATTENTION",,2021,1