OBJECTID,IncidentID,AgencyORI,AgencyName,IncidentStatusDesc,County,RdwyNumber,Street,RoadwayName,StreetSfx,StreetDir,IntersectionRdwy,IntersectionRdwyName,BetweenStRdwy1,BetweenStRdwyName1,BetweenStRdwy2,BetweenStRdwyName2,Latitude,Longitude,Milepoint,CollisionDate,CollisionTime,UnitsInvolved,MotorVehiclesInvolved,NumberKilled,NumberInjured,Weather,RdwyConditionCode,HitandRun,DirAnalysisCode,MannerofCollision,RdwyCharacter,LightCondition,RampFromRdwyId,RampToRdwyId,AcceptedDate,IsSecondaryCollision,OwnerBadge,IncidentStatus,InjurySeverityCde,KABCO_Code,KABCO,Environmental_Factors,Human_Factors,Vehicular_Factors,CollisionYear,CityCrash
2820,27688605,0510100,HENDERSON POLICE DEPARTMENT,Accepted,HENDERSON,,10,ALVES,ST,S,,,,,,,37.83449391,-87.58665323,1.147,2021-01-18,1356,2,2,0,0,CLEAR,DRY,False,1 VEHICLE PARKED POSITION (NOT PARKING LOT/DRIVEWAY),BACKING,STRAIGHT & LEVEL,DAYLIGHT,,,44215.67935,False,59,Accepted,5,5,O,,INATTENTION,,2021,1
2827,27689830,0510100,HENDERSON POLICE DEPARTMENT,Accepted,HENDERSON,,1224,PRINGLE,ST,,,MILL,,,,,37.82260759,-87.58552252,0.365,2021-01-18,1652,1,1,0,0,CLEAR,DRY,False,COLLISION WITH FIXED OBJECT IN INTERSECTION - FIRST EVENT COLLISION 09 - 32,SINGLE VEHICLE,STRAIGHT & LEVEL,DARK-HWY LIGHTED/ON,,,44215.93719,False,37,Accepted,5,5,O,,"NOT UNDER PROPER CONTROL, OVERCORRECTING/OVERSTEERING",,2021,1
2830,27695178,0510100,HENDERSON POLICE DEPARTMENT,Accepted,HENDERSON,,1004,ATKINSON,ST,,,,,,,,37.81979112,-87.581805,0.651,2021-01-20,730,1,1,0,1,CLEAR,ICE,False,COLLISION WITH FIXED OBJECT NON - INTERSECTION - FIRST EVENT COLLISION 09 - 32 EXCLUDING 16,SINGLE VEHICLE,STRAIGHT & GRADE,DAYLIGHT,,,44217.35095,False,23,Accepted,5,4,C,SLIPPERY SURFACE,,,2021,1
2831,27695180,0510100,HENDERSON POLICE DEPARTMENT,Accepted,HENDERSON,,1400,ELM,ST,N,,,,HERRON,,14TH,37.85542107,-87.58028851,1.349,2021-01-20,810,2,2,0,1,CLEAR,DRY,False,OTHER ROADWAY OR MID-BLOCK COLLISION,OPPOSING LEFT TURN,STRAIGHT & GRADE,DAYLIGHT,,,44217.35102,False,53,Accepted,5,3,B,,INATTENTION,,2021,1
2832,27695182,0510100,HENDERSON POLICE DEPARTMENT,Accepted,HENDERSON,,,RICHARDSON,AVE,,,,US0041A,US41 ALT,US0041,US41 S EXIT81 OFF RAMP TO US60 W,37.85553373,-87.57636255,0.017,2021-01-20,1025,2,2,0,0,CLEAR,DRY,False,OTHER ROADWAY OR MID-BLOCK COLLISION,REAR END,STRAIGHT & LEVEL,DAYLIGHT,,,44217.3511,False,53,Accepted,5,5,O,,INATTENTION,,2021,1
2833,27696030,0510100,HENDERSON POLICE DEPARTMENT,Accepted,HENDERSON,,,5TH,ST,,US0041A,GREEN,,,,,37.84327612,-87.58594823,0.951,2021-01-13,1247,2,2,0,0,CLEAR,DRY,False,VEHICLE BACKING IN INTERSECTION,BACKING,STRAIGHT & LEVEL,DAYLIGHT,,,44217.54354,False,26,Accepted,5,5,O,,IMPROPER BACKING,,2021,1
2836,27697772,0510100,HENDERSON POLICE DEPARTMENT,Accepted,HENDERSON,,,RICHARDSON,AVE,,US0041A,GREEN,,,,,37.85546494,-87.5766536,0.311,2021-01-18,1552,2,2,0,0,CLOUDY,DRY,False,NON-COLLISION OBJECT COLLISION,REAR END,STRAIGHT & LEVEL,DAYLIGHT,,,44217.91113,False,22,Accepted,5,5,O,,,LOAD SECUREMENT,2021,1
2837,27697773,0510100,HENDERSON POLICE DEPARTMENT,Accepted,HENDERSON,US0041,,US41,,N,,,,RETTIG,,CANARY,37.86728564,-87.57212475,16.807,2021-01-18,1726,1,1,0,0,CLEAR,DRY,False,COLLISION WITH FIXED OBJECT NON - INTERSECTION - FIRST EVENT COLLISION 09 - 32 EXCLUDING 16,SINGLE VEHICLE,STRAIGHT & LEVEL,DARK-HWY LIGHTED/ON,,,44217.91118,False,22,Accepted,5,5,O,,"INATTENTION, MISJUDGE CLEARANCE",,2021,1
2838,27697775,0510100,HENDERSON POLICE DEPARTMENT,Accepted,HENDERSON,,,1ST,ST,,,ADAMS,,,,,37.83702382,-87.58622154,0.479,2021-01-19,1849,2,2,0,0,CLEAR,DRY,False,ANGLE COLLISION - OTHER,ANGLE,STRAIGHT & LEVEL,DARK-HWY LIGHTED/ON,,,44217.91125,False,37,Accepted,5,5,O,,MISJUDGE CLEARANCE,,2021,1
2839,27697780,0510100,HENDERSON POLICE DEPARTMENT,Accepted,HENDERSON,US0041A,1400,GREEN,ST,N,,,,,,,37.85425346,-87.57858394,17.095,2021-01-21,1721,2,2,0,0,CLEAR,DRY,False,1 VEHICLE ENTERING/LEAVING ENTRANCE,ANGLE,STRAIGHT & LEVEL,DARK-HWY LIGHTED/ON,,,44217.91428,False,37,Accepted,5,5,O,,"INATTENTION, MISJUDGE CLEARANCE",,2021,1
2840,27706036,0510100,HENDERSON POLICE DEPARTMENT,Accepted,HENDERSON,,,LETCHER,ST,,,,,,,,37.81981809,-87.58571618,0.733,2021-01-22,1413,2,2,0,0,CLEAR,DRY,False,1 VEHICLE ENTERING/LEAVING ENTRANCE,ANGLE,STRAIGHT & LEVEL,DAYLIGHT,,,44220.61035,False,50,Accepted,5,5,O,,INATTENTION,,2021,1
2841,27706904,0510100,HENDERSON POLICE DEPARTMENT,Accepted,HENDERSON,,712,SHORT SEVENTH,ST,,,,,,,,37.84329308,-87.58070948,0.164,2021-01-17,1836,3,3,0,1,CLEAR,WET,True,1 VEHICLE PARKED POSITION (NOT PARKING LOT/DRIVEWAY),SIDESWIPE-SAME DIRECTION,STRAIGHT & LEVEL,DARK-HWY LIGHTED/OFF,,,44220.86511,False,37,Accepted,5,4,C,,"INATTENTION, MISJUDGE CLEARANCE, NOT UNDER PROPER CONTROL",,2021,1
2842,27707098,0510100,HENDERSON POLICE DEPARTMENT,Accepted,HENDERSON,US0041A,,GREEN,ST,N,,,,1ST,,CENTER,37.83765715,-87.58963092,15.782,2021-01-24,1750,2,2,0,0,RAINING,WET,False,SIDESWIPE COLLISION - SAME DIRECTION,SIDESWIPE-SAME DIRECTION,STRAIGHT & LEVEL,DARK-HWY LIGHTED/ON,,,44220.9433,False,44,Accepted,5,5,O,OTHER,INATTENTION,,2021,1
2843,27707493,0510100,HENDERSON POLICE DEPARTMENT,Accepted,HENDERSON,US0041A,,GREEN,ST,N,,4TH,,,,,37.84215293,-87.58689294,16.114,2020-10-03,2315,2,1,0,1,CLOUDY,DRY,True,COLLISION WITH PEDESTRIAN IN INTERSECTION,SINGLE VEHICLE,STRAIGHT & LEVEL,DARK-HWY LIGHTED/OFF,,,44221.06023,False,38,Accepted,3,3,B,,,,2020,1
2844,27708526,0510100,HENDERSON POLICE DEPARTMENT,Accepted,HENDERSON,KY0136,1700,MADISON,ST,,,,,,,,37.81269307,-87.57891153,21.186,2021-01-17,1324,1,1,0,0,"SLEET, HAIL, FREEZING RAIN",DRY,False,RAN OFF ROADWAY (1 VEHICLE WITH/EARTH EMBANKMENT/DITCH),SINGLE VEHICLE,CURVE & LEVEL,DAYLIGHT,,,44221.37783,False,15,Accepted,5,5,O,SLIPPERY SURFACE,,,2021,1
2845,27709418,0510100,HENDERSON POLICE DEPARTMENT,Accepted,HENDERSON,US0041A,,GREEN,ST,N,,7TH,,,,,37.84572787,-87.58444593,16.413,2021-01-13,953,2,2,0,1,CLEAR,DRY,False,OPPOSING LEFT TURN,OPPOSING LEFT TURN,STRAIGHT & LEVEL,DAYLIGHT,,,44221.49872,False,26,Accepted,3,3,B,,"FAILED TO YIELD RIGHT OF WAY, TURNING IMPROPERLY",,2021,1
2846,27709507,0510100,HENDERSON POLICE DEPARTMENT,Accepted,HENDERSON,US0041A,,GREEN,ST,N,,,,HERRON ,,RICHARDSON,37.85533344,-87.5768866,,2021-01-22,815,2,2,0,0,CLEAR,DRY,False,SIDESWIPE COLLISION - SAME DIRECTION,SIDESWIPE-SAME DIRECTION,STRAIGHT & LEVEL,DAYLIGHT,,,44221.50843,False,23,Accepted,5,5,O,,OTHER,,2021,1
2850,27711447,0510100,HENDERSON POLICE DEPARTMENT,Accepted,HENDERSON,US0041A,,GREEN,ST,S,,,,,,,37.83720927,-87.59004237,15.74,2021-01-24,,2,2,0,2,CLOUDY,DRY,True,1 VEHICLE ENTERING/LEAVING ENTRANCE,ANGLE,STRAIGHT & LEVEL,DARK-HWY LIGHTED/ON,,,44222.03926,False,38,Accepted,5,3,B,,"ALCOHOL INVOLVEMENT, INATTENTION",,2021,1
2851,27712186,0510100,HENDERSON POLICE DEPARTMENT,Accepted,HENDERSON,,,1ST,ST,,,,,MAIN,,WATER,37.83986654,-87.59357223,,2021-01-25,1235,2,2,0,0,RAINING,WET,False,VEHICLE BACKING NON INTERSECTION,BACKING,STRAIGHT & LEVEL,DAYLIGHT,,,44222.35843,False,23,Accepted,5,5,O,,INATTENTION,,2021,1
2853,27713210,0510100,HENDERSON POLICE DEPARTMENT,Accepted,HENDERSON,US0041A,614,GREEN,ST,N,,,,,,,37.84494186,-87.58488613,16.298,2021-01-25,1921,2,2,0,0,RAINING,WET,False,SIDESWIPE COLLISION - SAME DIRECTION,SIDESWIPE-SAME DIRECTION,STRAIGHT & LEVEL,DARK-HWY LIGHTED/ON,,,44222.54427,False,25,Accepted,5,5,O,,INATTENTION,,2021,1
2854,27713212,0510100,HENDERSON POLICE DEPARTMENT,Accepted,HENDERSON,US0041A,202,GREEN,ST,N,,,,,,,37.83940221,-87.58852245,15.917,2021-01-25,1549,2,2,0,0,RAINING,WET,False,OTHER ROADWAY OR MID-BLOCK COLLISION,REAR END,STRAIGHT & LEVEL,DAYLIGHT,,,44222.54436,False,37,Accepted,5,5,O,SLIPPERY SURFACE,"INATTENTION, MISJUDGE CLEARANCE",,2021,1
2855,27717605,0510100,HENDERSON POLICE DEPARTMENT,Accepted,HENDERSON,,,GREEN,ST,N,,10TH,,,,,37.84933508,-87.5821032,,2021-01-25,1315,3,3,0,2,RAINING,WET,False,HEAD-ON COLLISION,HEAD ON,STRAIGHT & GRADE,DAYLIGHT,,,44223.47705,False,23,Accepted,5,4,C,,"EXCEEDED STATED SPEED LIMIT, NOT UNDER PROPER CONTROL, TOO FAST FOR CONDITIONS, OTHER",,2021,1
2856,27717668,0510100,HENDERSON POLICE DEPARTMENT,Accepted,HENDERSON,US0041,1900,US41,,N,,,,,,,37.86289652,-87.57483088,16.473,2021-01-26,727,2,2,0,0,CLOUDY,WET,False,SIDESWIPE COLLISION - SAME DIRECTION,SIDESWIPE-SAME DIRECTION,STRAIGHT & LEVEL,DAYLIGHT,,,44223.49052,False,27,Accepted,5,5,O,,FAILED TO YIELD RIGHT OF WAY,OTHER,2021,1
2857,27719544,0510100,HENDERSON POLICE DEPARTMENT,Accepted,HENDERSON,,,12TH,ST,,,MAIN,,,,,37.85328637,-87.58344247,0.099,2021-01-26,1546,2,2,0,0,CLOUDY,DRY,False,ANGLE COLLISION - OTHER,ANGLE,STRAIGHT & LEVEL,DAYLIGHT,,,44223.83741,False,37,Accepted,5,5,O,,"INATTENTION, MISJUDGE CLEARANCE",,2021,1
2858,27719545,0510100,HENDERSON POLICE DEPARTMENT,Accepted,HENDERSON,US0041A,,GREEN,ST,N,KY0351,2ND,,,,,37.83979682,-87.58826643,15.948,2021-01-27,1423,2,2,0,0,RAINING,WET,False,ANGLE COLLISION - OTHER,ANGLE,STRAIGHT & LEVEL,DAYLIGHT,,,44223.83746,False,37,Accepted,5,5,O,SLIPPERY SURFACE,"INATTENTION, MISJUDGE CLEARANCE",,2021,1
2860,27721416,0510000,HENDERSON COUNTY SHERIFF DEPT.,Accepted,HENDERSON,AU9005,,,,,,,,,,,37.80973763,-87.56390917,0.649,2021-01-27,2136,1,1,0,0,CLOUDY,ICE,False,COLLISION WITH FIXED OBJECT NOT IN GORE ,SINGLE VEHICLE,CURVE & GRADE,DARK-HWY LIGHTED/ON,US0041,AU9005,44224.40562,False,140,Accepted,5,5,O,SLIPPERY SURFACE,NOT UNDER PROPER CONTROL,,2021,1
2861,27723363,0510100,HENDERSON POLICE DEPARTMENT,Accepted,HENDERSON,US0041,,,,,,,,,,,37.85676355,-87.5716156,0.148,2021-01-27,2100,1,1,0,0,SNOWING,ICE,False,COLLISION WITH FIXED OBJECT NOT IN GORE ,SINGLE VEHICLE,CURVE & HILLCREST,DARK-HWY LIGHTED/ON,US0041,US0041,44224.80467,False,37,Accepted,5,5,O,SLIPPERY SURFACE,TOO FAST FOR CONDITIONS,,2021,1
2862,27725355,0510100,HENDERSON POLICE DEPARTMENT,Accepted,HENDERSON,,,2ND,ST,,,,,ELM,,GREEN,37.83982023,-87.58928687,,2021-01-28,900,2,2,0,0,CLEAR,DRY,False,VEHICLE BACKING NON INTERSECTION,BACKING,STRAIGHT & LEVEL,DAYLIGHT,,,44225.38121,False,23,Accepted,5,5,O,,INATTENTION,,2021,1
2863,27725357,0510100,HENDERSON POLICE DEPARTMENT,Accepted,HENDERSON,KY0136,,MADISON,ST,,,,,BURCHWOOD,,KY 2084,37.81375093,-87.58092473,,2021-01-28,1140,1,1,0,0,CLEAR,DRY,True,COLLISION WITH FIXED OBJECT NON - INTERSECTION - FIRST EVENT COLLISION 09 - 32 EXCLUDING 16,SINGLE VEHICLE,CURVE & GRADE,DAYLIGHT,,,44225.3813,False,23,Accepted,5,5,O,,,,2021,1
2864,27725515,0510100,HENDERSON POLICE DEPARTMENT,Accepted,HENDERSON,US0060,,US60,,E,,WATHEN,,,,,37.86456215,-87.53799648,12.324,2021-01-28,702,2,2,0,0,CLEAR,DRY,False,ANGLE COLLISION - OTHER,ANGLE,STRAIGHT & LEVEL,DAYLIGHT,,,44225.40252,False,63,Accepted,5,5,O,,INATTENTION,,2021,1
2865,27727969,0510100,HENDERSON POLICE DEPARTMENT,Accepted,HENDERSON,US0041,2800,US41,,N,,,,,,,37.8764871,-87.56705294,17.496,2021-01-26,1706,4,4,0,0,CLEAR,DRY,False,OTHER ROADWAY OR MID-BLOCK COLLISION,REAR END,STRAIGHT & LEVEL,DARK-HWY LIGHTED/ON,,,44225.9544,False,22,Accepted,5,5,O,,FOLLOWING TOO CLOSE,BRAKES DEFECTIVE,2021,1
2866,27727970,0510100,HENDERSON POLICE DEPARTMENT,Accepted,HENDERSON,US0041,,US41,,N,,,,RETTIG,,BARRET,37.86656427,-87.57267876,16.751,2021-01-28,1806,2,2,0,0,CLEAR,DRY,False,REAR END IN TRAFFIC LANES BOTH VEHICLES MOVING,REAR END,STRAIGHT & LEVEL,DARK-HWY LIGHTED/ON,,,44225.95444,False,22,Accepted,5,5,O,,DISTRACTION,,2021,1
2867,27727971,0510100,HENDERSON POLICE DEPARTMENT,Accepted,HENDERSON,US0060,,US60,,E,,,,,,,37.85742254,-87.57299305,10.303,2021-01-27,2125,1,1,0,0,SNOWING,ICE,False,COLLISION WITH FIXED OBJECT NON - INTERSECTION - FIRST EVENT COLLISION 09 - 32 EXCLUDING 16,SINGLE VEHICLE,STRAIGHT & LEVEL,DARK-HWY LIGHTED/ON,,,44225.95447,False,44,Accepted,5,5,O,SLIPPERY SURFACE,,,2021,1
2868,27731873,0510100,HENDERSON POLICE DEPARTMENT,Accepted,HENDERSON,US0041,,US41,,N,,,,,,,37.82583861,-87.56589613,13.733,2021-01-30,2137,1,1,0,0,RAINING,WET,False,RAN OFF ROADWAY (1 VEHICLE WITH/EARTH EMBANKMENT/DITCH),SINGLE VEHICLE,CURVE & LEVEL,DARK (UNKNOWN ROADWAY LIGHTING),,,44227.64351,False,64,Accepted,5,5,O,SLIPPERY SURFACE,FELL ASLEEP,,2021,1
2869,27732555,0510100,HENDERSON POLICE DEPARTMENT,Accepted,HENDERSON,,,SUNSET,LN,,,RIVERVIEW,,,,,37.87496275,-87.57391032,0.362,2021-01-31,1804,2,2,0,0,RAINING,WET,False,OTHER INTERSECTION COLLISIONS,REAR END,STRAIGHT & LEVEL,DARK-HWY LIGHTED/OFF,,,44227.8598,False,17,Accepted,5,5,O,SLIPPERY SURFACE,INATTENTION,,2021,1
2870,27732578,0510100,HENDERSON POLICE DEPARTMENT,Accepted,HENDERSON,US0041A,600,GREEN,ST,S,,,,,,,37.83020421,-87.59675814,15.174,2021-01-31,1712,2,2,0,0,RAINING,WET,False,HEAD-ON COLLISION,HEAD ON,STRAIGHT & GRADE,DARK-HWY LIGHTED/ON,,,44227.87273,False,19,Accepted,5,5,O,,FELL ASLEEP,,2021,1
2871,27735945,0510100,HENDERSON POLICE DEPARTMENT,Accepted,HENDERSON,,424,INGRAM,ST,S,,,,,,,37.83103297,-87.59404428,0.331,2021-01-31,1907,2,2,0,0,CLOUDY,WET,True,1 VEHICLE PARKED POSITION (NOT PARKING LOT/DRIVEWAY),SIDESWIPE-SAME DIRECTION,STRAIGHT & LEVEL,DARK-HWY LIGHTED/ON,,,44228.61825,False,19,Accepted,5,5,O,,OTHER,,2021,1
2874,27739242,0510000,HENDERSON COUNTY SHERIFF DEPT.,Accepted,HENDERSON,KY2099,2315,ADAMS,LN,,,,,,,,37.80536118,-87.56823069,0.238,2021-01-29,839,2,2,0,0,CLOUDY,DRY,True,1 VEHICLE PARKED POSITION (NOT PARKING LOT/DRIVEWAY),SIDESWIPE-OPPOSITE DIRECTION,STRAIGHT & LEVEL,OTHER,,,44229.48261,False,132,Accepted,5,5,O,,,,2021,1
2878,27742924,0510100,HENDERSON POLICE DEPARTMENT,Accepted,HENDERSON,KY2084,,KY2084,,S,KY0812,AIRLINE,,,,,37.82013023,-87.56936392,2.138,2021-02-02,643,2,2,0,1,CLEAR,DRY,False,OTHER INTERSECTION COLLISIONS,REAR END,STRAIGHT & LEVEL,DAYLIGHT,,,44230.32845,False,65,Accepted,5,3,B,,INATTENTION,,2021,1
2881,27745987,0510100,HENDERSON POLICE DEPARTMENT,Accepted,HENDERSON,US0041A,300,GREEN,ST,S,,,,,,,37.8338197,-87.59323466,15.441,2021-02-03,1412,2,2,0,1,CLEAR,DRY,False,OTHER ROADWAY OR MID-BLOCK COLLISION,REAR END,STRAIGHT & LEVEL,DAYLIGHT,,,44230.91143,False,19,Accepted,4,4,C,,INATTENTION,,2021,1
2882,27752181,0510100,HENDERSON POLICE DEPARTMENT,Accepted,HENDERSON,US0041,2045,US41,,N,,,,,,,37.86551481,-87.57319193,16.67,2021-02-03,1357,2,2,0,0,CLEAR,DRY,False,1 VEHICLE ENTERING/LEAVING ENTRANCE,ANGLE,STRAIGHT & LEVEL,DAYLIGHT,,,44232.37203,False,15,Accepted,5,5,O,,MISJUDGE CLEARANCE,,2021,1
2883,27752186,0510100,HENDERSON POLICE DEPARTMENT,Accepted,HENDERSON,US0041A,100,GREEN,ST,N,,,,,,,37.83902325,-87.58870022,15.89,2021-02-02,1357,2,2,0,0,CLEAR,DRY,True,1 VEHICLE ENTERING/LEAVING ENTRANCE,ANGLE,STRAIGHT & LEVEL,DAYLIGHT,,,44232.3721,False,63,Accepted,5,5,O,,INATTENTION,,2021,1
2884,27752217,0510100,HENDERSON POLICE DEPARTMENT,Accepted,HENDERSON,,,GREEN,ST,S,,KRESGE,,,,,37.81611238,-87.61474749,,2021-02-03,1210,2,2,0,0,CLEAR,DRY,False,SIDESWIPE-SAME DIRECTION,SIDESWIPE-SAME DIRECTION,STRAIGHT & LEVEL,DAYLIGHT,,,44232.37503,False,23,Accepted,5,5,O,,INATTENTION,,2021,1
2885,27756912,0510100,HENDERSON POLICE DEPARTMENT,Accepted,HENDERSON,,,2ND,ST,,US0041A,GREEN,,,,,37.83947738,-87.58847197,,2021-02-04,1545,2,2,0,0,RAINING,WATER (STANDING OR MOVING),False,SIDESWIPE-SAME DIRECTION,SIDESWIPE-SAME DIRECTION,STRAIGHT & LEVEL,DAYLIGHT,,,44233.78508,False,44,Accepted,5,5,O,,"FAILED TO KEEP PROPER LANE, INATTENTION, TURNING IMPROPERLY",,2021,1
2886,27756914,0510100,HENDERSON POLICE DEPARTMENT,Accepted,HENDERSON,US0041A,1650,GREEN,ST,S,,,,,,,37.81724585,-87.61301986,13.801,2021-02-05,1556,2,2,0,2,CLOUDY,DRY,False,1 VEHICLE ENTERING/LEAVING ENTRANCE,ANGLE,STRAIGHT & LEVEL,DAYLIGHT,,,44233.78514,False,19,Accepted,4,4,C,,INATTENTION,,2021,1
2887,27757888,0510100,HENDERSON POLICE DEPARTMENT,Accepted,HENDERSON,KY0136,600,SAND,LN,,,,,,,,37.82033414,-87.59714279,19.951,2021-02-04,2205,1,1,0,0,CLEAR,WET,False,OTHER ROADWAY OR MID-BLOCK COLLISION,SINGLE VEHICLE,STRAIGHT & LEVEL,DARK-HWY LIGHTED/ON,,,44234.06791,False,61,Accepted,5,5,O,SLIPPERY SURFACE,DRUG INVOLVEMENT,,2021,1
2888,27757973,0510100,HENDERSON POLICE DEPARTMENT,Accepted,HENDERSON,,59,ALVASIA,ST,N,,,,,,,37.83558164,-87.58366859,0.376,2021-02-03,328,3,3,0,0,CLOUDY,DRY,True,1 VEHICLE PARKED POSITION (NOT PARKING LOT/DRIVEWAY),REAR END,STRAIGHT & LEVEL,DARK-HWY NOT LIGHTED,,,44234.08705,False,38,Accepted,5,5,O,,INATTENTION,,2021,1
2889,27759896,0510100,HENDERSON POLICE DEPARTMENT,Accepted,HENDERSON,US0041A,1000,GREEN,ST,N,,,,,,,37.8498827,-87.58172898,16.739,2021-02-05,1616,2,2,0,0,CLEAR,DRY,False,1 VEHICLE ENTERING/LEAVING ENTRANCE,ANGLE,STRAIGHT & LEVEL,DAYLIGHT,,,44234.83537,False,37,Accepted,5,5,O,,MISJUDGE CLEARANCE,,2021,1
2891,27762883,0510100,HENDERSON POLICE DEPARTMENT,Accepted,HENDERSON,KY0351,500,2ND,ST,,,,,,,,37.83846681,-87.58596788,0.149,2021-02-03,925,2,2,0,0,CLEAR,DRY,False,OTHER ROADWAY OR MID-BLOCK COLLISION,REAR END,STRAIGHT & LEVEL,DAYLIGHT,,,44235.4637,False,26,Accepted,5,5,O,,INATTENTION,,2021,1
2892,27762885,0510100,HENDERSON POLICE DEPARTMENT,Accepted,HENDERSON,,200,BARKER,RD,,,,,,,,37.87274358,-87.57175872,0.129,2021-02-07,855,1,1,0,0,CLEAR,ICE,False,COLLISION WITH FIXED OBJECT NON - INTERSECTION - FIRST EVENT COLLISION 09 - 32 EXCLUDING 16,SINGLE VEHICLE,STRAIGHT & LEVEL,DAYLIGHT,,,44235.46378,False,63,Accepted,5,5,O,SLIPPERY SURFACE,INATTENTION,,2021,1
2893,27762886,0510100,HENDERSON POLICE DEPARTMENT,Accepted,HENDERSON,US0041,,US41,,,,,,AUDUBON,,SECOND,37.82281432,-87.56362793,,2021-02-07,850,1,1,0,0,CLEAR,ICE,False,RAN OFF ROADWAY (1 VEHICLE WITH/EARTH EMBANKMENT/DITCH),SINGLE VEHICLE,CURVE & LEVEL,DAYLIGHT,,,44235.46384,False,23,Accepted,5,5,O,SLIPPERY SURFACE,,,2021,1
2900,27765079,0510100,HENDERSON POLICE DEPARTMENT,Accepted,HENDERSON,US0060,,US60,,E,,,,BARRET,,MANOR,37.86003739,-87.56738203,10.623,2021-02-04,1509,2,2,0,1,CLOUDY,DRY,False,1 VEHICLE ENTERING/LEAVING ENTRANCE,ANGLE,STRAIGHT & LEVEL,DAYLIGHT,,,44235.94541,False,22,Accepted,4,4,C,,FAILED TO YIELD RIGHT OF WAY,,2021,1
2901,27765080,0510100,HENDERSON POLICE DEPARTMENT,Accepted,HENDERSON,,,POWELL,ST,,,LETCHER,,,,,37.82753732,-87.5789757,1.177,2021-02-07,2106,2,2,0,0,CLEAR,DRY,True,OTHER INTERSECTION COLLISIONS,REAR END,STRAIGHT & LEVEL,DARK-HWY LIGHTED/ON,,,44235.94546,False,37,Accepted,5,5,O,,"INATTENTION, MISJUDGE CLEARANCE, NOT UNDER PROPER CONTROL",,2021,1
2902,27765081,0510100,HENDERSON POLICE DEPARTMENT,Accepted,HENDERSON,US0060,,GREEN,ST,S,,BORAX,,,,,37.81112424,-87.62266947,10.277,2021-02-08,1714,2,2,0,0,CLEAR,DRY,False,ANGLE COLLISION - OTHER,ANGLE,STRAIGHT & LEVEL,DAYLIGHT,,,44235.9455,False,64,Accepted,5,5,O,,INATTENTION,,2021,1
2903,27765160,0510100,HENDERSON POLICE DEPARTMENT,Accepted,HENDERSON,US0041,2611,US41,,N,,,,,,,37.8744011,-87.56816447,17.343,2021-02-04,1933,2,2,0,0,CLEAR,DRY,False,1 VEHICLE ENTERING/LEAVING ENTRANCE,ANGLE,STRAIGHT & LEVEL,DARK-HWY LIGHTED/ON,,,44235.96138,False,17,Accepted,5,5,O,,"DISREGARD TRAFFIC CONTROL, INATTENTION",,2021,1
2904,27766158,0510100,HENDERSON POLICE DEPARTMENT,Accepted,HENDERSON,,1022,CLAY,ST,,,,,,,,37.82893698,-87.58529688,0.519,2021-02-07,2322,1,1,0,0,CLOUDY,DRY,False,COLLISION WITH FIXED OBJECT NON - INTERSECTION - FIRST EVENT COLLISION 09 - 32 EXCLUDING 16,SINGLE VEHICLE,STRAIGHT & LEVEL,DARK-HWY LIGHTED/ON,,,44236.2562,False,38,Accepted,5,5,O,,"ALCOHOL INVOLVEMENT, DRUG INVOLVEMENT",,2021,1
2909,27769361,0510100,HENDERSON POLICE DEPARTMENT,Accepted,HENDERSON,US0041A,500,GREEN,ST,N,,5TH,,,,,37.84329513,-87.58599674,16.217,2021-02-09,1809,2,2,0,0,CLEAR,DRY,True,OTHER INTERSECTION COLLISIONS,REAR END,STRAIGHT & LEVEL,DARK-HWY LIGHTED/ON,,,44236.95698,False,59,Accepted,5,5,O,,,,2021,1
2910,27769362,0510100,HENDERSON POLICE DEPARTMENT,Accepted,HENDERSON,US0041A,721,GREEN,ST,N,,,,,,,37.8465861,-87.5838757,16.487,2021-02-09,1724,2,2,0,2,CLEAR,DRY,False,1 VEHICLE ENTERING/LEAVING ENTRANCE,ANGLE,STRAIGHT & LEVEL,DARK-HWY LIGHTED/ON,,,44236.95703,False,37,Accepted,5,4,C,,"FAILED TO KEEP PROPER LANE, INATTENTION, MISJUDGE CLEARANCE",,2021,1
2912,27771333,0510100,HENDERSON POLICE DEPARTMENT,Accepted,HENDERSON,KY0285,,OLD MADISONVILLE,RD,,,,,THORNTON,,RUSSELL,37.81284109,-87.58685705,,2021-02-10,630,1,1,0,1,"SLEET, HAIL, FREEZING RAIN",ICE,False,RAN OFF ROADWAY (1 VEHICLE WITH/EARTH EMBANKMENT/DITCH),SINGLE VEHICLE,CURVE & GRADE,DAYLIGHT,,,44237.47946,False,23,Accepted,5,4,C,SLIPPERY SURFACE,,,2021,1
2913,27771483,0510100,HENDERSON POLICE DEPARTMENT,Accepted,HENDERSON,US0041,,US41,,N,,,,KIMSEY,,VAN WYK,37.84474936,-87.56627538,15.097,2021-02-10,830,1,1,0,0,CLOUDY,ICE,False,COLLISION WITH FIXED OBJECT NON - INTERSECTION - FIRST EVENT COLLISION 09 - 32 EXCLUDING 16,SINGLE VEHICLE,STRAIGHT & LEVEL,DAYLIGHT,,,44237.50429,False,63,Accepted,5,5,O,SLIPPERY SURFACE,TOO FAST FOR CONDITIONS,,2021,1