OBJECTID,IncidentID,AgencyORI,AgencyName,IncidentStatusDesc,County,RdwyNumber,Street,RoadwayName,StreetSfx,StreetDir,IntersectionRdwy,IntersectionRdwyName,BetweenStRdwy1,BetweenStRdwyName1,BetweenStRdwy2,BetweenStRdwyName2,Latitude,Longitude,Milepoint,CollisionDate,CollisionTime,UnitsInvolved,MotorVehiclesInvolved,NumberKilled,NumberInjured,Weather,RdwyConditionCode,HitandRun,DirAnalysisCode,MannerofCollision,RdwyCharacter,LightCondition,RampFromRdwyId,RampToRdwyId,AcceptedDate,IsSecondaryCollision,OwnerBadge,IncidentStatus,InjurySeverityCde,KABCO_Code,KABCO,Environmental_Factors,Human_Factors,Vehicular_Factors,CollisionYear,CityCrash
2914,27771612,0510100,HENDERSON POLICE DEPARTMENT,Accepted,HENDERSON,KY2099,,ADAMS,LN,,,CARRIAGE HOMES,,,,,37.8053563,-87.56791637,0.254,2021-02-10,748,2,2,0,0,CLOUDY,ICE,False,ANGLE COLLISION - OTHER,ANGLE,STRAIGHT & LEVEL,DAYLIGHT,,,44237.52191,False,63,Accepted,5,5,O,SLIPPERY SURFACE,,,2021,1
2915,27772471,0510100,HENDERSON POLICE DEPARTMENT,Accepted,HENDERSON,,,WATER,ST,N,,5TH,,,,,37.84520248,-87.59079551,0.001,2021-02-04,2000,1,1,0,0,SEVERE CROSSWINDS,DRY,False,COLLISION WITH FIXED OBJECT IN INTERSECTION - FIRST EVENT COLLISION 09 - 32,SINGLE VEHICLE,STRAIGHT & HILLCREST,DARK-HWY LIGHTED/ON,,,44237.65611,False,44,Accepted,5,5,O,OTHER,,,2021,1
2919,27774007,0510100,HENDERSON POLICE DEPARTMENT,Accepted,HENDERSON,US0041,,US41,,N,US0041,US41 S EXIT81 OFF RAMP TO US60 E,,,,,37.85708256,-87.5731938,16.048,2021-02-11,26,1,1,0,0,"SLEET, HAIL, FREEZING RAIN",ICE,False,OTHER INTERSECTION COLLISIONS,SINGLE VEHICLE,STRAIGHT & LEVEL,DARK-HWY LIGHTED/ON,,,44238.22802,False,16,Accepted,5,5,O,SLIPPERY SURFACE,TOO FAST FOR CONDITIONS,,2021,1
2921,27774486,0510000,HENDERSON COUNTY SHERIFF DEPT.,Accepted,HENDERSON,KY0351,,ZION,RD,,,,,,,,37.82637664,-87.55021682,2.284,2021-02-10,555,1,1,0,1,"SLEET, HAIL, FREEZING RAIN",ICE,False,COLLISION WITH FIXED OBJECT NON - INTERSECTION - FIRST EVENT COLLISION 09 - 32 EXCLUDING 16,SINGLE VEHICLE,STRAIGHT & LEVEL,DARK-HWY LIGHTED/ON,,,44238.43307,False,124,Accepted,3,3,B,SLIPPERY SURFACE,NOT UNDER PROPER CONTROL,,2021,1
2927,27775002,0510100,HENDERSON POLICE DEPARTMENT,Accepted,HENDERSON,,137,MEADOW,ST,,,,,WASHINGTON,,POWELL,37.82995999,-87.58284114,0.497,2021-02-10,815,2,2,0,0,FOG,ICE,True,1 VEHICLE PARKED POSITION (NOT PARKING LOT/DRIVEWAY),SIDESWIPE-SAME DIRECTION,STRAIGHT & LEVEL,DAYLIGHT,,,44238.57724,False,7,Accepted,5,5,O,SLIPPERY SURFACE,,,2021,1
2928,27775003,0510100,HENDERSON POLICE DEPARTMENT,Accepted,HENDERSON,US0060,,GREEN,ST,S,,DANA,,,,,37.80197879,-87.64237546,9.035,2021-02-10,700,1,1,0,0,FOG,ICE,False,COLLISION WITH FIXED OBJECT IN INTERSECTION - FIRST EVENT COLLISION 09 - 32,SINGLE VEHICLE,STRAIGHT & LEVEL,DAWN,,,44238.5773,False,7,Accepted,5,5,O,SLIPPERY SURFACE,,,2021,1
2930,27775476,0510100,HENDERSON POLICE DEPARTMENT,Accepted,HENDERSON,US0041,,US41,,,,,,,,,37.8217511,-87.56306683,2.22,2021-02-10,2200,2,2,0,0,"SLEET, HAIL, FREEZING RAIN",ICE,False,SIDESWIPE COLLISION - SAME DIRECTION,SIDESWIPE-SAME DIRECTION,CURVE & HILLCREST,DARK-HWY NOT LIGHTED,,,44238.7033,False,64,Accepted,5,5,O,SLIPPERY SURFACE,"NOT UNDER PROPER CONTROL, INATTENTION, MISJUDGE CLEARANCE, TOO FAST FOR CONDITIONS",OTHER,2021,1
2931,27777027,0510100,HENDERSON POLICE DEPARTMENT,Accepted,HENDERSON,US0060,,GREEN,ST,S,,DANA,,,,,37.80208084,-87.64234179,9.042,2021-02-10,654,2,2,0,0,CLOUDY,ICE,False,SIDESWIPE-SAME DIRECTION,SIDESWIPE-SAME DIRECTION,STRAIGHT & LEVEL,DAYLIGHT,,,44239.36659,False,67,Accepted,5,5,O,SLIPPERY SURFACE,INATTENTION,,2021,1
2935,27781380,0510100,HENDERSON POLICE DEPARTMENT,Accepted,HENDERSON,US0041,,US41,,N,,,,KIMSEY,,VAN WYK,37.8450887,-87.56594682,15.11,2021-02-11,9,1,1,0,0,"SLEET, HAIL, FREEZING RAIN",ICE,False,COLLISION WITH FIXED OBJECT NON - INTERSECTION - FIRST EVENT COLLISION 09 - 32 EXCLUDING 16,SINGLE VEHICLE,STRAIGHT & GRADE,DARK-HWY NOT LIGHTED,,,44241.04122,False,33,Accepted,5,5,O,SLIPPERY SURFACE,"INATTENTION, TOO FAST FOR CONDITIONS",,2021,1
2936,27783658,0510100,HENDERSON POLICE DEPARTMENT,Accepted,HENDERSON,,700,POWELL,ST,,,,,,,,37.83230395,-87.58714886,0.621,2021-02-14,110,2,2,0,0,CLEAR,DRY,True,1 VEHICLE PARKED POSITION (NOT PARKING LOT/DRIVEWAY),SIDESWIPE-OPPOSITE DIRECTION,STRAIGHT & LEVEL,DARK-HWY LIGHTED/ON,,,44242.06548,False,50,Accepted,5,5,O,,"INATTENTION, NOT UNDER PROPER CONTROL",,2021,1
2937,27784517,0510100,HENDERSON POLICE DEPARTMENT,Accepted,HENDERSON,,31,LETT,ST,,,,,,,,37.82808502,-87.58608812,0.074,2021-02-10,739,2,2,0,0,RAINING,ICE,False,1 VEHICLE PARKED POSITION (NOT PARKING LOT/DRIVEWAY),HEAD ON,STRAIGHT & LEVEL,DAYLIGHT,,,44242.37115,False,26,Accepted,5,5,O,SLIPPERY SURFACE,,,2021,1
2938,27784518,0510100,HENDERSON POLICE DEPARTMENT,Accepted,HENDERSON,,,INGRAM,ST,S,,,,,,,37.83635072,-87.5887843,0.797,2021-02-10,938,2,2,0,0,RAINING,ICE,False,1 VEHICLE PARKED POSITION (NOT PARKING LOT/DRIVEWAY),HEAD ON,STRAIGHT & LEVEL,DAYLIGHT,,,44242.3712,False,26,Accepted,5,5,O,SLIPPERY SURFACE,,,2021,1
2939,27784530,0510100,HENDERSON POLICE DEPARTMENT,Accepted,HENDERSON,,1012,WASHINGTON,ST,,,,,JULIA,,MEADOW,37.83124263,-87.58292041,0.654,2021-02-14,200,2,2,0,0,CLEAR,DRY,True,1 VEHICLE PARKED POSITION (NOT PARKING LOT/DRIVEWAY),SIDESWIPE-SAME DIRECTION,STRAIGHT & LEVEL,DARK-HWY LIGHTED/ON,,,44242.37643,False,34,Accepted,5,5,O,,,,2021,1
2940,27784596,0510100,HENDERSON POLICE DEPARTMENT,Accepted,HENDERSON,US0060,,GREEN,ST,S,,COMMUNITY,,,,,37.80393256,-87.6375555,9.318,2021-02-10,650,2,2,0,0,"SLEET, HAIL, FREEZING RAIN",ICE,False,ANGLE COLLISION - OTHER,ANGLE,STRAIGHT & LEVEL,DAWN,,,44242.38105,False,34,Accepted,5,5,O,SLIPPERY SURFACE,,,2021,1
2944,27785442,0510100,HENDERSON POLICE DEPARTMENT,Accepted,HENDERSON,,1019,WASHINGTON,ST,,,,,,,,37.83128841,-87.58261063,0.643,2021-02-12,1550,2,2,0,0,CLEAR,DRY,True,1 VEHICLE PARKED POSITION (NOT PARKING LOT/DRIVEWAY),SIDESWIPE-OPPOSITE DIRECTION,STRAIGHT & LEVEL,DAYLIGHT,,,44242.605,False,44,Accepted,5,5,O,,,,2021,1
2945,27786356,0510100,HENDERSON POLICE DEPARTMENT,Accepted,HENDERSON,,,8TH ST COURT,,,,,,,,,37.84491412,-87.5803034,0.049,2021-02-14,2355,2,2,0,0,CLEAR,DRY,False,REAR END IN TRAFFIC LANES BOTH VEHICLES MOVING,REAR END,CURVE & LEVEL,DARK-HWY NOT LIGHTED,,,44243.04785,False,29,Accepted,5,5,O,,"NOT UNDER PROPER CONTROL, INATTENTION",,2021,1
2948,27787459,0510100,HENDERSON POLICE DEPARTMENT,Accepted,HENDERSON,,,GREEN,ST,S,,VINE,,,,,37.83125039,-87.59569251,,2021-02-15,1145,2,2,0,0,SNOWING,SNOW/SLUSH,False,REAR END - ONE VEHICLE TURNING LEFT,REAR END,STRAIGHT & GRADE,DAYLIGHT,,,44243.61082,False,23,Accepted,5,5,O,SLIPPERY SURFACE,,,2021,1
2949,27787464,0510100,HENDERSON POLICE DEPARTMENT,Accepted,HENDERSON,,,STAPP,DR,,,BARRET,,,,,37.86044984,-87.56825863,0.003,2021-02-15,1441,2,2,0,0,SNOWING,SNOW/SLUSH,False,VEHICLE BACKING IN INTERSECTION,BACKING,STRAIGHT & LEVEL,DAYLIGHT,,,44243.61418,False,17,Accepted,5,5,O,,INATTENTION,,2021,1
2951,27789253,0510000,HENDERSON COUNTY SHERIFF DEPT.,Accepted,HENDERSON,AU9005,,,,,,,,,,,37.81180219,-87.56336491,0.304,2021-02-16,1505,1,1,0,0,CLEAR,SNOW/SLUSH,False,COLLISION WITH FIXED OBJECT NOT IN GORE ,SINGLE VEHICLE,CURVE & GRADE,DAYLIGHT,AU9005,US0041,44244.41027,False,142,Accepted,5,5,O,SLIPPERY SURFACE,NOT UNDER PROPER CONTROL,,2021,1
2952,27789484,0510100,HENDERSON POLICE DEPARTMENT,Accepted,HENDERSON,,,BARRET,BLVD,,US0060,US60,,,,,37.85988379,-87.56771811,0.351,2021-02-16,1208,2,2,0,0,CLOUDY,SNOW/SLUSH,False,VEHICLE BACKING IN INTERSECTION,BACKING,STRAIGHT & LEVEL,DAYLIGHT,,,44244.47071,False,67,Accepted,5,5,O,SLIPPERY SURFACE,INATTENTION,,2021,1
2953,27793516,0510100,HENDERSON POLICE DEPARTMENT,Accepted,HENDERSON,,,KLEYMEYER,ST,,,,,,,,37.82581061,-87.58715965,0.128,2021-02-17,1640,2,2,0,0,CLOUDY,SNOW/SLUSH,False,HEAD-ON COLLISION,HEAD ON,CURVE & LEVEL,DAYLIGHT,,,44245.90014,False,19,Accepted,5,5,O,SLIPPERY SURFACE,INATTENTION,,2021,1
2954,27793517,0510100,HENDERSON POLICE DEPARTMENT,Accepted,HENDERSON,US0041A,,GREEN,ST,S,,JACKSON,,,,,37.82964535,-87.59725556,15.15,2021-02-17,2120,1,1,0,0,SNOWING,SNOW/SLUSH,False,COLLISION WITH FIXED OBJECT IN INTERSECTION - FIRST EVENT COLLISION 09 - 32,SINGLE VEHICLE,STRAIGHT & LEVEL,DARK-HWY LIGHTED/ON,,,44245.90021,False,64,Accepted,5,5,O,SLIPPERY SURFACE,NOT UNDER PROPER CONTROL,,2021,1
2955,27795019,0510100,HENDERSON POLICE DEPARTMENT,Accepted,HENDERSON,KY0351,,2ND,ST,,US0041A,GREEN,,,,,37.83943151,-87.58833118,0.008,2021-02-17,1332,2,2,0,0,CLOUDY,SNOW/SLUSH,False,OTHER INTERSECTION COLLISIONS,REAR END,STRAIGHT & LEVEL,DAYLIGHT,,,44246.49316,False,67,Accepted,5,5,O,SLIPPERY SURFACE,INATTENTION,,2021,1
2956,27795020,0510100,HENDERSON POLICE DEPARTMENT,Accepted,HENDERSON,,,ADAMS,ST,N,,TAYLOR,,,,,37.85151233,-87.57720951,1.189,2021-02-18,716,1,1,0,0,SNOWING,SNOW/SLUSH,False,COLLISION WITH FIXED OBJECT IN INTERSECTION - FIRST EVENT COLLISION 09 - 32,SINGLE VEHICLE,STRAIGHT & LEVEL,DAYLIGHT,,,44246.49326,False,67,Accepted,5,5,O,SLIPPERY SURFACE,INATTENTION,,2021,1
2957,27797965,0510100,HENDERSON POLICE DEPARTMENT,Accepted,HENDERSON,,,RUSSELL,DR,,,COUNTRY,,,,,37.80782043,-87.58898717,0.061,2021-02-10,819,1,1,0,0,FOG,ICE,False,COLLISION WITH FIXED OBJECT IN INTERSECTION - FIRST EVENT COLLISION 09 - 32,SINGLE VEHICLE,STRAIGHT & LEVEL,DAYLIGHT,,,44247.36422,False,15,Accepted,5,5,O,SLIPPERY SURFACE,,,2021,1
2958,27798546,0510100,HENDERSON POLICE DEPARTMENT,Accepted,HENDERSON,,700,ELM,ST,N,,,,,,,37.8464037,-87.58598637,0.65,2021-02-19,1410,2,2,0,0,CLEAR,SNOW/SLUSH,False,OTHER ROADWAY OR MID-BLOCK COLLISION,OPPOSING LEFT TURN,STRAIGHT & LEVEL,DAYLIGHT,,,44247.69277,False,59,Accepted,5,5,O,SLIPPERY SURFACE,"FAILED TO YIELD RIGHT OF WAY, INATTENTION",,2021,1
2959,27800389,0510100,HENDERSON POLICE DEPARTMENT,Accepted,HENDERSON,,1606,THORNTON,PL,,,,,,,,37.81459837,-87.585058,0.019,2021-02-13,634,2,2,0,0,CLOUDY,DRY,True,1 VEHICLE PARKED POSITION (NOT PARKING LOT/DRIVEWAY),ANGLE,STRAIGHT & LEVEL,DARK-HWY LIGHTED/ON,,,44248.55027,False,26,Accepted,5,5,O,,"FATIGUE, FELL ASLEEP",,2021,1
2960,27800425,0510100,HENDERSON POLICE DEPARTMENT,Accepted,HENDERSON,US0060,2200,GREEN,ST,S,,,,,,,37.80251929,-87.64085571,9.125,2021-02-20,1816,2,2,0,0,CLOUDY,WET,False,SIDESWIPE COLLISION - SAME DIRECTION,SIDESWIPE-SAME DIRECTION,STRAIGHT & LEVEL,DARK (UNKNOWN ROADWAY LIGHTING),,,44248.58215,False,64,Accepted,5,5,O,GLARE (OTHER),INATTENTION,,2021,1
2961,27800667,0510100,HENDERSON POLICE DEPARTMENT,Accepted,HENDERSON,US0041A,,GREEN,ST,S,,CENTER,,,,,37.83723027,-87.58994133,15.745,2021-02-20,1537,2,2,0,0,CLEAR,SNOW/SLUSH,False,ANGLE COLLISION - OTHER,ANGLE,STRAIGHT & LEVEL,DAYLIGHT,,,44248.66178,False,44,Accepted,5,5,O,,"FAILED TO YIELD RIGHT OF WAY, MISJUDGE CLEARANCE",,2021,1
2962,27800835,0510100,HENDERSON POLICE DEPARTMENT,Accepted,HENDERSON,,227,HOLLOWAY,ST,S,,,,,,,37.83072177,-87.58641294,0.062,2021-02-17,1715,2,2,0,0,SNOWING,SNOW/SLUSH,True,1 VEHICLE PARKED POSITION (NOT PARKING LOT/DRIVEWAY),REAR END,STRAIGHT & GRADE,DAYLIGHT,,,44248.68822,False,44,Accepted,5,5,O,,,,2021,1
2963,27800876,0510100,HENDERSON POLICE DEPARTMENT,Accepted,HENDERSON,,,HOLLOWAY,ST,S,,CENTER,,,,,37.83392835,-87.58341733,0.336,2021-02-20,2056,2,2,0,0,CLEAR,ICE,True,ANGLE COLLISION - OTHER,ANGLE,STRAIGHT & GRADE,DARK-HWY LIGHTED/ON,,,44248.69735,False,44,Accepted,5,5,O,SLIPPERY SURFACE,"FAILED TO YIELD RIGHT OF WAY, INATTENTION, NOT UNDER PROPER CONTROL",,2021,1
2964,27802122,0510100,HENDERSON POLICE DEPARTMENT,Accepted,HENDERSON,US0041,,US41,,N,,,,,,,37.83413434,-87.56540803,14.344,2021-02-18,339,3,3,0,0,CLEAR,ICE,False,OTHER ROADWAY OR MID-BLOCK COLLISION,REAR TO REAR,STRAIGHT & LEVEL,DARK-HWY LIGHTED/ON,,,44249.06749,True,46,Accepted,5,5,O,,INATTENTION,,2021,1
2965,27803003,0510100,HENDERSON POLICE DEPARTMENT,Accepted,HENDERSON,US0041A,,GREEN,ST,S,,,,KRESGE,,DRURY,37.81554696,-87.6157819,13.602,2021-02-19,1128,2,2,0,2,CLOUDY,DRY,False,1 VEHICLE ENTERING/LEAVING ENTRANCE,ANGLE,STRAIGHT & LEVEL,DAYLIGHT,,,44249.35262,False,67,Accepted,5,3,B,,INATTENTION,,2021,1
2971,27805632,0510100,HENDERSON POLICE DEPARTMENT,Accepted,HENDERSON,,1101,ELM,ST,S,,,,,,,37.82664614,-87.60253302,0.295,2021-02-20,1920,2,2,0,0,CLEAR,WET,False,1 VEHICLE PARKED POSITION (NOT PARKING LOT/DRIVEWAY),BACKING,STRAIGHT & GRADE,DARK-HWY NOT LIGHTED,,,44249.81284,False,44,Accepted,5,5,O,,"EMOTIONAL, INATTENTION",,2021,1
2972,27805693,0510100,HENDERSON POLICE DEPARTMENT,Accepted,HENDERSON,,1302,POWELL,ST,,,,,,,,37.82769259,-87.57918894,1.133,2021-02-20,1408,3,3,0,0,CLEAR,SNOW/SLUSH,True,1 VEHICLE PARKED POSITION (NOT PARKING LOT/DRIVEWAY),SIDESWIPE-SAME DIRECTION,STRAIGHT & LEVEL,DAYLIGHT,,,44249.83446,False,59,Accepted,5,5,O,SLIPPERY SURFACE,,,2021,1
2974,27808531,0510100,HENDERSON POLICE DEPARTMENT,Accepted,HENDERSON,,500,MAIN,ST,S,,,,,,,37.83345088,-87.59830407,1.7,2021-02-22,1538,2,2,0,0,CLEAR,DRY,False,SIDESWIPE COLLISION - SAME DIRECTION,SIDESWIPE-SAME DIRECTION,STRAIGHT & LEVEL,DAYLIGHT,,,44250.60841,False,64,Accepted,5,5,O,,"IMPROPER PASSING, INATTENTION",,2021,1
2975,27808533,0510100,HENDERSON POLICE DEPARTMENT,Accepted,HENDERSON,,,COMMONWEALTH,DR,,KY0136,SAND,,,,,37.82064406,-87.59023361,0.007,2021-02-22,1803,2,2,0,0,CLEAR,DRY,False,OTHER INTERSECTION COLLISIONS,REAR END,STRAIGHT & LEVEL,DAYLIGHT,,,44250.60855,False,64,Accepted,5,5,O,,INATTENTION,,2021,1
2976,27808535,0510100,HENDERSON POLICE DEPARTMENT,Accepted,HENDERSON,,,BURDETTE,ST,,KY0812,AIRLINE,,,,,37.8241567,-87.57613859,0.022,2021-02-22,1610,2,2,0,0,CLEAR,DRY,False,ANGLE COLLISION - OTHER,ANGLE,STRAIGHT & HILLCREST,DAYLIGHT,,,44250.60863,False,37,Accepted,5,5,O,,MISJUDGE CLEARANCE,,2021,1
2977,27808537,0510100,HENDERSON POLICE DEPARTMENT,Accepted,HENDERSON,US0041,,US41,,N,,WATSON,,,,,37.87536831,-87.56763999,17.418,2021-02-20,1600,2,2,0,0,CLEAR,DRY,False,ANGLE COLLISION - OTHER,ANGLE,STRAIGHT & LEVEL,DAYLIGHT,,,44250.60869,False,17,Accepted,5,5,O,,DISREGARD TRAFFIC CONTROL,,2021,1
2978,27812376,KSP1600,"KY STATE POLICE, POST 16",Accepted,HENDERSON,US0060,,GREEN,ST,S,,,,,,,37.80309619,-87.63938272,9.215,2021-02-23,1800,1,1,0,0,CLEAR,DRY,False,COLLISION WITH ANIMAL NON INTERSECTION,SINGLE VEHICLE,STRAIGHT & LEVEL,DUSK,,,44251.46126,False,353,Accepted,5,5,O,ANIMALS ACTION,,,2021,1
2979,27812679,0510100,HENDERSON POLICE DEPARTMENT,Accepted,HENDERSON,,,AUDUBON,ST,,,,,GREEN ,,ELM ,37.83083336,-87.59664908,,2021-02-23,910,2,2,0,0,CLEAR,DRY,False,VEHICLE BACKING NON INTERSECTION,BACKING,STRAIGHT & LEVEL,DAYLIGHT,,,44251.5341,False,23,Accepted,5,5,O,,INATTENTION,,2021,1
2980,27812680,0510100,HENDERSON POLICE DEPARTMENT,Accepted,HENDERSON,,,CLAY,ST,,,,,GREEN,,INGRAM,37.83367515,-87.59315104,,2021-02-23,1030,2,2,0,0,CLEAR,DRY,False,1 VEHICLE ENTERING/LEAVING ENTRANCE,ANGLE,STRAIGHT & LEVEL,DAYLIGHT,,,44251.53418,False,23,Accepted,5,5,O,,INATTENTION,,2021,1
2981,27812681,0510100,HENDERSON POLICE DEPARTMENT,Accepted,HENDERSON,US0041A,,GREEN,ST,N,,,,14TH,,13TH,37.85357293,-87.57933749,17.031,2021-02-23,855,2,2,0,0,CLEAR,DRY,False,SIDESWIPE COLLISION - SAME DIRECTION,SIDESWIPE-SAME DIRECTION,STRAIGHT & LEVEL,DAYLIGHT,,,44251.53424,False,34,Accepted,5,5,O,,INATTENTION,,2021,1
2982,27815099,0510100,HENDERSON POLICE DEPARTMENT,Accepted,HENDERSON,,939,TRAIL,DR,,,,,,,,37.86842989,-87.55215732,0.104,2021-02-19,410,1,1,0,0,CLEAR,SNOW/SLUSH,False,OTHER ROADWAY OR MID-BLOCK COLLISION,SINGLE VEHICLE,STRAIGHT & GRADE,DARK-HWY LIGHTED/ON,,,44252.00503,False,16,Accepted,5,5,O,,"EMOTIONAL, INATTENTION",,2021,1
2983,27816366,0510100,HENDERSON POLICE DEPARTMENT,Accepted,HENDERSON,US0041A,,GREEN,ST,S,,YEAMAN,,,,,37.81952744,-87.60955194,14.059,2021-02-14,1232,2,2,0,0,CLEAR,DRY,False,ANGLE COLLISION - OTHER,ANGLE,CURVE & LEVEL,DAYLIGHT,,,44252.35422,False,15,Accepted,5,5,O,,MISJUDGE CLEARANCE,,2021,1
2987,27821179,0510100,HENDERSON POLICE DEPARTMENT,Accepted,HENDERSON,US0041,,US 41N,,,,,,,,,37.85843221,-87.57318064,0.093,2021-02-25,1200,1,1,0,0,CLEAR,DRY,False,COLLISION WITH FIXED OBJECT NOT IN GORE ,SINGLE VEHICLE,CURVE & GRADE,DAYLIGHT,US0041,US0060,44253.47998,False,23,Accepted,5,5,O,,"INATTENTION, MISJUDGE CLEARANCE, OTHER",,2021,1
2988,27822177,0510100,HENDERSON POLICE DEPARTMENT,Accepted,HENDERSON,,508,WASHINGTON,ST,,,,,,,,37.83527937,-87.58922729,1.099,2021-02-23,2014,2,2,0,0,CLEAR,DRY,False,REAR END IN TRAFFIC LANES BOTH VEHICLES MOVING,REAR END,STRAIGHT & GRADE,DARK-HWY LIGHTED/ON,,,44253.68318,False,59,Accepted,5,5,O,,"INATTENTION, MISJUDGE CLEARANCE",,2021,1
2989,27823825,0510100,HENDERSON POLICE DEPARTMENT,Accepted,HENDERSON,,,CLAY,ST,,,,,ATKINSON,,SHELBY,37.82471828,-87.57782539,0.019,2021-02-17,2241,1,1,0,0,SNOWING,SNOW/SLUSH,False,OTHER ROADWAY OR MID-BLOCK COLLISION,SINGLE VEHICLE,STRAIGHT & LEVEL,DARK-HWY NOT LIGHTED,,,44254.25434,False,33,Accepted,5,5,O,SLIPPERY SURFACE,"INATTENTION, TOO FAST FOR CONDITIONS",,2021,1
2990,27830751,KSP1600,"KY STATE POLICE, POST 16",Accepted,HENDERSON,KY2084,,KY2084,,S,,,,,,,37.79901619,-87.5716158,0.649,2021-02-26,1815,1,1,0,0,RAINING,WET,False,COLLISION WITH ANIMAL NON INTERSECTION,SINGLE VEHICLE,STRAIGHT & LEVEL,DARK-HWY LIGHTED/OFF,,,44256.62006,False,353,Accepted,5,5,O,ANIMALS ACTION,,,2021,1
2991,27832082,0510100,HENDERSON POLICE DEPARTMENT,Accepted,HENDERSON,US0041A,,GREEN,ST,S,,DR MARTIN LUTHER KING JR,,,,,37.83266487,-87.59435621,15.329,2021-03-01,1821,2,2,0,0,CLEAR,DRY,False,OTHER INTERSECTION COLLISIONS,REAR END,STRAIGHT & LEVEL,DAYLIGHT,,,44256.93699,False,64,Accepted,5,5,O,,INATTENTION,,2021,1
2992,27833427,0510100,HENDERSON POLICE DEPARTMENT,Accepted,HENDERSON,KY0351,,2ND,ST,,,,,,,,37.83921134,-87.58768146,0.045,2021-02-19,1115,2,2,0,1,CLEAR,DRY,False,OTHER ROADWAY OR MID-BLOCK COLLISION,OPPOSING LEFT TURN,STRAIGHT & LEVEL,DAYLIGHT,,,44257.31827,False,26,Accepted,5,4,C,GLARE (SUN),MISJUDGE CLEARANCE,,2021,1
2993,27833495,0510100,HENDERSON POLICE DEPARTMENT,Accepted,HENDERSON,,,PRINGLE,ST,,,,,MEADOW,,KLEYMEYER,37.82410343,-87.58815773,,2021-03-01,100,2,2,0,0,CLOUDY,DRY,True,1 VEHICLE PARKED POSITION (NOT PARKING LOT/DRIVEWAY),SIDESWIPE-SAME DIRECTION,STRAIGHT & LEVEL,DARK-HWY LIGHTED/ON,,,44257.33117,False,23,Accepted,5,5,O,,,,2021,1
2998,27834862,0510100,HENDERSON POLICE DEPARTMENT,Accepted,HENDERSON,,,GREEN,ST,N,,ELK,,,,,37.85639753,-87.57601322,0.064,2021-02-28,2018,1,1,0,1,RAINING,WET,False,COLLISION WITH FIXED OBJECT IN INTERSECTION - FIRST EVENT COLLISION 09 - 32,SINGLE VEHICLE,CURVE & LEVEL,DARK (UNKNOWN ROADWAY LIGHTING),,,44257.61518,False,59,Accepted,3,3,B,,ALCOHOL INVOLVEMENT,,2021,1
3000,27836796,0510100,HENDERSON POLICE DEPARTMENT,Accepted,HENDERSON,,700,POWELL,ST,,,ALVES,,,,,37.83289409,-87.58824069,0.554,2021-03-01,1448,2,2,0,0,CLEAR,DRY,False,OTHER INTERSECTION COLLISIONS,REAR END,STRAIGHT & LEVEL,DAYLIGHT,,,44257.96803,False,59,Accepted,5,5,O,,INATTENTION,,2021,1
3001,27838098,0510100,HENDERSON POLICE DEPARTMENT,Accepted,HENDERSON,US0041,,US41,,N,,,,KY 351,,ADAMS,37.82803097,-87.56699601,,2021-03-02,1115,2,2,0,0,CLEAR,DRY,False,SIDESWIPE COLLISION - SAME DIRECTION,SIDESWIPE-SAME DIRECTION,STRAIGHT & LEVEL,DAYLIGHT,,,44258.3342,False,23,Accepted,5,5,O,,OTHER,LOAD SECUREMENT,2021,1
3002,27838100,0510100,HENDERSON POLICE DEPARTMENT,Accepted,HENDERSON,,,MAIN,ST,S,,,,WASHINGTON,,1ST,37.83856737,-87.59309956,2.152,2021-02-28,430,1,1,0,0,RAINING,WET,True,OTHER ROADWAY OR MID-BLOCK COLLISION,SINGLE VEHICLE,STRAIGHT & LEVEL,DARK-HWY LIGHTED/ON,,,44258.3343,False,34,Accepted,5,5,O,,,,2021,1
3003,27838105,0510100,HENDERSON POLICE DEPARTMENT,Accepted,HENDERSON,KY0351,,ZION,RD,,,,,OLD ORCHARD,,BITTERSWEET,37.82744901,-87.55448484,2.043,2021-03-02,639,2,2,0,0,CLEAR,DRY,False,1 VEHICLE ENTERING/LEAVING ENTRANCE,ANGLE,STRAIGHT & LEVEL,DAYLIGHT,,,44258.3353,False,65,Accepted,5,5,O,,INATTENTION,,2021,1
3004,27838552,0510000,HENDERSON COUNTY SHERIFF DEPT.,Accepted,HENDERSON,US0060,2336,GREEN,ST,S,,,,,,,37.80651394,-87.63038447,9.76,2021-03-03,220,1,1,0,0,CLEAR,DRY,False,COLLISION WITH ANIMAL NON INTERSECTION,SINGLE VEHICLE,STRAIGHT & LEVEL,DARK-HWY NOT LIGHTED,,,44258.4161,False,134,Accepted,5,5,O,ANIMALS ACTION,,,2021,1
3005,27842023,0510100,HENDERSON POLICE DEPARTMENT,Accepted,HENDERSON,,1519,WASHINGTON,ST,,,,,,,,37.82747127,-87.57601685,0.154,2021-03-01,2149,2,2,0,0,CLEAR,DRY,True,1 VEHICLE PARKED POSITION (NOT PARKING LOT/DRIVEWAY),HEAD ON,STRAIGHT & LEVEL,DARK-HWY LIGHTED/ON,,,44259.08672,False,35,Accepted,5,5,O,,,,2021,1