OBJECTID,IncidentID,AgencyORI,AgencyName,IncidentStatusDesc,County,RdwyNumber,Street,RoadwayName,StreetSfx,StreetDir,IntersectionRdwy,IntersectionRdwyName,BetweenStRdwy1,BetweenStRdwyName1,BetweenStRdwy2,BetweenStRdwyName2,Latitude,Longitude,Milepoint,CollisionDate,CollisionTime,UnitsInvolved,MotorVehiclesInvolved,NumberKilled,NumberInjured,Weather,RdwyConditionCode,HitandRun,DirAnalysisCode,MannerofCollision,RdwyCharacter,LightCondition,RampFromRdwyId,RampToRdwyId,AcceptedDate,IsSecondaryCollision,OwnerBadge,IncidentStatus,InjurySeverityCde,KABCO_Code,KABCO,Environmental_Factors,Human_Factors,Vehicular_Factors,CollisionYear,CityCrash
3007,27845165,0510100,HENDERSON POLICE DEPARTMENT,Accepted,HENDERSON,,,ELM,ST,N,,PARK,,,,,37.86400234,-87.57548469,2.004,2021-03-02,1508,2,2,0,0,CLEAR,DRY,False,OPPOSITE DIRECTION - BOTH VEHICLES GOING STRAIGHT AHEAD,SIDESWIPE-OPPOSITE DIRECTION,STRAIGHT & LEVEL,DAYLIGHT,,,44259.69591,False,22,Accepted,5,5,O,,"INATTENTION, NOT UNDER PROPER CONTROL",,2021,1
3008,27845166,0510100,HENDERSON POLICE DEPARTMENT,Accepted,HENDERSON,,936,WASHINGTON,ST,,,,,,,,37.83215557,-87.58401426,0.741,2021-03-03,1620,2,2,0,0,CLEAR,DRY,False,1 VEHICLE PARKED POSITION (NOT PARKING LOT/DRIVEWAY),REAR END,STRAIGHT & LEVEL,DAYLIGHT,,,44259.69602,False,44,Accepted,5,5,O,,"DISTRACTION, INATTENTION",,2021,1
3009,27845227,0510100,HENDERSON POLICE DEPARTMENT,Accepted,HENDERSON,US0041,,US41,,N,,,,,,,37.83415663,-87.56538477,14.346,2021-03-03,1826,2,2,0,0,CLEAR,DRY,True,SIDESWIPE COLLISION - SAME DIRECTION,SIDESWIPE-SAME DIRECTION,STRAIGHT & LEVEL,DARK-HWY NOT LIGHTED,,,44259.70448,False,37,Accepted,5,5,O,,"INATTENTION, MISJUDGE CLEARANCE, NOT UNDER PROPER CONTROL",,2021,1
3010,27845228,0510100,HENDERSON POLICE DEPARTMENT,Accepted,HENDERSON,US0041,2910,US41,,N,,,,,,,37.88082118,-87.56458997,17.815,2021-03-03,1619,2,2,0,0,CLEAR,DRY,False,SIDESWIPE COLLISION - SAME DIRECTION,SIDESWIPE-SAME DIRECTION,STRAIGHT & LEVEL,DAYLIGHT,,,44259.70454,False,37,Accepted,5,5,O,,"INATTENTION, MISJUDGE CLEARANCE",,2021,1
3011,27845398,0510100,HENDERSON POLICE DEPARTMENT,Accepted,HENDERSON,US0041,,US41,,N,,,,,,,37.86038937,-87.57542599,16.302,2021-03-03,2140,2,2,0,0,CLEAR,DRY,False,SIDESWIPE COLLISION - SAME DIRECTION,SIDESWIPE-SAME DIRECTION,CURVE & GRADE,DARK-HWY LIGHTED/ON,,,44259.72822,False,44,Accepted,5,5,O,,"INATTENTION, MISJUDGE CLEARANCE",,2021,1
3012,27845400,0510100,HENDERSON POLICE DEPARTMENT,Accepted,HENDERSON,US0041A,,GREEN,ST,N,,,,4TH,,5TH,37.84252353,-87.58651456,16.158,2021-03-03,1540,2,2,0,0,CLEAR,DRY,False,OTHER ROADWAY OR MID-BLOCK COLLISION,REAR END,STRAIGHT & LEVEL,DAYLIGHT,,,44259.72829,False,44,Accepted,5,5,O,,INATTENTION,,2021,1
3014,27848074,0510100,HENDERSON POLICE DEPARTMENT,Accepted,HENDERSON,US0041,2600,US41,,N,,,,,,,37.87481121,-87.56805727,17.369,2021-03-03,600,2,2,0,0,CLEAR,DRY,False,REAR END IN TRAFFIC LANES BOTH VEHICLES MOVING,REAR END,STRAIGHT & LEVEL,DAYLIGHT,,,44260.41572,False,63,Accepted,5,5,O,,,BRAKES DEFECTIVE,2021,1
3015,27848077,0510100,HENDERSON POLICE DEPARTMENT,Accepted,HENDERSON,US0041,,US41,,N,,WATSON,,,,,37.87545342,-87.56789013,17.415,2021-02-26,1128,2,2,0,0,CLOUDY,DRY,True,OTHER INTERSECTION COLLISIONS,REAR END,STRAIGHT & LEVEL,DAYLIGHT,,,44260.41579,False,26,Accepted,5,5,O,,INATTENTION,,2021,1
3016,27848160,0510000,HENDERSON COUNTY SHERIFF DEPT.,Accepted,HENDERSON,US0041,,US41,,N,,,,,,,37.88394419,-87.56249884,18.056,2021-03-04,1910,1,1,0,0,CLEAR,DRY,False,COLLISION WITH ANIMAL NON INTERSECTION,SINGLE VEHICLE,STRAIGHT & LEVEL,DARK-HWY NOT LIGHTED,,,44260.4348,False,137,Accepted,5,5,O,ANIMALS ACTION,,,2021,1
3017,27855673,0510100,HENDERSON POLICE DEPARTMENT,Accepted,HENDERSON,US0041,,US41,,N,,PAUL,,,,,37.87423724,-87.56831057,17.323,2021-03-05,1654,2,2,0,0,CLEAR,DRY,True,ANGLE COLLISION - OTHER,ANGLE,STRAIGHT & LEVEL,DAYLIGHT,,,44262.79767,False,17,Accepted,5,5,O,VIEW OBSTRUCTED/LIMITED DUE TO RDWY,FAILED TO YIELD RIGHT OF WAY,,2021,1
3018,27855675,0510100,HENDERSON POLICE DEPARTMENT,Accepted,HENDERSON,,1200,YOUNG,ST,,,,,,,,37.82060954,-87.58828747,,2021-03-07,1426,1,1,0,0,CLEAR,DRY,False,COLLISION WITH FIXED OBJECT NON - INTERSECTION - FIRST EVENT COLLISION 09 - 32 EXCLUDING 16,SINGLE VEHICLE,CURVE & LEVEL,DAYLIGHT,,,44262.79776,False,19,Accepted,5,5,O,,"INATTENTION, MISJUDGE CLEARANCE",,2021,1
3019,27855745,0510100,HENDERSON POLICE DEPARTMENT,Accepted,HENDERSON,US0041A,325,GREEN,ST,N,,,,,,,37.84141752,-87.58725685,16.072,2021-03-07,1615,2,2,0,0,CLEAR,DRY,False,VEHICLE BACKING NON INTERSECTION,BACKING,STRAIGHT & LEVEL,DAYLIGHT,,,44262.81836,False,44,Accepted,5,5,O,,INATTENTION,,2021,1
3026,27858546,0510100,HENDERSON POLICE DEPARTMENT,Accepted,HENDERSON,,910,ELM,ST,N,,,,,,,37.84949829,-87.58395107,0.894,2021-03-05,750,2,2,0,0,CLEAR,DRY,False,1 VEHICLE PARKED POSITION (NOT PARKING LOT/DRIVEWAY),REAR END,STRAIGHT & LEVEL,DAYLIGHT,,,44263.44931,False,26,Accepted,5,5,O,,DISTRACTION,,2021,1
3027,27858550,0510100,HENDERSON POLICE DEPARTMENT,Accepted,HENDERSON,US0041A,200,GREEN,ST,N,,,,,,,37.83969211,-87.58825156,15.942,2021-03-05,1219,2,2,0,0,CLEAR,DRY,False,1 VEHICLE ENTERING/LEAVING ENTRANCE,ANGLE,STRAIGHT & LEVEL,DAYLIGHT,,,44263.44943,False,63,Accepted,5,5,O,,INATTENTION,,2021,1
3028,27858924,0510100,HENDERSON POLICE DEPARTMENT,Accepted,HENDERSON,,400,RICHARDSON,AVE,,,,,,,,37.85507954,-87.57624177,0.275,2021-03-05,1115,2,2,0,0,CLEAR,DRY,False,1 VEHICLE PARKED POSITION (NOT PARKING LOT/DRIVEWAY),BACKING,STRAIGHT & LEVEL,DAYLIGHT,,,44263.50372,False,26,Accepted,5,5,O,,MISJUDGE CLEARANCE,,2021,1
3029,27858925,0510100,HENDERSON POLICE DEPARTMENT,Accepted,HENDERSON,US0041A,1725,GREEN,ST,S,,,,,,,37.81611505,-87.6148249,13.672,2021-03-05,1151,2,2,0,0,CLEAR,DRY,False,OTHER ROADWAY OR MID-BLOCK COLLISION,OPPOSING LEFT TURN,STRAIGHT & LEVEL,DAYLIGHT,,,44263.50375,False,26,Accepted,5,5,O,,MISJUDGE CLEARANCE,,2021,1
3030,27858926,0510100,HENDERSON POLICE DEPARTMENT,Accepted,HENDERSON,US0041A,,GREEN,ST,N,,7TH,,,,,37.84569714,-87.58445107,16.414,2021-03-05,1258,2,2,0,0,CLEAR,DRY,False,OPPOSING LEFT TURN,OPPOSING LEFT TURN,STRAIGHT & LEVEL,DAYLIGHT,,,44263.50379,False,26,Accepted,5,5,O,,MISJUDGE CLEARANCE,,2021,1
3031,27862731,0510100,HENDERSON POLICE DEPARTMENT,Accepted,HENDERSON,,,GREEN,ST,N,,,,14TH ,,HERRON,37.85428303,-87.57863151,,2021-03-05,1210,2,2,0,0,CLEAR,DRY,False,SIDESWIPE COLLISION - SAME DIRECTION,SIDESWIPE-SAME DIRECTION,STRAIGHT & LEVEL,DAYLIGHT,,,44264.33683,False,23,Accepted,5,5,O,,INATTENTION,,2021,1
3032,27862816,0510100,HENDERSON POLICE DEPARTMENT,Accepted,HENDERSON,US0041A,,GREEN,ST,N,,1ST,,,,,37.83819773,-87.58927181,15.826,2021-03-05,1135,2,2,0,0,CLEAR,DRY,True,ANGLE COLLISION - OTHER,ANGLE,STRAIGHT & LEVEL,DAYLIGHT,,,44264.33706,False,65,Accepted,5,5,O,,DISREGARD TRAFFIC CONTROL,,2021,1
3033,27862818,0510100,HENDERSON POLICE DEPARTMENT,Accepted,HENDERSON,,,DR MARTIN LUTHER KING JR,AVE,,,INGRAM,,,,,37.83198961,-87.59305595,0.084,2021-03-03,713,2,2,0,0,CLEAR,DRY,False,ANGLE COLLISION - OTHER,ANGLE,STRAIGHT & GRADE,DAYLIGHT,,,44264.33721,False,66,Accepted,5,5,O,,INATTENTION,,2021,1
3035,27864784,0510100,HENDERSON POLICE DEPARTMENT,Accepted,HENDERSON,,1312,CLAY,ST,,,,,,,,37.82647653,-87.58097743,0.23,2021-03-07,1839,2,2,0,0,CLEAR,DRY,False,1 VEHICLE PARKED POSITION (NOT PARKING LOT/DRIVEWAY),SIDESWIPE-SAME DIRECTION,STRAIGHT & LEVEL,DARK-HWY NOT LIGHTED,,,44264.69329,False,37,Accepted,5,5,O,,MISJUDGE CLEARANCE,,2021,1
3036,27864786,0510100,HENDERSON POLICE DEPARTMENT,Accepted,HENDERSON,US0041A,,GREEN,ST,S,,POWELL,,,,,37.83522458,-87.59185743,15.571,2021-03-08,1608,2,2,0,0,CLEAR,DRY,False,SIDESWIPE-SAME DIRECTION,SIDESWIPE-SAME DIRECTION,STRAIGHT & LEVEL,DAYLIGHT,,,44264.69342,False,37,Accepted,5,5,O,,"INATTENTION, MISJUDGE CLEARANCE",,2021,1
3038,27870474,0510100,HENDERSON POLICE DEPARTMENT,Accepted,HENDERSON,,500,ELM,ST,N,,5TH,,,,,37.84391558,-87.58758705,0.457,2021-03-09,1706,2,2,0,0,CLEAR,DRY,False,ANGLE COLLISION - OTHER,ANGLE,STRAIGHT & LEVEL,DAYLIGHT,,,44265.88953,False,59,Accepted,5,5,O,,"INATTENTION, FAILED TO YIELD RIGHT OF WAY",,2021,1
3039,27870476,0510100,HENDERSON POLICE DEPARTMENT,Accepted,HENDERSON,KY0351,,2ND,ST,,,,,,,,37.83913957,-87.5876213,0.05,2021-03-05,1355,2,2,0,0,CLEAR,DRY,False,SIDESWIPE COLLISION - SAME DIRECTION,SIDESWIPE-SAME DIRECTION,STRAIGHT & LEVEL,DAYLIGHT,,,44265.88964,False,44,Accepted,5,5,O,,DISTRACTION,LOAD SECUREMENT,2021,1
3040,27870541,0510100,HENDERSON POLICE DEPARTMENT,Accepted,HENDERSON,US0041,1905,US41,,N,,,,,,,37.86182088,-87.57521207,16.395,2021-03-06,1134,2,2,0,0,CLEAR,DRY,False,OTHER ROADWAY OR MID-BLOCK COLLISION,REAR TO REAR,STRAIGHT & LEVEL,DAYLIGHT,,,44265.9125,False,22,Accepted,5,5,O,,"DISTRACTION, INATTENTION",,2021,1
3041,27870545,0510100,HENDERSON POLICE DEPARTMENT,Accepted,HENDERSON,,1400,CLAY,ST,,,,,,,,37.82585182,-87.57993474,0.158,2021-03-10,1846,2,2,0,0,CLEAR,DRY,False,1 VEHICLE PARKED POSITION (NOT PARKING LOT/DRIVEWAY),SIDESWIPE-OPPOSITE DIRECTION,STRAIGHT & LEVEL,DARK-HWY LIGHTED/ON,,,44265.9127,False,37,Accepted,5,5,O,,"DISTRACTION, INATTENTION, MISJUDGE CLEARANCE",,2021,1
3042,27870967,0510100,HENDERSON POLICE DEPARTMENT,Accepted,HENDERSON,US0041,,US41,,N,,HARMONY,,,,,37.86920833,-87.57122667,16.947,2021-03-09,2315,2,2,0,0,CLEAR,DRY,True,SIDESWIPE-SAME DIRECTION,SIDESWIPE-SAME DIRECTION,STRAIGHT & LEVEL,DARK-HWY LIGHTED/ON,,,44266.02086,False,46,Accepted,5,5,O,,"DRUG INVOLVEMENT, INATTENTION",,2021,1
3047,27874609,0510100,HENDERSON POLICE DEPARTMENT,Accepted,HENDERSON,US0041,2067,US41,,N,,,,,,,37.86578235,-87.57307781,16.689,2021-03-09,1850,2,1,0,1,CLEAR,DRY,True,COLLISION WITH PEDESTRIAN NON - INTERSECTION,SINGLE VEHICLE,STRAIGHT & LEVEL,DAYLIGHT,,,44266.8031,False,22,Accepted,5,2,A,,"DRUG INVOLVEMENT, INATTENTION, NOT UNDER PROPER CONTROL",,2021,1
3050,27876784,0510100,HENDERSON POLICE DEPARTMENT,Accepted,HENDERSON,US0041,,US41,,N,,,,PARK,,BARRET,37.86413927,-87.5740105,16.564,2021-03-04,1202,2,2,0,0,CLEAR,DRY,True,SIDESWIPE COLLISION - SAME DIRECTION,SIDESWIPE-SAME DIRECTION,STRAIGHT & LEVEL,DAYLIGHT,,,44267.4122,False,67,Accepted,5,5,O,,INATTENTION,,2021,1
3051,27876786,0510100,HENDERSON POLICE DEPARTMENT,Accepted,HENDERSON,US0041,,US41,,N,,,,BARKER,,WALKER,37.87177378,-87.56968816,17.139,2021-03-10,650,2,2,0,0,CLOUDY,DRY,False,OTHER ROADWAY OR MID-BLOCK COLLISION,REAR END,STRAIGHT & LEVEL,DAYLIGHT,,,44267.41228,False,67,Accepted,5,5,O,,INATTENTION,,2021,1
3052,27877453,0510100,HENDERSON POLICE DEPARTMENT,Accepted,HENDERSON,,,ARBOR,DR,,,KRESGE,,,,,37.81343286,-87.61361934,0.009,2021-03-11,623,2,2,0,0,CLOUDY,DRY,False,OPPOSITE DIRECTION - BOTH VEHICLES GOING STRAIGHT AHEAD,SIDESWIPE-OPPOSITE DIRECTION,STRAIGHT & LEVEL,DAYLIGHT,,,44267.6204,False,58,Accepted,5,5,O,,"INATTENTION, MISJUDGE CLEARANCE",,2021,1
3053,27877455,0510100,HENDERSON POLICE DEPARTMENT,Accepted,HENDERSON,,1304,PRINGLE,ST,,,,,,,,37.82220284,-87.58524674,0.232,2021-03-11,1002,1,1,0,0,CLOUDY,DRY,False,COLLISION WITH FIXED OBJECT NON - INTERSECTION - FIRST EVENT COLLISION 09 - 32 EXCLUDING 16,SINGLE VEHICLE,STRAIGHT & LEVEL,DAYLIGHT,,,44267.62047,False,58,Accepted,5,5,O,,EMOTIONAL,,2021,1
3055,27879139,0510100,HENDERSON POLICE DEPARTMENT,Accepted,HENDERSON,US0041,,US41,,N,,,,,,,37.86901809,-87.5711751,16.932,2021-03-11,2350,1,1,0,1,RAINING,WET,False,COLLISION WITH FIXED OBJECT NON - INTERSECTION - FIRST EVENT COLLISION 09 - 32 EXCLUDING 16,SINGLE VEHICLE,STRAIGHT & LEVEL,DARK-HWY LIGHTED/ON,,,44268.04745,False,29,Accepted,5,3,B,,FOLLOWING TOO CLOSE,,2021,1
3056,27880662,0510100,HENDERSON POLICE DEPARTMENT,Accepted,HENDERSON,KY0351,,2ND,ST,,US0041A,GREEN,,,,,37.83947155,-87.58846088,,2021-03-08,1632,2,2,0,0,CLEAR,DRY,False,SIDESWIPE-SAME DIRECTION,SIDESWIPE-SAME DIRECTION,STRAIGHT & LEVEL,DAYLIGHT,,,44268.67272,False,17,Accepted,5,5,O,,INATTENTION,,2021,1
3057,27880663,0510100,HENDERSON POLICE DEPARTMENT,Accepted,HENDERSON,US0041A,,GREEN,ST,N,,7TH,,,,,37.84581099,-87.58447933,16.417,2021-03-08,1907,3,3,0,0,CLEAR,DRY,False,OTHER INTERSECTION COLLISIONS,REAR END,STRAIGHT & LEVEL,DARK-HWY LIGHTED/ON,,,44268.67277,False,17,Accepted,5,5,O,,INATTENTION,,2021,1
3058,27883617,0510100,HENDERSON POLICE DEPARTMENT,Accepted,HENDERSON,,,ADAMS,ST,N,,14TH,,,,,37.853085,-87.57622977,1.309,2021-03-11,1530,2,2,0,0,CLEAR,DRY,False,ANGLE COLLISION - OTHER,ANGLE,STRAIGHT & LEVEL,DAYLIGHT,,,44269.67366,False,44,Accepted,5,5,O,,MISJUDGE CLEARANCE,,2021,1
3059,27884842,0510100,HENDERSON POLICE DEPARTMENT,Accepted,HENDERSON,US0041A,,US41 ALT,,,,,,,,,37.8101781,-87.62284996,12.994,2021-03-08,2225,2,2,0,0,CLEAR,DRY,False,1 VEHICLE PARKED POSITION (NOT PARKING LOT/DRIVEWAY),BACKING,STRAIGHT & LEVEL,DARK-HWY LIGHTED/ON,,,44270.03544,False,50,Accepted,5,5,O,,INATTENTION,,2021,1
3061,27888727,0510100,HENDERSON POLICE DEPARTMENT,Accepted,HENDERSON,US0041A,1200,GREEN,ST,N,,12TH,,,,,37.85217175,-87.58027542,16.919,2021-03-14,1536,2,2,0,0,CLOUDY,DRY,False,OTHER INTERSECTION COLLISIONS,REAR END,STRAIGHT & GRADE,DAYLIGHT,,,44270.87886,False,59,Accepted,5,5,O,OTHER,"FAILED TO KEEP PROPER LANE, INATTENTION",,2021,1
3062,27888730,0510100,HENDERSON POLICE DEPARTMENT,Accepted,HENDERSON,,,MAIN,ST,S,,JACKSON,,,,,37.83150588,-87.60026649,1.525,2021-03-15,1417,2,2,0,0,CLOUDY,DRY,True,SIDESWIPE-SAME DIRECTION,SIDESWIPE-SAME DIRECTION,STRAIGHT & LEVEL,DAYLIGHT,,,44270.87891,False,25,Accepted,5,5,O,,,,2021,1
3066,27892286,0510100,HENDERSON POLICE DEPARTMENT,Accepted,HENDERSON,US0041,,US41,,N,,,,,,,37.85901513,-87.57515923,16.2,2021-03-15,1749,2,2,0,0,CLOUDY,DRY,False,SIDESWIPE COLLISION - SAME DIRECTION,SIDESWIPE-SAME DIRECTION,CURVE & HILLCREST,DAYLIGHT,,,44271.659,False,25,Accepted,5,5,O,,INATTENTION,,2021,1
3067,27892288,0510100,HENDERSON POLICE DEPARTMENT,Accepted,HENDERSON,,,PRINGLE,ST,,,POND,,,,,37.82331172,-87.58671141,0.446,2021-03-15,1737,2,2,0,0,CLEAR,DRY,True,SIDESWIPE-SAME DIRECTION,SIDESWIPE-SAME DIRECTION,STRAIGHT & LEVEL,DAYLIGHT,,,44271.65908,False,37,Accepted,5,5,O,,"INATTENTION, NOT UNDER PROPER CONTROL, TOO FAST FOR CONDITIONS",,2021,1
3070,27896357,0510100,HENDERSON POLICE DEPARTMENT,Accepted,HENDERSON,,,GREEN ST,,S,,KRESGE ,,,,,37.81612147,-87.61467571,,2021-03-16,1225,2,2,0,0,CLOUDY,DRY,False,SIDESWIPE-SAME DIRECTION,SIDESWIPE-SAME DIRECTION,STRAIGHT & LEVEL,DAYLIGHT,,,44272.47946,False,23,Accepted,5,5,O,,INATTENTION,,2021,1
3071,27897806,0510100,HENDERSON POLICE DEPARTMENT,Accepted,HENDERSON,US0041A,,GREEN,ST,N,,,,,,,37.84332833,-87.5859808,16.216,2021-03-17,1348,2,2,0,0,RAINING,WET,False,1 VEHICLE ENTERING/LEAVING ENTRANCE,ANGLE,STRAIGHT & LEVEL,DAYLIGHT,,,44272.70426,False,19,Accepted,5,5,O,,DISREGARD TRAFFIC CONTROL,,2021,1
3072,27899975,0510100,HENDERSON POLICE DEPARTMENT,Accepted,HENDERSON,,,SIOUX,LN,,,ARROW,,,,,37.81741842,-87.60456204,0.095,2021-03-14,947,2,2,0,0,CLEAR,DRY,False,VEHICLE BACKING IN INTERSECTION,BACKING,STRAIGHT & LEVEL,DAYLIGHT,,,44273.33931,False,66,Accepted,5,5,O,,"DISTRACTION, EMOTIONAL, INATTENTION",,2021,1
3073,27904123,0510100,HENDERSON POLICE DEPARTMENT,Accepted,HENDERSON,US0041,2945,US41,,N,,,,,,,37.88153444,-87.56449173,17.859,2021-03-15,2211,1,1,0,0,CLEAR,DRY,False,COLLISION WITH FIXED OBJECT NON - INTERSECTION - FIRST EVENT COLLISION 09 - 32 EXCLUDING 16,SINGLE VEHICLE,STRAIGHT & LEVEL,DARK-HWY LIGHTED/ON,,,44274.2865,False,33,Accepted,5,5,O,ANIMALS ACTION,DISTRACTION,,2021,1
3074,27904572,0510100,HENDERSON POLICE DEPARTMENT,Accepted,HENDERSON,,300,14TH,ST,,,,,,,,37.85426308,-87.57919831,0.088,2021-03-18,1258,1,1,0,0,CLOUDY,DRY,False,COLLISION WITH FIXED OBJECT NON - INTERSECTION - FIRST EVENT COLLISION 09 - 32 EXCLUDING 16,SINGLE VEHICLE,STRAIGHT & GRADE,DAYLIGHT,,,44274.37363,False,66,Accepted,5,5,O,,"DISTRACTION, INATTENTION",,2021,1
3075,27904582,0510100,HENDERSON POLICE DEPARTMENT,Accepted,HENDERSON,,,GREEN,ST,S,,AUDUBON,,,,,37.83098143,-87.59598134,,2021-03-10,1240,2,2,0,0,CLOUDY,DRY,False,OTHER INTERSECTION COLLISIONS,REAR END,STRAIGHT & LEVEL,DAYLIGHT,,,44274.37768,False,23,Accepted,5,5,O,,INATTENTION,,2021,1
3077,27906838,0510100,HENDERSON POLICE DEPARTMENT,Accepted,HENDERSON,,1195,BARRET,BLVD,,,,,,,,37.85725035,-87.56770819,0.149,2021-03-09,1600,2,2,0,0,CLEAR,DRY,False,VEHICLE BACKING NON INTERSECTION,BACKING,STRAIGHT & LEVEL,DAYLIGHT,,,44274.81361,False,22,Accepted,5,5,O,,INATTENTION,,2021,1
3078,27906839,0510100,HENDERSON POLICE DEPARTMENT,Accepted,HENDERSON,,,TATE,DR,,,CALDWELL,,,,,37.84955482,-87.57331156,0.062,2021-02-26,1630,2,2,0,0,RAINING,WET,False,OPPOSITE DIRECTION - BOTH VEHICLES GOING STRAIGHT AHEAD,SIDESWIPE-OPPOSITE DIRECTION,STRAIGHT & LEVEL,DAYLIGHT,,,44274.81368,False,44,Accepted,5,5,O,,"DISTRACTION, FAILED TO KEEP PROPER LANE, INATTENTION",,2021,1
3079,27906842,0510100,HENDERSON POLICE DEPARTMENT,Accepted,HENDERSON,US0041A,,GREEN,ST,S,,,,,,,37.81992794,-87.60887533,14.107,2021-03-18,1706,2,2,0,0,CLOUDY,DRY,False,REAR END IN TRAFFIC LANES BOTH VEHICLES MOVING,REAR END,STRAIGHT & LEVEL,DAYLIGHT,,,44274.81381,False,19,Accepted,5,5,O,,INATTENTION,,2021,1
3080,27908534,0510100,HENDERSON POLICE DEPARTMENT,Accepted,HENDERSON,US0060,,US60,,E,,CHAMBERS,,,,,37.86475533,-87.54143928,12.134,2021-03-19,1559,2,2,0,0,CLEAR,DRY,False,OPPOSING LEFT TURN,OPPOSING LEFT TURN,STRAIGHT & LEVEL,DAYLIGHT,,,44275.52494,False,59,Accepted,5,5,O,,"FAILED TO YIELD RIGHT OF WAY, INATTENTION",OTHER,2021,1
3081,27909665,0510100,HENDERSON POLICE DEPARTMENT,Accepted,HENDERSON,US0041,1917,US41,,N,,,,,,,37.86281633,-87.57467141,16.56,2021-03-19,1840,2,2,0,0,CLOUDY,DRY,True,SIDESWIPE COLLISION - SAME DIRECTION,SIDESWIPE-SAME DIRECTION,STRAIGHT & LEVEL,DAYLIGHT,,,44275.83286,False,25,Accepted,5,5,O,,,,2021,1
3082,27911447,0510100,HENDERSON POLICE DEPARTMENT,Accepted,HENDERSON,US0041,2067,US41,,N,,,,,,,37.86757782,-87.57190929,16.827,2021-03-20,1709,2,2,0,0,CLEAR,DRY,False,REAR END IN TRAFFIC LANES BOTH VEHICLES MOVING,REAR END,STRAIGHT & LEVEL,DAYLIGHT,,,44276.60376,False,17,Accepted,5,5,O,,INATTENTION,,2021,1
3083,27912649,0510100,HENDERSON POLICE DEPARTMENT,Accepted,HENDERSON,,1019,WASHINGTON,ST,,,,,,,,37.8311928,-87.58246036,0.632,2021-03-20,2031,3,3,0,0,CLEAR,DRY,False,1 VEHICLE PARKED POSITION (NOT PARKING LOT/DRIVEWAY),SIDESWIPE-OPPOSITE DIRECTION,STRAIGHT & LEVEL,DARK-HWY LIGHTED/ON,,,44276.87905,False,19,Accepted,5,5,O,,"CELL PHONE, EMOTIONAL, INATTENTION",,2021,1
3085,27915352,0510100,HENDERSON POLICE DEPARTMENT,Accepted,HENDERSON,,,2ND,ST,,,ELM,,,,,37.84012241,-87.58998949,0.095,2021-03-18,757,2,2,0,0,CLEAR,DRY,False,OTHER INTERSECTION COLLISIONS,REAR END,STRAIGHT & LEVEL,DAYLIGHT,,,44277.53002,False,26,Accepted,5,5,O,,INATTENTION,,2021,1
3086,27915355,0510100,HENDERSON POLICE DEPARTMENT,Accepted,HENDERSON,US0041A,,GREEN,ST,N,,5TH,,,,,37.84329773,-87.58600269,16.217,2021-03-19,1334,2,2,0,0,CLEAR,DRY,False,OPPOSING LEFT TURN,OPPOSING LEFT TURN,STRAIGHT & LEVEL,DAYLIGHT,,,44277.53021,False,26,Accepted,5,5,O,,MISJUDGE CLEARANCE,,2021,1
3087,27915687,0510100,HENDERSON POLICE DEPARTMENT,Accepted,HENDERSON,US0041,3113,US41,,N,,,,,,,37.88404362,-87.56235558,,2021-03-20,800,1,1,0,1,CLEAR,DRY,False,COLLISION WITH FIXED OBJECT NON - INTERSECTION - FIRST EVENT COLLISION 09 - 32 EXCLUDING 16,SINGLE VEHICLE,STRAIGHT & LEVEL,DAYLIGHT,,,44277.60377,False,23,Accepted,4,4,C,,"EMOTIONAL, OTHER",,2021,1
3088,27915689,0510100,HENDERSON POLICE DEPARTMENT,Accepted,HENDERSON,US0041A,,GREEN,ST,N,KY0351,2ND,,,,,37.83943027,-87.5884216,15.919,2021-03-13,1118,2,2,0,0,CLEAR,DRY,False,OPPOSITE DIRECTION - BOTH VEHICLES GOING STRAIGHT AHEAD,SIDESWIPE-OPPOSITE DIRECTION,STRAIGHT & LEVEL,DAYLIGHT,,,44277.60386,False,34,Accepted,5,5,O,,,,2021,1
3089,27917895,0510100,HENDERSON POLICE DEPARTMENT,Accepted,HENDERSON,US0041A,400,GREEN,ST,N,,,,,,,37.84339268,-87.58592898,16.211,2021-03-21,346,2,2,0,1,CLEAR,DRY,False,COLLISION WITH FIXED OBJECT NON - INTERSECTION - FIRST EVENT COLLISION 09 - 32 EXCLUDING 16,HEAD ON,STRAIGHT & LEVEL,DARK-HWY LIGHTED/ON,,,44278.1282,False,50,Accepted,5,4,C,DEBRIS IN ROADWAY,DRUG INVOLVEMENT,,2021,1
3090,27920198,0510100,HENDERSON POLICE DEPARTMENT,Accepted,HENDERSON,US0041,2068,US41,,N,,,,,,,37.86807429,-87.57174201,16.841,2021-03-21,1624,2,2,0,0,CLEAR,DRY,False,1 VEHICLE ENTERING/LEAVING ENTRANCE,ANGLE,STRAIGHT & LEVEL,DAYLIGHT,,,44278.59805,False,17,Accepted,5,5,O,,FAILED TO YIELD RIGHT OF WAY,,2021,1
3092,27920560,0510100,HENDERSON POLICE DEPARTMENT,Accepted,HENDERSON,KY0351,,ZION,RD,,,GARDENGATE,,,,,37.82689883,-87.55230357,2.166,2021-03-22,2013,2,2,0,0,CLEAR,DRY,False,ANGLE COLLISION - OTHER,ANGLE,STRAIGHT & LEVEL,DARK-HWY LIGHTED/ON,,,44278.64174,False,25,Accepted,5,5,O,,"FAILED TO YIELD RIGHT OF WAY, INATTENTION",,2021,1