OBJECTID,IncidentID,AgencyORI,AgencyName,IncidentStatusDesc,County,RdwyNumber,Street,RoadwayName,StreetSfx,StreetDir,IntersectionRdwy,IntersectionRdwyName,BetweenStRdwy1,BetweenStRdwyName1,BetweenStRdwy2,BetweenStRdwyName2,Latitude,Longitude,Milepoint,CollisionDate,CollisionTime,UnitsInvolved,MotorVehiclesInvolved,NumberKilled,NumberInjured,Weather,RdwyConditionCode,HitandRun,DirAnalysisCode,MannerofCollision,RdwyCharacter,LightCondition,RampFromRdwyId,RampToRdwyId,AcceptedDate,IsSecondaryCollision,OwnerBadge,IncidentStatus,InjurySeverityCde,KABCO_Code,KABCO,Environmental_Factors,Human_Factors,Vehicular_Factors,CollisionYear,CityCrash
3093,27922005,0510100,HENDERSON POLICE DEPARTMENT,Accepted,HENDERSON,US0041,,US41,,N,,,,,,,37.84359336,-87.56594274,15.014,2021-03-18,2100,1,1,1,0,RAINING,WET,False,OTHER ROADWAY OR MID-BLOCK COLLISION,SINGLE VEHICLE,STRAIGHT & LEVEL,DARK-HWY LIGHTED/OFF,,,44278.94216,False,37,Accepted,5,1,K,SLIPPERY SURFACE,"ALCOHOL INVOLVEMENT, FAILED TO KEEP PROPER LANE",,2021,1
3094,27923373,0510100,HENDERSON POLICE DEPARTMENT,Accepted,HENDERSON,,,GREEN,ST,N,,,,SECOND,,FIRST ,37.83845865,-87.5891149,,2021-03-23,850,2,2,0,0,CLEAR,DRY,False,1 VEHICLE ENTERING/LEAVING ENTRANCE,ANGLE,STRAIGHT & LEVEL,DAYLIGHT,,,44279.3254,False,23,Accepted,5,5,O,,"FAILED TO YIELD RIGHT OF WAY, INATTENTION",,2021,1
3095,27925609,0510100,HENDERSON POLICE DEPARTMENT,Accepted,HENDERSON,,,MEADOW,ST,,,WASHINGTON,,,,,37.83088683,-87.58195788,0.577,2021-03-23,1615,2,2,0,2,CLOUDY,DRY,False,ANGLE COLLISION - OTHER,ANGLE,STRAIGHT & HILLCREST,DAYLIGHT,,,44279.6846,False,25,Accepted,5,3,B,,"DISREGARD TRAFFIC CONTROL, INATTENTION",,2021,1
3096,27925611,0510100,HENDERSON POLICE DEPARTMENT,Accepted,HENDERSON,US0041A,1100,GREEN,ST,N,,,,,,,37.8518181,-87.58048543,16.892,2021-03-23,2037,2,1,0,1,CLOUDY,DRY,False,COLLISION WITH PEDESTRIAN NON - INTERSECTION,SINGLE VEHICLE,STRAIGHT & HILLCREST,DARK-HWY LIGHTED/ON,,,44279.68464,False,59,Accepted,5,2,A,VIEW OBSTRUCTED/LIMITED DUE TO RDWY,INATTENTION,,2021,1
3097,27929107,0510100,HENDERSON POLICE DEPARTMENT,Accepted,HENDERSON,US0041A,1000,GREEN,ST,N,,,,,,,37.85008401,-87.58179007,16.751,2021-03-12,600,2,1,0,0,RAINING,WET,False,SIDESWIPE COLLISION - SAME DIRECTION,SIDESWIPE-SAME DIRECTION,STRAIGHT & LEVEL,DAWN,,,44280.50881,False,63,Accepted,5,5,O,,INATTENTION,,2021,1
3098,27932105,0510100,HENDERSON POLICE DEPARTMENT,Accepted,HENDERSON,US0041,2600,US41,,N,,,,,,,37.8746723,-87.56801935,17.36,2021-03-25,944,2,2,0,0,RAINING,WET,False,REAR END IN TRAFFIC LANES BOTH VEHICLES MOVING,REAR END,STRAIGHT & LEVEL,DAYLIGHT,,,44281.36137,False,63,Accepted,5,5,O,OTHER,FOLLOWING TOO CLOSE,,2021,1
3100,27932107,0510100,HENDERSON POLICE DEPARTMENT,Accepted,HENDERSON,KY1539,,LARUE,RD,,,HEATHER,,,,,37.83319274,-87.55420601,0.396,2021-03-25,719,1,1,0,1,CLOUDY,DRY,False,COLLISION WITH FIXED OBJECT IN INTERSECTION - FIRST EVENT COLLISION 09 - 32,SINGLE VEHICLE,STRAIGHT & LEVEL,DAYLIGHT,,,44281.36152,False,67,Accepted,5,3,B,,FELL ASLEEP,,2021,1
3103,27932630,0510100,HENDERSON POLICE DEPARTMENT,Accepted,HENDERSON,,400,WASHINGTON,ST,,,,,,,,37.83605254,-87.59031568,1.178,2021-03-17,1200,2,1,0,0,CLOUDY,WET,True,OTHER ROADWAY OR MID-BLOCK COLLISION,OPPOSING LEFT TURN,STRAIGHT & GRADE,DAYLIGHT,,,44281.42085,False,15,Accepted,5,5,O,,,,2021,1
3106,27936652,0510100,HENDERSON POLICE DEPARTMENT,Accepted,HENDERSON,,,ELM,ST,S,,POWELL,,,,,37.83600339,-87.59337386,1.112,2021-03-25,1730,2,2,0,0,CLOUDY,DRY,False,ANGLE COLLISION - OTHER,ANGLE,STRAIGHT & GRADE,DAYLIGHT,,,44282.74788,False,44,Accepted,5,5,O,,"FAILED TO YIELD RIGHT OF WAY, INATTENTION",,2021,1
3107,27936654,0510100,HENDERSON POLICE DEPARTMENT,Accepted,HENDERSON,,,MILL,ST,,,,,HELM,,POWELL,37.82770771,-87.58076294,0.679,2021-03-27,1403,2,2,0,1,CLEAR,DRY,False,1 VEHICLE PARKED POSITION (NOT PARKING LOT/DRIVEWAY),HEAD ON,STRAIGHT & GRADE,DAYLIGHT,,,44282.74797,False,44,Accepted,5,4,C,,"LOST CONSCIOUSNESS/FAINTED, PHYSICAL DISABILITY",,2021,1
3108,27940857,0510100,HENDERSON POLICE DEPARTMENT,Accepted,HENDERSON,,,10TH,ST,,,,,,,,37.84945736,-87.58200788,0.188,2021-03-19,2230,1,1,0,0,CLEAR,DRY,False,OTHER ROADWAY OR MID-BLOCK COLLISION,SINGLE VEHICLE,STRAIGHT & LEVEL,DARK-HWY LIGHTED/ON,,,44284.24042,False,29,Accepted,5,5,O,,,,2021,1
3110,27942598,0510100,HENDERSON POLICE DEPARTMENT,Accepted,HENDERSON,,2471,GREEN RIVER,RD,,,,,,,,37.86630546,-87.56179065,0.436,2021-03-18,1256,1,1,0,0,CLEAR,DRY,False,COLLISION WITH FIXED OBJECT NON - INTERSECTION - FIRST EVENT COLLISION 09 - 32 EXCLUDING 16,SINGLE VEHICLE,STRAIGHT & LEVEL,DAYLIGHT,,,44284.52402,False,26,Accepted,5,5,O,,INATTENTION,,2021,1
3111,27943094,0510100,HENDERSON POLICE DEPARTMENT,Accepted,HENDERSON,,,GARDEN MILE,RD,N,,,,,,,37.82649667,-87.55822849,0.125,2021-03-25,1543,2,2,0,0,CLEAR,DRY,False,REAR END IN TRAFFIC LANES BOTH VEHICLES MOVING,REAR END,STRAIGHT & LEVEL,DAYLIGHT,,,44284.61349,False,17,Accepted,5,5,O,,INATTENTION,,2021,1
3112,27943500,0510100,HENDERSON POLICE DEPARTMENT,Accepted,HENDERSON,US0060,,US60,,E,,BARRET,,,,,37.85990132,-87.56772384,10.599,2021-03-26,2045,2,2,0,3,CLEAR,DRY,False,HEAD-ON COLLISION,HEAD ON,STRAIGHT & LEVEL,DARK-HWY LIGHTED/ON,,,44284.67727,False,17,Accepted,5,4,C,GLARE (OTHER),,OTHER,2021,1
3113,27943502,0510100,HENDERSON POLICE DEPARTMENT,Accepted,HENDERSON,,,GASLIGHT,DR,,,TRAIL,,,,,37.86594015,-87.54964709,0.079,2021-03-27,1351,2,1,0,1,CLEAR,DRY,False,COLLISION WITH PEDESTRIAN IN INTERSECTION,SINGLE VEHICLE,STRAIGHT & LEVEL,DAYLIGHT,,,44284.67739,False,17,Accepted,4,4,C,,,,2021,1
3114,27945187,0510100,HENDERSON POLICE DEPARTMENT,Accepted,HENDERSON,,,WASHINGTON,ST,,,MCKINLEY,,,,,37.82783912,-87.57655284,0.233,2021-03-26,2217,2,2,0,0,CLEAR,DRY,False,ANGLE COLLISION - ONE VEHICLE TURNING RIGHT,ANGLE,STRAIGHT & GRADE,DARK-HWY LIGHTED/OFF,,,44285.11084,False,33,Accepted,5,5,O,OTHER,"FAILED TO YIELD RIGHT OF WAY, MISJUDGE CLEARANCE",,2021,1
3115,27945999,0510100,HENDERSON POLICE DEPARTMENT,Accepted,HENDERSON,US0060,,US60,,E,,BARRET,,,,,37.85991126,-87.56763442,10.595,2021-03-24,1345,2,1,0,1,CLEAR,DRY,False,COLLISION WITH PEDESTRIAN IN INTERSECTION,SINGLE VEHICLE,STRAIGHT & LEVEL,DAYLIGHT,,,44285.34509,False,58,Accepted,5,3,B,,INATTENTION,,2021,1
3116,27949804,0510100,HENDERSON POLICE DEPARTMENT,Accepted,HENDERSON,US0041,2000,US41,,N,,,,,,,37.87045566,-87.57040381,17.041,2021-03-30,120,1,1,0,0,CLEAR,DRY,True,COLLISION WITH FIXED OBJECT NON - INTERSECTION - FIRST EVENT COLLISION 09 - 32 EXCLUDING 16,SINGLE VEHICLE,STRAIGHT & LEVEL,DARK-HWY LIGHTED/ON,,,44286.23396,False,38,Accepted,5,5,O,,"ALCOHOL INVOLVEMENT, FELL ASLEEP, INATTENTION",,2021,1
3119,27953033,0510100,HENDERSON POLICE DEPARTMENT,Accepted,HENDERSON,US0041,3100,US41,,N,,,,,,,37.88298337,-87.56342848,17.972,2021-03-30,1735,2,2,0,0,RAINING,WET,False,OTHER ROADWAY OR MID-BLOCK COLLISION,OPPOSING LEFT TURN,STRAIGHT & LEVEL,DAYLIGHT,,,44286.92846,False,12,Accepted,5,5,O,SLIPPERY SURFACE,MISJUDGE CLEARANCE,,2021,1
3120,27957404,0510100,HENDERSON POLICE DEPARTMENT,Accepted,HENDERSON,,,HANCOCK,ST,,,ELM,,,,,37.82952518,-87.59967129,0.098,2021-03-31,2102,1,1,0,0,CLEAR,DRY,False,COLLISION WITH FIXED OBJECT IN INTERSECTION - FIRST EVENT COLLISION 09 - 32,SINGLE VEHICLE,STRAIGHT & LEVEL,DARK-HWY LIGHTED/ON,,,44287.89007,False,22,Accepted,5,5,O,,"ALCOHOL INVOLVEMENT, DRUG INVOLVEMENT, FAILED TO KEEP PROPER LANE",,2021,1
3121,27959040,0510100,HENDERSON POLICE DEPARTMENT,Accepted,HENDERSON,,,US 41 N,,,,,,RACETRACK,,WALNUT,37.88165656,-87.56441256,,2021-03-31,1045,2,2,0,0,CLEAR,DRY,False,OTHER ROADWAY OR MID-BLOCK COLLISION,REAR END,STRAIGHT & LEVEL,DAYLIGHT,,,44288.37164,False,23,Accepted,5,5,O,,INATTENTION,,2021,1
3122,27959105,0510100,HENDERSON POLICE DEPARTMENT,Accepted,HENDERSON,,,US HWY 41N,,,,US HWY 60E,,,,,37.85747788,-87.57362202,,2021-03-31,1540,3,3,0,0,CLOUDY,DRY,True,SIDESWIPE-SAME DIRECTION,SIDESWIPE-SAME DIRECTION,STRAIGHT & LEVEL,DAYLIGHT,,,44288.39251,False,23,Accepted,5,5,O,,"FAILED TO YIELD RIGHT OF WAY, INATTENTION, NOT UNDER PROPER CONTROL",,2021,1
3123,27960688,0510100,HENDERSON POLICE DEPARTMENT,Accepted,HENDERSON,US0041A,600,GREEN,ST,N,,,,,,,37.84429647,-87.58536033,16.297,2021-03-31,1549,2,2,0,0,CLEAR,DRY,False,OTHER ROADWAY OR MID-BLOCK COLLISION,REAR END,STRAIGHT & LEVEL,DAYLIGHT,,,44288.75523,False,64,Accepted,5,5,O,,NOT UNDER PROPER CONTROL,BRAKES DEFECTIVE,2021,1
3124,27960689,0510100,HENDERSON POLICE DEPARTMENT,Accepted,HENDERSON,US0060,2130,US60,,E,,,,,,,37.86018643,-87.56698309,10.649,2021-03-29,1726,2,2,0,0,CLEAR,DRY,False,REAR END IN TRAFFIC LANES BOTH VEHICLES MOVING,REAR END,STRAIGHT & LEVEL,DAYLIGHT,,,44288.75528,False,22,Accepted,5,5,O,GLARE (SUN),FOLLOWING TOO CLOSE,,2021,1
3125,27960690,0510100,HENDERSON POLICE DEPARTMENT,Accepted,HENDERSON,US0041,2053,US41,,N,,,,,,,37.86683774,-87.57248706,16.773,2021-04-01,1647,2,2,0,0,CLEAR,DRY,False,1 VEHICLE ENTERING/LEAVING ENTRANCE,ANGLE,STRAIGHT & LEVEL,DAYLIGHT,,,44288.75532,False,37,Accepted,5,5,O,,MISJUDGE CLEARANCE,,2021,1
3127,27967088,0510100,HENDERSON POLICE DEPARTMENT,Accepted,HENDERSON,US0041A,,GREEN,ST,N,,,,HARDING,,13TH,37.85302748,-87.57976725,16.986,2021-04-02,1728,3,3,0,0,CLEAR,DRY,False,OTHER ROADWAY OR MID-BLOCK COLLISION,REAR END,STRAIGHT & LEVEL,DAYLIGHT,,,44289.67804,False,44,Accepted,5,5,O,,DISTRACTION,,2021,1
3128,27967089,0510100,HENDERSON POLICE DEPARTMENT,Accepted,HENDERSON,US0060,,US60,,E,,MANOR,,,,,37.86067861,-87.56581745,10.719,2021-04-02,1818,2,2,0,3,CLEAR,DRY,False,ANGLE COLLISION - OTHER,ANGLE,STRAIGHT & LEVEL,DAYLIGHT,,,44289.67809,False,25,Accepted,5,3,B,,"FAILED TO YIELD RIGHT OF WAY, INATTENTION",,2021,1
3129,27967090,0510100,HENDERSON POLICE DEPARTMENT,Accepted,HENDERSON,,,ELM,ST,N,,,,12TH,,13TH,37.8533013,-87.5815984,1.186,2021-04-01,1920,1,1,0,0,CLEAR,DRY,False,OTHER ROADWAY OR MID-BLOCK COLLISION,SINGLE VEHICLE,STRAIGHT & LEVEL,DARK-HWY LIGHTED/ON,,,44289.67814,False,44,Accepted,5,5,O,,,TIRE FAILURE,2021,1
3130,27967883,0510100,HENDERSON POLICE DEPARTMENT,Accepted,HENDERSON,,1408,HELM,ST,,,,,,,,37.82645463,-87.57893091,0.261,2021-04-03,1618,2,2,0,0,CLEAR,DRY,True,1 VEHICLE PARKED POSITION (NOT PARKING LOT/DRIVEWAY),SIDESWIPE-OPPOSITE DIRECTION,STRAIGHT & LEVEL,DAYLIGHT,,,44289.91845,False,59,Accepted,5,5,O,,OTHER,OTHER,2021,1
3131,27967897,0510100,HENDERSON POLICE DEPARTMENT,Accepted,HENDERSON,US0041,,US41,,N,,WATSON,,,,,37.87532895,-87.56791959,17.411,2021-04-03,1808,2,2,0,0,CLEAR,DRY,False,OTHER INTERSECTION COLLISIONS,REAR END,STRAIGHT & LEVEL,DAYLIGHT,,,44289.9229,False,25,Accepted,5,5,O,,"INATTENTION, TOO FAST FOR CONDITIONS",,2021,1
3132,27969839,0510100,HENDERSON POLICE DEPARTMENT,Accepted,HENDERSON,,,MCKINLEY,ST,N,,,,,,,37.8312825,-87.57509709,0.106,2021-04-03,1605,1,1,0,0,CLEAR,DRY,False,COLLISION WITH FIXED OBJECT NON - INTERSECTION - FIRST EVENT COLLISION 09 - 32 EXCLUDING 16,SINGLE VEHICLE,STRAIGHT & LEVEL,DAYLIGHT,,,44290.68954,False,44,Accepted,5,5,O,,"DISTRACTION, INATTENTION",,2021,1
3139,27974163,0510100,HENDERSON POLICE DEPARTMENT,Accepted,HENDERSON,,976,VILLAGEBROOK,DR,,,,,,,,37.86675318,-87.54045413,0.052,2021-04-04,1605,2,2,0,0,CLEAR,DRY,False,1 VEHICLE PARKED POSITION (NOT PARKING LOT/DRIVEWAY),BACKING,STRAIGHT & LEVEL,DAYLIGHT,,,44291.66601,False,44,Accepted,5,5,O,,INATTENTION,,2021,1
3140,27974164,0510100,HENDERSON POLICE DEPARTMENT,Accepted,HENDERSON,,1300,CLAY,ST,,,,,,,,37.82664193,-87.58129075,0.251,2021-04-04,1745,2,2,0,0,CLEAR,DRY,False,1 VEHICLE PARKED POSITION (NOT PARKING LOT/DRIVEWAY),SIDESWIPE-OPPOSITE DIRECTION,STRAIGHT & LEVEL,DAYLIGHT,,,44291.6661,False,19,Accepted,5,5,O,,INATTENTION,,2021,1
3141,27974676,0510100,HENDERSON POLICE DEPARTMENT,Accepted,HENDERSON,,1613,WASHINGTON,ST,,,,,,,,37.82682579,-87.57474569,0.114,2021-04-04,2102,3,3,0,0,CLEAR,DRY,False,1 VEHICLE PARKED POSITION (NOT PARKING LOT/DRIVEWAY),HEAD ON,STRAIGHT & LEVEL,DARK-HWY LIGHTED/ON,,,44291.75132,False,25,Accepted,5,5,O,,"CELL PHONE, DISTRACTION, INATTENTION",,2021,1
3142,27974677,0510100,HENDERSON POLICE DEPARTMENT,Accepted,HENDERSON,US0041,2907,US41,,N,,,,,,,37.87352139,-87.56918241,17.261,2021-04-01,1644,3,3,0,0,CLEAR,DRY,False,REAR END IN TRAFFIC LANES BOTH VEHICLES MOVING,REAR END,STRAIGHT & LEVEL,DAYLIGHT,,,44291.75138,False,17,Accepted,5,5,O,,INATTENTION,,2021,1
3143,27974678,0510100,HENDERSON POLICE DEPARTMENT,Accepted,HENDERSON,,,POWELL,ST,,,MEADOW,,,,,37.82984636,-87.58298156,0.909,2021-04-02,1354,2,2,0,1,CLEAR,DRY,False,ANGLE COLLISION - OTHER,ANGLE,STRAIGHT & LEVEL,DAYLIGHT,,,44291.75145,False,17,Accepted,5,4,C,,INATTENTION,,2021,1
3144,27974679,0510100,HENDERSON POLICE DEPARTMENT,Accepted,HENDERSON,US0041,,US41,,N,,WATSON,,,,,37.87535043,-87.56776937,17.411,2021-04-02,1505,2,2,0,0,CLEAR,DRY,False,OTHER INTERSECTION COLLISIONS,REAR END,STRAIGHT & LEVEL,DAYLIGHT,,,44291.7515,False,17,Accepted,5,5,O,,INATTENTION,,2021,1
3145,27977991,0510100,HENDERSON POLICE DEPARTMENT,Accepted,HENDERSON,,,12TH,ST,,,,,,,,37.85190416,-87.58017395,0.31,2021-04-01,1725,2,2,0,0,CLEAR,DRY,True,1 VEHICLE ENTERING OR LEAVING PARKED POSITION (NOT PARKING LOT),REAR END,STRAIGHT & LEVEL,DAYLIGHT,,,44292.61878,False,29,Accepted,5,5,O,,MISJUDGE CLEARANCE,,2021,1
3146,27978049,0510100,HENDERSON POLICE DEPARTMENT,Accepted,HENDERSON,US0041,2400,US41,,N,,,,PAUL,,BARKER,37.87212228,-87.56946436,17.181,2021-04-01,1234,2,2,0,0,CLEAR,DRY,False,OTHER ROADWAY OR MID-BLOCK COLLISION,REAR END,STRAIGHT & LEVEL,DAYLIGHT,,,44292.62676,False,7,Accepted,5,5,O,,FOLLOWING TOO CLOSE,,2021,1
3147,27978132,0510100,HENDERSON POLICE DEPARTMENT,Accepted,HENDERSON,US0041A,,GREEN,ST,S,,CLAY,,,,,37.83376875,-87.59329486,15.444,2021-03-29,1219,2,2,0,0,CLEAR,DRY,False,ANGLE COLLISION - OTHER,ANGLE,STRAIGHT & LEVEL,DAYLIGHT,,,44292.64231,False,34,Accepted,5,5,O,,INATTENTION,,2021,1
3148,27982043,0510100,HENDERSON POLICE DEPARTMENT,Accepted,HENDERSON,US0060,,GREEN,ST,S,,,,OLD CORYDON,US0041A,US41 ALT,37.80665469,-87.63019033,9.774,2021-04-06,847,2,2,0,0,CLEAR,DRY,False,SIDESWIPE COLLISION - SAME DIRECTION,SIDESWIPE-SAME DIRECTION,STRAIGHT & LEVEL,DAWN,,,44293.47606,False,67,Accepted,5,5,O,,INATTENTION,,2021,1
3149,27982044,0510100,HENDERSON POLICE DEPARTMENT,Accepted,HENDERSON,US0041A,1100,GREEN,ST,N,,,,CRESTVIEW,,12TH,37.85163369,-87.58062532,,2021-04-06,1110,2,2,0,0,CLEAR,DRY,False,REAR END IN TRAFFIC LANES BOTH VEHICLES MOVING,REAR END,STRAIGHT & GRADE,DAYLIGHT,,,44293.47612,False,23,Accepted,5,5,O,,"DISTRACTION, INATTENTION",,2021,1
3150,27982310,0510100,HENDERSON POLICE DEPARTMENT,Accepted,HENDERSON,KY0425,,KY425,,,US0060,US60 TURN LANE,,,,,37.79987684,-87.64772194,0.004,2021-04-06,750,2,2,0,0,CLOUDY,DRY,False,OTHER INTERSECTION COLLISIONS,REAR END,STRAIGHT & LEVEL,DAYLIGHT,,,44293.53385,False,72,Accepted,5,5,O,,INATTENTION,,2021,1
3151,27983586,0510100,HENDERSON POLICE DEPARTMENT,Accepted,HENDERSON,US0041A,1400,GREEN,ST,N,,14TH,,,,,37.85410526,-87.57886188,17.073,2021-04-06,1906,2,2,0,4,CLEAR,DRY,False,OPPOSING LEFT TURN,OPPOSING LEFT TURN,STRAIGHT & LEVEL,DUSK,,,44293.77274,False,59,Accepted,3,3,B,,"MISJUDGE CLEARANCE, EXCEEDED STATED SPEED LIMIT",,2021,1
3152,27983931,0510100,HENDERSON POLICE DEPARTMENT,Accepted,HENDERSON,,,1ST,ST,,,CLARK,,,,,37.83409788,-87.57892365,0.925,2021-04-07,1519,2,2,0,1,CLEAR,DRY,False,ANGLE COLLISION - OTHER,ANGLE,STRAIGHT & LEVEL,DAYLIGHT,,,44293.88498,False,64,Accepted,5,4,C,,INATTENTION,,2021,1
3155,27990656,0510100,HENDERSON POLICE DEPARTMENT,Accepted,HENDERSON,,,GREEN,ST,S,,CHESTNUT,,,,,37.82807859,-87.59881505,,2021-04-07,1400,2,2,0,2,CLEAR,DRY,False,HEAD-ON COLLISION,HEAD ON,STRAIGHT & LEVEL,DAYLIGHT,,,44295.51238,False,23,Accepted,5,2,A,,"INATTENTION, NOT UNDER PROPER CONTROL",,2021,1
3156,27990657,0510100,HENDERSON POLICE DEPARTMENT,Accepted,HENDERSON,,,US HWY 60W,,,,,,KY 425,,OLD CORYDON,37.79956261,-87.64870282,,2021-04-08,715,2,2,0,0,CLOUDY,DRY,False,REAR END IN TRAFFIC LANES BOTH VEHICLES MOVING,REAR END,STRAIGHT & GRADE,DAYLIGHT,,,44295.51243,False,23,Accepted,5,5,O,,"INATTENTION, OTHER",,2021,1
3157,27990658,0510100,HENDERSON POLICE DEPARTMENT,Accepted,HENDERSON,US0060,,GREEN,ST,S,,,,KY 425,,OLD CORYDON,37.79958567,-87.64871859,,2021-04-08,715,3,3,0,0,CLOUDY,DRY,False,OTHER ROADWAY OR MID-BLOCK COLLISION,REAR END,STRAIGHT & GRADE,DAYLIGHT,,,44295.51247,True,23,Accepted,5,5,O,OTHER,"INATTENTION, OTHER",,2021,1
3158,27990986,0510100,HENDERSON POLICE DEPARTMENT,Accepted,HENDERSON,US0041A,,GREEN,ST,S,,BORAX ,,,,,37.81114478,-87.62262945,,2021-04-07,1040,2,2,0,0,CLEAR,DRY,False,VEHICLE BACKING IN INTERSECTION,BACKING,STRAIGHT & LEVEL,DAYLIGHT,,,44295.58942,False,23,Accepted,5,5,O,,INATTENTION,,2021,1
3159,27992290,0510100,HENDERSON POLICE DEPARTMENT,Accepted,HENDERSON,KY0351,,2ND,ST,,,,,,,,37.83202787,-87.57191437,1.025,2021-04-09,1420,2,2,0,0,CLEAR,DRY,False,1 VEHICLE PARKED POSITION (NOT PARKING LOT/DRIVEWAY),OPPOSING LEFT TURN,STRAIGHT & LEVEL,DAYLIGHT,,,44295.85686,False,29,Accepted,5,5,O,,"FAILED TO KEEP PROPER LANE, INATTENTION",,2021,1
3160,27998190,0510100,HENDERSON POLICE DEPARTMENT,Accepted,HENDERSON,US0041,,US41,,N,,,,,,,37.83056681,-87.56654049,14.083,2021-04-02,1534,2,2,0,0,CLEAR,DRY,True,SIDESWIPE COLLISION - SAME DIRECTION,SIDESWIPE-SAME DIRECTION,CURVE & GRADE,DAYLIGHT,,,44297.79427,False,59,Accepted,5,5,O,,INATTENTION,,2021,1
3161,27999147,0510100,HENDERSON POLICE DEPARTMENT,Accepted,HENDERSON,,1750,GREEN,ST,N,,,,,,,37.8578917,-87.57585757,0.189,2021-04-06,130,1,1,0,0,CLEAR,DRY,True,OTHER ROADWAY OR MID-BLOCK COLLISION,SINGLE VEHICLE,STRAIGHT & LEVEL,DARK-HWY LIGHTED/ON,,,44298.07733,False,35,Accepted,5,5,O,,,,2021,1
3162,27999253,0510100,HENDERSON POLICE DEPARTMENT,Accepted,HENDERSON,US0041,,US41,,N,,,,WATSON,,WALNUT,37.87669763,-87.56687893,17.514,2021-04-08,28,2,2,0,1,CLOUDY,DRY,False,REAR END IN TRAFFIC LANES BOTH VEHICLES MOVING,REAR END,STRAIGHT & LEVEL,DARK-HWY LIGHTED/ON,,,44298.11825,False,33,Accepted,5,4,C,,DRUG INVOLVEMENT,,2021,1
3164,28002230,0510100,HENDERSON POLICE DEPARTMENT,Accepted,HENDERSON,US0041,2301,US41,,N,,,,,,,37.86813098,-87.57184576,16.863,2021-04-10,1635,3,3,0,0,CLEAR,DRY,False,REAR END IN TRAFFIC LANES BOTH VEHICLES MOVING,REAR END,STRAIGHT & LEVEL,DAYLIGHT,,,44298.65167,False,17,Accepted,5,5,O,,INATTENTION,,2021,1
3165,28004610,0510100,HENDERSON POLICE DEPARTMENT,Accepted,HENDERSON,US0041A,,GREEN,ST,N,,,,4TH,,5TH,37.842833,-87.58629622,16.182,2021-04-07,1158,2,2,0,0,CLEAR,DRY,False,SIDESWIPE COLLISION - SAME DIRECTION,SIDESWIPE-SAME DIRECTION,STRAIGHT & LEVEL,DAYLIGHT,,,44299.26605,False,7,Accepted,5,5,O,,,LOAD SECUREMENT,2021,1
3169,28010228,0510100,HENDERSON POLICE DEPARTMENT,Accepted,HENDERSON,,1544,CUMNOCK,ST,,,,,SHELBY,,ATKINSON,37.8240742,-87.57857594,0.028,2021-04-13,630,2,2,0,0,CLEAR,DRY,True,1 VEHICLE PARKED POSITION (NOT PARKING LOT/DRIVEWAY),SIDESWIPE-SAME DIRECTION,STRAIGHT & LEVEL,UNKNOWN,,,44300.4362,False,65,Accepted,5,5,O,,,,2021,1
3170,28010229,0510100,HENDERSON POLICE DEPARTMENT,Accepted,HENDERSON,US0041,,US41,,N,,,,PARK,,CINEMA,37.86322449,-87.57449674,16.495,2021-04-12,1129,2,2,0,1,CLEAR,DRY,False,1 VEHICLE ENTERING/LEAVING ENTRANCE,ANGLE,STRAIGHT & LEVEL,DAYLIGHT,,,44300.43626,False,72,Accepted,5,3,B,"VIEW OBSTRUCTED/LIMITED DUE TO RDWY, OTHER",OTHER,,2021,1
3171,28010230,0510100,HENDERSON POLICE DEPARTMENT,Accepted,HENDERSON,US0041,,US41,,N,,CANARY,,,,,37.86797742,-87.57192655,16.847,2021-04-13,1030,2,2,0,0,CLOUDY,DRY,False,OTHER INTERSECTION COLLISIONS,REAR END,STRAIGHT & LEVEL,DAYLIGHT,,,44300.43632,False,67,Accepted,5,5,O,,INATTENTION,,2021,1
3172,28010232,0510100,HENDERSON POLICE DEPARTMENT,Accepted,HENDERSON,,100,CARLISLE,ST,,,,,,,,37.83524522,-87.57984804,0.104,2021-04-13,719,2,2,0,0,CLEAR,DRY,False,REAR END IN TRAFFIC LANES BOTH VEHICLES MOVING,REAR END,STRAIGHT & HILLCREST,DAWN,,,44300.43642,False,66,Accepted,5,5,O,,"EMOTIONAL, INATTENTION, FOLLOWING TOO CLOSE",,2021,1
3174,28022188,0510100,HENDERSON POLICE DEPARTMENT,Accepted,HENDERSON,,,ALVES,ST,N,,,,1ST,KY0351,2ND,37.83741267,-87.58432274,0.176,2021-04-09,1726,2,2,0,0,CLEAR,DRY,False,1 VEHICLE PARKED POSITION (NOT PARKING LOT/DRIVEWAY),BACKING,STRAIGHT & LEVEL,DAYLIGHT,,,44302.91445,False,22,Accepted,5,5,O,,MISJUDGE CLEARANCE,,2021,1
3175,28022189,0510100,HENDERSON POLICE DEPARTMENT,Accepted,HENDERSON,,,INGRAM,ST,N,,6TH,,,,,37.84387878,-87.58370206,0.087,2021-04-13,1643,2,2,0,0,CLEAR,DRY,False,OPPOSING LEFT TURN,OPPOSING LEFT TURN,STRAIGHT & LEVEL,DAYLIGHT,,,44302.9145,False,25,Accepted,5,5,O,,"FAILED TO YIELD RIGHT OF WAY, INATTENTION",,2021,1