OBJECTID,IncidentID,AgencyORI,AgencyName,IncidentStatusDesc,County,RdwyNumber,Street,RoadwayName,StreetSfx,StreetDir,IntersectionRdwy,IntersectionRdwyName,BetweenStRdwy1,BetweenStRdwyName1,BetweenStRdwy2,BetweenStRdwyName2,Latitude,Longitude,Milepoint,CollisionDate,CollisionTime,UnitsInvolved,MotorVehiclesInvolved,NumberKilled,NumberInjured,Weather,RdwyConditionCode,HitandRun,DirAnalysisCode,MannerofCollision,RdwyCharacter,LightCondition,RampFromRdwyId,RampToRdwyId,AcceptedDate,IsSecondaryCollision,OwnerBadge,IncidentStatus,InjurySeverityCde,KABCO_Code,KABCO,Environmental_Factors,Human_Factors,Vehicular_Factors,CollisionYear,CityCrash
3176,28023063,0510100,HENDERSON POLICE DEPARTMENT,Accepted,HENDERSON,,,WATER,ST,N,,1ST,,,,,37.84016156,-87.59406628,0.392,2021-04-15,15,2,2,0,1,CLEAR,DRY,False,REAR END - ONE VEHICLE TURNING LEFT,REAR END,STRAIGHT & LEVEL,DARK-HWY LIGHTED/ON,,,44303.17251,False,33,Accepted,4,4,C,,INATTENTION,OTHER LIGHTING DEFECTIVE,2021,1
3177,28026817,0510100,HENDERSON POLICE DEPARTMENT,Accepted,HENDERSON,KY0351,,2ND,ST,,US0041A,GREEN,,,,,37.83947504,-87.58845364,0.001,2021-04-07,747,2,2,0,0,CLEAR,DRY,False,OTHER INTERSECTION COLLISIONS,REAR END,STRAIGHT & LEVEL,DAYLIGHT,,,44304.57791,False,26,Accepted,5,5,O,,INATTENTION,,2021,1
3178,28026818,0510100,HENDERSON POLICE DEPARTMENT,Accepted,HENDERSON,,,WATER,ST,S,,MAIN,,,,,37.83469336,-87.59702406,0.481,2021-04-11,1108,2,2,0,0,CLEAR,DRY,False,ANGLE COLLISION - ONE VEHICLE TURNING LEFT,ANGLE,STRAIGHT & LEVEL,DAYLIGHT,,,44304.57798,False,26,Accepted,5,5,O,,INATTENTION,,2021,1
3179,28026819,0510100,HENDERSON POLICE DEPARTMENT,Accepted,HENDERSON,,128,2ND,ST,,,,,,,,37.84112341,-87.59254189,0.25,2021-04-15,1247,2,2,0,0,CLEAR,DRY,False,VEHICLE BACKING NON INTERSECTION,BACKING,STRAIGHT & LEVEL,DAYLIGHT,,,44304.57802,False,26,Accepted,5,5,O,,MISJUDGE CLEARANCE,,2021,1
3180,28026820,0510100,HENDERSON POLICE DEPARTMENT,Accepted,HENDERSON,,,ELM,ST,N,,6TH,,,,,37.84524185,-87.58684136,0.557,2021-04-16,1217,2,2,0,0,CLEAR,DRY,False,ANGLE COLLISION - OTHER,ANGLE,STRAIGHT & LEVEL,DAYLIGHT,,,44304.57805,False,26,Accepted,5,5,O,,"DISTRACTION, INATTENTION",,2021,1
3181,28026821,0510100,HENDERSON POLICE DEPARTMENT,Accepted,HENDERSON,US0041A,,GREEN,ST,N,,HERRON,,,,,37.85484632,-87.57779372,17.149,2021-04-13,1319,1,1,0,0,CLEAR,DRY,False,COLLISION WITH FIXED OBJECT IN INTERSECTION - FIRST EVENT COLLISION 09 - 32,SINGLE VEHICLE,STRAIGHT & LEVEL,DAYLIGHT,,,44304.57809,False,7,Accepted,5,5,O,OTHER,OVERCORRECTING/OVERSTEERING,,2021,1
3182,28026823,0510100,HENDERSON POLICE DEPARTMENT,Accepted,HENDERSON,,,GREEN,ST,N,,CRESTVIEW ,,,,,37.85112731,-87.58096017,,2021-04-14,1240,2,2,0,0,CLOUDY,DRY,False,SIDESWIPE-SAME DIRECTION,SIDESWIPE-SAME DIRECTION,STRAIGHT & GRADE,DAYLIGHT,,,44304.57816,False,23,Accepted,5,5,O,,INATTENTION,,2021,1
3183,28026824,0510100,HENDERSON POLICE DEPARTMENT,Accepted,HENDERSON,,518,1ST,ST,,,,,,,,37.83690016,-87.58724042,0.431,2021-04-15,1059,2,2,0,0,CLEAR,DRY,False,VEHICLE BACKING NON INTERSECTION,BACKING,STRAIGHT & LEVEL,DAYLIGHT,,,44304.5782,False,26,Accepted,5,5,O,,INATTENTION,,2021,1
3184,28026825,0510100,HENDERSON POLICE DEPARTMENT,Accepted,HENDERSON,,,GREEN,ST,S,,KRESGE,,,,,37.81604592,-87.61480242,,2021-04-16,1040,2,2,0,1,CLEAR,DRY,False,ANGLE COLLISION - OTHER,ANGLE,STRAIGHT & LEVEL,DAYLIGHT,,,44304.57824,False,23,Accepted,4,4,C,,"FAILED TO YIELD RIGHT OF WAY, INATTENTION",,2021,1
3185,28026826,0510100,HENDERSON POLICE DEPARTMENT,Accepted,HENDERSON,,1195,BARRET,BLVD,,,,,,,,37.85899558,-87.56725275,0.263,2021-04-12,1159,2,2,0,0,CLEAR,DRY,False,1 VEHICLE PARKED POSITION (NOT PARKING LOT/DRIVEWAY),BACKING,STRAIGHT & LEVEL,DAYLIGHT,,,44304.57827,False,63,Accepted,5,5,O,,INATTENTION,,2021,1
3186,28026827,0510100,HENDERSON POLICE DEPARTMENT,Accepted,HENDERSON,US0041A,1700,GREEN,ST,S,,,,,,,37.81563642,-87.61537898,13.625,2021-04-10,836,2,2,0,0,RAINING,WET,False,1 VEHICLE PARKED POSITION (NOT PARKING LOT/DRIVEWAY),SIDESWIPE-SAME DIRECTION,STRAIGHT & LEVEL,DAYLIGHT,,,44304.5783,False,26,Accepted,5,5,O,,MISJUDGE CLEARANCE,,2021,1
3187,28027643,0510100,HENDERSON POLICE DEPARTMENT,Accepted,HENDERSON,,,12TH,ST,,US0041A,GREEN,,,,,37.85204546,-87.58040547,0.287,2021-04-16,1742,2,1,0,1,CLEAR,DRY,False,COLLISION WITH PEDESTRIAN IN INTERSECTION,SINGLE VEHICLE,STRAIGHT & LEVEL,DAYLIGHT,,,44304.84314,False,17,Accepted,5,4,C,,INATTENTION,,2021,1
3188,28027644,0510100,HENDERSON POLICE DEPARTMENT,Accepted,HENDERSON,US0041,,US41,,N,US0041,US41 N EXIT81 OFF RAMP TO US60 E,,,,,37.85715528,-87.57313079,16.035,2021-04-17,2146,2,2,0,0,CLEAR,DRY,False,SIDESWIPE-SAME DIRECTION,SIDESWIPE-SAME DIRECTION,STRAIGHT & LEVEL,DARK-HWY LIGHTED/ON,,,44304.84328,False,17,Accepted,5,5,O,,INATTENTION,,2021,1
3189,28027645,0510100,HENDERSON POLICE DEPARTMENT,Accepted,HENDERSON,US0060,2950,US60,,E,,,,,,,37.86470865,-87.54843958,11.754,2021-04-16,1554,2,2,0,0,CLEAR,DRY,False,1 VEHICLE ENTERING/LEAVING ENTRANCE,ANGLE,STRAIGHT & LEVEL,DAYLIGHT,,,44304.84333,False,37,Accepted,5,5,O,,MISJUDGE CLEARANCE,,2021,1
3193,28032017,0510100,HENDERSON POLICE DEPARTMENT,Accepted,HENDERSON,US0041,,US41,,N,,,,,,,37.86773908,-87.5718901,16.836,2021-04-18,2105,2,2,0,0,RAINING,WET,False,REAR END IN TRAFFIC LANES BOTH VEHICLES MOVING,REAR END,STRAIGHT & LEVEL,DARK-HWY LIGHTED/ON,,,44305.72874,False,29,Accepted,5,5,O,,FOLLOWING TOO CLOSE,,2021,1
3194,28032018,0510100,HENDERSON POLICE DEPARTMENT,Accepted,HENDERSON,,39,MEADOW,ST,,,,,,,,37.83169055,-87.58116972,0.648,2021-04-18,1700,2,2,0,0,CLEAR,DRY,False,1 VEHICLE PARKED POSITION (NOT PARKING LOT/DRIVEWAY),BACKING,STRAIGHT & LEVEL,DAYLIGHT,,,44305.72879,False,29,Accepted,5,5,O,,"IMPROPER BACKING, MISJUDGE CLEARANCE, NOT UNDER PROPER CONTROL",,2021,1
3195,28032526,0510100,HENDERSON POLICE DEPARTMENT,Accepted,HENDERSON,,1800,ELM,ST,N,,,,,,,37.8599666,-87.57740974,1.696,2021-04-13,1718,2,2,0,3,CLEAR,DRY,False,REAR END IN TRAFFIC LANES BOTH VEHICLES MOVING,REAR END,STRAIGHT & GRADE,DAYLIGHT,,,44305.87449,False,19,Accepted,4,4,C,,INATTENTION,,2021,1
3198,28041135,0510100,HENDERSON POLICE DEPARTMENT,Accepted,HENDERSON,,2800,MEADOWLARK,LN,,,,,,,,37.87072073,-87.55667415,0.024,2021-04-14,1500,2,2,0,0,CLEAR,DRY,False,1 VEHICLE PARKED POSITION (NOT PARKING LOT/DRIVEWAY),BACKING,STRAIGHT & LEVEL,DAYLIGHT,,,44307.78056,False,22,Accepted,5,5,O,,MISJUDGE CLEARANCE,,2021,1
3200,28043663,0510100,HENDERSON POLICE DEPARTMENT,Accepted,HENDERSON,US0041,,US41,,N,,BARKER,,,,,37.87221662,-87.56957379,17.174,2021-04-19,934,2,2,0,1,CLEAR,DRY,False,ANGLE COLLISION - OTHER,ANGLE,STRAIGHT & LEVEL,DAYLIGHT,,,44308.54218,False,63,Accepted,5,3,B,,INATTENTION,,2021,1
3201,28043665,0510100,HENDERSON POLICE DEPARTMENT,Accepted,HENDERSON,US0041,,US41,,N,,,US0041,US41 RAMP TO US41 N,,CINEMA,37.86047218,-87.57544868,16.307,2021-04-20,816,2,2,0,0,CLEAR,DRY,False,SIDESWIPE COLLISION - SAME DIRECTION,SIDESWIPE-SAME DIRECTION,CURVE & GRADE,DAYLIGHT,,,44308.54239,False,67,Accepted,5,5,O,,INATTENTION,,2021,1
3202,28043672,0510100,HENDERSON POLICE DEPARTMENT,Accepted,HENDERSON,KY0351,,2ND,ST,,,,,KLUTEY PARK PLAZA,,PRIEST,37.83244909,-87.5716863,1.04,2021-04-13,743,2,2,0,0,CLEAR,DRY,False,SIDESWIPE COLLISION - SAME DIRECTION,SIDESWIPE-SAME DIRECTION,STRAIGHT & LEVEL,DAYLIGHT,,,44308.54305,False,65,Accepted,5,5,O,,INATTENTION,,2021,1
3203,28043673,0510100,HENDERSON POLICE DEPARTMENT,Accepted,HENDERSON,US0041,,US41,,N,,PAUL,,,,,37.87420896,-87.56829848,17.324,2021-04-14,1222,2,2,0,0,CLEAR,DRY,False,ANGLE COLLISION - OTHER,ANGLE,STRAIGHT & LEVEL,DAYLIGHT,,,44308.54317,False,34,Accepted,5,5,O,,"INATTENTION, MISJUDGE CLEARANCE",,2021,1
3204,28044991,0510100,HENDERSON POLICE DEPARTMENT,Accepted,HENDERSON,,,MAIN,ST,N,,,,2ND,,3RD,37.84120654,-87.59131005,,2021-04-20,1330,2,2,0,0,CLEAR,DRY,False,1 VEHICLE PARKED POSITION (NOT PARKING LOT/DRIVEWAY),BACKING,STRAIGHT & LEVEL,DAYLIGHT,,,44308.75412,False,23,Accepted,5,5,O,,INATTENTION,,2021,1
3205,28049049,0510100,HENDERSON POLICE DEPARTMENT,Accepted,HENDERSON,US0041,2611,US41,,N,,,,,,,37.87361799,-87.56866443,17.279,2021-04-20,1715,2,2,0,0,CLEAR,DRY,False,REAR END IN TRAFFIC LANES BOTH VEHICLES MOVING,REAR END,STRAIGHT & LEVEL,DAYLIGHT,,,44309.79263,False,37,Accepted,5,5,O,,INATTENTION,,2021,1
3206,28049054,0510100,HENDERSON POLICE DEPARTMENT,Accepted,HENDERSON,,343,3RD,ST,,,,,,,,37.84077517,-87.58785903,0.279,2021-04-21,2048,2,2,0,0,CLEAR,DRY,False,1 VEHICLE PARKED POSITION (NOT PARKING LOT/DRIVEWAY),BACKING,STRAIGHT & LEVEL,DARK-HWY LIGHTED/ON,,,44309.79272,False,59,Accepted,5,5,O,,"INATTENTION, MISJUDGE CLEARANCE",,2021,1
3207,28053315,0510100,HENDERSON POLICE DEPARTMENT,Accepted,HENDERSON,KY2084,,KY2084,,N,,,,,,,37.82016359,-87.569399,2.182,2021-04-22,1230,2,2,0,0,CLEAR,DRY,False,OTHER ROADWAY OR MID-BLOCK COLLISION,OPPOSING LEFT TURN,STRAIGHT & LEVEL,DAYLIGHT,,,44311.53199,False,66,Accepted,5,5,O,,INATTENTION,,2021,1
3208,28053317,0510100,HENDERSON POLICE DEPARTMENT,Accepted,HENDERSON,,,GREEN,ST,S,,CLAY,,,,,37.83380037,-87.59322619,,2021-04-22,1420,2,2,0,0,CLEAR,DRY,False,ANGLE COLLISION - OTHER,ANGLE,STRAIGHT & LEVEL,DAYLIGHT,,,44311.53206,False,23,Accepted,5,5,O,,"FAILED TO YIELD RIGHT OF WAY, INATTENTION",,2021,1
3209,28053318,0510100,HENDERSON POLICE DEPARTMENT,Accepted,HENDERSON,US0041A,,GREEN,ST,N,,1ST,,,,,37.8382114,-87.58926551,15.825,2021-04-23,854,2,2,0,0,CLOUDY,DRY,False,ANGLE COLLISION - OTHER,ANGLE,STRAIGHT & LEVEL,DAYLIGHT,,,44311.53212,False,67,Accepted,5,5,O,,INATTENTION,,2021,1
3210,28053821,0510100,HENDERSON POLICE DEPARTMENT,Accepted,HENDERSON,KY0351,2424,ZION,RD,,,,,,,,37.82905584,-87.56058089,1.697,2021-04-16,1610,2,2,0,0,CLEAR,DRY,False,1 VEHICLE ENTERING/LEAVING ENTRANCE,ANGLE,STRAIGHT & LEVEL,DAYLIGHT,,,44311.70411,False,29,Accepted,5,5,O,,MISJUDGE CLEARANCE,,2021,1
3211,28054162,0510100,HENDERSON POLICE DEPARTMENT,Accepted,HENDERSON,US0060,,US60,,E,,WATSON,,,,,37.86473644,-87.55511691,11.392,2021-04-23,1531,2,2,0,2,CLEAR,DRY,False,ANGLE COLLISION - OTHER,ANGLE,STRAIGHT & HILLCREST,DAYLIGHT,,,44311.79288,False,37,Accepted,4,4,C,,"DISREGARD TRAFFIC CONTROL, INATTENTION, MISJUDGE CLEARANCE",,2021,1
3212,28054163,0510100,HENDERSON POLICE DEPARTMENT,Accepted,HENDERSON,,,POWELL,ST,,,MEADOW,,,,,37.82994479,-87.58315266,0.918,2021-04-20,1523,2,2,0,2,CLEAR,DRY,False,ANGLE COLLISION - OTHER,ANGLE,STRAIGHT & LEVEL,DAYLIGHT,,,44311.79293,False,37,Accepted,5,4,C,,MISJUDGE CLEARANCE,,2021,1
3214,28069816,0510100,HENDERSON POLICE DEPARTMENT,Accepted,HENDERSON,US0060,,US60,,E,,,US0041,US41 W RAMP TO US41 N,US0041,US41 N EXIT81 OFF RAMP TO US60 W,37.85832013,-87.57149254,10.392,2021-04-27,745,3,3,0,0,CLEAR,DRY,False,REAR END IN TRAFFIC LANES BOTH VEHICLES MOVING,REAR END,STRAIGHT & LEVEL,DAYLIGHT,,,44315.33751,False,67,Accepted,5,5,O,,INATTENTION,,2021,1
3215,28069980,0510100,HENDERSON POLICE DEPARTMENT,Accepted,HENDERSON,KY2084,,KY2084,,S,KY0812,AIRLINE,,,,,37.82013078,-87.56936351,2.138,2021-04-26,746,2,2,0,1,CLEAR,DRY,False,OPPOSING LEFT TURN,OPPOSING LEFT TURN,STRAIGHT & LEVEL,DAYLIGHT,,,44315.36728,False,65,Accepted,5,4,C,,INATTENTION,,2021,1
3216,28072002,0510100,HENDERSON POLICE DEPARTMENT,Accepted,HENDERSON,US0041,3121,US41,,N,,,,,,,37.88330875,-87.5631145,18,2021-04-24,1818,3,3,0,0,CLEAR,DRY,False,REAR END IN TRAFFIC LANES BOTH VEHICLES MOVING,REAR END,STRAIGHT & LEVEL,DAYLIGHT,,,44315.76001,False,22,Accepted,5,5,O,,FOLLOWING TOO CLOSE,,2021,1
3217,28072004,0510100,HENDERSON POLICE DEPARTMENT,Accepted,HENDERSON,US0041,2067,US41,,N,,,,,,,37.86645549,-87.57272196,16.74,2021-04-24,1447,2,2,0,0,RAINING,WET,False,1 VEHICLE ENTERING/LEAVING ENTRANCE,ANGLE,STRAIGHT & LEVEL,DAYLIGHT,,,44315.76006,False,22,Accepted,5,5,O,,FAILED TO YIELD RIGHT OF WAY,,2021,1
3218,28074079,0510100,HENDERSON POLICE DEPARTMENT,Accepted,HENDERSON,US0041,,US41,,N,,,US0041,US41 CROSSOVER,US0041,US41 RAMP FROM KY351,37.83442442,-87.56520044,14.367,2021-04-29,710,2,2,0,0,RAINING,WET,False,SIDESWIPE COLLISION - SAME DIRECTION,SIDESWIPE-SAME DIRECTION,STRAIGHT & LEVEL,DAYLIGHT,,,44316.36231,False,67,Accepted,5,5,O,SLIPPERY SURFACE,INATTENTION,,2021,1
3220,28076498,0510100,HENDERSON POLICE DEPARTMENT,Accepted,HENDERSON,US0041,2483,US41,,N,,,,,,,37.8619495,-87.57513124,16.404,2021-04-25,1730,2,2,0,0,CLEAR,DRY,False,VEHICLE BACKING NON INTERSECTION,BACKING,STRAIGHT & LEVEL,DAYLIGHT,,,44316.94639,False,29,Accepted,5,5,O,,IMPROPER BACKING,,2021,1
3221,28079105,0510100,HENDERSON POLICE DEPARTMENT,Accepted,HENDERSON,KY0136,,SAND,LN,,US0041A,GREEN,,,,,37.82371282,-87.60323194,19.553,2021-04-30,1626,2,2,0,0,CLEAR,DRY,False,ANGLE COLLISION - OTHER,ANGLE,STRAIGHT & LEVEL,DAYLIGHT,,,44317.95922,False,37,Accepted,5,5,O,,"DISREGARD TRAFFIC CONTROL, MISJUDGE CLEARANCE",,2021,1
3222,28079510,0510100,HENDERSON POLICE DEPARTMENT,Accepted,HENDERSON,US0041A,,GREEN,ST,S,,WASHINGTON,,,,,37.83628687,-87.59079784,15.663,2021-04-30,415,2,2,0,0,CLEAR,DRY,False,OTHER INTERSECTION COLLISIONS,REAR END,STRAIGHT & LEVEL,DARK-HWY LIGHTED/ON,,,44318.06554,False,24,Accepted,5,5,O,,INATTENTION,,2021,1
3223,28081808,0510100,HENDERSON POLICE DEPARTMENT,Accepted,HENDERSON,US0041,2201,US41,,N,,,,,,,37.86805944,-87.57191506,16.84,2021-04-29,1656,2,2,0,0,CLEAR,DRY,False,SIDESWIPE COLLISION - SAME DIRECTION,SIDESWIPE-SAME DIRECTION,STRAIGHT & LEVEL,DAYLIGHT,,,44318.85324,False,17,Accepted,5,5,O,,INATTENTION,,2021,1
3224,28081811,0510100,HENDERSON POLICE DEPARTMENT,Accepted,HENDERSON,US0041,1927,US41,,N,,,,,,,37.86679233,-87.57248211,16.767,2021-04-30,1558,2,2,0,0,CLEAR,DRY,False,COLLISION WITH FIXED OBJECT NON - INTERSECTION - FIRST EVENT COLLISION 09 - 32 EXCLUDING 16,SIDESWIPE-SAME DIRECTION,STRAIGHT & LEVEL,DAYLIGHT,,,44318.85328,False,17,Accepted,5,5,O,,INATTENTION,,2021,1
3225,28081815,0510100,HENDERSON POLICE DEPARTMENT,Accepted,HENDERSON,,,ADAMS,ST,N,,HARDING,,,,,37.85183576,-87.5770936,1.199,2021-04-30,1808,1,1,0,0,CLEAR,DRY,False,OTHER INTERSECTION COLLISIONS,SINGLE VEHICLE,STRAIGHT & LEVEL,DAYLIGHT,,,44318.85336,False,17,Accepted,5,5,O,,DISTRACTION,,2021,1
3226,28081816,0510100,HENDERSON POLICE DEPARTMENT,Accepted,HENDERSON,US0041,2053,US41,,N,,,,,,,37.87191803,-87.56957879,17.15,2021-05-01,1454,1,1,0,0,CLEAR,DRY,False,COLLISION WITH FIXED OBJECT NON - INTERSECTION - FIRST EVENT COLLISION 09 - 32 EXCLUDING 16,SINGLE VEHICLE,STRAIGHT & LEVEL,DAYLIGHT,,,44318.8534,False,17,Accepted,5,5,O,,OTHER,,2021,1
3227,28081817,0510100,HENDERSON POLICE DEPARTMENT,Accepted,HENDERSON,,1300,ATKINSON,ST,,,,,,,,37.81777919,-87.58362327,0.822,2021-04-26,1648,2,1,0,1,CLEAR,DRY,False,COLLISION WITH BICYCLIST NON INTERSECTION,SINGLE VEHICLE,STRAIGHT & LEVEL,DAYLIGHT,,,44318.85345,False,64,Accepted,5,4,C,,INATTENTION,,2021,1
3228,28081818,0510100,HENDERSON POLICE DEPARTMENT,Accepted,HENDERSON,KY0136,,MADISON,ST,,,,,,,,37.81968133,-87.58798714,20.472,2021-04-30,1740,2,2,0,2,CLEAR,DRY,True,SIDESWIPE COLLISION - OPPOSITE DIRECTION,SIDESWIPE-OPPOSITE DIRECTION,STRAIGHT & LEVEL,DAYLIGHT,,,44318.85349,False,29,Accepted,5,4,C,,"DRUG INVOLVEMENT, EMOTIONAL, NOT UNDER PROPER CONTROL",,2021,1
3229,28082602,0510100,HENDERSON POLICE DEPARTMENT,Accepted,HENDERSON,US0041A,,GREEN,ST,N,,1ST,,,,,37.83818139,-87.58928696,15.825,2021-05-02,107,2,1,0,1,CLEAR,DRY,False,COLLISION WITH PEDESTRIAN IN INTERSECTION,SINGLE VEHICLE,STRAIGHT & LEVEL,DARK-HWY LIGHTED/ON,,,44319.05867,False,38,Accepted,3,3,B,,,,2021,1
3230,28084503,0510100,HENDERSON POLICE DEPARTMENT,Accepted,HENDERSON,US0041A,,GREEN,ST,N,,5TH,,,,,37.84329284,-87.58600737,16.217,2021-04-30,852,3,3,0,3,CLEAR,DRY,False,OPPOSING LEFT TURN,OPPOSING LEFT TURN,STRAIGHT & LEVEL,DAYLIGHT,,,44319.42574,False,26,Accepted,5,4,C,,MISJUDGE CLEARANCE,,2021,1
3232,28084674,0510100,HENDERSON POLICE DEPARTMENT,Accepted,HENDERSON,,,ATKINSON,ST,,,BAILEY,,,,,37.82164213,-87.58014409,0.492,2021-04-29,1157,1,1,0,0,RAINING,WET,False,COLLISION WITH FIXED OBJECT IN INTERSECTION - FIRST EVENT COLLISION 09 - 32,SINGLE VEHICLE,STRAIGHT & LEVEL,DAYLIGHT,,,44319.44299,False,67,Accepted,5,5,O,SLIPPERY SURFACE,INATTENTION,,2021,1
3233,28084680,0510100,HENDERSON POLICE DEPARTMENT,Accepted,HENDERSON,US0041A,,GREEN,ST,N,,RAY,,,,,37.84753678,-87.58320074,16.55,2021-04-28,1111,2,2,0,3,CLOUDY,DRY,False,OPPOSING LEFT TURN,OPPOSING LEFT TURN,STRAIGHT & LEVEL,DAYLIGHT,,,44319.44341,False,34,Accepted,4,3,B,,"OTHER, TURNING IMPROPERLY",,2021,1
3234,28084681,0510100,HENDERSON POLICE DEPARTMENT,Accepted,HENDERSON,,1015,WASHINGTON,ST,,,,,MEADOW,,JULIA,37.83143436,-87.58281202,0.657,2021-04-25,2230,2,2,0,0,CLEAR,DRY,True,1 VEHICLE PARKED POSITION (NOT PARKING LOT/DRIVEWAY),SIDESWIPE-SAME DIRECTION,STRAIGHT & LEVEL,DARK (UNKNOWN ROADWAY LIGHTING),,,44319.44347,False,34,Accepted,5,5,O,,,,2021,1
3235,28084682,0510100,HENDERSON POLICE DEPARTMENT,Accepted,HENDERSON,,,GASLIGHT,DR,,,FRONTIER,,,,,37.86578487,-87.55103886,0.001,2021-04-26,1055,2,2,0,0,CLEAR,DRY,False,VEHICLE BACKING IN INTERSECTION,BACKING,STRAIGHT & LEVEL,DAYLIGHT,,,44319.44351,False,34,Accepted,5,5,O,,,,2021,1
3242,28087207,0510100,HENDERSON POLICE DEPARTMENT,Accepted,HENDERSON,KY0351,1600,2ND,ST,,,KLUTEY PARK PLAZA,,,,,37.83237436,-87.57154386,1.042,2021-04-28,1510,2,2,0,0,CLOUDY,DRY,False,SIDESWIPE-SAME DIRECTION,SIDESWIPE-SAME DIRECTION,STRAIGHT & LEVEL,DAYLIGHT,,,44319.83279,False,9,Accepted,5,5,O,,INATTENTION,,2021,1
3243,28087208,0510100,HENDERSON POLICE DEPARTMENT,Accepted,HENDERSON,US0041A,,GREEN,ST,N,,12TH,,,,,37.85199367,-87.58037554,16.906,2021-04-22,1648,4,4,0,0,CLEAR,DRY,False,ANGLE COLLISION - OTHER,ANGLE,STRAIGHT & LEVEL,DAYLIGHT,,,44319.83284,False,22,Accepted,5,5,O,,"DRUG INVOLVEMENT, FAILED TO KEEP PROPER LANE, NOT UNDER PROPER CONTROL",,2021,1
3244,28087270,0510100,HENDERSON POLICE DEPARTMENT,Accepted,HENDERSON,KY0351,,2ND,ST,,,,,,,,37.83167174,-87.56898021,1.113,2021-04-29,1545,3,3,0,0,CLOUDY,DRY,False,REAR END IN TRAFFIC LANES BOTH VEHICLES MOVING,REAR END,STRAIGHT & LEVEL,DAYLIGHT,,,44319.85982,False,29,Accepted,5,5,O,,"MISJUDGE CLEARANCE, FOLLOWING TOO CLOSE",,2021,1
3245,28087482,0510100,HENDERSON POLICE DEPARTMENT,Accepted,HENDERSON,,,5TH,ST,,US0041A,GREEN,,,,,37.84327404,-87.58596041,0.951,2021-05-03,1639,2,2,0,0,CLEAR,DRY,False,OTHER INTERSECTION COLLISIONS,REAR END,STRAIGHT & LEVEL,DAYLIGHT,,,44319.92705,False,25,Accepted,5,5,O,OTHER,OTHER,,2021,1
3246,28087484,0510100,HENDERSON POLICE DEPARTMENT,Accepted,HENDERSON,,,ELM,ST,N,,7TH,,,,,37.84634941,-87.58595239,0.65,2021-05-03,1450,2,2,0,0,CLEAR,DRY,False,SIDESWIPE-SAME DIRECTION,SIDESWIPE-SAME DIRECTION,STRAIGHT & LEVEL,DAYLIGHT,,,44319.9271,False,37,Accepted,5,5,O,,"INATTENTION, MISJUDGE CLEARANCE",,2021,1
3247,28090607,0510100,HENDERSON POLICE DEPARTMENT,Accepted,HENDERSON,,,2ND,ST,,,,,,,,37.84153484,-87.59367856,0.272,2020-12-11,1928,1,1,0,1,CLOUDY,DRY,False,RAN OFF ROADWAY (1 VEHICLE WITH/EARTH EMBANKMENT/DITCH),SINGLE VEHICLE,STRAIGHT & GRADE,DARK-HWY LIGHTED/ON,,,44320.64269,False,20,Accepted,5,4,C,,EMOTIONAL,,2020,1
3248,28094273,0510100,HENDERSON POLICE DEPARTMENT,Accepted,HENDERSON,,48,ALVASIA,ST,S,,,,,,,37.83271573,-87.58665088,0.168,2021-04-30,1001,2,2,0,0,CLEAR,DRY,False,1 VEHICLE PARKED POSITION (NOT PARKING LOT/DRIVEWAY),REAR END,STRAIGHT & LEVEL,DARK-HWY LIGHTED/ON,,,44321.50837,False,22,Accepted,5,5,O,,"ALCOHOL INVOLVEMENT, DRUG INVOLVEMENT, NOT UNDER PROPER CONTROL",,2021,1
3249,28097912,0510100,HENDERSON POLICE DEPARTMENT,Accepted,HENDERSON,US0041,,US41,,N,,,,CANARY,,ROBIN,37.86853061,-87.57167395,16.886,2021-05-01,1202,2,2,0,0,CLEAR,DRY,False,REAR END IN TRAFFIC LANES BOTH VEHICLES MOVING,REAR END,STRAIGHT & LEVEL,DAYLIGHT,,,44322.35962,False,67,Accepted,5,5,O,,INATTENTION,,2021,1
3250,28098048,0510100,HENDERSON POLICE DEPARTMENT,Accepted,HENDERSON,US0041,,US41,,N,,,,WALNUT,,WATSON,37.87862853,-87.56589143,17.656,2021-05-01,1324,2,2,0,0,CLEAR,DRY,False,SIDESWIPE COLLISION - SAME DIRECTION,SIDESWIPE-SAME DIRECTION,STRAIGHT & LEVEL,DAYLIGHT,,,44322.38838,False,67,Accepted,5,5,O,,INATTENTION,,2021,1
3251,28098053,0510100,HENDERSON POLICE DEPARTMENT,Accepted,HENDERSON,,800,ADAMS,ST,N,,8TH,,,,,37.84576387,-87.58075737,0.744,2021-05-05,756,2,2,0,0,CLEAR,DRY,False,OPPOSING LEFT TURN,OPPOSING LEFT TURN,STRAIGHT & LEVEL,DAYLIGHT,,,44322.38848,False,53,Accepted,5,5,O,,FAILED TO YIELD RIGHT OF WAY,,2021,1
3252,28098055,0510100,HENDERSON POLICE DEPARTMENT,Accepted,HENDERSON,US0041A,200,GREEN,ST,S,,CLAY,,,,,37.8340507,-87.59299619,15.47,2021-05-05,1213,2,2,0,0,CLEAR,DRY,False,SIDESWIPE-SAME DIRECTION,SIDESWIPE-SAME DIRECTION,STRAIGHT & LEVEL,DAYLIGHT,,,44322.38859,False,53,Accepted,5,5,O,,INATTENTION,,2021,1