OBJECTID,IncidentID,AgencyORI,AgencyName,IncidentStatusDesc,County,RdwyNumber,Street,RoadwayName,StreetSfx,StreetDir,IntersectionRdwy,IntersectionRdwyName,BetweenStRdwy1,BetweenStRdwyName1,BetweenStRdwy2,BetweenStRdwyName2,Latitude,Longitude,Milepoint,CollisionDate,CollisionTime,UnitsInvolved,MotorVehiclesInvolved,NumberKilled,NumberInjured,Weather,RdwyConditionCode,HitandRun,DirAnalysisCode,MannerofCollision,RdwyCharacter,LightCondition,RampFromRdwyId,RampToRdwyId,AcceptedDate,IsSecondaryCollision,OwnerBadge,IncidentStatus,InjurySeverityCde,KABCO_Code,KABCO,Environmental_Factors,Human_Factors,Vehicular_Factors,CollisionYear,CityCrash
3253,28100399,0510100,HENDERSON POLICE DEPARTMENT,Accepted,HENDERSON,KY0351,,2ND,ST,,,KLUTEY PARK PLAZA,,,,,37.83213966,-87.57106302,1.079,2021-05-05,1534,2,2,0,1,CLEAR,DRY,False,ANGLE COLLISION - ONE VEHICLE TURNING LEFT,ANGLE,STRAIGHT & LEVEL,DAYLIGHT,,,44322.87614,False,37,Accepted,5,3,B,,DISTRACTION,,2021,1
3254,28100400,0510100,HENDERSON POLICE DEPARTMENT,Accepted,HENDERSON,,126,MAIN,ST,N,,,,,,,37.84013688,-87.59199055,0.055,2021-05-04,1459,2,2,0,0,CLOUDY,DRY,False,VEHICLE BACKING NON INTERSECTION,BACKING,STRAIGHT & LEVEL,DAYLIGHT,,,44322.8762,False,37,Accepted,5,5,O,,MISJUDGE CLEARANCE,,2021,1
3255,28100402,0510100,HENDERSON POLICE DEPARTMENT,Accepted,HENDERSON,US0041A,,GREEN,ST,S,,VINE,,,,,37.83126428,-87.59575749,15.227,2021-05-05,1539,2,2,0,0,CLEAR,DRY,False,REAR END - ONE VEHICLE TURNING RIGHT,REAR END,STRAIGHT & GRADE,DAYLIGHT,,,44322.87628,False,44,Accepted,5,5,O,,FOLLOWING TOO CLOSE,BRAKES DEFECTIVE,2021,1
3256,28100403,0510100,HENDERSON POLICE DEPARTMENT,Accepted,HENDERSON,US0041,2830,US41,,N,,,,,,,37.87833039,-87.56610295,17.633,2021-05-05,1541,2,2,0,0,CLEAR,DRY,False,OTHER ROADWAY OR MID-BLOCK COLLISION,OPPOSING LEFT TURN,STRAIGHT & LEVEL,DAYLIGHT,,,44322.87632,False,59,Accepted,5,5,O,,"FAILED TO YIELD RIGHT OF WAY, INATTENTION, FAILED TO KEEP PROPER LANE",,2021,1
3257,28100404,0510100,HENDERSON POLICE DEPARTMENT,Accepted,HENDERSON,US0041,2746,US41,,N,,,,,,,37.87633706,-87.56713973,17.485,2021-05-03,1452,2,2,0,1,CLEAR,DRY,False,REAR END IN TRAFFIC LANES BOTH VEHICLES MOVING,REAR END,STRAIGHT & LEVEL,DAYLIGHT,,,44322.87636,False,22,Accepted,5,4,C,,OTHER,,2021,1
3258,28100406,0510100,HENDERSON POLICE DEPARTMENT,Accepted,HENDERSON,US0041A,,GREEN,ST,S,,FAIR,,,,,37.82234973,-87.60458184,14.399,2021-05-05,1724,2,2,0,0,CLEAR,DRY,False,ANGLE COLLISION - OTHER,ANGLE,STRAIGHT & LEVEL,DAYLIGHT,,,44322.87648,False,58,Accepted,5,5,O,,INATTENTION,,2021,1
3259,28100673,0510100,HENDERSON POLICE DEPARTMENT,Accepted,HENDERSON,,,CLAY,ST,,,LETCHER,,,,,37.82602377,-87.58015677,0.17,2021-05-06,1547,2,2,0,0,CLOUDY,WET,False,ANGLE COLLISION - OTHER,ANGLE,STRAIGHT & LEVEL,DAYLIGHT,,,44322.95659,False,37,Accepted,5,5,O,,"INATTENTION, MISJUDGE CLEARANCE",,2021,1
3260,28100675,0510100,HENDERSON POLICE DEPARTMENT,Accepted,HENDERSON,US0041A,,GREEN,ST,N,,HERRON,,,,,37.85488554,-87.57783963,17.148,2021-05-06,1541,2,2,0,1,RAINING,WET,False,OTHER INTERSECTION COLLISIONS,REAR END,STRAIGHT & GRADE,DAYLIGHT,,,44322.95664,False,58,Accepted,4,4,C,SLIPPERY SURFACE,,,2021,1
3261,28101861,0510100,HENDERSON POLICE DEPARTMENT,Accepted,HENDERSON,,775,TIMBERS,DR,,,,,REDBUD,,WOOD,37.87082023,-87.5613767,0.203,2021-05-06,1037,2,2,0,0,CLEAR,DRY,False,1 VEHICLE PARKED POSITION (NOT PARKING LOT/DRIVEWAY),REAR END,CURVE & GRADE,DAYLIGHT,,,44323.33043,False,53,Accepted,5,5,O,,INATTENTION,,2021,1
3262,28101862,0510100,HENDERSON POLICE DEPARTMENT,Accepted,HENDERSON,,,CENTER,ST,,,MEADOW,,,,,37.83243594,-87.58048663,0.23,2021-05-04,818,1,1,0,2,RAINING,WET,False,COLLISION WITH FIXED OBJECT IN INTERSECTION - FIRST EVENT COLLISION 09 - 32,SINGLE VEHICLE,STRAIGHT & LEVEL,DAYLIGHT,,,44323.3305,False,34,Accepted,5,4,C,,"DISTRACTION, EXCEEDED STATED SPEED LIMIT, TOO FAST FOR CONDITIONS",,2021,1
3263,28101863,0510100,HENDERSON POLICE DEPARTMENT,Accepted,HENDERSON,US0041A,,GREEN,ST,N,,12TH,,,,,37.8520404,-87.58033821,16.903,2021-05-02,1020,2,2,0,0,CLEAR,DRY,False,COLLISION WITH FIXED OBJECT IN INTERSECTION - FIRST EVENT COLLISION 09 - 32,REAR END,STRAIGHT & LEVEL,DAYLIGHT,,,44323.33053,False,34,Accepted,5,5,O,,INATTENTION,,2021,1
3266,28107961,0510100,HENDERSON POLICE DEPARTMENT,Accepted,HENDERSON,,830,CLAY,ST,,,,,,,,37.8325129,-87.59124838,0.929,2021-05-08,220,3,3,0,0,CLEAR,DRY,True,1 VEHICLE PARKED POSITION (NOT PARKING LOT/DRIVEWAY),HEAD ON,STRAIGHT & LEVEL,DARK-HWY LIGHTED/ON,,,44325.13005,False,61,Accepted,5,5,O,,,,2021,1
3267,28110245,0510100,HENDERSON POLICE DEPARTMENT,Accepted,HENDERSON,,,BARRET,BLVD,,US0060,US60,,,,,37.85995378,-87.56774874,0.352,2021-05-07,1543,3,3,0,0,CLEAR,DRY,False,OTHER INTERSECTION COLLISIONS,REAR END,STRAIGHT & LEVEL,DAYLIGHT,,,44325.9497,False,17,Accepted,5,5,O,,INATTENTION,,2021,1
3268,28110246,0510100,HENDERSON POLICE DEPARTMENT,Accepted,HENDERSON,,600,CLAY,ST,,,,,,,,37.83191245,-87.59022838,0.821,2021-05-08,1419,2,2,0,0,CLOUDY,DRY,False,HEAD-ON COLLISION,HEAD ON,STRAIGHT & GRADE,DAYLIGHT,,,44325.94977,False,59,Accepted,5,5,O,VIEW OBSTRUCTED/LIMITED DUE TO RDWY,"FAILED TO YIELD RIGHT OF WAY, INATTENTION",,2021,1
3269,28110248,0510100,HENDERSON POLICE DEPARTMENT,Accepted,HENDERSON,,,5TH,ST,,,,US0041A,GREEN,,ELM,37.84357844,-87.58672572,0.998,2021-05-05,1657,2,2,0,0,CLEAR,DRY,True,SIDESWIPE COLLISION - SAME DIRECTION,SIDESWIPE-SAME DIRECTION,STRAIGHT & LEVEL,DAYLIGHT,,,44325.94982,False,44,Accepted,5,5,O,,,,2021,1
3270,28110249,0510100,HENDERSON POLICE DEPARTMENT,Accepted,HENDERSON,,701,ATKINSON,ST,,,,,,,,37.82224504,-87.57959613,0.443,2021-05-08,1452,2,2,0,0,CLEAR,DRY,False,OTHER ROADWAY OR MID-BLOCK COLLISION,OPPOSING LEFT TURN,STRAIGHT & LEVEL,DARK (UNKNOWN ROADWAY LIGHTING),,,44325.94988,False,44,Accepted,5,5,O,,MISJUDGE CLEARANCE,,2021,1
3271,28112848,0510100,HENDERSON POLICE DEPARTMENT,Accepted,HENDERSON,,,DRURY,LN,,,,,MAIN,US0041A,GREEN,37.81450156,-87.61839734,0.037,2021-05-03,1243,2,2,0,0,CLOUDY,DRY,False,1 VEHICLE ENTERING/LEAVING ENTRANCE,ANGLE,STRAIGHT & LEVEL,DAYLIGHT,,,44326.48561,False,34,Accepted,5,5,O,,INATTENTION,,2021,1
3272,28112849,0510100,HENDERSON POLICE DEPARTMENT,Accepted,HENDERSON,,57,ALVASIA,ST,N,,,,1ST,,CENTER,37.8354485,-87.58373613,0.427,2021-05-08,1317,2,2,0,0,CLOUDY,DRY,False,1 VEHICLE PARKED POSITION (NOT PARKING LOT/DRIVEWAY),BACKING,STRAIGHT & LEVEL,DAYLIGHT,,,44326.48573,False,34,Accepted,5,5,O,,MISJUDGE CLEARANCE,,2021,1
3275,28114903,0510100,HENDERSON POLICE DEPARTMENT,Accepted,HENDERSON,,,WASHINGTON,ST,,US0041A,GREEN,,,,,37.83631396,-87.59079117,1.207,2021-05-09,2102,2,2,0,0,CLOUDY,DRY,False,ANGLE COLLISION - OTHER,ANGLE,STRAIGHT & HILLCREST,DARK-HWY LIGHTED/ON,,,44326.88846,False,25,Accepted,5,5,O,,"FAILED TO YIELD RIGHT OF WAY, INATTENTION",BRAKES DEFECTIVE,2021,1
3277,28116593,0510100,HENDERSON POLICE DEPARTMENT,Accepted,HENDERSON,,1442,ARROW,WAY,,,,,,,,37.81786512,-87.60341722,0.068,2021-05-10,921,1,1,0,0,CLEAR,DRY,False,OTHER ROADWAY OR MID-BLOCK COLLISION,SINGLE VEHICLE,STRAIGHT & LEVEL,DAYLIGHT,,,44327.3513,False,53,Accepted,5,5,O,,INATTENTION,,2021,1
3281,28121459,0510100,HENDERSON POLICE DEPARTMENT,Accepted,HENDERSON,US0041,,US41,,N,,PAUL,,,,,37.87420828,-87.56831968,17.324,2021-05-11,626,2,2,0,0,CLEAR,DRY,False,OPPOSING LEFT TURN,OPPOSING LEFT TURN,STRAIGHT & LEVEL,DAYLIGHT,,,44328.35822,False,53,Accepted,5,5,O,,FAILED TO YIELD RIGHT OF WAY,,2021,1
3283,28121808,0510000,HENDERSON COUNTY SHERIFF DEPT.,Accepted,HENDERSON,,20,MAIN,ST,N,,,,,,,37.83952042,-87.59242203,0.006,2021-05-11,1311,2,2,0,0,CLEAR,DRY,False,1 VEHICLE PARKED POSITION (NOT PARKING LOT/DRIVEWAY),SIDESWIPE-OPPOSITE DIRECTION,STRAIGHT & LEVEL,DAYLIGHT,,,44328.42659,False,132,Accepted,5,5,O,,DISTRACTION,,2021,1
3284,28122900,0510100,HENDERSON POLICE DEPARTMENT,Accepted,HENDERSON,,,ATKINSON PARK,RD,,,,,,,,37.86031433,-87.57943505,0.384,2021-05-09,1448,1,1,0,0,CLOUDY,WET,False,COLLISION WITH FIXED OBJECT NON - INTERSECTION - FIRST EVENT COLLISION 09 - 32 EXCLUDING 16,SINGLE VEHICLE,STRAIGHT & LEVEL,DAYLIGHT,,,44328.64503,False,17,Accepted,5,5,O,SLIPPERY SURFACE,TOO FAST FOR CONDITIONS,,2021,1
3285,28122902,0510100,HENDERSON POLICE DEPARTMENT,Accepted,HENDERSON,,,INGRAM,ST,N,,3RD,,,,,37.84004998,-87.58624367,0.396,2021-05-11,1721,2,2,0,0,CLOUDY,DRY,False,ANGLE COLLISION - OTHER,ANGLE,STRAIGHT & LEVEL,DAYLIGHT,,,44328.64512,False,25,Accepted,5,5,O,,"FAILED TO YIELD RIGHT OF WAY, INATTENTION",,2021,1
3287,28127439,0510100,HENDERSON POLICE DEPARTMENT,Accepted,HENDERSON,KY0285,2115,OLD MADISONVILLE,RD,,,,,,,,37.79925046,-87.58912501,1.421,2021-05-12,1729,2,2,0,0,CLEAR,DRY,False,SIDESWIPE COLLISION - SAME DIRECTION,SIDESWIPE-SAME DIRECTION,STRAIGHT & LEVEL,DAYLIGHT,,,44329.65738,False,58,Accepted,5,5,O,,INATTENTION,,2021,1
3288,28130310,0510100,HENDERSON POLICE DEPARTMENT,Accepted,HENDERSON,,,CENTER,ST,,,INGRAM,,,,,37.83651341,-87.58851829,0.747,2021-05-07,704,2,2,0,0,CLEAR,DRY,False,ANGLE COLLISION - OTHER,ANGLE,STRAIGHT & LEVEL,DAYLIGHT,,,44330.36675,False,26,Accepted,5,5,O,,MISJUDGE CLEARANCE,,2021,1
3289,28130314,0510100,HENDERSON POLICE DEPARTMENT,Accepted,HENDERSON,,,MEADOW,ST,,,WASHINGTON,,,,,37.83089515,-87.58194498,0.578,2021-05-13,1228,2,2,0,0,CLEAR,DRY,False,ANGLE COLLISION - OTHER,ANGLE,STRAIGHT & LEVEL,DAYLIGHT,,,44330.36688,False,66,Accepted,5,5,O,,INATTENTION,,2021,1
3290,28130315,0510100,HENDERSON POLICE DEPARTMENT,Accepted,HENDERSON,,12,CLARK,ST,,,,,,,,37.83292113,-87.58005502,0.038,2021-05-13,912,2,2,0,0,CLEAR,DRY,True,1 VEHICLE PARKED POSITION (NOT PARKING LOT/DRIVEWAY),SIDESWIPE-OPPOSITE DIRECTION,STRAIGHT & LEVEL,DARK-HWY LIGHTED/ON,,,44330.36695,False,66,Accepted,5,5,O,,OTHER,,2021,1
3294,28132124,0510000,HENDERSON COUNTY SHERIFF DEPT.,Accepted,HENDERSON,AU9005,,AU9005 E,,,,,,,,,37.80977126,-87.54320378,1.095,2021-05-14,1210,2,2,0,0,CLEAR,DRY,False,REAR END IN TRAFFIC LANES BOTH VEHICLES MOVING,REAR END,STRAIGHT & LEVEL,DAYLIGHT,,,44330.69893,False,124,Accepted,5,5,O,DEBRIS IN ROADWAY,,,2021,1
3295,28132195,0510100,HENDERSON POLICE DEPARTMENT,Accepted,HENDERSON,US0041,2810,US41,,N,,,,,,,37.877468,-87.56647352,17.571,2021-05-12,1703,2,2,0,0,CLEAR,DRY,False,1 VEHICLE ENTERING/LEAVING ENTRANCE,ANGLE,STRAIGHT & LEVEL,DAYLIGHT,,,44330.71137,False,37,Accepted,5,5,O,,MISJUDGE CLEARANCE,,2021,1
3296,28132196,0510100,HENDERSON POLICE DEPARTMENT,Accepted,HENDERSON,US0041,,US41,,N,,,,,,,37.86374533,-87.57411117,16.551,2021-05-12,1950,2,2,0,0,CLEAR,DRY,False,SIDESWIPE COLLISION - SAME DIRECTION,SIDESWIPE-SAME DIRECTION,CURVE & GRADE,DARK-HWY LIGHTED/ON,,,44330.71145,False,44,Accepted,5,5,O,,MISJUDGE CLEARANCE,,2021,1
3297,28132716,0510100,HENDERSON POLICE DEPARTMENT,Accepted,HENDERSON,,,3RD,ST,,US0041A,GREEN,,,,,37.84063032,-87.5877572,0.283,2021-05-14,1559,2,2,0,0,CLEAR,DRY,False,SIDESWIPE-SAME DIRECTION,SIDESWIPE-SAME DIRECTION,STRAIGHT & LEVEL,DAYLIGHT,,,44330.85373,False,25,Accepted,5,5,O,,"FAILED TO YIELD RIGHT OF WAY, INATTENTION",,2021,1
3298,28140324,0510100,HENDERSON POLICE DEPARTMENT,Accepted,HENDERSON,US0041A,1000,GREEN,ST,N,,,,,,,37.85045761,-87.58134679,16.785,2021-05-13,1306,2,2,0,0,CLEAR,DRY,False,SIDESWIPE COLLISION - SAME DIRECTION,SIDESWIPE-SAME DIRECTION,STRAIGHT & LEVEL,DAYLIGHT,,,44333.39066,False,63,Accepted,5,5,O,,FAILED TO KEEP PROPER LANE,,2021,1
3299,28140325,0510100,HENDERSON POLICE DEPARTMENT,Accepted,HENDERSON,,,8TH,ST,,,,,8TH ST COURT,,ADAMS,37.84564922,-87.58036352,0.371,2021-05-05,736,2,2,0,0,CLEAR,DRY,False,1 VEHICLE PARKED POSITION (NOT PARKING LOT/DRIVEWAY),SIDESWIPE-SAME DIRECTION,STRAIGHT & LEVEL,DAYLIGHT,,,44333.39073,False,34,Accepted,5,5,O,,INATTENTION,,2021,1
3300,28140326,0510100,HENDERSON POLICE DEPARTMENT,Accepted,HENDERSON,US0060,,GREEN,ST,S,KY0425,KY425,,,,,37.79996353,-87.6476895,8.715,2021-05-16,1307,2,2,0,0,CLEAR,DRY,False,ANGLE COLLISION - ONE VEHICLE TURNING RIGHT,ANGLE,STRAIGHT & LEVEL,DAYLIGHT,,,44333.39078,False,66,Accepted,5,5,O,,INATTENTION,,2021,1
3304,28141404,0510100,HENDERSON POLICE DEPARTMENT,Accepted,HENDERSON,US0060,,US60,,E,,,,,,,37.86174574,-87.56343131,10.878,2021-05-07,730,2,2,0,0,CLEAR,DRY,False,REAR END IN TRAFFIC LANES BOTH VEHICLES MOVING,REAR END,STRAIGHT & LEVEL,DAYLIGHT,,,44333.57175,False,63,Accepted,5,5,O,,WEAVING IN TRAFFIC,,2021,1
3305,28142652,0510100,HENDERSON POLICE DEPARTMENT,Accepted,HENDERSON,,842,ADAMS,ST,N,,,,,,,37.84668204,-87.58016876,0.784,2021-05-15,1449,2,2,0,0,CLOUDY,DRY,False,1 VEHICLE PARKED POSITION (NOT PARKING LOT/DRIVEWAY),BACKING,STRAIGHT & LEVEL,DAYLIGHT,,,44333.76526,False,25,Accepted,5,5,O,,INATTENTION,,2021,1
3306,28142654,0510100,HENDERSON POLICE DEPARTMENT,Accepted,HENDERSON,,27,JULIA,ST,S,,,,,,,37.83230036,-87.58281507,0.078,2021-05-15,1705,2,2,0,0,CLEAR,DRY,False,SIDESWIPE COLLISION - SAME DIRECTION,SIDESWIPE-SAME DIRECTION,STRAIGHT & LEVEL,DAYLIGHT,,,44333.76535,False,44,Accepted,5,5,O,,IMPROPER PASSING,,2021,1
3307,28142655,0510100,HENDERSON POLICE DEPARTMENT,Accepted,HENDERSON,,636,ALVES,ST,S,,NORRIS,,,,,37.82459573,-87.59668135,0.271,2021-05-16,1823,2,2,0,1,CLOUDY,DRY,False,COLLISION WITH PARKED VEHICLE,SIDESWIPE-SAME DIRECTION,STRAIGHT & LEVEL,DAYLIGHT,,,44333.76539,False,58,Accepted,5,4,C,,OTHER,,2021,1
3308,28142681,0510100,HENDERSON POLICE DEPARTMENT,Accepted,HENDERSON,US0041A,1700,GREEN,ST,S,,,,,,,37.81561355,-87.61558885,13.614,2021-05-16,1703,2,2,0,0,CLEAR,DRY,False,1 VEHICLE ENTERING/LEAVING ENTRANCE,ANGLE,STRAIGHT & LEVEL,DAYLIGHT,,,44333.77036,False,37,Accepted,5,5,O,,"FAILED TO KEEP PROPER LANE, MISJUDGE CLEARANCE",,2021,1
3309,28144595,0510100,HENDERSON POLICE DEPARTMENT,Accepted,HENDERSON,KY2084,,KY2084,,S,KY0812,AIRLINE,,,,,37.82026057,-87.5693312,2.142,2021-05-17,732,2,2,0,2,CLEAR,DRY,False,ANGLE COLLISION - OTHER,ANGLE,STRAIGHT & LEVEL,DAYLIGHT,,,44334.35473,False,63,Accepted,5,4,C,,INATTENTION,,2021,1
3310,28144596,0510100,HENDERSON POLICE DEPARTMENT,Accepted,HENDERSON,US0041,,US41,,N,,,,WALNUT,,JOHN JAMES AUDUBON STATE,37.88023417,-87.56502921,17.72,2021-05-15,1000,2,2,0,0,CLOUDY,DRY,False,SIDESWIPE COLLISION - SAME DIRECTION,SIDESWIPE-SAME DIRECTION,STRAIGHT & LEVEL,DAYLIGHT,,,44334.3548,False,67,Accepted,5,5,O,,INATTENTION,,2021,1
3313,28146270,0510100,HENDERSON POLICE DEPARTMENT,Accepted,HENDERSON,KY0351,,2ND,ST,,,,,,,,37.83318557,-87.57313952,0.946,2021-05-17,1737,2,2,0,0,RAINING,WET,False,OTHER ROADWAY OR MID-BLOCK COLLISION,REAR END,STRAIGHT & LEVEL,DAYLIGHT,,,44334.6811,False,37,Accepted,5,5,O,,NOT UNDER PROPER CONTROL,,2021,1
3314,28147695,0510100,HENDERSON POLICE DEPARTMENT,Accepted,HENDERSON,US0041,2000,US41,,N,,,,,,,37.87651532,-87.56718122,17.495,2021-05-14,1411,2,2,0,0,CLEAR,DRY,True,REAR END IN TRAFFIC LANES BOTH VEHICLES MOVING,REAR END,STRAIGHT & LEVEL,DAYLIGHT,,,44334.95562,False,17,Accepted,5,5,O,,,,2021,1
3315,28150502,0510100,HENDERSON POLICE DEPARTMENT,Accepted,HENDERSON,US0041,,,,,,,,,,,37.85754972,-87.57374886,0.155,2021-05-18,915,1,1,0,0,RAINING,WET,False,COLLISION WITH FIXED OBJECT NOT IN GORE ,SINGLE VEHICLE,STRAIGHT & LEVEL,DAYLIGHT,US0041,US0041,44335.58849,False,67,Accepted,5,5,O,SLIPPERY SURFACE,INATTENTION,,2021,1
3316,28150544,0510100,HENDERSON POLICE DEPARTMENT,Accepted,HENDERSON,,,RICHARDSON,AVE,,,,US0041,US41 S EXIT81 OFF RAMP TO US60 W,US0041A,US41 ALT,37.85546382,-87.57630944,0.012,2021-05-19,1104,2,2,0,0,CLEAR,DRY,False,REAR END IN TRAFFIC LANES BOTH VEHICLES MOVING,REAR END,STRAIGHT & LEVEL,DAYLIGHT,,,44335.59965,False,53,Accepted,5,5,O,,INATTENTION,,2021,1
3317,28151132,0510100,HENDERSON POLICE DEPARTMENT,Accepted,HENDERSON,US0041A,300,GREEN,ST,S,,,,,,,37.83391943,-87.59321774,15.436,2021-05-18,1459,2,2,0,0,CLOUDY,DRY,False,HEAD-ON COLLISION,HEAD ON,STRAIGHT & LEVEL,DAYLIGHT,,,44335.68356,False,59,Accepted,5,5,O,,INATTENTION,,2021,1
3318,28156248,0510100,HENDERSON POLICE DEPARTMENT,Accepted,HENDERSON,US0041,,US41,,N,,,,,,,37.86699242,-87.57243263,16.78,2021-05-19,1609,2,2,0,0,CLEAR,DRY,False,SIDESWIPE COLLISION - SAME DIRECTION,SIDESWIPE-SAME DIRECTION,STRAIGHT & LEVEL,DAYLIGHT,,,44336.88461,False,58,Accepted,5,5,O,,MISJUDGE CLEARANCE,,2021,1
3320,28158830,0510100,HENDERSON POLICE DEPARTMENT,Accepted,HENDERSON,,700,DR MARTIN LUTHER KING JR,AVE,,,,,,,,37.83015561,-87.59009722,0.29,2021-05-20,1103,1,1,0,1,CLEAR,DRY,False,COLLISION WITH FIXED OBJECT NON - INTERSECTION - FIRST EVENT COLLISION 09 - 32 EXCLUDING 16,SINGLE VEHICLE,STRAIGHT & GRADE,DAYLIGHT,,,44337.56218,False,66,Accepted,5,3,B,,LOST CONSCIOUSNESS/FAINTED,,2021,1
3321,28166357,0510100,HENDERSON POLICE DEPARTMENT,Accepted,HENDERSON,KY0136,,SAND,LN,,,COMMONWEALTH,,,,,37.82079955,-87.59040775,20.319,2021-05-18,2331,1,1,0,0,CLOUDY,DRY,False,OTHER INTERSECTION COLLISIONS,SINGLE VEHICLE,CURVE & LEVEL,DARK-HWY LIGHTED/ON,,,44340.05095,False,38,Accepted,5,5,O,,"ALCOHOL INVOLVEMENT, DRUG INVOLVEMENT, INATTENTION",BRAKES DEFECTIVE,2021,1
3322,28167660,0510100,HENDERSON POLICE DEPARTMENT,Accepted,HENDERSON,US0041,,US41,,N,,,,WALNUT,,WATSON,37.87914748,-87.56574555,17.692,2021-05-21,928,2,2,0,0,CLEAR,DRY,False,1 VEHICLE ENTERING/LEAVING ENTRANCE,ANGLE,STRAIGHT & LEVEL,DAYLIGHT,,,44340.36178,False,48,Accepted,5,5,O,,INATTENTION,,2021,1
3323,28167678,0510100,HENDERSON POLICE DEPARTMENT,Accepted,HENDERSON,US0041,,US41,,N,,,,,,,37.85579697,-87.57193245,15.937,2021-05-21,1257,2,2,0,0,CLEAR,DRY,False,SIDESWIPE COLLISION - SAME DIRECTION,SIDESWIPE-SAME DIRECTION,STRAIGHT & LEVEL,DAYLIGHT,,,44340.36204,False,63,Accepted,5,5,O,,INATTENTION,,2021,1
3324,28167680,0510100,HENDERSON POLICE DEPARTMENT,Accepted,HENDERSON,KY0812,,AIRLINE,RD,,,GARDEN MILE,,,,,37.81482134,-87.56010473,6.774,2021-05-18,1320,2,2,0,2,CLEAR,DRY,False,OPPOSING LEFT TURN,OPPOSING LEFT TURN,STRAIGHT & LEVEL,DAYLIGHT,,,44340.36209,False,65,Accepted,5,4,C,,INATTENTION,,2021,1
3326,28169459,0510100,HENDERSON POLICE DEPARTMENT,Accepted,HENDERSON,US0041,,US41,,N,US0041,US41 RAMP KY351,,,,,37.83323236,-87.56556658,14.282,2021-05-22,1628,2,2,0,2,CLEAR,DRY,False,ANGLE COLLISION - OTHER,ANGLE,STRAIGHT & LEVEL,DAYLIGHT,,,44340.61268,False,64,Accepted,4,4,C,,OTHER,,2021,1
3327,28169460,0510100,HENDERSON POLICE DEPARTMENT,Accepted,HENDERSON,US0041,2511,US41,,N,,,,,,,37.86946205,-87.57082218,17.013,2021-05-22,1502,2,2,0,0,CLEAR,DRY,False,1 VEHICLE ENTERING/LEAVING ENTRANCE,ANGLE,STRAIGHT & LEVEL,DAYLIGHT,,,44340.61275,False,17,Accepted,5,5,O,,INATTENTION,,2021,1
3330,28178326,0510100,HENDERSON POLICE DEPARTMENT,Accepted,HENDERSON,US0041,2000,US41,,N,,,,,,,37.86485865,-87.57348065,16.621,2021-05-22,1326,2,2,0,0,CLEAR,DRY,False,REAR END IN TRAFFIC LANES BOTH VEHICLES MOVING,REAR END,STRAIGHT & LEVEL,DAYLIGHT,,,44342.39681,False,63,Accepted,5,5,O,,INATTENTION,,2021,1
3331,28178333,0510100,HENDERSON POLICE DEPARTMENT,Accepted,HENDERSON,,,WASHINGTON,ST,,US0041A,GREEN,,,,,37.83629372,-87.59080538,1.208,2021-05-24,1532,2,2,0,0,CLEAR,DRY,False,OTHER INTERSECTION COLLISIONS,REAR END,STRAIGHT & HILLCREST,DAYLIGHT,,,44342.39697,False,66,Accepted,5,5,O,,INATTENTION,,2021,1
3332,28178334,0510100,HENDERSON POLICE DEPARTMENT,Accepted,HENDERSON,US0041,1900,US41,,N,,,,,,,37.86242068,-87.57248018,,2021-05-16,1213,1,1,0,0,CLEAR,DRY,False,COLLISION WITH FIXED OBJECT NON - INTERSECTION - FIRST EVENT COLLISION 09 - 32 EXCLUDING 16,SINGLE VEHICLE,STRAIGHT & LEVEL,DAYLIGHT,,,44342.39703,False,15,Accepted,5,5,O,,MISJUDGE CLEARANCE,,2021,1
3333,28178597,0510100,HENDERSON POLICE DEPARTMENT,Accepted,HENDERSON,,,BAILEY,ST,,,LETCHER,,,,,37.82311087,-87.58270443,0.174,2021-05-21,1247,2,2,0,0,CLEAR,DRY,True,ANGLE COLLISION - OTHER,ANGLE,STRAIGHT & GRADE,DAYLIGHT,,,44342.44306,False,48,Accepted,5,5,O,,INATTENTION,,2021,1
3335,28178604,0510100,HENDERSON POLICE DEPARTMENT,Accepted,HENDERSON,KY0812,,AIRLINE,RD,,,,,GLOVER,KY2084,KY2084,37.82086427,-87.57065524,7.482,2021-05-26,700,2,2,0,0,RAINING,WET,False,REAR END IN TRAFFIC LANES BOTH VEHICLES MOVING,REAR END,STRAIGHT & LEVEL,DAYLIGHT,,,44342.44324,False,48,Accepted,5,5,O,SLIPPERY SURFACE,INATTENTION,,2021,1
3337,28178668,KSP1600,"KY STATE POLICE, POST 16",Accepted,HENDERSON,KY2084,,KY2084 TURN LANE,,,,,,,,,37.83144639,-87.56940204,,2021-05-24,1145,2,2,0,0,CLEAR,DRY,False,1 VEHICLE ENTERING/LEAVING ENTRANCE,ANGLE,STRAIGHT & LEVEL,DAYLIGHT,,,44342.45857,False,469,Accepted,5,5,O,,INATTENTION,,2021,1
3339,28180203,0510100,HENDERSON POLICE DEPARTMENT,Accepted,HENDERSON,,355,RACETRACK,RD,,,,,,,,37.88382181,-87.56492543,0.108,2021-05-21,1714,2,2,0,0,CLEAR,DRY,False,1 VEHICLE PARKED POSITION (NOT PARKING LOT/DRIVEWAY),BACKING,STRAIGHT & LEVEL,DAYLIGHT,,,44342.70347,False,22,Accepted,5,5,O,,MISJUDGE CLEARANCE,,2021,1