OBJECTID,IncidentID,AgencyORI,AgencyName,IncidentStatusDesc,County,RdwyNumber,Street,RoadwayName,StreetSfx,StreetDir,IntersectionRdwy,IntersectionRdwyName,BetweenStRdwy1,BetweenStRdwyName1,BetweenStRdwy2,BetweenStRdwyName2,Latitude,Longitude,Milepoint,CollisionDate,CollisionTime,UnitsInvolved,MotorVehiclesInvolved,NumberKilled,NumberInjured,Weather,RdwyConditionCode,HitandRun,DirAnalysisCode,MannerofCollision,RdwyCharacter,LightCondition,RampFromRdwyId,RampToRdwyId,AcceptedDate,IsSecondaryCollision,OwnerBadge,IncidentStatus,InjurySeverityCde,KABCO_Code,KABCO,Environmental_Factors,Human_Factors,Vehicular_Factors,CollisionYear,CityCrash
3340,28180204,0510100,HENDERSON POLICE DEPARTMENT,Accepted,HENDERSON,,,LETCHER,ST,,,CLAY,,,,,37.82599089,-87.58013267,0.215,2021-05-24,1512,2,2,0,0,CLEAR,DRY,False,ANGLE COLLISION - OTHER,ANGLE,STRAIGHT & LEVEL,DAYLIGHT,,,44342.7035,False,58,Accepted,5,5,O,,INATTENTION,,2021,1
3341,28180206,0510100,HENDERSON POLICE DEPARTMENT,Accepted,HENDERSON,US0060,,US60,,E,,PEBBLE CREEK,,,,,37.86469258,-87.54919196,11.713,2021-05-25,1536,2,2,0,1,CLEAR,DRY,False,ANGLE COLLISION - OTHER,ANGLE,STRAIGHT & LEVEL,DAYLIGHT,,,44342.70355,False,59,Accepted,5,3,B,,"FAILED TO YIELD RIGHT OF WAY, INATTENTION",,2021,1
3342,28180207,0510100,HENDERSON POLICE DEPARTMENT,Accepted,HENDERSON,US0060,2950,US60,,E,,,,,,,37.8646916,-87.54620454,11.876,2021-05-23,1030,2,2,0,0,CLEAR,DRY,False,REAR END IN TRAFFIC LANES BOTH VEHICLES MOVING,REAR END,STRAIGHT & GRADE,DAYLIGHT,,,44342.70359,False,44,Accepted,5,5,O,GLARE (SUN),INATTENTION,,2021,1
3343,28183288,0510100,HENDERSON POLICE DEPARTMENT,Accepted,HENDERSON,US0041,,US41,,N,,WATSON,,,,,37.87530996,-87.5677094,17.407,2021-05-26,1159,2,2,0,0,RAINING,WATER (STANDING OR MOVING),False,OTHER INTERSECTION COLLISIONS,REAR END,STRAIGHT & LEVEL,DAYLIGHT,,,44343.45147,False,66,Accepted,5,5,O,,INATTENTION,,2021,1
3344,28187646,0510100,HENDERSON POLICE DEPARTMENT,Accepted,HENDERSON,,,ADAMS,ST,N,,,,12TH,,TAYLOR,37.85102846,-87.5775062,1.129,2021-05-27,1344,2,2,0,0,CLEAR,DRY,False,VEHICLE BACKING NON INTERSECTION,BACKING,STRAIGHT & LEVEL,DAYLIGHT,,,44344.40911,False,67,Accepted,5,5,O,,INATTENTION,,2021,1
3345,28188590,0510100,HENDERSON POLICE DEPARTMENT,Accepted,HENDERSON,US0041,,US41,,N,,,,,,,37.87881173,-87.56600767,17.665,2021-05-27,1735,2,2,0,0,CLOUDY,DRY,False,REAR END IN TRAFFIC LANES BOTH VEHICLES MOVING,REAR END,STRAIGHT & LEVEL,DAYLIGHT,,,44344.61009,False,58,Accepted,5,5,O,,DISTRACTION,,2021,1
3346,28196446,0510100,HENDERSON POLICE DEPARTMENT,Accepted,HENDERSON,,133,FAGAN,ST,,,,,,,,37.82941036,-87.58710609,0.314,2021-05-30,136,1,1,0,0,CLEAR,DRY,True,COLLISION WITH FIXED OBJECT NON - INTERSECTION - FIRST EVENT COLLISION 09 - 32 EXCLUDING 16,SINGLE VEHICLE,STRAIGHT & LEVEL,DARK-HWY LIGHTED/ON,,,44347.29418,False,61,Accepted,5,5,O,,ALCOHOL INVOLVEMENT,,2021,1
3347,28196448,0510100,HENDERSON POLICE DEPARTMENT,Accepted,HENDERSON,,501,FAGAN,ST,,,,,,,,37.82664823,-87.58969582,0.076,2021-05-30,409,1,1,0,0,CLEAR,DRY,False,COLLISION WITH FIXED OBJECT NON - INTERSECTION - FIRST EVENT COLLISION 09 - 32 EXCLUDING 16,SINGLE VEHICLE,STRAIGHT & LEVEL,DARK-HWY LIGHTED/ON,,,44347.29431,False,61,Accepted,5,5,O,,NOT UNDER PROPER CONTROL,,2021,1
3348,28197209,0510100,HENDERSON POLICE DEPARTMENT,Accepted,HENDERSON,US0041A,1300,GREEN,ST,S,,,,,,,37.82349024,-87.6034196,14.499,2021-05-28,1511,2,2,0,0,CLOUDY,DRY,False,HEAD-ON COLLISION,HEAD ON,CURVE & LEVEL,DAYLIGHT,,,44347.59753,False,59,Accepted,5,5,O,,"DISTRACTION, FAILED TO KEEP PROPER LANE, INATTENTION",,2021,1
3349,28197212,0510100,HENDERSON POLICE DEPARTMENT,Accepted,HENDERSON,,,14TH,ST,,US0041A,GREEN,,,,,37.8540091,-87.57869191,0.121,2021-05-26,1700,2,1,0,1,CLEAR,DRY,False,COLLISION WITH BICYCLE IN INTERSECTION,SINGLE VEHICLE,STRAIGHT & LEVEL,DAYLIGHT,,,44347.59773,False,44,Accepted,5,4,C,,"FAILED TO YIELD RIGHT OF WAY, INATTENTION",,2021,1
3350,28197249,0510100,HENDERSON POLICE DEPARTMENT,Accepted,HENDERSON,US0060,,US60,,E,,BARRET,,,,,37.86015158,-87.5670219,10.576,2021-05-29,1750,2,2,0,0,CLOUDY,DRY,True,ANGLE COLLISION - OTHER,ANGLE,STRAIGHT & LEVEL,DAYLIGHT,,,44347.60865,False,59,Accepted,5,5,O,,"FAILED TO YIELD RIGHT OF WAY, INATTENTION",,2021,1
3351,28198408,0510100,HENDERSON POLICE DEPARTMENT,Accepted,HENDERSON,KY0285,1789,OLD MADISONVILLE,RD,,,,,,,,37.8083965,-87.58784684,2.062,2021-05-28,1509,2,2,0,0,CLOUDY,DRY,True,1 VEHICLE ENTERING/LEAVING ENTRANCE,ANGLE,STRAIGHT & HILLCREST,DAYLIGHT,,,44347.85961,False,25,Accepted,5,5,O,,,,2021,1
3352,28200663,0510100,HENDERSON POLICE DEPARTMENT,Accepted,HENDERSON,US0041,1905,US41,,N,,,,,,,37.8621232,-87.5750523,16.416,2021-05-28,1441,1,1,0,0,CLEAR,DRY,False,COLLISION WITH ANIMAL NON INTERSECTION,SINGLE VEHICLE,STRAIGHT & LEVEL,DAYLIGHT,,,44348.37567,False,22,Accepted,5,5,O,,,,2021,1
3353,28200667,0510100,HENDERSON POLICE DEPARTMENT,Accepted,HENDERSON,KY0136,,MADISON,ST,,,SHELBY,,,,,37.81816664,-87.58521435,20.652,2021-05-31,1509,2,2,0,0,CLEAR,DRY,False,SIDESWIPE-SAME DIRECTION,SIDESWIPE-SAME DIRECTION,STRAIGHT & HILLCREST,DAYLIGHT,,,44348.37642,False,25,Accepted,5,5,O,,"FAILED TO YIELD RIGHT OF WAY, INATTENTION",,2021,1
3354,28201266,0510100,HENDERSON POLICE DEPARTMENT,Accepted,HENDERSON,US0041,,US41,,N,,,,,,,37.87974128,-87.56541593,17.736,2021-05-31,1507,2,1,0,0,CLEAR,DRY,False,REAR END IN TRAFFIC LANES BOTH VEHICLES MOVING,REAR END,STRAIGHT & LEVEL,DAYLIGHT,,,44348.37684,False,58,Accepted,5,5,O,BACKUP DUE TO REGULAR CONGESTION,,,2021,1
3361,28202353,0510100,HENDERSON POLICE DEPARTMENT,Accepted,HENDERSON,,1940,POWELL,ST,,,,,,,,37.82392723,-87.57035666,1.53,2021-05-28,958,2,2,0,0,RAINING,WET,True,1 VEHICLE PARKED POSITION (NOT PARKING LOT/DRIVEWAY),SIDESWIPE-SAME DIRECTION,STRAIGHT & LEVEL,DARK-HWY NOT LIGHTED,,,44348.58868,False,48,Accepted,5,5,O,,,,2021,1
3362,28210304,0510100,HENDERSON POLICE DEPARTMENT,Accepted,HENDERSON,US0041A,,GREEN,ST,S,KY0136,SAND,,,,,37.82371369,-87.60317015,14.519,2021-05-25,1222,2,2,0,0,CLEAR,DRY,False,ANGLE COLLISION - OTHER,ANGLE,STRAIGHT & LEVEL,DAYLIGHT,,,44350.35874,False,34,Accepted,5,5,O,IMPROPER/NON-WORKING TRAFFIC CONTROLS,OTHER,,2021,1
3363,28210335,0510100,HENDERSON POLICE DEPARTMENT,Accepted,HENDERSON,KY0351,,2ND,ST,,,INGRAM,,,,,37.83889993,-87.58702108,0.086,2021-05-25,1148,2,2,0,0,CLEAR,DRY,False,ANGLE COLLISION - OTHER,ANGLE,STRAIGHT & LEVEL,DAYLIGHT,,,44350.36252,False,34,Accepted,5,5,O,,"DISTRACTION, INATTENTION",,2021,1
3364,28210746,0510100,HENDERSON POLICE DEPARTMENT,Accepted,HENDERSON,US0041,,US41,,N,,ROBIN,,,,,37.86864483,-87.57155271,16.898,2021-06-01,1312,1,1,0,0,RAINING,WET,False,COLLISION WITH FIXED OBJECT IN INTERSECTION - FIRST EVENT COLLISION 09 - 32,SINGLE VEHICLE,STRAIGHT & LEVEL,DAYLIGHT,,,44350.4209,False,67,Accepted,5,5,O,,TOO FAST FOR CONDITIONS,,2021,1
3365,28213355,0510100,HENDERSON POLICE DEPARTMENT,Accepted,HENDERSON,US0060,,US60,,E,,,,BARRET,US0041,US41 N EXIT81 OFF RAMP TO US60 E,37.85981991,-87.56800906,10.586,2021-06-01,1401,3,3,0,0,CLEAR,DRY,False,OTHER ROADWAY OR MID-BLOCK COLLISION,REAR END,STRAIGHT & LEVEL,DAYLIGHT,,,44350.95372,False,22,Accepted,5,5,O,,FOLLOWING TOO CLOSE,,2021,1
3367,28222012,0510100,HENDERSON POLICE DEPARTMENT,Accepted,HENDERSON,US0060,,US60,,E,,,,FRONTIER,,WATSON,37.8646867,-87.55388285,11.459,2021-06-04,1318,2,2,0,0,CLEAR,DRY,True,SIDESWIPE COLLISION - SAME DIRECTION,SIDESWIPE-SAME DIRECTION,STRAIGHT & LEVEL,DAYLIGHT,,,44353.43654,False,67,Accepted,5,5,O,,OTHER,,2021,1
3368,28222941,0510100,HENDERSON POLICE DEPARTMENT,Accepted,HENDERSON,,,VINE,ST,,,ALVASIA,,,,,37.82829753,-87.59100222,0.328,2021-05-29,1848,2,2,0,0,CLEAR,DRY,False,OPPOSITE DIRECTION - BOTH VEHICLES GOING STRAIGHT AHEAD,SIDESWIPE-OPPOSITE DIRECTION,STRAIGHT & LEVEL,DAYLIGHT,,,44353.75253,False,25,Accepted,5,5,O,,"INATTENTION, MISJUDGE CLEARANCE",,2021,1
3369,28222942,0510100,HENDERSON POLICE DEPARTMENT,Accepted,HENDERSON,US0041A,,GREEN,ST,N,,,,9TH,,10TH,37.84920813,-87.58218035,16.685,2021-06-04,1745,2,2,0,0,CLEAR,DRY,False,SIDESWIPE COLLISION - SAME DIRECTION,SIDESWIPE-SAME DIRECTION,STRAIGHT & LEVEL,DAYLIGHT,,,44353.75263,False,44,Accepted,5,5,O,,"INATTENTION, MISJUDGE CLEARANCE",,2021,1
3370,28222943,0510100,HENDERSON POLICE DEPARTMENT,Accepted,HENDERSON,,,ELM,ST,S,,WASHINGTON,,,,,37.83719062,-87.59224399,1.212,2021-06-04,1815,2,2,0,0,CLEAR,DRY,False,ANGLE COLLISION - OTHER,ANGLE,STRAIGHT & LEVEL,DAYLIGHT,,,44353.75269,False,44,Accepted,5,5,O,,INATTENTION,,2021,1
3371,28222944,0510100,HENDERSON POLICE DEPARTMENT,Accepted,HENDERSON,,,ELM,ST,N,,14TH,,,,,37.85480831,-87.58064021,1.302,2021-06-05,1810,2,2,0,0,CLEAR,DRY,False,ANGLE COLLISION - OTHER,ANGLE,STRAIGHT & HILLCREST,DAYLIGHT,,,44353.75273,False,44,Accepted,5,5,O,"GLARE (SUN), VIEW OBSTRUCTED/LIMITED DUE TO RDWY",,,2021,1
3375,28225942,0510100,HENDERSON POLICE DEPARTMENT,Accepted,HENDERSON,,200,WATER,ST,N,,,,,,,37.84084111,-87.59364852,0.34,2021-06-03,1625,2,2,0,0,CLEAR,DRY,False,OTHER ROADWAY OR MID-BLOCK COLLISION,OPPOSING LEFT TURN,STRAIGHT & LEVEL,DAWN,,,44354.48506,False,18,Accepted,5,5,O,,INATTENTION,,2021,1
3376,28225944,0510100,HENDERSON POLICE DEPARTMENT,Accepted,HENDERSON,,1300,ELM,ST,N,,,,,,,37.85295963,-87.58183155,1.135,2021-06-03,1715,2,2,0,0,CLEAR,DRY,False,REAR END IN TRAFFIC LANES BOTH VEHICLES MOVING,REAR END,STRAIGHT & LEVEL,DAYLIGHT,,,44354.48511,False,18,Accepted,5,5,O,,INATTENTION,,2021,1
3377,28225945,0510100,HENDERSON POLICE DEPARTMENT,Accepted,HENDERSON,,,RICHARDSON,AVE,,,GREEN,,,,,37.85550796,-87.57669255,0.276,2021-06-04,1710,2,2,0,0,CLEAR,DRY,False,OTHER INTERSECTION COLLISIONS,REAR END,STRAIGHT & LEVEL,DAYLIGHT,,,44354.48515,False,17,Accepted,5,5,O,,INATTENTION,,2021,1
3379,28226183,0510100,HENDERSON POLICE DEPARTMENT,Accepted,HENDERSON,US0041,2746,US41,,N,,,,,,,37.87662338,-87.56695862,17.507,2021-03-23,11,2,2,0,0,CLEAR,DRY,True,1 VEHICLE ENTERING/LEAVING ENTRANCE,ANGLE,STRAIGHT & LEVEL,DARK-HWY LIGHTED/ON,,,44354.53099,False,25,Accepted,5,5,O,,"FAILED TO YIELD RIGHT OF WAY, INATTENTION",,2021,1
3380,28226229,0510100,HENDERSON POLICE DEPARTMENT,Accepted,HENDERSON,,520,CLAY,ST,,,,,,,,37.83281301,-87.59165049,0.959,2021-06-06,1033,2,2,0,0,CLEAR,DRY,True,1 VEHICLE PARKED POSITION (NOT PARKING LOT/DRIVEWAY),SIDESWIPE-OPPOSITE DIRECTION,STRAIGHT & GRADE,DAYLIGHT,,,44354.54012,False,66,Accepted,5,5,O,,,,2021,1
3382,28229975,0510100,HENDERSON POLICE DEPARTMENT,Accepted,HENDERSON,,1204,DYLAN,PASS,S,,,,,,,37.8709158,-87.53486645,0.101,2021-06-07,1035,2,2,0,0,CLEAR,DRY,True,1 VEHICLE PARKED POSITION (NOT PARKING LOT/DRIVEWAY),BACKING,STRAIGHT & LEVEL,UNKNOWN,,,44355.41847,False,66,Accepted,5,5,O,,,,2021,1
3383,28230205,0510100,HENDERSON POLICE DEPARTMENT,Accepted,HENDERSON,US0041,2751,US41,,N,,,,,,,37.87884469,-87.56593225,17.669,2021-06-01,803,1,1,0,0,CLEAR,DRY,True,COLLISION WITH FIXED OBJECT NON - INTERSECTION - FIRST EVENT COLLISION 09 - 32 EXCLUDING 16,SINGLE VEHICLE,,DARK (UNKNOWN ROADWAY LIGHTING),,,44355.45425,False,65,Accepted,5,5,O,,INATTENTION,,2021,1
3384,28232122,0510100,HENDERSON POLICE DEPARTMENT,Accepted,HENDERSON,US0041,2709,US41,,N,,,,,,,37.8755617,-87.56770287,17.424,2021-06-02,1702,2,2,0,1,CLEAR,DRY,False,1 VEHICLE ENTERING OR LEAVING PARKED POSITION (NOT PARKING LOT),REAR END,STRAIGHT & LEVEL,DAYLIGHT,,,44355.8083,False,22,Accepted,5,4,C,,MISJUDGE CLEARANCE,,2021,1
3387,28234459,0510100,HENDERSON POLICE DEPARTMENT,Accepted,HENDERSON,,,CUMNOCK,ST,,,,,MILL,,MAYER,37.82639769,-87.5825663,0.299,2021-06-07,1248,2,2,0,1,CLEAR,DRY,False,1 VEHICLE PARKED POSITION (NOT PARKING LOT/DRIVEWAY),REAR END,STRAIGHT & LEVEL,DAYLIGHT,,,44356.46638,False,48,Accepted,5,2,A,DEBRIS IN ROADWAY,,,2021,1
3388,28234883,0510100,HENDERSON POLICE DEPARTMENT,Accepted,HENDERSON,,,WASHINGTON,ST,,,WATER,,,,,37.83891605,-87.59511454,1.501,2021-06-08,633,1,1,0,0,CLOUDY,DRY,False,OTHER INTERSECTION COLLISIONS,SINGLE VEHICLE,STRAIGHT & LEVEL,DAWN,,,44356.54848,False,34,Accepted,5,5,O,,,OTHER,2021,1
3389,28236121,0510100,HENDERSON POLICE DEPARTMENT,Accepted,HENDERSON,KY0136,,SAND,LN,,,WOODLAND,,,,,37.82027046,-87.59637695,19.992,2021-06-08,1631,2,2,0,0,CLOUDY,DRY,False,OTHER INTERSECTION COLLISIONS,REAR END,STRAIGHT & LEVEL,DAYLIGHT,,,44356.74801,False,25,Accepted,5,5,O,,INATTENTION,,2021,1
3393,28244297,0510100,HENDERSON POLICE DEPARTMENT,Accepted,HENDERSON,US0041,,US41,,N,,,,,,,37.82625915,-87.56646975,13.674,2021-06-10,1445,3,3,0,0,RAINING,WET,False,SIDESWIPE COLLISION - SAME DIRECTION,SIDESWIPE-SAME DIRECTION,CURVE & LEVEL,DAYLIGHT,,,44358.77624,False,59,Accepted,5,5,O,"SLIPPERY SURFACE, VIEW OBSTRUCTED, LIMITED DUE TO WEATHER CONDITIONS",INATTENTION,,2021,1
3394,28245999,0510100,HENDERSON POLICE DEPARTMENT,Accepted,HENDERSON,,,7TH,ST,,,,,INGRAM,US0041A,GREEN,37.84537815,-87.5836014,0.347,2021-06-08,1225,2,2,0,0,CLEAR,DRY,False,1 VEHICLE PARKED POSITION (NOT PARKING LOT/DRIVEWAY),BACKING,STRAIGHT & LEVEL,DAYLIGHT,,,44359.41385,False,65,Accepted,5,5,O,,INATTENTION,,2021,1
3395,28246000,0510100,HENDERSON POLICE DEPARTMENT,Accepted,HENDERSON,,213,2ND,ST,,,,,,,,37.84029044,-87.5904116,0.12,2021-06-03,1308,2,2,0,0,RAINING,WET,False,VEHICLE BACKING NON INTERSECTION,BACKING,STRAIGHT & LEVEL,DAYLIGHT,,,44359.41389,False,26,Accepted,5,5,O,,MISJUDGE CLEARANCE,,2021,1
3396,28246001,0510100,HENDERSON POLICE DEPARTMENT,Accepted,HENDERSON,,729,CLAY,ST,,,,,,,,37.83120673,-87.58900381,0.777,2021-06-05,1126,1,1,0,0,CLEAR,DRY,False,COLLISION WITH FIXED OBJECT NON - INTERSECTION - FIRST EVENT COLLISION 09 - 32 EXCLUDING 16,SINGLE VEHICLE,STRAIGHT & LEVEL,DAYLIGHT,,,44359.41393,False,26,Accepted,5,5,O,,"FATIGUE, FELL ASLEEP",,2021,1
3397,28246002,0510100,HENDERSON POLICE DEPARTMENT,Accepted,HENDERSON,US0041A,122,GREEN,ST,S,,,,,,,37.83578996,-87.59112715,15.625,2021-06-11,659,2,2,0,0,CLEAR,DRY,False,1 VEHICLE ENTERING/LEAVING ENTRANCE,ANGLE,STRAIGHT & LEVEL,DAYLIGHT,,,44359.41397,False,26,Accepted,5,5,O,,MISJUDGE CLEARANCE,,2021,1
3398,28246040,0510100,HENDERSON POLICE DEPARTMENT,Accepted,HENDERSON,US0041,,US41,,,,,KY0812,AIRLINE,US0041,US41 TURN AROUND,37.81719458,-87.56286409,13.03,2021-06-10,1341,1,1,0,0,RAINING,WET,False,COLLISION WITH FIXED OBJECT NON - INTERSECTION - FIRST EVENT COLLISION 09 - 32 EXCLUDING 16,SINGLE VEHICLE,STRAIGHT & LEVEL,DAYLIGHT,,,44359.43773,False,65,Accepted,5,5,O,,NOT UNDER PROPER CONTROL,,2021,1
3403,28253488,0510100,HENDERSON POLICE DEPARTMENT,Accepted,HENDERSON,,,PRIEST,ST,,KY0351,2ND,,,,,37.83305792,-87.57302408,0.313,2021-06-11,1702,2,2,0,0,CLEAR,DRY,False,OTHER INTERSECTION COLLISIONS,REAR END,CURVE & HILLCREST,DAYLIGHT,,,44361.68237,False,25,Accepted,5,5,O,,INATTENTION,,2021,1
3404,28253490,0510100,HENDERSON POLICE DEPARTMENT,Accepted,HENDERSON,US0041,2400,US41,,N,,,,,,,37.87193222,-87.56976208,17.19,2021-06-11,1517,4,4,0,0,CLEAR,DRY,False,REAR END IN TRAFFIC LANES BOTH VEHICLES MOVING,REAR END,STRAIGHT & LEVEL,DAYLIGHT,,,44361.68244,False,59,Accepted,5,5,O,,"DISTRACTION, INATTENTION",,2021,1
3405,28253491,0510100,HENDERSON POLICE DEPARTMENT,Accepted,HENDERSON,,919,POND,ST,,,,,,,,37.8225889,-87.58739064,0.263,2021-06-12,1537,2,2,0,0,,,True,1 VEHICLE PARKED POSITION (NOT PARKING LOT/DRIVEWAY),,,,,,44361.68249,False,25,Accepted,5,5,O,,,,2021,1
3406,28253494,0510100,HENDERSON POLICE DEPARTMENT,Accepted,HENDERSON,KY0351,1321,2ND,ST,,,,,,,,37.83297791,-87.57271505,0.977,2021-06-13,1529,2,2,0,0,CLEAR,DRY,False,1 VEHICLE ENTERING/LEAVING ENTRANCE,ANGLE,STRAIGHT & LEVEL,DAYLIGHT,,,44361.6826,False,64,Accepted,5,5,O,,INATTENTION,,2021,1
3407,28253495,0510100,HENDERSON POLICE DEPARTMENT,Accepted,HENDERSON,US0041,2749,US41,,N,,,,,,,37.86761861,-87.57181872,16.784,2021-06-10,1510,2,2,0,0,CLEAR,WET,False,REAR END IN TRAFFIC LANES BOTH VEHICLES MOVING,REAR END,STRAIGHT & LEVEL,DAYLIGHT,,,44361.68265,False,17,Accepted,5,5,O,,OTHER,"TIRE FAILURE, TIRES",2021,1
3408,28253500,0510100,HENDERSON POLICE DEPARTMENT,Accepted,HENDERSON,KY0351,,ZION,RD,,KY1539,LARUE,,,,,37.82849972,-87.55844453,1.814,2021-06-12,1759,2,2,0,2,CLEAR,DRY,False,ANGLE COLLISION - OTHER,ANGLE,STRAIGHT & LEVEL,DAYLIGHT,,,44361.68276,False,64,Accepted,4,4,C,,INATTENTION,,2021,1
3409,28257575,0510100,HENDERSON POLICE DEPARTMENT,Accepted,HENDERSON,,,1ST,ST,,US0041A,GREEN,,,,,37.83819836,-87.5891705,0.289,2021-06-14,1633,2,2,0,0,CLEAR,DRY,False,OTHER INTERSECTION COLLISIONS,REAR END,STRAIGHT & LEVEL,DAYLIGHT,,,44362.62025,False,37,Accepted,5,5,O,,NOT UNDER PROPER CONTROL,,2021,1
3410,28259790,0510100,HENDERSON POLICE DEPARTMENT,Accepted,HENDERSON,US0041,2053,US41,,N,,,,,,,37.86700815,-87.57242506,16.781,2021-06-12,2146,3,3,0,0,CLOUDY,DRY,False,COLLISION WITH FIXED OBJECT NON - INTERSECTION - FIRST EVENT COLLISION 09 - 32 EXCLUDING 16,HEAD ON,STRAIGHT & LEVEL,DARK-HWY LIGHTED/ON,,,44363.08444,True,33,Accepted,5,5,O,OTHER,"ALCOHOL INVOLVEMENT, FOLLOWING TOO CLOSE",,2021,1
3412,28265744,0510100,HENDERSON POLICE DEPARTMENT,Accepted,HENDERSON,KY0351,,ZION,RD,,,,KY1539,LARUE,,ARLINGTON,37.82870427,-87.55924932,1.773,2021-06-04,744,2,2,0,0,CLEAR,DRY,False,OTHER ROADWAY OR MID-BLOCK COLLISION,REAR END,STRAIGHT & LEVEL,DAYLIGHT,,,44364.50274,False,65,Accepted,5,5,O,,INATTENTION,,2021,1
3413,28265954,0510100,HENDERSON POLICE DEPARTMENT,Accepted,HENDERSON,US0041A,,GREEN,ST,S,,CLAY,,,,,37.83379696,-87.59328467,15.444,2021-06-14,654,2,2,0,0,CLEAR,DRY,False,SIDESWIPE-SAME DIRECTION,SIDESWIPE-SAME DIRECTION,STRAIGHT & LEVEL,DAYLIGHT,,,44364.55061,False,66,Accepted,5,5,O,,INATTENTION,,2021,1
3414,28266761,0510100,HENDERSON POLICE DEPARTMENT,Accepted,HENDERSON,KY2084,,KY2084,,S,,MARKET,,,,,37.80346823,-87.57228859,0.905,2021-06-15,1906,2,2,0,0,CLEAR,DRY,False,OTHER INTERSECTION COLLISIONS,REAR END,STRAIGHT & HILLCREST,DAYLIGHT,,,44364.69115,False,25,Accepted,5,5,O,,INATTENTION,,2021,1
3415,28266774,0510100,HENDERSON POLICE DEPARTMENT,Accepted,HENDERSON,US0041,2600,US41,,N,,,,,,,37.8751124,-87.56780958,17.421,2021-06-15,1749,2,2,0,0,CLEAR,DRY,False,REAR END IN TRAFFIC LANES BOTH VEHICLES MOVING,REAR END,STRAIGHT & LEVEL,DAYLIGHT,,,44364.69141,False,59,Accepted,5,5,O,,INATTENTION,,2021,1
3416,28267516,0510100,HENDERSON POLICE DEPARTMENT,Accepted,HENDERSON,US0041,,US41,,N,,,,,,,37.83249319,-87.56601253,14.226,2021-06-15,1550,2,2,0,0,CLEAR,DRY,False,SIDESWIPE COLLISION - SAME DIRECTION,SIDESWIPE-SAME DIRECTION,STRAIGHT & LEVEL,DAYLIGHT,,,44364.89832,False,37,Accepted,5,5,O,,MISJUDGE CLEARANCE,,2021,1
3419,28274371,0510100,HENDERSON POLICE DEPARTMENT,Accepted,HENDERSON,,2385,DUNDONNELL,DR,,,,,,,,37.86087891,-87.55966176,0.092,2021-06-18,2340,2,2,0,0,CLEAR,DRY,False,1 VEHICLE PARKED POSITION (NOT PARKING LOT/DRIVEWAY),BACKING,STRAIGHT & GRADE,DARK-HWY LIGHTED/ON,,,44367.04152,False,16,Accepted,5,5,O,,INATTENTION,,2021,1
3420,28274646,0510100,HENDERSON POLICE DEPARTMENT,Accepted,HENDERSON,US0041A,,GREEN,ST,N,,2ND,,,,,37.83948654,-87.58841104,15.92,2021-06-19,2200,2,2,0,0,CLEAR,DRY,False,OPPOSING LEFT TURN,OPPOSING LEFT TURN,STRAIGHT & LEVEL,DARK-HWY LIGHTED/ON,,,44367.10613,False,38,Accepted,5,5,O,,INATTENTION,,2021,1
3423,28280886,0510100,HENDERSON POLICE DEPARTMENT,Accepted,HENDERSON,,,WATSON,LN,,,SUREWAY,,,,,37.87509379,-87.5665792,1.031,2021-06-14,1656,2,2,0,0,CLEAR,DRY,False,ANGLE COLLISION - ONE VEHICLE TURNING RIGHT,ANGLE,STRAIGHT & LEVEL,DAYLIGHT,,,44368.79334,False,17,Accepted,5,5,O,,FAILED TO YIELD RIGHT OF WAY,,2021,1
3424,28280887,0510100,HENDERSON POLICE DEPARTMENT,Accepted,HENDERSON,US0041,2855,US41,,N,,,,,,,37.87666727,-87.56707092,17.507,2021-06-18,1637,2,2,0,2,CLEAR,DRY,False,1 VEHICLE ENTERING/LEAVING ENTRANCE,ANGLE,STRAIGHT & LEVEL,DAYLIGHT,,,44368.79341,False,17,Accepted,5,4,C,,INATTENTION,,2021,1
3425,28281177,0510100,HENDERSON POLICE DEPARTMENT,Accepted,HENDERSON,US0041A,,GREEN,ST,N,,2ND,,,,,37.83957825,-87.58846486,15.917,2021-06-17,1712,3,3,0,4,CLEAR,DRY,False,ANGLE COLLISION - OTHER,ANGLE,STRAIGHT & LEVEL,DAYLIGHT,,,44368.89086,False,37,Accepted,5,3,B,,FAILED TO YIELD RIGHT OF WAY,,2021,1
3426,28281358,0510100,HENDERSON POLICE DEPARTMENT,Accepted,HENDERSON,,,MAIN,ST,S,,POWELL,,,,,37.83690457,-87.59481282,2.003,2021-06-18,1830,4,4,0,2,CLEAR,DRY,False,ANGLE COLLISION - OTHER,ANGLE,STRAIGHT & LEVEL,DAYLIGHT,,,44368.95267,False,44,Accepted,5,3,B,,LOST CONSCIOUSNESS/FAINTED,,2021,1
3430,28282658,0510000,HENDERSON COUNTY SHERIFF DEPT.,Accepted,HENDERSON,US0060,,KY331,,,,,,,,,37.79637055,-87.65704804,8.144,2021-06-22,325,1,1,0,0,CLEAR,DRY,False,COLLISION WITH FIXED OBJECT NON - INTERSECTION - FIRST EVENT COLLISION 09 - 32 EXCLUDING 16,SINGLE VEHICLE,STRAIGHT & LEVEL,DARK-HWY NOT LIGHTED,,,44369.40038,False,140,Accepted,5,5,O,,MISJUDGE CLEARANCE,,2021,1