OBJECTID,IncidentID,AgencyORI,AgencyName,IncidentStatusDesc,County,RdwyNumber,Street,RoadwayName,StreetSfx,StreetDir,IntersectionRdwy,IntersectionRdwyName,BetweenStRdwy1,BetweenStRdwyName1,BetweenStRdwy2,BetweenStRdwyName2,Latitude,Longitude,Milepoint,CollisionDate,CollisionTime,UnitsInvolved,MotorVehiclesInvolved,NumberKilled,NumberInjured,Weather,RdwyConditionCode,HitandRun,DirAnalysisCode,MannerofCollision,RdwyCharacter,LightCondition,RampFromRdwyId,RampToRdwyId,AcceptedDate,IsSecondaryCollision,OwnerBadge,IncidentStatus,InjurySeverityCde,KABCO_Code,KABCO,Environmental_Factors,Human_Factors,Vehicular_Factors,CollisionYear,CityCrash
3431,28283063,0510100,HENDERSON POLICE DEPARTMENT,Accepted,HENDERSON,,,YOUNG,ST,,,,,SHELBY,,LETCHER,37.81977521,-87.58559802,0.168,2021-06-15,825,2,2,0,0,CLEAR,DRY,False,1 VEHICLE PARKED POSITION (NOT PARKING LOT/DRIVEWAY),BACKING,STRAIGHT & LEVEL,DAYLIGHT,,,44369.46532,False,65,Accepted,5,5,O,,INATTENTION,,2021,1
3432,28283065,0510100,HENDERSON POLICE DEPARTMENT,Accepted,HENDERSON,US0041A,,GREEN,ST,N,,7TH,,,,,37.84573108,-87.58440348,16.411,2021-06-16,1259,2,2,0,0,CLEAR,DRY,False,OPPOSING LEFT TURN,OPPOSING LEFT TURN,STRAIGHT & LEVEL,DAYLIGHT,,,44369.46537,False,66,Accepted,5,5,O,,INATTENTION,,2021,1
3433,28283070,0510100,HENDERSON POLICE DEPARTMENT,Accepted,HENDERSON,US0041A,,GREEN,ST,N,,,,4TH,,5TH,37.8429769,-87.58621014,16.193,2021-06-21,738,3,3,0,0,CLOUDY,DRY,False,OTHER ROADWAY OR MID-BLOCK COLLISION,REAR END,STRAIGHT & LEVEL,DAYLIGHT,,,44369.46548,True,72,Accepted,5,5,O,,INATTENTION,,2021,1
3434,28283075,0510100,HENDERSON POLICE DEPARTMENT,Accepted,HENDERSON,,,5TH,ST,,,MAIN,,,,,37.84458081,-87.589196,1.147,2021-06-21,1136,2,2,0,5,CLOUDY,DRY,False,ANGLE COLLISION - OTHER,ANGLE,STRAIGHT & LEVEL,DAYLIGHT,,,44369.46571,False,66,Accepted,5,4,C,,INATTENTION,,2021,1
3435,28283306,0510100,HENDERSON POLICE DEPARTMENT,Accepted,HENDERSON,KY0351,,ZION,RD,,,,US0041,US41 RAMP KY351,KY2084,KY2084,37.8310353,-87.56763008,1.283,2021-06-18,1345,2,2,0,0,CLEAR,DRY,False,SIDESWIPE COLLISION - SAME DIRECTION,SIDESWIPE-SAME DIRECTION,STRAIGHT & LEVEL,DAYLIGHT,,,44369.51631,False,48,Accepted,5,5,O,,INATTENTION,,2021,1
3436,28284973,0510100,HENDERSON POLICE DEPARTMENT,Accepted,HENDERSON,,2369,KINMONT,WAY,,,,,,,,37.85957604,-87.55840838,0.054,2021-06-20,1931,2,2,0,0,CLEAR,DRY,False,1 VEHICLE PARKED POSITION (NOT PARKING LOT/DRIVEWAY),BACKING,STRAIGHT & LEVEL,DAYLIGHT,,,44369.83852,False,17,Accepted,5,5,O,,INATTENTION,,2021,1
3437,28284974,0510100,HENDERSON POLICE DEPARTMENT,Accepted,HENDERSON,,1100,BARRET,BLVD,,,,,,,,37.85889584,-87.56717427,0.271,2021-06-18,1523,2,2,0,0,CLEAR,DRY,False,1 VEHICLE ENTERING/LEAVING ENTRANCE,ANGLE,STRAIGHT & LEVEL,DAYLIGHT,,,44369.83856,False,17,Accepted,5,5,O,,INATTENTION,,2021,1
3441,28291140,0510100,HENDERSON POLICE DEPARTMENT,Accepted,HENDERSON,,,DR MARTIN LUTHER KING JR,AVE,,,LETT,,,,,37.82783944,-87.5863525,0.55,2021-06-17,1319,2,2,0,1,CLEAR,DRY,False,ANGLE COLLISION - OTHER,ANGLE,STRAIGHT & HILLCREST,DAYLIGHT,,,44371.44114,False,66,Accepted,5,3,B,,INATTENTION,,2021,1
3442,28291184,0510100,HENDERSON POLICE DEPARTMENT,Accepted,HENDERSON,,,PLUM,ST,,,,,ADAMS,,INGRAM,37.82903775,-87.59495808,0.126,2021-06-23,600,2,2,0,0,CLEAR,DRY,False,1 VEHICLE ENTERING/LEAVING ENTRANCE,ANGLE,STRAIGHT & LEVEL,DAWN,,,44371.44679,False,34,Accepted,5,5,O,,TURNING IMPROPERLY,,2021,1
3443,28292894,0510100,HENDERSON POLICE DEPARTMENT,Accepted,HENDERSON,,,ELM,ST,N,,ROBIN,,,,,37.86954979,-87.57320419,2.403,2021-06-23,1400,2,2,0,0,CLEAR,DRY,True,OTHER INTERSECTION COLLISIONS,REAR END,STRAIGHT & LEVEL,DAYLIGHT,,,44371.79978,False,25,Accepted,5,5,O,,"FOLLOWING TOO CLOSE, INATTENTION",,2021,1
3444,28292895,0510100,HENDERSON POLICE DEPARTMENT,Accepted,HENDERSON,,487,GLOVER,DR,,,,,,,,37.81717339,-87.57248534,0.29,2021-06-23,2029,2,2,0,0,CLEAR,DRY,False,1 VEHICLE PARKED POSITION (NOT PARKING LOT/DRIVEWAY),BACKING,CURVE & LEVEL,DARK-HWY LIGHTED/ON,,,44371.79982,False,25,Accepted,5,5,O,,INATTENTION,,2021,1
3445,28292896,0510100,HENDERSON POLICE DEPARTMENT,Accepted,HENDERSON,,,3RD,ST,,,WATER,,,,,37.84263377,-87.59242765,0.002,2021-06-12,1546,2,2,0,0,CLEAR,DRY,False,COLLISION WITH PARKED VEHICLE,BACKING,STRAIGHT & GRADE,DAYLIGHT,,,44371.79985,False,15,Accepted,5,5,O,,IMPROPER BACKING,,2021,1
3446,28294803,0510100,HENDERSON POLICE DEPARTMENT,Accepted,HENDERSON,,,INGRAM,ST,N,,,,CENTER,,1ST,37.83695808,-87.58821409,0.631,2021-06-24,1212,1,1,0,0,CLEAR,DRY,True,COLLISION WITH FIXED OBJECT NON - INTERSECTION - FIRST EVENT COLLISION 09 - 32 EXCLUDING 16,SINGLE VEHICLE,STRAIGHT & LEVEL,DAYLIGHT,,,44372.35163,False,72,Accepted,5,5,O,,"FATIGUE, NOT UNDER PROPER CONTROL",,2021,1
3447,28294805,0510100,HENDERSON POLICE DEPARTMENT,Accepted,HENDERSON,US0041,3100,US41,,N,,,,,,,37.88335788,-87.56290858,18.01,2021-06-24,612,2,2,0,0,CLEAR,DRY,False,SIDESWIPE COLLISION - SAME DIRECTION,SIDESWIPE-SAME DIRECTION,CURVE & LEVEL,DAYLIGHT,,,44372.35167,False,66,Accepted,5,5,O,,INATTENTION,,2021,1
3451,28296386,0510100,HENDERSON POLICE DEPARTMENT,Accepted,HENDERSON,,,4TH,ST,,,INGRAM,,,,,37.8414682,-87.5854245,0.28,2021-06-24,1610,1,1,0,0,CLEAR,DRY,False,OTHER INTERSECTION COLLISIONS,SINGLE VEHICLE,STRAIGHT & LEVEL,DAYLIGHT,,,44372.66065,False,37,Accepted,5,5,O,,"INATTENTION, MISJUDGE CLEARANCE",,2021,1
3452,28296387,0510100,HENDERSON POLICE DEPARTMENT,Accepted,HENDERSON,,,POWELL,ST,,,JULIA,,,,,37.83065333,-87.58435569,0.811,2021-06-21,1355,2,2,0,0,RAINING,WET,False,ANGLE COLLISION - OTHER,ANGLE,STRAIGHT & LEVEL,DAYLIGHT,,,44372.6607,False,44,Accepted,5,5,O,,"FAILED TO YIELD RIGHT OF WAY, INATTENTION",,2021,1
3453,28296388,0510100,HENDERSON POLICE DEPARTMENT,Accepted,HENDERSON,US0041A,,GREEN,ST,S,,,,,,,37.83307662,-87.59400721,15.376,2021-06-24,1438,2,2,0,0,CLEAR,DRY,False,SIDESWIPE COLLISION - SAME DIRECTION,SIDESWIPE-SAME DIRECTION,STRAIGHT & LEVEL,DAYLIGHT,,,44372.66075,False,19,Accepted,5,5,O,,INATTENTION,,2021,1
3454,28296389,0510100,HENDERSON POLICE DEPARTMENT,Accepted,HENDERSON,,,CENTER,ST,,,ALVES,,,,,37.83525088,-87.58600143,0.587,2021-06-23,1845,2,2,0,0,CLEAR,DRY,False,ANGLE COLLISION - OTHER,ANGLE,STRAIGHT & LEVEL,DAYLIGHT,,,44372.66078,False,37,Accepted,5,5,O,GLARE (SUN),MISJUDGE CLEARANCE,,2021,1
3455,28304846,0510100,HENDERSON POLICE DEPARTMENT,Accepted,HENDERSON,,,BARRET,BLVD,,US0060,US60,,,,,37.85967883,-87.56764257,0.332,2021-06-24,1154,2,2,0,0,CLEAR,DRY,False,SIDESWIPE-SAME DIRECTION,SIDESWIPE-SAME DIRECTION,STRAIGHT & LEVEL,DAYLIGHT,,,44375.37396,False,67,Accepted,5,5,O,,INATTENTION,,2021,1
3460,28306097,0510100,HENDERSON POLICE DEPARTMENT,Accepted,HENDERSON,,,12TH,ST,,,ELM,,,,,37.85281752,-87.58198534,0.182,2021-06-24,1228,2,2,0,0,CLEAR,DRY,False,ANGLE COLLISION - ONE VEHICLE TURNING RIGHT,ANGLE,STRAIGHT & LEVEL,DAYLIGHT,,,44375.59407,False,67,Accepted,5,5,O,,INATTENTION,,2021,1
3461,28306292,0510100,HENDERSON POLICE DEPARTMENT,Accepted,HENDERSON,US0041A,,GREEN,ST,N,,5TH,,,,,37.84328234,-87.58602308,16.216,2021-06-25,1106,3,3,0,0,CLOUDY,DRY,False,OPPOSING LEFT TURN,OPPOSING LEFT TURN,STRAIGHT & LEVEL,DAYLIGHT,,,44375.61533,False,48,Accepted,5,5,O,,INATTENTION,,2021,1
3462,28306293,0510100,HENDERSON POLICE DEPARTMENT,Accepted,HENDERSON,US0041,,US41,,N,,,,BARKER,,WALKER,37.87038559,-87.57053157,17.034,2021-06-25,1244,2,2,0,0,CLEAR,DRY,False,REAR END IN TRAFFIC LANES BOTH VEHICLES MOVING,REAR END,STRAIGHT & LEVEL,DAYLIGHT,,,44375.61539,False,48,Accepted,5,5,O,,INATTENTION,,2021,1
3463,28306461,0510100,HENDERSON POLICE DEPARTMENT,Accepted,HENDERSON,US0041A,,GREEN,ST,S,,,,,,,37.83374794,-87.59331236,15.442,2021-06-25,1630,2,2,0,0,CLEAR,DRY,False,1 VEHICLE ENTERING/LEAVING ENTRANCE,ANGLE,STRAIGHT & LEVEL,DAYLIGHT,,,44375.64407,False,19,Accepted,5,5,O,,INATTENTION,,2021,1
3464,28306463,0510100,HENDERSON POLICE DEPARTMENT,Accepted,HENDERSON,,824,POWELL,ST,,,,,,,,37.83195028,-87.58649081,0.665,2021-06-27,,2,2,0,0,CLEAR,DRY,True,1 VEHICLE PARKED POSITION (NOT PARKING LOT/DRIVEWAY),HEAD ON,STRAIGHT & GRADE,DARK-HWY NOT LIGHTED,,,44375.64414,False,44,Accepted,5,5,O,,,,2021,1
3465,28307887,0510100,HENDERSON POLICE DEPARTMENT,Accepted,HENDERSON,US0060,,US60,,E,,BARRET,,,,,37.85991397,-87.56779125,10.598,2021-06-26,1404,3,3,0,0,CLEAR,DRY,False,OTHER INTERSECTION COLLISIONS,REAR END,STRAIGHT & LEVEL,DAYLIGHT,,,44375.96331,False,17,Accepted,5,5,O,,DISTRACTION,,2021,1
3466,28307888,0510100,HENDERSON POLICE DEPARTMENT,Accepted,HENDERSON,,2426,ELM,ST,N,,,,,,,37.85689992,-87.5792834,1.465,2021-06-26,1440,2,2,0,0,CLEAR,DRY,False,REAR END IN TRAFFIC LANES BOTH VEHICLES MOVING,REAR END,STRAIGHT & LEVEL,DAYLIGHT,,,44375.9634,False,17,Accepted,5,5,O,,INATTENTION,,2021,1
3467,28310211,0510100,HENDERSON POLICE DEPARTMENT,Accepted,HENDERSON,,,2ND,ST,,,,,MAIN,,WATER,37.84112247,-87.59243063,0.244,2021-06-18,1043,1,1,0,0,CLEAR,DRY,False,OTHER ROADWAY OR MID-BLOCK COLLISION,SINGLE VEHICLE,STRAIGHT & LEVEL,DAYLIGHT,,,44376.52332,False,48,Accepted,5,5,O,,MISJUDGE CLEARANCE,,2021,1
3468,28312056,0510100,HENDERSON POLICE DEPARTMENT,Accepted,HENDERSON,US0041,,US41,,N,,,,,,,37.85101142,-87.568113,15.542,2021-06-27,2139,2,2,0,0,CLEAR,DRY,False,1 VEHICLE ENTERING/LEAVING ENTRANCE,ANGLE,STRAIGHT & LEVEL,DAYLIGHT,,,44376.85949,False,64,Accepted,5,5,O,,INATTENTION,,2021,1
3469,28312058,0510100,HENDERSON POLICE DEPARTMENT,Accepted,HENDERSON,,200,INGRAM,ST,N,,,,,,,37.83925634,-87.58675262,0.453,2021-06-28,1647,1,1,0,0,CLEAR,DRY,False,OTHER ROADWAY OR MID-BLOCK COLLISION,SINGLE VEHICLE,STRAIGHT & LEVEL,DAYLIGHT,,,44376.85955,False,64,Accepted,5,5,O,,NOT UNDER PROPER CONTROL,,2021,1
3470,28312061,0510100,HENDERSON POLICE DEPARTMENT,Accepted,HENDERSON,US0041,1900,US41,,N,,,,,,,37.86144362,-87.57548419,16.368,2021-06-20,852,1,1,0,0,CLEAR,DRY,False,COLLISION WITH FIXED OBJECT NON - INTERSECTION - FIRST EVENT COLLISION 09 - 32 EXCLUDING 16,SINGLE VEHICLE,CURVE & GRADE,DAYLIGHT,,,44376.85963,False,15,Accepted,5,5,O,,,"STEERING FAILURE, TIRE FAILURE",2021,1
3471,28312330,0510100,HENDERSON POLICE DEPARTMENT,Accepted,HENDERSON,,876,LARKVIEW,DR,,,,,,,,37.86996111,-87.55654698,0.045,2021-06-16,2031,1,1,0,0,CLEAR,DRY,True,COLLISION WITH FIXED OBJECT NON - INTERSECTION - FIRST EVENT COLLISION 09 - 32 EXCLUDING 16,SINGLE VEHICLE,STRAIGHT & LEVEL,DARK-HWY LIGHTED/ON,,,44376.93372,False,22,Accepted,5,5,O,,NOT UNDER PROPER CONTROL,,2021,1
3472,28312400,0510100,HENDERSON POLICE DEPARTMENT,Accepted,HENDERSON,,700,WATSON,LN,,,,,,,,37.8730013,-87.56035527,0.657,2021-06-24,1442,2,2,0,0,CLEAR,DRY,False,1 VEHICLE ENTERING/LEAVING ENTRANCE,ANGLE,STRAIGHT & LEVEL,DAYLIGHT,,,44376.94931,False,22,Accepted,5,5,O,MAINTENANCE/UTILITY WORK ZONE,,,2021,1
3473,28318346,0510100,HENDERSON POLICE DEPARTMENT,Accepted,HENDERSON,US0041A,300,GREEN,ST,N,,,,2ND,,3RD,37.84020681,-87.58798347,15.98,2021-06-29,737,2,2,0,0,CLEAR,DRY,True,REAR END IN TRAFFIC LANES BOTH VEHICLES MOVING,REAR END,STRAIGHT & LEVEL,DAYLIGHT,,,44378.37826,False,10,Accepted,5,5,O,,INATTENTION,,2021,1
3474,28318350,0510100,HENDERSON POLICE DEPARTMENT,Accepted,HENDERSON,,,OAK,ST,,,,,SHELBY,,ATKINSON,37.82094787,-87.58077171,,2021-06-16,1247,2,2,0,0,CLEAR,DRY,False,1 VEHICLE PARKED POSITION (NOT PARKING LOT/DRIVEWAY),BACKING,STRAIGHT & LEVEL,DAYLIGHT,,,44378.37835,False,65,Accepted,5,5,O,,INATTENTION,,2021,1
3475,28318663,0510100,HENDERSON POLICE DEPARTMENT,Accepted,HENDERSON,,,CLAY,ST,,,MEADOW,,,,,37.82835306,-87.58428067,0.452,2021-06-29,1144,2,2,0,0,CLEAR,DRY,False,OTHER INTERSECTION COLLISIONS,REAR END,STRAIGHT & LEVEL,DAYLIGHT,,,44378.42749,False,48,Accepted,5,5,O,,INATTENTION,,2021,1
3477,28320241,0510100,HENDERSON POLICE DEPARTMENT,Accepted,HENDERSON,US0041,2746,US41,,N,,,,,,,37.87665487,-87.56709536,17.506,2021-06-30,1520,2,2,0,0,CLEAR,DRY,False,SIDESWIPE COLLISION - SAME DIRECTION,SIDESWIPE-SAME DIRECTION,STRAIGHT & LEVEL,DAYLIGHT,,,44378.77723,False,44,Accepted,5,5,O,OTHER,INATTENTION,,2021,1
3478,28320309,0510100,HENDERSON POLICE DEPARTMENT,Accepted,HENDERSON,US0041A,1400,GREEN,ST,N,,,,,,,37.85503713,-87.57746889,17.177,2021-05-27,1827,2,2,0,3,CLEAR,DRY,False,OTHER ROADWAY OR MID-BLOCK COLLISION,OPPOSING LEFT TURN,STRAIGHT & LEVEL,DAYLIGHT,,,44378.79762,False,18,Accepted,5,3,B,,TURNING IMPROPERLY,,2021,1
3479,28322215,0510100,HENDERSON POLICE DEPARTMENT,Accepted,HENDERSON,US0041,,US41,,N,,CANARY,,,,,37.86862886,-87.5715402,16.899,2021-06-24,1156,2,2,0,0,CLEAR,DRY,False,ANGLE COLLISION - OTHER,ANGLE,STRAIGHT & LEVEL,DAYLIGHT,,,44379.42726,False,65,Accepted,5,5,O,,INATTENTION,,2021,1
3480,28323612,0510100,HENDERSON POLICE DEPARTMENT,Accepted,HENDERSON,KY0812,,AIRLINE,RD,,,REID,,,,,37.82187419,-87.57239077,7.597,2021-07-01,1546,2,2,0,2,CLEAR,DRY,False,HEAD-ON COLLISION,HEAD ON,STRAIGHT & LEVEL,DAYLIGHT,,,44379.71729,False,46,Accepted,4,3,B,,IMPROPER PASSING,,2021,1
3481,28324747,0510100,HENDERSON POLICE DEPARTMENT,Accepted,HENDERSON,US0041,2053,US41,,N,,,,,,,37.86671667,-87.57258379,16.76,2021-06-28,1414,2,2,0,1,CLEAR,DRY,False,SIDESWIPE COLLISION - SAME DIRECTION,SIDESWIPE-SAME DIRECTION,STRAIGHT & LEVEL,DAYLIGHT,,,44380.06754,False,22,Accepted,5,4,C,,"FAILED TO KEEP PROPER LANE, NOT UNDER PROPER CONTROL",,2021,1
3482,28331620,0510100,HENDERSON POLICE DEPARTMENT,Accepted,HENDERSON,KY0812,,AIRLINE,RD,,KY6107,ADAMS,,,,,37.81103307,-87.55339825,6.321,2021-07-03,850,1,1,1,0,CLEAR,DRY,False,COLLISION WITH FIXED OBJECT IN INTERSECTION - FIRST EVENT COLLISION 09 - 32,SINGLE VEHICLE,STRAIGHT & GRADE,DAYLIGHT,,,44382.61825,False,48,Accepted,5,1,K,,OTHER,,2021,1
3483,28332198,0510100,HENDERSON POLICE DEPARTMENT,Accepted,HENDERSON,US0041,,,,,,,,,,,37.85841536,-87.57511221,0.049,2021-07-02,1923,2,2,0,0,CLEAR,DRY,False,OTHER RAMP RELATED COLLISIONS NOT LISTED ABOVE,SIDESWIPE-SAME DIRECTION,CURVE & HILLCREST,DAYLIGHT,US0041,US0060,44382.71831,False,25,Accepted,5,5,O,,"FAILED TO YIELD RIGHT OF WAY, INATTENTION",,2021,1
3484,28332199,0510100,HENDERSON POLICE DEPARTMENT,Accepted,HENDERSON,US0041,2400,US41,,N,,,,,,,37.87173217,-87.56968714,17.136,2021-07-01,1703,2,2,0,0,CLEAR,DRY,False,OTHER ROADWAY OR MID-BLOCK COLLISION,REAR END,STRAIGHT & LEVEL,DAYLIGHT,,,44382.71836,False,59,Accepted,5,5,O,,,BRAKES DEFECTIVE,2021,1
3485,28332200,0510100,HENDERSON POLICE DEPARTMENT,Accepted,HENDERSON,US0041,2855,US41,,N,,,,,,,37.86503316,-87.57337829,16.635,2021-07-01,1658,2,2,0,0,CLEAR,DRY,False,OTHER COLLISIONS ON SHOULDER,ANGLE,STRAIGHT & LEVEL,DAYLIGHT,,,44382.71839,False,17,Accepted,5,5,O,,INATTENTION,,2021,1
3486,28332202,0510100,HENDERSON POLICE DEPARTMENT,Accepted,HENDERSON,,,BEND GATE,RD,,,GREEN RIVER,,,,,37.86796496,-87.55883465,0.001,2021-07-03,1943,2,2,0,0,CLEAR,DRY,False,SIDESWIPE-SAME DIRECTION,SIDESWIPE-SAME DIRECTION,STRAIGHT & LEVEL,DAYLIGHT,,,44382.71843,False,25,Accepted,5,5,O,,"FAILED TO YIELD RIGHT OF WAY, INATTENTION, EXCEEDED STATED SPEED LIMIT",,2021,1
3487,28332203,0510100,HENDERSON POLICE DEPARTMENT,Accepted,HENDERSON,,338,2ND,ST,,,,,,,,37.83944353,-87.58862136,0.009,2021-07-03,2125,2,2,0,0,CLEAR,DRY,False,SIDESWIPE COLLISION - SAME DIRECTION,SIDESWIPE-SAME DIRECTION,STRAIGHT & LEVEL,DARK-HWY LIGHTED/ON,,,44382.71846,False,25,Accepted,5,5,O,,"FAILED TO YIELD RIGHT OF WAY, INATTENTION",,2021,1
3488,28332204,0510100,HENDERSON POLICE DEPARTMENT,Accepted,HENDERSON,US0060,,US60,,E,,BARRET,,,,,37.85990503,-87.56775628,10.6,2021-07-02,1430,2,2,0,1,CLEAR,DRY,False,OTHER INTERSECTION COLLISIONS,REAR END,STRAIGHT & GRADE,DAYLIGHT,,,44382.7185,False,44,Accepted,5,4,C,OTHER,FOLLOWING TOO CLOSE,,2021,1
3494,28335870,0510100,HENDERSON POLICE DEPARTMENT,Accepted,HENDERSON,US0041,,US41,,N,,,,PAUL,,WATSON,37.87514069,-87.56777527,17.42,2021-06-29,1005,3,3,0,0,CLEAR,DRY,False,OTHER ROADWAY OR MID-BLOCK COLLISION,REAR END,STRAIGHT & LEVEL,DAYLIGHT,,,44383.5308,False,67,Accepted,5,5,O,,INATTENTION,,2021,1
3495,28335872,0510100,HENDERSON POLICE DEPARTMENT,Accepted,HENDERSON,KY0812,,AIRLINE,RD,,,,,HICKS,,LINCOLN,37.82302196,-87.57436436,7.732,2021-07-04,759,1,1,0,0,CLEAR,DRY,False,RAN OFF ROADWAY (1 VEHICLE WITH/EARTH EMBANKMENT/DITCH),SINGLE VEHICLE,STRAIGHT & LEVEL,DAYLIGHT,,,44383.53097,False,48,Accepted,5,5,O,,"FATIGUE, FELL ASLEEP",,2021,1
3498,28341605,0510100,HENDERSON POLICE DEPARTMENT,Accepted,HENDERSON,US0041,,US41,,,KY0812,AIRLINE,,,,,37.81666245,-87.56294607,1.866,2021-07-05,1422,1,1,0,0,CLEAR,DRY,False,OTHER INTERSECTION COLLISIONS,SINGLE VEHICLE,STRAIGHT & LEVEL,DAYLIGHT,,,44384.73818,False,46,Accepted,5,5,O,,,,2021,1
3499,28341607,0510100,HENDERSON POLICE DEPARTMENT,Accepted,HENDERSON,,1200,WASHINGTON,ST,,,,,,,,37.83073725,-87.58165088,0.578,2021-07-06,1752,2,2,0,0,CLEAR,DRY,True,1 VEHICLE PARKED POSITION (NOT PARKING LOT/DRIVEWAY),ANGLE,STRAIGHT & LEVEL,DAYLIGHT,,,44384.73823,False,64,Accepted,5,5,O,,ALCOHOL INVOLVEMENT,,2021,1
3500,28341653,0510100,HENDERSON POLICE DEPARTMENT,Accepted,HENDERSON,US0041A,,GREEN,ST,S,,,,,,,37.81562357,-87.6155612,13.616,2021-07-06,1700,2,2,0,0,CLEAR,DRY,False,1 VEHICLE ENTERING/LEAVING ENTRANCE,ANGLE,STRAIGHT & LEVEL,DAYLIGHT,,,44384.74537,False,46,Accepted,5,5,O,,INATTENTION,,2021,1
3501,28342702,0510100,HENDERSON POLICE DEPARTMENT,Accepted,HENDERSON,US0041A,700,GREEN,ST,N,,7TH,,,,,37.84590835,-87.58438162,16.423,2021-06-29,2305,2,2,0,0,CLEAR,DRY,False,OTHER INTERSECTION COLLISIONS,REAR END,STRAIGHT & LEVEL,DARK-HWY LIGHTED/ON,,,44385.0138,False,35,Accepted,5,5,O,,INATTENTION,,2021,1
3502,28342704,0510100,HENDERSON POLICE DEPARTMENT,Accepted,HENDERSON,US0041,2800,US41,,N,,,,,,,37.8796035,-87.56553577,17.725,2021-07-04,306,1,1,0,0,CLEAR,DRY,False,COLLISION WITH FIXED OBJECT NON - INTERSECTION - FIRST EVENT COLLISION 09 - 32 EXCLUDING 16,SINGLE VEHICLE,STRAIGHT & LEVEL,DARK-HWY LIGHTED/ON,,,44385.01384,False,63,Accepted,5,5,O,,ALCOHOL INVOLVEMENT,,2021,1
3503,28342707,0510100,HENDERSON POLICE DEPARTMENT,Accepted,HENDERSON,US0041A,,GREEN,ST,N,,12TH,,,,,37.85199848,-87.58037192,16.906,2021-06-30,1716,2,2,0,0,RAINING,WET,False,SIDESWIPE-SAME DIRECTION,SIDESWIPE-SAME DIRECTION,STRAIGHT & LEVEL,DAYLIGHT,,,44385.01391,False,22,Accepted,5,5,O,"VIEW OBSTRUCTED, LIMITED DUE TO WEATHER CONDITIONS",MISJUDGE CLEARANCE,,2021,1
3504,28343884,0510100,HENDERSON POLICE DEPARTMENT,Accepted,HENDERSON,US0041A,,GREEN,ST,N,,14TH,,,,,37.85409482,-87.57884268,17.074,2021-07-07,1518,2,2,0,0,CLEAR,DRY,False,ANGLE COLLISION - OTHER,ANGLE,STRAIGHT & LEVEL,DAYLIGHT,,,44385.36587,False,64,Accepted,5,5,O,,INATTENTION,,2021,1
3505,28344288,0510000,HENDERSON COUNTY SHERIFF DEPT.,Accepted,HENDERSON,AU9005,,AU9005 W,,,,,,,,,37.81028275,-87.55472315,0.483,2021-07-07,1342,1,1,0,0,CLEAR,DRY,False,OTHER ROADWAY OR MID-BLOCK COLLISION,SINGLE VEHICLE,STRAIGHT & LEVEL,DAYLIGHT,,,44385.4404,False,135,Accepted,5,5,O,,"FELL ASLEEP, NOT UNDER PROPER CONTROL",,2021,1
3507,28347335,0510100,HENDERSON POLICE DEPARTMENT,Accepted,HENDERSON,US0060,,GREEN,ST,S,US0041A,US41 ALT,,,,,37.81106195,-87.62278626,10.281,2021-07-07,2316,1,1,0,0,CLEAR,DRY,False,COLLISION WITH FIXED OBJECT IN INTERSECTION - FIRST EVENT COLLISION 09 - 32,SINGLE VEHICLE,STRAIGHT & LEVEL,DARK-HWY LIGHTED/ON,,,44386.07529,False,66,Accepted,5,5,O,,,STEERING FAILURE,2021,1
3508,28349288,0510100,HENDERSON POLICE DEPARTMENT,Accepted,HENDERSON,,,ELM,ST,N,,2ND,,,,,37.84030672,-87.58994207,0.158,2021-07-07,1156,2,2,0,0,CLEAR,DRY,False,VEHICLE BACKING IN INTERSECTION,BACKING,STRAIGHT & LEVEL,DAYLIGHT,,,44386.5546,False,37,Accepted,5,5,O,,MISJUDGE CLEARANCE,,2021,1
3509,28349495,0510100,HENDERSON POLICE DEPARTMENT,Accepted,HENDERSON,US0041,,US41,,N,,,US0041,US41 RAMP KY351,KY0351,ZION,37.82490993,-87.56517102,13.651,2021-07-06,1215,2,2,0,0,CLEAR,DRY,False,1 VEHICLE ENTERING/LEAVING ENTRANCE,ANGLE,CURVE & LEVEL,DAYLIGHT,,,44386.58306,False,34,Accepted,5,5,O,,MISJUDGE CLEARANCE,,2021,1
3511,28351667,0510100,HENDERSON POLICE DEPARTMENT,Accepted,HENDERSON,,,LAKEVIEW,DR,,,WOOD,,,,,37.86759567,-87.56458508,0.124,2021-07-08,2201,2,2,0,0,CLEAR,DRY,False,COLLISION WITH PARKED VEHICLE,HEAD ON,STRAIGHT & LEVEL,DARK-HWY LIGHTED/ON,,,44387.05158,False,24,Accepted,5,5,O,,INATTENTION,,2021,1
3512,28351739,0510100,HENDERSON POLICE DEPARTMENT,Accepted,HENDERSON,US0041,1949,US41,,N,,,,,,,37.86512815,-87.57320685,16.645,2021-06-29,2134,2,2,0,0,CLEAR,DRY,False,SIDESWIPE COLLISION - SAME DIRECTION,SIDESWIPE-SAME DIRECTION,STRAIGHT & LEVEL,DAYLIGHT,,,44387.06201,False,22,Accepted,5,5,O,,"FAILED TO YIELD RIGHT OF WAY, NOT UNDER PROPER CONTROL",,2021,1