OBJECTID,IncidentID,AgencyORI,AgencyName,IncidentStatusDesc,County,RdwyNumber,Street,RoadwayName,StreetSfx,StreetDir,IntersectionRdwy,IntersectionRdwyName,BetweenStRdwy1,BetweenStRdwyName1,BetweenStRdwy2,BetweenStRdwyName2,Latitude,Longitude,Milepoint,CollisionDate,CollisionTime,UnitsInvolved,MotorVehiclesInvolved,NumberKilled,NumberInjured,Weather,RdwyConditionCode,HitandRun,DirAnalysisCode,MannerofCollision,RdwyCharacter,LightCondition,RampFromRdwyId,RampToRdwyId,AcceptedDate,IsSecondaryCollision,OwnerBadge,IncidentStatus,InjurySeverityCde,KABCO_Code,KABCO,Environmental_Factors,Human_Factors,Vehicular_Factors,CollisionYear,CityCrash
3513,28354242,0510100,HENDERSON POLICE DEPARTMENT,Accepted,HENDERSON,,843,CLAY,ST,,,,,,,,37.83055666,-87.5881156,0.711,2021-07-07,2343,2,2,0,0,CLEAR,DRY,True,1 VEHICLE PARKED POSITION (NOT PARKING LOT/DRIVEWAY),REAR END,STRAIGHT & LEVEL,DARK-HWY NOT LIGHTED,,,44388.08455,False,63,Accepted,5,5,O,,ALCOHOL INVOLVEMENT,,2021,1
3514,28356524,0510100,HENDERSON POLICE DEPARTMENT,Accepted,HENDERSON,US0041,3113,US41,,N,,,,,,,37.88336285,-87.56306617,18.005,2021-07-11,157,1,1,0,0,RAINING,WET,False,COLLISION WITH FIXED OBJECT NON - INTERSECTION - FIRST EVENT COLLISION 09 - 32 EXCLUDING 16,SINGLE VEHICLE,STRAIGHT & LEVEL,DARK-HWY LIGHTED/ON,,,44389.01232,False,16,Accepted,5,5,O,,ALCOHOL INVOLVEMENT,,2021,1
3515,28358695,KSP1600,"KY STATE POLICE, POST 16",Accepted,HENDERSON,US0060,,US60,,E,,,,,,,37.86475308,-87.54610847,11.881,2021-07-07,2102,2,1,0,0,CLEAR,DRY,False,COLLISION WITH PEDESTRIAN NON - INTERSECTION,SINGLE VEHICLE,STRAIGHT & GRADE,DARK-HWY NOT LIGHTED,,,44389.45508,False,317,Accepted,5,5,O,,,,2021,1
3516,28360538,0510100,HENDERSON POLICE DEPARTMENT,Accepted,HENDERSON,,,ROBIN,RD,,,,,,,,37.8689065,-87.57216416,0.046,2021-07-11,1316,2,2,0,0,CLOUDY,DRY,False,OTHER ROADWAY OR MID-BLOCK COLLISION,OPPOSING LEFT TURN,STRAIGHT & LEVEL,DAYLIGHT,,,44389.78544,False,58,Accepted,5,5,O,,FAILED TO YIELD RIGHT OF WAY,,2021,1
3517,28360544,0510100,HENDERSON POLICE DEPARTMENT,Accepted,HENDERSON,US0041,3100,US41,,N,,,,,,,37.88336256,-87.56282991,18.014,2021-07-10,1854,2,2,0,0,RAINING,WET,False,REAR END IN TRAFFIC LANES BOTH VEHICLES MOVING,REAR END,STRAIGHT & LEVEL,DAYLIGHT,,,44389.786,False,59,Accepted,5,5,O,"SLIPPERY SURFACE, VIEW OBSTRUCTED, LIMITED DUE TO WEATHER CONDITIONS",,,2021,1
3518,28360671,0510100,HENDERSON POLICE DEPARTMENT,Accepted,HENDERSON,KY0812,,AIRLINE,RD,,,BURDETTE,,,,,37.82393476,-87.57640821,7.858,2021-07-08,1728,2,2,0,0,CLOUDY,DRY,False,ANGLE COLLISION - OTHER,ANGLE,STRAIGHT & LEVEL,DAYLIGHT,,,44389.8307,False,46,Accepted,5,5,O,,INATTENTION,,2021,1
3519,28361191,0510100,HENDERSON POLICE DEPARTMENT,Accepted,HENDERSON,,523,SHORT SEVENTH,ST,,,,,,,,37.84410576,-87.58243472,0.054,2021-07-10,16,3,3,0,0,CLEAR,DRY,False,1 VEHICLE PARKED POSITION (NOT PARKING LOT/DRIVEWAY),SIDESWIPE-OPPOSITE DIRECTION,STRAIGHT & LEVEL,DARK-HWY NOT LIGHTED,,,44389.9978,False,63,Accepted,5,5,O,,INATTENTION,,2021,1
3520,28363032,0510100,HENDERSON POLICE DEPARTMENT,Accepted,HENDERSON,,,PRINGLE,ST,,,SHELBY,,,,,37.82096415,-87.58271564,0.173,2021-07-10,1014,2,2,0,0,CLEAR,DRY,False,ANGLE COLLISION - OTHER,ANGLE,STRAIGHT & HILLCREST,DAYLIGHT,,,44390.47494,False,48,Accepted,5,5,O,,INATTENTION,,2021,1
3521,28363048,0510100,HENDERSON POLICE DEPARTMENT,Accepted,HENDERSON,US0041,,US41,,N,,,US0041,US41 N EXIT81 OFF RAMP TO US60 W,US0041,US41 E RAMP TO US41 S,37.85656832,-87.57260454,15.986,2021-07-13,747,2,2,0,0,CLOUDY,DRY,False,OTHER ROADWAY OR MID-BLOCK COLLISION,REAR END,STRAIGHT & LEVEL,DAYLIGHT,,,44390.48031,False,67,Accepted,5,5,O,,INATTENTION,,2021,1
3526,28368461,0510100,HENDERSON POLICE DEPARTMENT,Accepted,HENDERSON,KY0351,,ZION,RD,,,GARDEN MILE,,,,,37.8282913,-87.55784407,1.854,2021-07-13,1812,2,2,0,1,CLEAR,DRY,False,ANGLE COLLISION - OTHER,ANGLE,STRAIGHT & LEVEL,DAYLIGHT,,,44391.71081,False,46,Accepted,3,3,B,,INATTENTION,,2021,1
3527,28370855,0510100,HENDERSON POLICE DEPARTMENT,Accepted,HENDERSON,,,1ST,ST,,,,,ELM,,MAIN,37.83892976,-87.5909503,0.187,2021-07-10,1320,2,2,0,0,CLOUDY,DRY,False,1 VEHICLE PARKED POSITION (NOT PARKING LOT/DRIVEWAY),ANGLE,STRAIGHT & LEVEL,DAYLIGHT,,,44392.38006,False,34,Accepted,5,5,O,,"NOT UNDER PROPER CONTROL, OTHER",,2021,1
3528,28371165,0510100,HENDERSON POLICE DEPARTMENT,Accepted,HENDERSON,,,2ND,ST,,,WATER,,,,,37.84135003,-87.59315217,0.286,2021-07-13,1227,2,2,0,0,CLEAR,DRY,False,OTHER INTERSECTION COLLISIONS,REAR END,STRAIGHT & LEVEL,DAYLIGHT,,,44392.43715,False,34,Accepted,5,5,O,,"DISTRACTION, INATTENTION",,2021,1
3529,28371871,0510100,HENDERSON POLICE DEPARTMENT,Accepted,HENDERSON,KY0351,,2ND,ST,,,,,INGRAM,,2ND,37.83922863,-87.58784991,0.036,2021-07-12,1210,2,2,0,0,CLOUDY,DRY,False,1 VEHICLE ENTERING/LEAVING ENTRANCE,ANGLE,STRAIGHT & LEVEL,DAYLIGHT,,,44392.60032,False,34,Accepted,5,5,O,,INATTENTION,,2021,1
3530,28371931,0510100,HENDERSON POLICE DEPARTMENT,Accepted,HENDERSON,,200,2ND,ST,,,,,,,,37.84068263,-87.59139426,0.18,2021-07-13,1555,2,2,0,0,CLEAR,DRY,False,VEHICLE BACKING NON INTERSECTION,BACKING,STRAIGHT & LEVEL,DAYLIGHT,,,44392.61491,False,50,Accepted,5,5,O,,MISJUDGE CLEARANCE,,2021,1
3531,28375666,0510100,HENDERSON POLICE DEPARTMENT,Accepted,HENDERSON,,,3RD,ST,,,ALVASIA,,,,,37.83828682,-87.58198417,0.643,2021-07-14,733,2,2,0,0,CLEAR,DRY,False,VEHICLE BACKING IN INTERSECTION,BACKING,STRAIGHT & LEVEL,DAYLIGHT,,,44393.53734,False,72,Accepted,5,5,O,OTHER,INATTENTION,,2021,1
3532,28375668,0510100,HENDERSON POLICE DEPARTMENT,Accepted,HENDERSON,KY0136,,SAND,LN,,,,,,,,37.82082243,-87.59840135,19.875,2021-07-14,1335,2,2,0,0,CLEAR,DRY,True,SIDESWIPE COLLISION - OPPOSITE DIRECTION,SIDESWIPE-OPPOSITE DIRECTION,STRAIGHT & LEVEL,DAYLIGHT,,,44393.5374,False,26,Accepted,5,5,O,,,,2021,1
3533,28375669,0510100,HENDERSON POLICE DEPARTMENT,Accepted,HENDERSON,US0041A,,GREEN,ST,N,,,,HERRON,,14TH,37.85469902,-87.57801097,17.139,2021-07-14,1057,2,2,0,0,CLEAR,DRY,False,SIDESWIPE COLLISION - SAME DIRECTION,SIDESWIPE-SAME DIRECTION,STRAIGHT & LEVEL,DAYLIGHT,,,44393.53744,False,34,Accepted,5,5,O,,MISJUDGE CLEARANCE,MIRRORS,2021,1
3534,28375670,0510100,HENDERSON POLICE DEPARTMENT,Accepted,HENDERSON,US0041,,US41,,N,,,,HARMONY,,WALKER,37.86979208,-87.5707295,16.992,2021-07-11,1327,2,2,0,0,CLOUDY,DRY,False,OTHER ROADWAY OR MID-BLOCK COLLISION,REAR END,STRAIGHT & LEVEL,DAYLIGHT,,,44393.53748,False,65,Accepted,5,5,O,,INATTENTION,,2021,1
3535,28375972,0510100,HENDERSON POLICE DEPARTMENT,Accepted,HENDERSON,US0041A,800,GREEN,ST,N,,,,,,,37.84663008,-87.58383929,16.485,2021-07-15,2108,3,3,0,0,CLEAR,DRY,False,OTHER ROADWAY OR MID-BLOCK COLLISION,REAR END,STRAIGHT & LEVEL,DARK-HWY LIGHTED/ON,,,44393.60533,False,50,Accepted,5,5,O,,INATTENTION,MIRRORS,2021,1
3536,28379631,0510100,HENDERSON POLICE DEPARTMENT,Accepted,HENDERSON,,600,ELM,ST,N,,,,,,,37.8456403,-87.58655366,0.592,2021-07-13,542,2,2,0,1,CLEAR,DRY,False,1 VEHICLE PARKED POSITION (NOT PARKING LOT/DRIVEWAY),SIDESWIPE-SAME DIRECTION,STRAIGHT & LEVEL,DAWN,,,44395.00685,False,66,Accepted,5,3,B,,"DRUG INVOLVEMENT, EXCEEDED STATED SPEED LIMIT, INATTENTION",,2021,1
3537,28379632,0510100,HENDERSON POLICE DEPARTMENT,Accepted,HENDERSON,US0041A,800,GREEN,ST,S,,,,,,,37.83253719,-87.5944535,15.319,2021-07-17,35,1,1,0,0,CLEAR,WET,False,COLLISION WITH FIXED OBJECT NON - INTERSECTION - FIRST EVENT COLLISION 09 - 32 EXCLUDING 16,SINGLE VEHICLE,STRAIGHT & LEVEL,DARK-HWY LIGHTED/ON,,,44395.00692,False,63,Accepted,5,5,O,,ALCOHOL INVOLVEMENT,,2021,1
3539,28384031,0510100,HENDERSON POLICE DEPARTMENT,Accepted,HENDERSON,,1195,BARRET,BLVD,,,,,,,,37.85832791,-87.56711584,0.231,2021-07-16,756,2,2,0,0,CLOUDY,DRY,False,1 VEHICLE ENTERING/LEAVING ENTRANCE,ANGLE,STRAIGHT & LEVEL,DAYLIGHT,,,44396.45718,False,67,Accepted,5,5,O,,INATTENTION,,2021,1
3540,28384032,0510100,HENDERSON POLICE DEPARTMENT,Accepted,HENDERSON,,519,FAGAN,ST,,,,,,,,37.82675143,-87.58969733,0.082,2021-07-16,847,1,1,0,0,CLEAR,DRY,True,OTHER ROADWAY OR MID-BLOCK COLLISION,SINGLE VEHICLE,STRAIGHT & LEVEL,DAYLIGHT,,,44396.45726,False,61,Accepted,5,5,O,,MISJUDGE CLEARANCE,,2021,1
3541,28384033,0510100,HENDERSON POLICE DEPARTMENT,Accepted,HENDERSON,US0041A,1760,GREEN,ST,S,,,,,,,37.81472557,-87.61708905,13.501,2021-07-16,1111,2,2,0,0,CLEAR,DRY,False,REAR END IN TRAFFIC LANES BOTH VEHICLES MOVING,REAR END,STRAIGHT & LEVEL,DAYLIGHT,,,44396.45731,False,61,Accepted,5,5,O,,,BRAKES DEFECTIVE,2021,1
3542,28384212,0510100,HENDERSON POLICE DEPARTMENT,Accepted,HENDERSON,,,CANOE CREEK,DR,,US0041A,GREEN,,,,,37.82005155,-87.60770624,0.03,2021-07-16,905,1,1,0,0,CLEAR,DRY,False,OTHER INTERSECTION COLLISIONS,SINGLE VEHICLE,STRAIGHT & LEVEL,DAYLIGHT,,,44396.49298,False,48,Accepted,5,5,O,,MISJUDGE CLEARANCE,,2021,1
3543,28384213,0510100,HENDERSON POLICE DEPARTMENT,Accepted,HENDERSON,,,2ND,ST,,,,US0041A,GREEN,,ELM,37.83988296,-87.58950021,0.063,2021-07-16,1116,2,2,0,0,CLEAR,DRY,False,VEHICLE BACKING NON INTERSECTION,BACKING,STRAIGHT & LEVEL,DAYLIGHT,,,44396.49306,False,48,Accepted,5,5,O,,INATTENTION,,2021,1
3545,28385035,0510100,HENDERSON POLICE DEPARTMENT,Accepted,HENDERSON,,,BARRET,BLVD,,US0060,US60,,,,,37.85935181,-87.56744563,0.307,2021-07-12,1733,2,2,0,0,CLEAR,DRY,False,VEHICLE BACKING IN INTERSECTION,REAR END,STRAIGHT & LEVEL,DAYLIGHT,,,44396.62239,False,17,Accepted,5,5,O,,INATTENTION,,2021,1
3546,28385036,0510100,HENDERSON POLICE DEPARTMENT,Accepted,HENDERSON,US0041A,1700,GREEN,ST,S,,,,,,,37.81500352,-87.61656047,13.539,2021-07-17,1643,2,2,0,0,CLEAR,DRY,False,1 VEHICLE ENTERING/LEAVING ENTRANCE,ANGLE,STRAIGHT & LEVEL,DAYLIGHT,,,44396.62244,False,19,Accepted,5,5,O,,INATTENTION,,2021,1
3547,28385037,0510100,HENDERSON POLICE DEPARTMENT,Accepted,HENDERSON,US0041,,,,,,,,,,,37.85824498,-87.57269414,0.139,2021-07-18,1903,1,1,0,0,CLOUDY,WET,False,OTHER RAMP RELATED COLLISIONS NOT LISTED ABOVE,SINGLE VEHICLE,CURVE & GRADE,DAYLIGHT,US0041,US0041,44396.62249,False,50,Accepted,5,5,O,SLIPPERY SURFACE,,,2021,1
3548,28386573,0510100,HENDERSON POLICE DEPARTMENT,Accepted,HENDERSON,US0041A,600,GREEN,ST,S,,,,,,,37.83006736,-87.59693961,15.171,2021-07-17,2054,3,3,1,1,CLEAR,DRY,False,HEAD-ON COLLISION,HEAD ON,STRAIGHT & GRADE,DARK-HWY LIGHTED/ON,,,44396.9691,False,19,Accepted,5,1,K,,"ALCOHOL INVOLVEMENT, EXCEEDED STATED SPEED LIMIT",,2021,1
3549,28390166,0510100,HENDERSON POLICE DEPARTMENT,Accepted,HENDERSON,US0041,,US41,,N,,,,,,,37.86705255,-87.57229861,16.788,2021-07-19,1500,3,3,0,0,CLEAR,DRY,False,SIDESWIPE COLLISION - SAME DIRECTION,SIDESWIPE-SAME DIRECTION,STRAIGHT & LEVEL,DAYLIGHT,,,44397.78804,False,58,Accepted,5,5,O,,INATTENTION,,2021,1
3550,28390167,0510100,HENDERSON POLICE DEPARTMENT,Accepted,HENDERSON,US0060,,US60,,E,,PEBBLE CREEK,,,,,37.86462568,-87.54915661,11.709,2021-07-19,1727,2,2,0,1,CLEAR,DRY,False,ANGLE COLLISION - OTHER,ANGLE,STRAIGHT & LEVEL,DAYLIGHT,,,44397.78813,False,58,Accepted,5,4,C,,INATTENTION,,2021,1
3552,28395079,0510100,HENDERSON POLICE DEPARTMENT,Accepted,HENDERSON,US0041,2400,US41,,N,,,,,,,37.87159516,-87.56979755,17.126,2021-07-13,1820,2,2,0,0,CLEAR,DRY,True,1 VEHICLE ENTERING/LEAVING ENTRANCE,ANGLE,STRAIGHT & LEVEL,DAYLIGHT,,,44398.98422,False,59,Accepted,5,5,O,,DISREGARD TRAFFIC CONTROL,,2021,1
3553,28395480,0510100,HENDERSON POLICE DEPARTMENT,Accepted,HENDERSON,US0041,,US41,,N,,WATSON,,,,,37.87539639,-87.56784386,17.411,2021-07-16,2205,2,2,0,0,CLEAR,DRY,False,OTHER INTERSECTION COLLISIONS,REAR END,STRAIGHT & LEVEL,DARK-HWY LIGHTED/ON,,,44399.07099,False,33,Accepted,5,5,O,,"INATTENTION, TURNING IMPROPERLY",,2021,1
3559,28397500,0510100,HENDERSON POLICE DEPARTMENT,Accepted,HENDERSON,US0041A,,GREEN,ST,N,,5TH,,,,,37.84329478,-87.58599377,16.218,2021-07-19,1350,3,3,0,0,CLEAR,DRY,False,OPPOSING LEFT TURN,OPPOSING LEFT TURN,STRAIGHT & LEVEL,DAYLIGHT,,,44399.60461,False,34,Accepted,5,5,O,,INATTENTION,,2021,1
3560,28398845,0510100,HENDERSON POLICE DEPARTMENT,Accepted,HENDERSON,US0041A,,US41 ALT,,,,,,,,,37.85749495,-87.57290695,17.432,2021-07-21,1443,2,2,0,0,CLEAR,DRY,False,SIDESWIPE COLLISION - SAME DIRECTION,SIDESWIPE-SAME DIRECTION,STRAIGHT & LEVEL,DAYLIGHT,,,44399.92908,False,50,Accepted,5,5,O,,INATTENTION,,2021,1
3561,28403039,0510100,HENDERSON POLICE DEPARTMENT,Accepted,HENDERSON,US0041,1900,US41,,N,,,,,,,37.86469586,-87.57363396,16.608,2021-07-21,1756,2,2,0,0,CLEAR,DRY,False,REAR END IN TRAFFIC LANES BOTH VEHICLES MOVING,REAR END,STRAIGHT & LEVEL,DAYLIGHT,,,44400.91995,False,59,Accepted,5,5,O,,INATTENTION,,2021,1
3562,28407313,0510100,HENDERSON POLICE DEPARTMENT,Accepted,HENDERSON,US0041A,,GREEN,ST,S,,WASHINGTON,,,,,37.83630277,-87.59080059,15.664,2021-07-22,1114,2,2,0,0,CLEAR,DRY,False,ANGLE COLLISION - OTHER,ANGLE,STRAIGHT & GRADE,DAYLIGHT,,,44402.48846,False,67,Accepted,5,5,O,,INATTENTION,,2021,1
3563,28407314,0510100,HENDERSON POLICE DEPARTMENT,Accepted,HENDERSON,,,CENTER,ST,,,MEADOW,,,,,37.83240101,-87.58046637,0.231,2021-05-04,817,2,2,0,0,CLEAR,DRY,True,COLLISION WITH PARKED VEHICLE,ANGLE,STRAIGHT & LEVEL,DAYLIGHT,,,44402.48853,False,34,Accepted,5,5,O,,"DISREGARD TRAFFIC CONTROL, OTHER",,2021,1
3564,28407316,0510100,HENDERSON POLICE DEPARTMENT,Accepted,HENDERSON,,,1ST,ST,,,,,MAIN,,WATER,37.83986837,-87.59357853,0.031,2021-07-19,1000,2,2,0,0,CLEAR,DRY,False,VEHICLE BACKING NON INTERSECTION,BACKING,STRAIGHT & LEVEL,DAYLIGHT,,,44402.48857,False,34,Accepted,5,5,O,,"INATTENTION, PHYSICAL DISABILITY",,2021,1
3565,28407317,0510100,HENDERSON POLICE DEPARTMENT,Accepted,HENDERSON,,,ATKINSON,ST,,,CLAY,,,,,37.82452814,-87.57757305,0.25,2021-07-23,1011,2,2,0,1,CLEAR,DRY,True,COLLISION WITH PARKED VEHICLE,SIDESWIPE-SAME DIRECTION,STRAIGHT & LEVEL,DAYLIGHT,,,44402.48861,False,37,Accepted,5,4,C,,"EXCEEDED STATED SPEED LIMIT, FAILED TO KEEP PROPER LANE, NOT UNDER PROPER CONTROL",,2021,1
3566,28407318,0510100,HENDERSON POLICE DEPARTMENT,Accepted,HENDERSON,US0041,,US41,,N,,,US0041,US41 N EXIT81 OFF RAMP TO US60 W,US0041,US41 N EXIT81 OFF RAMP TO US60 E,37.85755189,-87.5736089,16.045,2021-07-24,1206,2,2,0,1,CLEAR,DRY,False,OTHER ROADWAY OR MID-BLOCK COLLISION,REAR END,STRAIGHT & LEVEL,DAYLIGHT,,,44402.48865,False,67,Accepted,5,3,B,,INATTENTION,,2021,1
3567,28407814,0510100,HENDERSON POLICE DEPARTMENT,Accepted,HENDERSON,US0041A,,GREEN,ST,S,,,,,,,37.81464496,-87.6171221,13.495,2021-07-24,1600,2,2,0,4,CLEAR,DRY,False,HEAD-ON COLLISION,HEAD ON,STRAIGHT & LEVEL,DAYLIGHT,,,44402.71198,False,58,Accepted,4,4,C,,INATTENTION,,2021,1
3568,28408482,0510100,HENDERSON POLICE DEPARTMENT,Accepted,HENDERSON,US0041,3601,US41,,N,,,,,,,37.87373225,-87.56870726,17.286,2021-07-23,1517,2,2,0,0,CLEAR,DRY,False,1 VEHICLE ENTERING/LEAVING ENTRANCE,ANGLE,STRAIGHT & LEVEL,DAYLIGHT,,,44402.93501,False,17,Accepted,5,5,O,,"FAILED TO YIELD RIGHT OF WAY, INATTENTION",,2021,1
3569,28408483,0510100,HENDERSON POLICE DEPARTMENT,Accepted,HENDERSON,US0060,2000,US60,,E,,,,,,,37.86020491,-87.56716323,10.578,2021-07-23,1551,2,2,0,1,CLEAR,DRY,False,OTHER ROADWAY OR MID-BLOCK COLLISION,OPPOSING LEFT TURN,STRAIGHT & LEVEL,DAYLIGHT,,,44402.93504,False,59,Accepted,3,3,B,OTHER,"FAILED TO YIELD RIGHT OF WAY, MISJUDGE CLEARANCE",,2021,1
3570,28408763,0510100,HENDERSON POLICE DEPARTMENT,Accepted,HENDERSON,US0060,,US60,,E,,,,,,,37.86470026,-87.54939129,11.702,2021-07-24,1945,2,2,0,0,CLEAR,DRY,False,REAR END IN TRAFFIC LANES BOTH VEHICLES MOVING,REAR END,STRAIGHT & LEVEL,DAYLIGHT,,,44403.021,False,58,Accepted,5,5,O,,INATTENTION,,2021,1
3571,28409237,0510100,HENDERSON POLICE DEPARTMENT,Accepted,HENDERSON,KY0812,2008,AIRLINE,RD,,,,,,,,37.82074263,-87.57043528,7.468,2021-07-24,41,1,1,0,0,CLEAR,DRY,False,COLLISION WITH FIXED OBJECT NON - INTERSECTION - FIRST EVENT COLLISION 09 - 32 EXCLUDING 16,SINGLE VEHICLE,STRAIGHT & LEVEL,DARK-HWY LIGHTED/ON,,,44403.14562,False,24,Accepted,5,5,O,,INATTENTION,,2021,1
3578,28431678,0510100,HENDERSON POLICE DEPARTMENT,Accepted,HENDERSON,US0041,,US41,,N,,,,,,,37.86368997,-87.5741042,16.533,2021-07-26,1222,2,2,0,0,CLEAR,DRY,False,OTHER ROADWAY OR MID-BLOCK COLLISION,REAR END,CURVE & LEVEL,DAYLIGHT,,,44404.46877,False,72,Accepted,5,5,O,,OTHER,,2021,1
3579,28443130,0510100,HENDERSON POLICE DEPARTMENT,Accepted,HENDERSON,,200,1ST,ST,,,,,,,,37.83911339,-87.59163231,0.15,2021-03-29,1417,2,2,0,0,CLEAR,DRY,False,REAR END IN TRAFFIC LANES BOTH VEHICLES MOVING,REAR END,STRAIGHT & LEVEL,DAYLIGHT,,,44405.84061,False,59,Accepted,5,5,O,,"IMPROPER BACKING, INATTENTION",,2021,1
3581,28450023,0510100,HENDERSON POLICE DEPARTMENT,Accepted,HENDERSON,US0041,1900,US41,,N,,,,,,,37.86627726,-87.57291377,16.724,2021-07-29,1709,2,2,0,0,CLEAR,DRY,False,REAR END IN TRAFFIC LANES BOTH VEHICLES MOVING,REAR END,STRAIGHT & LEVEL,DAYLIGHT,,,44407.5925,False,59,Accepted,5,5,O,,INATTENTION,,2021,1
3582,28450024,0510100,HENDERSON POLICE DEPARTMENT,Accepted,HENDERSON,,,2ND,ST,,,ELM,,,,,37.84014436,-87.59000817,0.095,2021-07-28,1638,2,2,0,0,CLEAR,DRY,False,ANGLE COLLISION - OTHER,ANGLE,STRAIGHT & LEVEL,DAYLIGHT,,,44407.59256,False,46,Accepted,5,5,O,,INATTENTION,,2021,1
3583,28450025,0510100,HENDERSON POLICE DEPARTMENT,Accepted,HENDERSON,KY0351,,2ND,ST,,,KLUTEY PARK PLAZA,,,,,37.83251947,-87.5716025,1.038,2021-07-29,1524,2,2,0,0,CLEAR,DRY,False,ANGLE COLLISION - OTHER,ANGLE,STRAIGHT & LEVEL,DAYLIGHT,,,44407.59264,False,46,Accepted,5,5,O,,INATTENTION,,2021,1
3584,28452565,0510100,HENDERSON POLICE DEPARTMENT,Accepted,HENDERSON,,,FLINTLOCK,DR,,,,,VILLAGE,,WATSON,37.86693852,-87.55343366,0.134,2021-07-27,818,2,2,0,0,CLEAR,DRY,True,1 VEHICLE PARKED POSITION (NOT PARKING LOT/DRIVEWAY),SIDESWIPE-OPPOSITE DIRECTION,STRAIGHT & LEVEL,DAYLIGHT,,,44408.41045,False,67,Accepted,5,5,O,,INATTENTION,,2021,1
3585,28452568,0510100,HENDERSON POLICE DEPARTMENT,Accepted,HENDERSON,,,ELM,ST,N,,9TH,,,,,37.84900093,-87.58439689,0.852,2021-07-27,1250,2,2,0,2,CLEAR,DRY,False,ANGLE COLLISION - OTHER,ANGLE,STRAIGHT & LEVEL,DAYLIGHT,,,44408.41064,False,48,Accepted,3,3,B,,"DISREGARD TRAFFIC CONTROL, FAILED TO YIELD RIGHT OF WAY, INATTENTION",,2021,1
3586,28452571,0510100,HENDERSON POLICE DEPARTMENT,Accepted,HENDERSON,,,US 41 NORTH,,,,US 60 EAST,,,,,37.85748578,-87.57339724,,2021-07-28,750,3,3,0,0,CLEAR,DRY,False,OTHER INTERSECTION COLLISIONS,REAR END,STRAIGHT & LEVEL,DAYLIGHT,,,44408.41077,False,73,Accepted,5,5,O,,INATTENTION,,2021,1
3587,28452578,0510100,HENDERSON POLICE DEPARTMENT,Accepted,HENDERSON,US0041A,642,GREEN,ST,N,,,,,,,37.84507557,-87.58472553,16.362,2021-07-28,1324,2,2,0,1,CLEAR,DRY,False,1 VEHICLE ENTERING/LEAVING ENTRANCE,ANGLE,STRAIGHT & LEVEL,DAYLIGHT,,,44408.41098,False,31,Accepted,5,4,C,,MISJUDGE CLEARANCE,,2021,1
3588,28455160,0510100,HENDERSON POLICE DEPARTMENT,Accepted,HENDERSON,US0041,,US41,,N,,,,,,,37.87489207,-87.56780713,17.433,2021-07-29,916,2,2,0,0,CLEAR,DRY,False,SIDESWIPE COLLISION - SAME DIRECTION,SIDESWIPE-SAME DIRECTION,STRAIGHT & LEVEL,DAYLIGHT,,,44409.46342,False,31,Accepted,5,5,O,,,,2021,1
3589,28455165,0510100,HENDERSON POLICE DEPARTMENT,Accepted,HENDERSON,US0041,,US41,,N,,BARRET,,,,,37.86432421,-87.57374439,16.581,2021-07-31,1233,2,2,0,0,CLOUDY,DRY,False,ANGLE COLLISION - ONE VEHICLE TURNING LEFT,ANGLE,STRAIGHT & LEVEL,DAYLIGHT,,,44409.46354,False,31,Accepted,5,5,O,,"MISJUDGE CLEARANCE, TURNING IMPROPERLY",,2021,1
3594,28458812,0510100,HENDERSON POLICE DEPARTMENT,Accepted,HENDERSON,US0041,2945,US41,,N,,,,,,,37.88211923,-87.5642701,18.027,2021-07-30,1632,2,2,0,1,CLEAR,DRY,False,1 VEHICLE ENTERING/LEAVING ENTRANCE,ANGLE,STRAIGHT & LEVEL,DAYLIGHT,,,44410.52767,False,59,Accepted,5,4,C,OTHER,"INATTENTION, FAILED TO KEEP PROPER LANE",,2021,1
3595,28458813,0510100,HENDERSON POLICE DEPARTMENT,Accepted,HENDERSON,,533,CENTER,ST,,,,,,,,37.83602831,-87.58748731,0.671,2021-07-29,1615,2,2,0,0,CLEAR,DRY,True,1 VEHICLE PARKED POSITION (NOT PARKING LOT/DRIVEWAY),SIDESWIPE-OPPOSITE DIRECTION,STRAIGHT & LEVEL,DAYLIGHT,,,44410.52771,False,58,Accepted,5,5,O,,FELL ASLEEP,,2021,1
3596,28458816,0510100,HENDERSON POLICE DEPARTMENT,Accepted,HENDERSON,US0041A,1100,GREEN,ST,S,,,,,,,37.82359493,-87.60332964,14.508,2021-07-28,1800,3,3,0,0,CLEAR,DRY,True,REAR END IN TRAFFIC LANES BOTH VEHICLES MOVING,REAR END,STRAIGHT & LEVEL,DAYLIGHT,,,44410.5278,False,19,Accepted,5,5,O,,INATTENTION,,2021,1
3597,28458817,0510100,HENDERSON POLICE DEPARTMENT,Accepted,HENDERSON,US0041,,US41,,N,,,,,,,37.87635561,-87.56720153,17.485,2021-08-01,1657,2,2,0,0,CLEAR,DRY,False,SIDESWIPE COLLISION - SAME DIRECTION,SIDESWIPE-SAME DIRECTION,STRAIGHT & LEVEL,DAYLIGHT,,,44410.52784,False,58,Accepted,5,5,O,,INATTENTION,,2021,1
3598,28459109,0510100,HENDERSON POLICE DEPARTMENT,Accepted,HENDERSON,,,ADAMS,ST,N,,BRECKINRIDGE,,,,,37.85246923,-87.57655804,1.262,2021-07-29,1317,2,2,0,0,CLEAR,DRY,False,ANGLE COLLISION - OTHER,ANGLE,STRAIGHT & LEVEL,DAYLIGHT,,,44410.59217,False,31,Accepted,5,5,O,,"INATTENTION, MISJUDGE CLEARANCE",,2021,1