OBJECTID,IncidentID,AgencyORI,AgencyName,IncidentStatusDesc,County,RdwyNumber,Street,RoadwayName,StreetSfx,StreetDir,IntersectionRdwy,IntersectionRdwyName,BetweenStRdwy1,BetweenStRdwyName1,BetweenStRdwy2,BetweenStRdwyName2,Latitude,Longitude,Milepoint,CollisionDate,CollisionTime,UnitsInvolved,MotorVehiclesInvolved,NumberKilled,NumberInjured,Weather,RdwyConditionCode,HitandRun,DirAnalysisCode,MannerofCollision,RdwyCharacter,LightCondition,RampFromRdwyId,RampToRdwyId,AcceptedDate,IsSecondaryCollision,OwnerBadge,IncidentStatus,InjurySeverityCde,KABCO_Code,KABCO,Environmental_Factors,Human_Factors,Vehicular_Factors,CollisionYear,CityCrash
3689,28570419,0510100,HENDERSON POLICE DEPARTMENT,Accepted,HENDERSON,,807,POND,ST,,,,,,,,37.82535274,-87.5847556,0.024,2021-08-25,1921,1,1,0,1,CLEAR,DRY,False,COLLISION WITH FIXED OBJECT NON - INTERSECTION - FIRST EVENT COLLISION 09 - 32 EXCLUDING 16,SINGLE VEHICLE,STRAIGHT & LEVEL,DAYLIGHT,,,44435.84137,False,46,Accepted,2,2,A,,,,2021,1
3690,28573327,0510100,HENDERSON POLICE DEPARTMENT,Accepted,HENDERSON,,,5TH,ST,,,INGRAM,,,,,37.84271588,-87.58453502,0.856,2021-08-28,322,1,1,0,0,CLOUDY,DRY,True,COLLISION WITH FIXED OBJECT IN INTERSECTION - FIRST EVENT COLLISION 09 - 32,SINGLE VEHICLE,STRAIGHT & LEVEL,DARK-HWY LIGHTED/ON,,,44437.00545,False,38,Accepted,5,5,O,,ALCOHOL INVOLVEMENT,,2021,1
3691,28574309,0510100,HENDERSON POLICE DEPARTMENT,Accepted,HENDERSON,US0041A,400,GREEN,ST,S,,,,JEFFERSON,,VINE,37.83153205,-87.59549799,15.241,2021-08-24,1209,2,2,0,0,CLEAR,DRY,False,SIDESWIPE COLLISION - SAME DIRECTION,SIDESWIPE-SAME DIRECTION,STRAIGHT & GRADE,DAYLIGHT,,,44437.38129,False,7,Accepted,5,5,O,,INATTENTION,,2021,1
3692,28576336,0510100,HENDERSON POLICE DEPARTMENT,Accepted,HENDERSON,US0041,2800,US41,,N,,,,,,,37.87848567,-87.56593169,17.646,2021-08-27,1531,2,2,0,0,CLEAR,DRY,False,OTHER ROADWAY OR MID-BLOCK COLLISION,OPPOSING LEFT TURN,STRAIGHT & LEVEL,DAYLIGHT,,,44438.08003,False,59,Accepted,5,5,O,VIEW OBSTRUCTED/LIMITED DUE TO RDWY,"FAILED TO YIELD RIGHT OF WAY, FAILED TO KEEP PROPER LANE",,2021,1
3693,28576447,0510100,HENDERSON POLICE DEPARTMENT,Accepted,HENDERSON,US0041A,,GREEN,ST,N,,,,,,,37.85114588,-87.58094705,16.838,2021-08-26,1732,3,3,0,1,CLEAR,DRY,False,OTHER ROADWAY OR MID-BLOCK COLLISION,REAR END,STRAIGHT & LEVEL,DAYLIGHT,,,44438.12128,False,58,Accepted,5,4,C,,DISTRACTION,,2021,1
3695,28579469,0510000,HENDERSON COUNTY SHERIFF DEPT.,Accepted,HENDERSON,,883,BEECHWOOD,DR,,,,,,,,37.86489629,-87.56507596,0.066,2021-08-26,200,2,2,0,0,CLOUDY,DRY,False,1 VEHICLE PARKED POSITION (NOT PARKING LOT/DRIVEWAY),REAR TO REAR,STRAIGHT & LEVEL,DARK-HWY NOT LIGHTED,,,44438.66368,False,132,Accepted,5,5,O,,INATTENTION,,2021,1
3703,28583668,0510100,HENDERSON POLICE DEPARTMENT,Accepted,HENDERSON,,,WASHINGTON,ST,,US0041A,GREEN,,,,,37.83630808,-87.59080618,1.208,2021-08-30,1444,2,2,0,0,CLOUDY,DRY,True,ANGLE COLLISION - OTHER,ANGLE,STRAIGHT & HILLCREST,DAYLIGHT,,,44439.70108,False,25,Accepted,5,5,O,,,,2021,1
3704,28583670,0510100,HENDERSON POLICE DEPARTMENT,Accepted,HENDERSON,,1609,WASHINGTON,ST,,,,,,,,37.82696442,-87.5751221,0.136,2021-08-29,1726,2,2,0,0,CLEAR,DRY,False,1 VEHICLE PARKED POSITION (NOT PARKING LOT/DRIVEWAY),SIDESWIPE-OPPOSITE DIRECTION,STRAIGHT & LEVEL,DAYLIGHT,,,44439.70115,False,58,Accepted,5,5,O,,INATTENTION,,2021,1
3705,28583671,0510100,HENDERSON POLICE DEPARTMENT,Accepted,HENDERSON,,,ELM,ST,N,,,,,,,37.86295718,-87.57552499,1.932,2021-08-30,1415,2,2,0,0,CLOUDY,DRY,False,REAR END IN TRAFFIC LANES BOTH VEHICLES MOVING,REAR END,STRAIGHT & LEVEL,DAYLIGHT,,,44439.70119,False,58,Accepted,5,5,O,,INATTENTION,,2021,1
3706,28586208,0510100,HENDERSON POLICE DEPARTMENT,Accepted,HENDERSON,KY0351,,2ND,ST,,,PRIEST,,,,,37.83303619,-87.57287078,0.968,2021-08-31,1048,2,2,0,0,CLOUDY,DRY,False,ANGLE COLLISION - ONE VEHICLE TURNING RIGHT,ANGLE,STRAIGHT & GRADE,DAYLIGHT,,,44440.38302,False,48,Accepted,5,5,O,,INATTENTION,,2021,1
3707,28590533,0510100,HENDERSON POLICE DEPARTMENT,Accepted,HENDERSON,,,5TH,ST,,,,,LAMBERT,,ALVASIA,37.84113171,-87.58059999,0.623,2021-09-01,1255,2,2,0,0,CLEAR,DRY,False,1 VEHICLE PARKED POSITION (NOT PARKING LOT/DRIVEWAY),SIDESWIPE-SAME DIRECTION,STRAIGHT & LEVEL,DAYLIGHT,,,44441.38635,False,34,Accepted,5,5,O,ANIMALS ACTION,INATTENTION,,2021,1
3708,28590549,0510100,HENDERSON POLICE DEPARTMENT,Accepted,HENDERSON,,1813,ELM,ST,N,,,,,,,37.86073476,-87.57685645,1.762,2021-09-01,1305,1,1,0,0,CLEAR,DRY,False,COLLISION WITH FIXED OBJECT NON - INTERSECTION - FIRST EVENT COLLISION 09 - 32 EXCLUDING 16,SINGLE VEHICLE,STRAIGHT & LEVEL,DAYLIGHT,,,44441.39018,False,67,Accepted,5,5,O,,INATTENTION,,2021,1
3710,28596044,0510100,HENDERSON POLICE DEPARTMENT,Accepted,HENDERSON,US0060,,GREEN,ST,S,,BORAX,,,,,37.81108941,-87.62280445,10.28,2021-09-02,1640,2,2,0,0,CLEAR,DRY,True,OTHER INTERSECTION COLLISIONS,REAR END,STRAIGHT & LEVEL,DAYLIGHT,,,44442.60826,False,59,Accepted,5,5,O,,,,2021,1
3711,28596046,0510100,HENDERSON POLICE DEPARTMENT,Accepted,HENDERSON,US0041A,,GREEN,ST,N,,5TH,,,,,37.84330743,-87.58595873,16.216,2021-08-31,911,2,2,0,0,CLOUDY,DRY,True,OTHER INTERSECTION COLLISIONS,REAR END,STRAIGHT & LEVEL,DAYLIGHT,,,44442.60973,False,48,Accepted,5,5,O,,INATTENTION,,2021,1
3713,28604433,0510100,HENDERSON POLICE DEPARTMENT,Accepted,HENDERSON,US0041,,US41,,N,,,,WALNUT,,WATSON,37.87578868,-87.56759862,17.441,2021-09-03,1317,2,2,0,0,CLEAR,DRY,False,1 VEHICLE ENTERING/LEAVING ENTRANCE,ANGLE,STRAIGHT & LEVEL,DAYLIGHT,,,44445.60937,False,67,Accepted,5,5,O,,INATTENTION,,2021,1
3714,28605771,0510100,HENDERSON POLICE DEPARTMENT,Accepted,HENDERSON,US0041,,US41,,N,,BARRET,,,,,37.86439019,-87.57367951,16.578,2021-09-03,1716,2,2,0,0,CLEAR,DRY,False,VEHICLE BACKING IN INTERSECTION,BACKING,STRAIGHT & LEVEL,DAYLIGHT,,,44445.90622,False,17,Accepted,5,5,O,,INATTENTION,,2021,1
3715,28605963,0510100,HENDERSON POLICE DEPARTMENT,Accepted,HENDERSON,US0041,2746,US41,,N,,,,,,,37.87061956,-87.5703011,17.054,2021-09-02,1557,2,2,0,0,CLEAR,DRY,False,1 VEHICLE ENTERING/LEAVING ENTRANCE,ANGLE,STRAIGHT & LEVEL,DAYLIGHT,,,44445.9752,False,17,Accepted,5,5,O,,INATTENTION,,2021,1
3716,28605965,0510100,HENDERSON POLICE DEPARTMENT,Accepted,HENDERSON,US0041,2530,US41,,N,,,,,,,37.86933208,-87.57122438,16.95,2021-09-03,1425,2,2,0,0,CLEAR,DRY,False,1 VEHICLE ENTERING/LEAVING ENTRANCE,ANGLE,STRAIGHT & LEVEL,DAYLIGHT,,,44445.97526,False,17,Accepted,5,5,O,,INATTENTION,,2021,1
3717,28607783,0510100,HENDERSON POLICE DEPARTMENT,Accepted,HENDERSON,KY0285,,OLD MADISONVILLE,RD,,,THORNTON,,,,,37.81477928,-87.58529621,2.54,2021-09-03,902,2,2,0,0,CLEAR,DRY,False,OPPOSING LEFT TURN,OPPOSING LEFT TURN,STRAIGHT & GRADE,DAYLIGHT,,,44446.36004,False,48,Accepted,5,5,O,,INATTENTION,,2021,1
3718,28607786,0510100,HENDERSON POLICE DEPARTMENT,Accepted,HENDERSON,,,GREEN,ST,S,,TURNER,,,,,37.82460944,-87.60227303,,2021-09-03,1225,2,2,0,0,CLEAR,DRY,False,ANGLE COLLISION - OTHER,ANGLE,STRAIGHT & LEVEL,DAYLIGHT,,,44446.36011,False,73,Accepted,5,5,O,,"INATTENTION, NOT UNDER PROPER CONTROL",,2021,1
3719,28607788,0510100,HENDERSON POLICE DEPARTMENT,Accepted,HENDERSON,,,RICHARDSON,AVE,,US0041,US41 E RAMP TO US41 S,,,,,37.8555251,-87.57631682,0.017,2021-09-02,1152,2,2,0,1,CLEAR,DRY,False,OTHER INTERSECTION COLLISIONS,REAR END,CURVE & LEVEL,DAYLIGHT,,,44446.36016,False,37,Accepted,5,4,C,GLARE (SUN),INATTENTION,,2021,1
3720,28607790,0510100,HENDERSON POLICE DEPARTMENT,Accepted,HENDERSON,,,WASHINGTON,ST,,US0041A,GREEN,,,,,37.83608444,-87.59047181,1.186,2021-09-03,1214,2,2,0,0,CLEAR,DRY,False,VEHICLE BACKING IN INTERSECTION,BACKING,STRAIGHT & HILLCREST,DAYLIGHT,,,44446.36021,False,37,Accepted,5,5,O,,"IMPROPER BACKING, INATTENTION",,2021,1
3721,28607792,0510100,HENDERSON POLICE DEPARTMENT,Accepted,HENDERSON,US0041A,,GREEN,ST,S,,CLAY,,,,,37.83377754,-87.59327707,15.445,2021-09-05,930,2,2,0,0,CLOUDY,DRY,False,ANGLE COLLISION - ONE VEHICLE TURNING RIGHT,ANGLE,STRAIGHT & LEVEL,DAYLIGHT,,,44446.36026,False,34,Accepted,5,5,O,,INATTENTION,,2021,1
3722,28607797,0510100,HENDERSON POLICE DEPARTMENT,Accepted,HENDERSON,US0041,,US41,,N,,,,,,,37.85352289,-87.56950779,15.731,2021-08-29,2000,1,1,0,1,CLEAR,DRY,True,OTHER COLLISIONS ON SHOULDER,SINGLE VEHICLE,STRAIGHT & LEVEL,DARK-HWY NOT LIGHTED,,,44446.36034,False,34,Accepted,3,3,B,ANIMALS ACTION,"DISTRACTION, INATTENTION",,2021,1
3723,28607800,0510100,HENDERSON POLICE DEPARTMENT,Accepted,HENDERSON,US0041A,1651,GREEN,ST,S,,,,,,,37.81746241,-87.61266242,13.838,2021-09-01,1051,2,2,0,0,CLEAR,DRY,False,SIDESWIPE COLLISION - SAME DIRECTION,SIDESWIPE-SAME DIRECTION,STRAIGHT & LEVEL,DAYLIGHT,,,44446.3604,False,26,Accepted,5,5,O,,MISJUDGE CLEARANCE,,2021,1
3728,28626249,0510100,HENDERSON POLICE DEPARTMENT,Accepted,HENDERSON,,553,BLUE HERON,LN,,,,,,,,37.80341141,-87.5461112,0.156,2021-08-18,2246,1,1,0,1,CLOUDY,DRY,False,COLLISION WITH FIXED OBJECT NON - INTERSECTION - FIRST EVENT COLLISION 09 - 32 EXCLUDING 16,SINGLE VEHICLE,STRAIGHT & GRADE,DARK-HWY LIGHTED/OFF,,,44447.05914,False,35,Accepted,5,3,B,,"LOST CONSCIOUSNESS/FAINTED, SICK",,2021,1
3730,28628657,0510100,HENDERSON POLICE DEPARTMENT,Accepted,HENDERSON,US0060,,US60,,E,,,,BARRET,,MANOR,37.86046116,-87.56629438,10.693,2021-09-07,845,2,2,0,0,CLEAR,DRY,False,OTHER ROADWAY OR MID-BLOCK COLLISION,REAR END,STRAIGHT & LEVEL,DAYLIGHT,,,44447.52677,False,67,Accepted,5,5,O,,INATTENTION,,2021,1
3731,28628659,0510100,HENDERSON POLICE DEPARTMENT,Accepted,HENDERSON,US0041A,,GREEN,ST,N,,,,13TH,,14TH,37.85380375,-87.57913441,,2021-09-07,1215,2,2,0,0,CLEAR,DRY,False,SIDESWIPE COLLISION - SAME DIRECTION,SIDESWIPE-SAME DIRECTION,STRAIGHT & LEVEL,DAYLIGHT,,,44447.527,False,73,Accepted,5,5,O,,INATTENTION,,2021,1
3732,28629068,0510100,HENDERSON POLICE DEPARTMENT,Accepted,HENDERSON,US0060,,US60,,E,,,,,,,37.8602652,-87.56700847,10.65,2021-08-23,1209,2,2,0,0,CLEAR,DRY,False,OTHER ROADWAY OR MID-BLOCK COLLISION,REAR END,STRAIGHT & LEVEL,DAYLIGHT,,,44447.5895,False,34,Accepted,5,5,O,,INATTENTION,,2021,1
3734,28630241,0510100,HENDERSON POLICE DEPARTMENT,Accepted,HENDERSON,,,ALVES,ST,N,,,,,,,37.8388704,-87.58344329,0.286,2021-09-06,1729,2,2,0,0,CLEAR,DRY,False,1 VEHICLE PARKED POSITION (NOT PARKING LOT/DRIVEWAY),SIDESWIPE-SAME DIRECTION,STRAIGHT & LEVEL,DAYLIGHT,,,44447.63586,False,50,Accepted,5,5,O,,"DISTRACTION, INATTENTION, OTHER",,2021,1
3735,28630244,0510100,HENDERSON POLICE DEPARTMENT,Accepted,HENDERSON,,29,ALVES,ST,S,,,,,,,37.83480442,-87.58638704,1.173,2021-09-07,1349,2,2,0,0,CLEAR,DRY,False,1 VEHICLE PARKED POSITION (NOT PARKING LOT/DRIVEWAY),BACKING,STRAIGHT & LEVEL,DAYLIGHT,,,44447.63592,False,25,Accepted,5,5,O,,"INATTENTION, MISJUDGE CLEARANCE",,2021,1
3736,28631373,0510100,HENDERSON POLICE DEPARTMENT,Accepted,HENDERSON,,,CENTER,ST,,,INGRAM,,,,,37.83652933,-87.58861295,0.752,2021-08-14,1505,1,1,0,0,CLEAR,DRY,False,COLLISION WITH FIXED OBJECT IN INTERSECTION - FIRST EVENT COLLISION 09 - 32,SINGLE VEHICLE,STRAIGHT & LEVEL,DAYLIGHT,,,44447.66313,False,44,Accepted,5,5,O,,,STEERING FAILURE,2021,1
3738,28640595,0510100,HENDERSON POLICE DEPARTMENT,Accepted,HENDERSON,US0041,,US41,,N,,,,,,,37.83833474,-87.56449147,14.668,2021-09-01,1814,2,2,0,0,CLEAR,DRY,False,SIDESWIPE COLLISION - SAME DIRECTION,SIDESWIPE-SAME DIRECTION,CURVE & LEVEL,DAYLIGHT,,,44448.64975,False,59,Accepted,5,5,O,,FAILED TO YIELD RIGHT OF WAY,,2021,1
3739,28640596,0510100,HENDERSON POLICE DEPARTMENT,Accepted,HENDERSON,US0041,,US41,,N,,WATSON,,,,,37.87534317,-87.56769271,17.415,2021-09-08,1433,2,2,0,0,CLEAR,DRY,False,SIDESWIPE-SAME DIRECTION,SIDESWIPE-SAME DIRECTION,STRAIGHT & LEVEL,DAYLIGHT,,,44448.64979,False,59,Accepted,5,5,O,,FAILED TO KEEP PROPER LANE,,2021,1
3741,28641262,0510100,HENDERSON POLICE DEPARTMENT,Accepted,HENDERSON,,,WATSON,LN,,US0041,US41,,,,,37.87537473,-87.56776334,1.098,2021-09-05,1600,2,2,0,0,CLEAR,DRY,True,ANGLE COLLISION - OTHER,ANGLE,STRAIGHT & LEVEL,DAYLIGHT,,,44448.76895,False,17,Accepted,5,5,O,,,,2021,1
3742,28643232,0510100,HENDERSON POLICE DEPARTMENT,Accepted,HENDERSON,US0041A,100,GREEN,ST,N,,,,,,,37.83863425,-87.58895363,15.86,2021-09-07,1211,2,2,0,0,CLEAR,DRY,False,1 VEHICLE ENTERING/LEAVING ENTRANCE,ANGLE,STRAIGHT & LEVEL,DAYLIGHT,,,44449.38028,False,26,Accepted,5,5,O,,MISJUDGE CLEARANCE,,2021,1
3743,28643233,0510100,HENDERSON POLICE DEPARTMENT,Accepted,HENDERSON,US0041A,,GREEN,ST,N,,4TH,,,,,37.8420579,-87.58683573,16.12,2021-09-09,743,2,2,0,0,CLEAR,DRY,False,ANGLE COLLISION - OTHER,ANGLE,STRAIGHT & LEVEL,DAYLIGHT,,,44449.38042,False,26,Accepted,5,5,O,,MISJUDGE CLEARANCE,,2021,1
3744,28643234,0510100,HENDERSON POLICE DEPARTMENT,Accepted,HENDERSON,US0041A,1807,GREEN,ST,S,,,,,,,37.81376026,-87.61855639,13.389,2021-08-25,1006,1,1,0,1,CLEAR,DRY,False,OTHER ROADWAY OR MID-BLOCK COLLISION,SINGLE VEHICLE,STRAIGHT & LEVEL,DAYLIGHT,,,44449.38049,False,26,Accepted,4,4,C,,,,2021,1
3745,28648437,0510100,HENDERSON POLICE DEPARTMENT,Accepted,HENDERSON,US0060,,US60,,E,,,,,,,37.85925371,-87.56945021,10.441,2021-09-10,1454,2,2,0,0,CLEAR,DRY,False,REAR END IN TRAFFIC LANES BOTH VEHICLES MOVING,REAR END,STRAIGHT & LEVEL,DAYLIGHT,,,44450.93947,False,50,Accepted,5,5,O,,INATTENTION,,2021,1
3746,28648439,0510100,HENDERSON POLICE DEPARTMENT,Accepted,HENDERSON,US0041A,,GREEN,ST,S,,,,,,,37.817219,-87.61302912,13.802,2021-09-10,1754,2,2,0,1,CLEAR,DRY,True,1 VEHICLE ENTERING/LEAVING ENTRANCE,ANGLE,STRAIGHT & LEVEL,DAYLIGHT,,,44450.93959,False,58,Accepted,5,4,C,,INATTENTION,,2021,1
3747,28649063,0510100,HENDERSON POLICE DEPARTMENT,Accepted,HENDERSON,,,12TH,ST,,,ELM,,,,,37.85277533,-87.58193787,0.197,2021-08-31,921,2,1,0,0,CLEAR,DRY,False,ANGLE COLLISION - OTHER,ANGLE,STRAIGHT & LEVEL,DAYLIGHT,,,44451.12798,False,7,Accepted,5,5,O,,INATTENTION,,2021,1
3748,28652859,0510100,HENDERSON POLICE DEPARTMENT,Accepted,HENDERSON,,,ZION,RD,,,KY 2084,,,,,37.83127633,-87.56893318,,2021-09-09,1210,2,2,0,0,CLEAR,DRY,False,ANGLE COLLISION - OTHER,ANGLE,STRAIGHT & LEVEL,DAYLIGHT,,,44452.38356,False,73,Accepted,5,5,O,,"FAILED TO YIELD RIGHT OF WAY, INATTENTION",,2021,1
3753,28653798,0510100,HENDERSON POLICE DEPARTMENT,Accepted,HENDERSON,US0041,,US41,,N,,WATSON,,,,,37.8753414,-87.56784481,17.407,2021-09-11,1310,2,2,0,0,CLEAR,DRY,False,SIDESWIPE-SAME DIRECTION,SIDESWIPE-SAME DIRECTION,STRAIGHT & LEVEL,DAYLIGHT,,,44452.56091,False,44,Accepted,5,5,O,,INATTENTION,,2021,1
3754,28655798,0510100,HENDERSON POLICE DEPARTMENT,Accepted,HENDERSON,,708,LETCHER,ST,,,,,,,,37.82369022,-87.58231085,0.391,2021-09-11,2320,2,2,0,0,CLEAR,DRY,True,1 VEHICLE PARKED POSITION (NOT PARKING LOT/DRIVEWAY),SIDESWIPE-SAME DIRECTION,STRAIGHT & LEVEL,DARK-HWY LIGHTED/ON,,,44453.0115,False,24,Accepted,5,5,O,,"EMOTIONAL, INATTENTION",,2021,1
3755,28655799,0510100,HENDERSON POLICE DEPARTMENT,Accepted,HENDERSON,,428,ALVASIA,ST,S,,,,,,,37.82912645,-87.59004588,0.477,2021-09-11,409,2,2,0,0,CLEAR,DRY,True,1 VEHICLE PARKED POSITION (NOT PARKING LOT/DRIVEWAY),REAR END,STRAIGHT & LEVEL,DARK (UNKNOWN ROADWAY LIGHTING),,,44453.01155,False,33,Accepted,5,5,O,,,,2021,1
3756,28657702,0510100,HENDERSON POLICE DEPARTMENT,Accepted,HENDERSON,,,1ST,ST,,,ALVASIA,,,,,37.83592049,-87.58342538,0.648,2021-09-14,600,2,2,0,0,CLOUDY,DRY,False,ANGLE COLLISION - OTHER,ANGLE,STRAIGHT & LEVEL,DAWN,,,44453.54515,False,34,Accepted,5,5,O,,"DISREGARD TRAFFIC CONTROL, INATTENTION",,2021,1
3758,28663231,0510100,HENDERSON POLICE DEPARTMENT,Accepted,HENDERSON,US0060,,GREEN,ST,S,,,,,,,37.80575053,-87.63244586,9.635,2021-09-14,1637,2,2,0,2,CLEAR,DRY,False,OTHER ROADWAY OR MID-BLOCK COLLISION,REAR END,STRAIGHT & LEVEL,DAYLIGHT,,,44454.71523,False,50,Accepted,5,4,C,,DISTRACTION,,2021,1
3759,28663232,0510100,HENDERSON POLICE DEPARTMENT,Accepted,HENDERSON,KY0136,1300,SAND,LN,,,,,,,,37.82251058,-87.60124315,19.682,2021-09-14,1515,1,1,0,0,CLEAR,DRY,False,RAN OFF ROADWAY (1 VEHICLE WITH/EARTH EMBANKMENT/DITCH),SINGLE VEHICLE,STRAIGHT & LEVEL,DAYLIGHT,,,44454.71528,False,19,Accepted,5,5,O,,OTHER,,2021,1
3760,28663233,0510100,HENDERSON POLICE DEPARTMENT,Accepted,HENDERSON,,2118,ELM,ST,N,,,,,,,37.86717613,-87.57490932,2.231,2021-09-14,1909,2,1,0,1,CLEAR,DRY,False,COLLISION WITH BICYCLIST NON INTERSECTION,SINGLE VEHICLE,STRAIGHT & LEVEL,DUSK,,,44454.71531,False,25,Accepted,5,3,B,,INATTENTION,,2021,1
3762,28667367,0510100,HENDERSON POLICE DEPARTMENT,Accepted,HENDERSON,,,ADAMS,ST,N,,BRECKINRIDGE,,,,,37.85249491,-87.57666944,1.26,2021-09-15,1645,2,2,0,0,CLEAR,DRY,False,OTHER INTERSECTION COLLISIONS,REAR END,STRAIGHT & LEVEL,DAYLIGHT,,,44455.70466,False,59,Accepted,5,5,O,,"INATTENTION, FOLLOWING TOO CLOSE",,2021,1
3763,28667583,0510100,HENDERSON POLICE DEPARTMENT,Accepted,HENDERSON,US0041A,,GREEN,ST,N,,12TH,,,,,37.85219318,-87.58027469,16.918,2021-09-12,1905,2,2,0,0,CLEAR,DRY,False,ANGLE COLLISION - OTHER,ANGLE,STRAIGHT & LEVEL,DAYLIGHT,,,44455.73634,False,44,Accepted,5,5,O,OTHER,INATTENTION,,2021,1
3764,28669604,0510100,HENDERSON POLICE DEPARTMENT,Accepted,HENDERSON,,,WATSON,LN,,US0041,US41,,,,,37.87530171,-87.56769751,1.094,2021-09-12,1128,2,2,0,0,CLEAR,DRY,False,VEHICLE BACKING IN INTERSECTION,BACKING,STRAIGHT & LEVEL,DAYLIGHT,,,44456.32978,False,34,Accepted,5,5,O,,MISJUDGE CLEARANCE,,2021,1
3765,28669605,0510100,HENDERSON POLICE DEPARTMENT,Accepted,HENDERSON,,,5TH,ST,,,,,VAN WYK,,HEILMAN,37.83849229,-87.5741192,0.224,2021-09-15,1028,2,2,0,0,CLOUDY,DRY,False,VEHICLE BACKING NON INTERSECTION,BACKING,STRAIGHT & LEVEL,DAYLIGHT,,,44456.32982,False,34,Accepted,5,5,O,,MISJUDGE CLEARANCE,,2021,1
3768,28672075,0510100,HENDERSON POLICE DEPARTMENT,Accepted,HENDERSON,,,ADAMS,ST,S,,,,,,,37.83157697,-87.59168925,0.381,2021-09-16,1543,2,2,0,0,CLEAR,DRY,False,SIDESWIPE COLLISION - OPPOSITE DIRECTION,SIDESWIPE-OPPOSITE DIRECTION,STRAIGHT & LEVEL,DAYLIGHT,,,44456.92954,False,58,Accepted,5,5,O,,INATTENTION,,2021,1
3769,28674976,0510100,HENDERSON POLICE DEPARTMENT,Accepted,HENDERSON,,,1ST,ST,,,,,,,,37.83808627,-87.58896826,0.312,2021-09-16,2232,2,2,0,0,CLEAR,DRY,False,SIDESWIPE COLLISION - SAME DIRECTION,SIDESWIPE-SAME DIRECTION,STRAIGHT & LEVEL,DARK-HWY LIGHTED/ON,,,44458.04005,False,31,Accepted,5,5,O,OTHER,"DRUG INVOLVEMENT, INATTENTION",,2021,1
3775,28684424,0510100,HENDERSON POLICE DEPARTMENT,Accepted,HENDERSON,,,BARRET,BLVD,,US0060,US60,,,,,37.86004704,-87.5678778,0.361,2021-09-19,1215,2,2,0,0,CLOUDY,DRY,False,OTHER INTERSECTION COLLISIONS,REAR END,STRAIGHT & LEVEL,DAYLIGHT,,,44460.46393,False,37,Accepted,5,5,O,,INATTENTION,,2021,1
3776,28684743,0510100,HENDERSON POLICE DEPARTMENT,Accepted,HENDERSON,,,WALNUT,LN,,US0041,US41,,,,,37.87989577,-87.56536619,0.329,2021-09-20,745,2,2,0,0,CLOUDY,DRY,False,VEHICLE BACKING IN INTERSECTION,BACKING,STRAIGHT & LEVEL,DAYLIGHT,,,44460.51772,False,44,Accepted,5,5,O,,"IMPROPER BACKING, INATTENTION",,2021,1
3777,28684744,0510100,HENDERSON POLICE DEPARTMENT,Accepted,HENDERSON,KY0351,,ZION,RD,,US0041,US41 RAMP FROM KY351,,,,,37.83098986,-87.56720473,1.304,2021-09-20,2030,2,2,0,0,CLEAR,DRY,False,OTHER INTERSECTION COLLISIONS,REAR END,STRAIGHT & LEVEL,DARK-HWY LIGHTED/ON,,,44460.51777,False,46,Accepted,5,5,O,,INATTENTION,,2021,1
3778,28685021,0510100,HENDERSON POLICE DEPARTMENT,Accepted,HENDERSON,,,WATSON,LN,,US0041,US41,,,,,37.87533021,-87.5677555,1.097,2021-09-20,1450,2,2,0,0,CLEAR,DRY,False,ANGLE COLLISION - OTHER,ANGLE,STRAIGHT & LEVEL,DAYLIGHT,,,44460.56579,False,58,Accepted,5,5,O,,INATTENTION,BRAKES DEFECTIVE,2021,1
3779,28685716,0510100,HENDERSON POLICE DEPARTMENT,Accepted,HENDERSON,,460,KLUTEY PARK PLAZA,DR,,,,,,,,37.83476449,-87.56957915,0.196,2021-09-20,1546,2,2,0,0,CLOUDY,DRY,False,REAR END IN TRAFFIC LANES BOTH VEHICLES MOVING,REAR END,STRAIGHT & LEVEL,DAYLIGHT,,,44460.66752,False,25,Accepted,5,5,O,,INATTENTION,,2021,1
3780,28685772,0510100,HENDERSON POLICE DEPARTMENT,Accepted,HENDERSON,,604,5TH,ST,,,,,,,,37.84200468,-87.58279114,0.711,2021-08-31,1542,2,2,0,0,CLOUDY,DRY,True,1 VEHICLE PARKED POSITION (NOT PARKING LOT/DRIVEWAY),REAR END,STRAIGHT & LEVEL,DAYLIGHT,,,44460.67494,False,25,Accepted,5,5,O,OTHER,,,2021,1
3781,28687015,0510100,HENDERSON POLICE DEPARTMENT,Accepted,HENDERSON,US0041A,,GREEN,ST,S,,,,,,,37.81446135,-87.61773077,13.46,2021-09-20,2048,2,2,0,0,CLOUDY,DRY,True,1 VEHICLE ENTERING/LEAVING ENTRANCE,ANGLE,STRAIGHT & LEVEL,DARK (UNKNOWN ROADWAY LIGHTING),,,44460.9705,False,31,Accepted,5,5,O,,"INATTENTION, MISJUDGE CLEARANCE",,2021,1
3782,28687016,0510100,HENDERSON POLICE DEPARTMENT,Accepted,HENDERSON,US0041A,,GREEN,ST,S,,,,,,,37.81404979,-87.6179659,13.429,2021-09-21,1536,2,2,0,0,CLOUDY,DRY,False,REAR END IN TRAFFIC LANES BOTH VEHICLES MOVING,REAR END,STRAIGHT & LEVEL,DAYLIGHT,,,44460.97056,False,31,Accepted,5,5,O,,EXCEEDED STATED SPEED LIMIT,,2021,1