OBJECTID,IncidentID,AgencyORI,AgencyName,IncidentStatusDesc,County,RdwyNumber,Street,RoadwayName,StreetSfx,StreetDir,IntersectionRdwy,IntersectionRdwyName,BetweenStRdwy1,BetweenStRdwyName1,BetweenStRdwy2,BetweenStRdwyName2,Latitude,Longitude,Milepoint,CollisionDate,CollisionTime,UnitsInvolved,MotorVehiclesInvolved,NumberKilled,NumberInjured,Weather,RdwyConditionCode,HitandRun,DirAnalysisCode,MannerofCollision,RdwyCharacter,LightCondition,RampFromRdwyId,RampToRdwyId,AcceptedDate,IsSecondaryCollision,OwnerBadge,IncidentStatus,InjurySeverityCde,KABCO_Code,KABCO,Environmental_Factors,Human_Factors,Vehicular_Factors,CollisionYear,CityCrash
3784,28692258,0510100,HENDERSON POLICE DEPARTMENT,Accepted,HENDERSON,US0041,,US41,,N,,,,BARRET,,MARYWOOD,37.86640325,-87.57252584,16.741,2021-09-20,803,2,2,0,0,RAINING,WET,False,REAR END IN TRAFFIC LANES BOTH VEHICLES MOVING,REAR END,STRAIGHT & LEVEL,DAWN,,,44462.39038,False,34,Accepted,5,5,O,"BACKUP DUE TO REGULAR CONGESTION, SLIPPERY SURFACE",,,2021,1
3786,28697911,0510100,HENDERSON POLICE DEPARTMENT,Accepted,HENDERSON,US0041,,US41,,N,,,,,,,37.87883227,-87.56599194,17.667,2021-09-13,1551,2,2,0,0,CLEAR,DRY,False,REAR END IN TRAFFIC LANES BOTH VEHICLES MOVING,REAR END,STRAIGHT & LEVEL,DAYLIGHT,,,44462.90861,False,58,Accepted,5,5,O,,INATTENTION,,2021,1
3788,28700343,0510100,HENDERSON POLICE DEPARTMENT,Accepted,HENDERSON,,,DRURY,LN,,US0041A,GREEN,,,,,37.81407564,-87.6180001,0.001,2021-09-13,1152,2,2,0,0,CLEAR,DRY,False,OPPOSITE DIRECTION - BOTH VEHICLES GOING STRAIGHT AHEAD,SIDESWIPE-OPPOSITE DIRECTION,STRAIGHT & LEVEL,DAYLIGHT,,,44463.5465,False,26,Accepted,5,5,O,,MISJUDGE CLEARANCE,,2021,1
3789,28700344,0510100,HENDERSON POLICE DEPARTMENT,Accepted,HENDERSON,US0041A,,US41 ALT,,,US0060,GREEN,,,,,37.81107719,-87.62268637,13.09,2021-09-15,718,2,2,0,0,CLEAR,DRY,False,OTHER INTERSECTION COLLISIONS,REAR END,STRAIGHT & LEVEL,DAYLIGHT,,,44463.54655,False,26,Accepted,5,5,O,,INATTENTION,,2021,1
3790,28704721,0510100,HENDERSON POLICE DEPARTMENT,Accepted,HENDERSON,US0041A,,GREEN,ST,N,,,,,,,37.8448927,-87.58496722,16.345,2021-09-23,2212,2,2,0,0,CLEAR,DRY,False,REAR END IN TRAFFIC LANES BOTH VEHICLES MOVING,REAR END,STRAIGHT & LEVEL,DARK (UNKNOWN ROADWAY LIGHTING),,,44465.02989,False,24,Accepted,5,5,O,,INATTENTION,,2021,1
3791,28706387,0510100,HENDERSON POLICE DEPARTMENT,Accepted,HENDERSON,US0041A,1100,GREEN,ST,N,,,,,,,37.85114727,-87.58098678,16.836,2021-09-22,1356,2,2,0,0,CLOUDY,WET,False,OTHER ROADWAY OR MID-BLOCK COLLISION,REAR END,STRAIGHT & LEVEL,DAYLIGHT,,,44465.70374,False,50,Accepted,5,5,O,,OTHER,,2021,1
3792,28706388,0510100,HENDERSON POLICE DEPARTMENT,Accepted,HENDERSON,US0041,,,,,,,,,,,37.85758227,-87.5747823,0.102,2021-09-22,1611,1,1,0,0,RAINING,WET,False,COLLISION WITH FIXED OBJECT NOT IN GORE ,SINGLE VEHICLE,CURVE & GRADE,DAYLIGHT,US0041,US0041,44465.7038,False,59,Accepted,5,5,O,SLIPPERY SURFACE,,,2021,1
3793,28706515,0510100,HENDERSON POLICE DEPARTMENT,Accepted,HENDERSON,US0060,,US60,,E,,,,,,,37.85774609,-87.57232636,10.34,2021-09-21,1709,2,2,0,0,CLOUDY,DRY,False,REAR END IN TRAFFIC LANES BOTH VEHICLES MOVING,REAR END,STRAIGHT & LEVEL,DAYLIGHT,,,44465.74071,False,31,Accepted,5,5,O,,INATTENTION,OTHER,2021,1
3794,28707331,0510100,HENDERSON POLICE DEPARTMENT,Accepted,HENDERSON,,1019,CLAY,ST,,,,,,,,37.82870074,-87.58484739,0.491,2021-09-25,2200,2,2,0,0,CLEAR,DRY,False,1 VEHICLE PARKED POSITION (NOT PARKING LOT/DRIVEWAY),SIDESWIPE-SAME DIRECTION,STRAIGHT & LEVEL,DARK-HWY NOT LIGHTED,,,44465.98358,False,35,Accepted,5,5,O,,MISJUDGE CLEARANCE,,2021,1
3795,28707432,0510100,HENDERSON POLICE DEPARTMENT,Accepted,HENDERSON,,,WATSON,LN,,,ELM,,,,,37.87561474,-87.56897736,1.164,2021-09-23,1728,2,2,0,0,CLEAR,DRY,False,OPPOSING LEFT TURN,OPPOSING LEFT TURN,STRAIGHT & LEVEL,DAYLIGHT,,,44466.00388,False,59,Accepted,5,5,O,OTHER,INATTENTION,,2021,1
3797,28709039,0510100,HENDERSON POLICE DEPARTMENT,Accepted,HENDERSON,,,FLINTLOCK,DR,,,,,VILLAGE,,WATSON,37.86642335,-87.55487517,0.048,2021-09-24,1148,2,2,0,0,CLEAR,DRY,False,1 VEHICLE PARKED POSITION (NOT PARKING LOT/DRIVEWAY),BACKING,STRAIGHT & GRADE,DAYLIGHT,,,44466.39206,False,67,Accepted,5,5,O,,INATTENTION,,2021,1
3798,28709040,0510100,HENDERSON POLICE DEPARTMENT,Accepted,HENDERSON,,,2ND,ST,,,MAIN,,,,,37.84052301,-87.59112512,0.162,2021-09-23,1136,2,2,0,0,CLEAR,DRY,True,VEHICLE BACKING IN INTERSECTION,BACKING,STRAIGHT & LEVEL,DAYLIGHT,,,44466.39212,False,37,Accepted,5,5,O,,"IMPROPER BACKING, INATTENTION, MISJUDGE CLEARANCE",,2021,1
3799,28709043,0510100,HENDERSON POLICE DEPARTMENT,Accepted,HENDERSON,,,POWELL,ST,,,MAIN,,,,,37.83694339,-87.59477276,0.101,2021-09-24,1334,2,2,0,0,CLEAR,DRY,False,ANGLE COLLISION - OTHER,ANGLE,STRAIGHT & LEVEL,DAYLIGHT,,,44466.39222,False,37,Accepted,5,5,O,,"INATTENTION, MISJUDGE CLEARANCE",,2021,1
3808,28720177,0510100,HENDERSON POLICE DEPARTMENT,Accepted,HENDERSON,US0041,2709,US41,,N,,,,,,,37.87577162,-87.56769186,17.438,2021-09-23,1901,2,2,0,0,CLEAR,DRY,False,REAR END IN TRAFFIC LANES BOTH VEHICLES MOVING,REAR END,STRAIGHT & LEVEL,DARK-HWY LIGHTED/ON,,,44466.7432,False,58,Accepted,5,5,O,,INATTENTION,,2021,1
3809,28720183,0510100,HENDERSON POLICE DEPARTMENT,Accepted,HENDERSON,,,OLD HENDERSON CORYDON,RD,,,,,,,,37.79604884,-87.64050286,0.527,2021-09-26,1636,2,2,0,0,CLEAR,DRY,False,1 VEHICLE ENTERING/LEAVING ENTRANCE,ANGLE,CURVE & LEVEL,DAYLIGHT,,,44466.7433,False,31,Accepted,5,5,O,,INATTENTION,,2021,1
3810,28720186,0510100,HENDERSON POLICE DEPARTMENT,Accepted,HENDERSON,,1300,ELM,ST,N,,,,,,,37.85739094,-87.57896751,1.501,2021-09-26,1439,2,2,0,0,CLEAR,DRY,False,1 VEHICLE ENTERING/LEAVING ENTRANCE,ANGLE,STRAIGHT & LEVEL,DAYLIGHT,,,44466.74335,False,50,Accepted,5,5,O,,INATTENTION,,2021,1
3812,28721942,0510100,HENDERSON POLICE DEPARTMENT,Accepted,HENDERSON,KY0136,,SAND,LN,,,ALVES,,,,,37.82127997,-87.59935382,19.815,2021-09-24,1855,2,2,0,0,CLEAR,DRY,False,ANGLE COLLISION - OTHER,ANGLE,STRAIGHT & LEVEL,DARK-HWY LIGHTED/ON,,,44466.78449,False,58,Accepted,5,5,O,,INATTENTION,,2021,1
3813,28721945,0510100,HENDERSON POLICE DEPARTMENT,Accepted,HENDERSON,US0041,2826,US41,,N,,,,,,,37.87604413,-87.56730202,17.462,2021-09-24,1701,2,2,0,0,CLEAR,DRY,False,REAR END IN TRAFFIC LANES BOTH VEHICLES MOVING,REAR END,STRAIGHT & LEVEL,DAYLIGHT,,,44466.78454,False,17,Accepted,5,5,O,,INATTENTION,,2021,1
3814,28731165,0510100,HENDERSON POLICE DEPARTMENT,Accepted,HENDERSON,,506,TEAL,LN,,,,,,,,37.80282187,-87.54233727,0.058,2021-09-26,456,1,1,0,0,CLEAR,DRY,False,COLLISION WITH FIXED OBJECT NON - INTERSECTION - FIRST EVENT COLLISION 09 - 32 EXCLUDING 16,SINGLE VEHICLE,STRAIGHT & LEVEL,DARK-HWY NOT LIGHTED,,,44467.20045,False,24,Accepted,5,5,O,,"FELL ASLEEP, INATTENTION",,2021,1
3815,28732055,0510100,HENDERSON POLICE DEPARTMENT,Accepted,HENDERSON,US0041,,US41,,N,,PAUL,,,,,37.87423706,-87.56833076,17.319,2021-09-24,710,2,2,0,0,CLEAR,DRY,False,ANGLE COLLISION - OTHER,ANGLE,STRAIGHT & LEVEL,DAYLIGHT,,,44467.41963,False,67,Accepted,5,5,O,,INATTENTION,,2021,1
3816,28732057,0510100,HENDERSON POLICE DEPARTMENT,Accepted,HENDERSON,US0041,,US41,,N,,,,BARKER,,PAUL,37.87287909,-87.56910265,17.223,2021-09-24,755,2,2,0,0,CLEAR,DRY,False,OTHER ROADWAY OR MID-BLOCK COLLISION,REAR END,STRAIGHT & LEVEL,DAYLIGHT,,,44467.41973,False,67,Accepted,5,5,O,,INATTENTION,,2021,1
3817,28732307,0510100,HENDERSON POLICE DEPARTMENT,Accepted,HENDERSON,US0041A,,GREEN,ST,N,,RICHARDSON,,,,,37.85548815,-87.57667342,17.229,2021-09-28,720,2,2,0,0,CLEAR,DRY,False,SIDESWIPE-SAME DIRECTION,SIDESWIPE-SAME DIRECTION,STRAIGHT & LEVEL,DAYLIGHT,,,44467.4341,False,67,Accepted,5,5,O,,INATTENTION,,2021,1
3819,28769450,0510100,HENDERSON POLICE DEPARTMENT,Accepted,HENDERSON,US0041A,,GREEN,ST,N,,,,,,,37.85482402,-87.57791623,17.147,2021-09-29,1401,2,2,0,3,CLEAR,DRY,False,1 VEHICLE ENTERING/LEAVING ENTRANCE,ANGLE,STRAIGHT & LEVEL,DAYLIGHT,,,44468.86449,False,31,Accepted,4,4,C,,INATTENTION,,2021,1
3820,28777320,0510100,HENDERSON POLICE DEPARTMENT,Accepted,HENDERSON,,1319,WOODLAND,DR,,,,,LARKSPUR,,KINGSWAY,37.81943223,-87.59656239,0.058,2021-09-25,1202,2,1,0,0,CLEAR,DRY,False,COLLISION WITH PEDESTRIAN NON - INTERSECTION,SINGLE VEHICLE,STRAIGHT & LEVEL,DAYLIGHT,,,44469.52281,False,34,Accepted,5,5,O,,OTHER,,2021,1
3821,28777328,0510100,HENDERSON POLICE DEPARTMENT,Accepted,HENDERSON,,913,BEND GATE,RD,,,,,,,,37.86711839,-87.55818356,0.069,2021-09-28,908,1,1,0,0,CLEAR,DRY,False,COLLISION WITH FIXED OBJECT NON - INTERSECTION - FIRST EVENT COLLISION 09 - 32 EXCLUDING 16,SINGLE VEHICLE,STRAIGHT & LEVEL,DAYLIGHT,,,44469.52295,False,67,Accepted,5,5,O,,INATTENTION,,2021,1
3822,28777332,0510100,HENDERSON POLICE DEPARTMENT,Accepted,HENDERSON,US0041,1949,US41,,N,,,,,,,37.86350528,-87.57434895,16.516,2021-09-26,1320,2,2,0,0,CLEAR,DRY,False,SIDESWIPE COLLISION - SAME DIRECTION,SIDESWIPE-SAME DIRECTION,STRAIGHT & LEVEL,DAYLIGHT,,,44469.52302,False,37,Accepted,5,5,O,,"FAILED TO KEEP PROPER LANE, MISJUDGE CLEARANCE",,2021,1
3823,28777337,0510100,HENDERSON POLICE DEPARTMENT,Accepted,HENDERSON,US0041,,US41,,N,,WATSON,,,,,37.87535513,-87.56792536,17.412,2021-09-27,926,2,2,0,1,CLEAR,DRY,False,ANGLE COLLISION - ONE VEHICLE TURNING RIGHT,ANGLE,STRAIGHT & LEVEL,DAYLIGHT,,,44469.52314,False,26,Accepted,5,3,B,,"DISREGARD TRAFFIC CONTROL, INATTENTION",,2021,1
3824,28778449,0510100,HENDERSON POLICE DEPARTMENT,Accepted,HENDERSON,KY0812,,AIRLINE,RD,,,,,,,,37.81032064,-87.55243172,6.249,2021-09-29,1452,3,3,0,0,CLEAR,DRY,False,OTHER ROADWAY OR MID-BLOCK COLLISION,REAR END,STRAIGHT & HILLCREST,DAYLIGHT,,,44469.72572,False,50,Accepted,5,5,O,,,BRAKES DEFECTIVE,2021,1
3825,28778450,0510100,HENDERSON POLICE DEPARTMENT,Accepted,HENDERSON,US0041A,500,GREEN,ST,N,,,,,,,37.84327146,-87.5860061,16.216,2021-09-29,1756,2,2,0,0,CLEAR,DRY,False,SIDESWIPE COLLISION - SAME DIRECTION,SIDESWIPE-SAME DIRECTION,STRAIGHT & LEVEL,DAYLIGHT,,,44469.72577,False,50,Accepted,5,5,O,,INATTENTION,,2021,1
3826,28779283,0510100,HENDERSON POLICE DEPARTMENT,Accepted,HENDERSON,US0041A,,GREEN,ST,S,,SAND,,,,,37.82363118,-87.6031889,14.514,2021-09-30,1615,2,2,0,0,CLOUDY,DRY,True,OTHER INTERSECTION COLLISIONS,REAR END,STRAIGHT & LEVEL,DAYLIGHT,,,44469.93112,False,58,Accepted,5,5,O,,,,2021,1
3827,28781047,0510000,HENDERSON COUNTY SHERIFF DEPT.,Accepted,HENDERSON,US0060,,GREEN,ST,S,,,,,,,37.80390854,-87.63721401,9.31,2021-09-28,1339,2,2,0,0,CLEAR,DRY,False,REAR END IN TRAFFIC LANES BOTH VEHICLES MOVING,REAR END,STRAIGHT & LEVEL,DAYLIGHT,,,44470.41206,False,135,Accepted,5,5,O,,"INATTENTION, NOT UNDER PROPER CONTROL",,2021,1
3829,28783552,0510100,HENDERSON POLICE DEPARTMENT,Accepted,HENDERSON,US0041,2800,US41,,N,,,,,,,37.87881859,-87.56593986,17.667,2021-09-30,1551,2,2,0,0,CLEAR,DRY,False,REAR END IN TRAFFIC LANES BOTH VEHICLES MOVING,REAR END,STRAIGHT & LEVEL,DAYLIGHT,,,44470.92099,False,59,Accepted,5,5,O,,INATTENTION,,2021,1
3830,28786286,0510100,HENDERSON POLICE DEPARTMENT,Accepted,HENDERSON,,,TIPPECANOE,TRL,,,FRONTIER,,,,,37.86879527,-87.55497905,0.129,2021-10-02,1534,2,2,0,0,CLOUDY,WET,False,ANGLE COLLISION - OTHER,ANGLE,STRAIGHT & HILLCREST,DAYLIGHT,,,44472.05613,False,59,Accepted,5,5,O,SLIPPERY SURFACE,"FAILED TO YIELD RIGHT OF WAY, INATTENTION",,2021,1
3831,28786289,0510100,HENDERSON POLICE DEPARTMENT,Accepted,HENDERSON,,,12TH,ST,,US0041A,GREEN,,,,,37.85220115,-87.58031597,0.294,2021-10-02,1357,2,2,0,0,RAINING,WET,False,OTHER INTERSECTION COLLISIONS,REAR END,STRAIGHT & LEVEL,DAYLIGHT,,,44472.05628,False,25,Accepted,5,5,O,,"FOLLOWING TOO CLOSE, INATTENTION, MISJUDGE CLEARANCE",,2021,1
3832,28786429,0510100,HENDERSON POLICE DEPARTMENT,Accepted,HENDERSON,US0041A,1200,GREEN,ST,N,,12TH,,,,,37.85221697,-87.58026779,16.895,2021-10-02,1416,2,1,0,0,RAINING,WET,False,OTHER INTERSECTION COLLISIONS,REAR END,STRAIGHT & LEVEL,DAYLIGHT,,,44472.05603,False,59,Accepted,5,5,O,SLIPPERY SURFACE,,,2021,1
3833,28790095,0510100,HENDERSON POLICE DEPARTMENT,Accepted,HENDERSON,,,CENTER,ST,,,,,GREEN ,,INGRAM,37.8371843,-87.58982018,,2021-10-01,1010,2,2,0,0,CLOUDY,DRY,False,OTHER ROADWAY OR MID-BLOCK COLLISION,REAR END,STRAIGHT & LEVEL,DAYLIGHT,,,44473.41684,False,73,Accepted,5,5,O,,INATTENTION,,2021,1
3834,28790096,0510100,HENDERSON POLICE DEPARTMENT,Accepted,HENDERSON,,,WATSON,LN,,,,,ELM,US0041,US41,37.87539655,-87.56801136,1.098,2021-10-01,758,2,2,0,0,CLOUDY,DRY,False,VEHICLE BACKING NON INTERSECTION,BACKING,STRAIGHT & LEVEL,DAYLIGHT,,,44473.41715,False,67,Accepted,5,5,O,,INATTENTION,,2021,1
3835,28790101,0510100,HENDERSON POLICE DEPARTMENT,Accepted,HENDERSON,,,WATSON,LN,,,WILDWOOD CREEK,,,,,37.87182179,-87.558792,0.532,2021-10-01,857,2,2,0,0,CLOUDY,DRY,False,OTHER INTERSECTION COLLISIONS,REAR END,STRAIGHT & GRADE,DAYLIGHT,,,44473.41783,False,67,Accepted,5,5,O,,INATTENTION,,2021,1
3836,28790110,0510100,HENDERSON POLICE DEPARTMENT,Accepted,HENDERSON,US0041,,US41,,N,,,,STRATMAN,,RACETRACK,37.8836266,-87.56281852,18.028,2021-10-01,1027,1,1,0,0,CLEAR,DRY,False,COLLISION WITH FIXED OBJECT NON - INTERSECTION - FIRST EVENT COLLISION 09 - 32 EXCLUDING 16,SINGLE VEHICLE,STRAIGHT & LEVEL,DAYLIGHT,,,44473.42001,False,48,Accepted,5,5,O,,OTHER,,2021,1
3837,28790180,0510100,HENDERSON POLICE DEPARTMENT,Accepted,HENDERSON,,,ELM,ST,N,,14TH,,,,,37.85480784,-87.58065188,1.302,2021-09-29,1336,2,2,0,0,CLEAR,DRY,False,ANGLE COLLISION - OTHER,ANGLE,STRAIGHT & LEVEL,DAYLIGHT,,,44473.43589,False,37,Accepted,5,5,O,,MISJUDGE CLEARANCE,,2021,1
3838,28790603,0510100,HENDERSON POLICE DEPARTMENT,Accepted,HENDERSON,US0041,,US41,,N,,PAUL,,,,,37.87423706,-87.56833076,17.319,2021-10-02,1041,2,1,0,0,RAINING,WET,False,SIDESWIPE-SAME DIRECTION,SIDESWIPE-SAME DIRECTION,STRAIGHT & LEVEL,DAYLIGHT,,,44473.41927,False,67,Accepted,5,5,O,,INATTENTION,,2021,1
3839,28792524,0510100,HENDERSON POLICE DEPARTMENT,Accepted,HENDERSON,US0041A,600,GREEN,ST,S,,,,,,,37.83012569,-87.59681456,15.175,2021-09-16,821,2,2,0,0,CLEAR,DRY,True,SIDESWIPE COLLISION - SAME DIRECTION,SIDESWIPE-SAME DIRECTION,STRAIGHT & LEVEL,DAYLIGHT,,,44473.87742,False,22,Accepted,5,5,O,,FAILED TO YIELD RIGHT OF WAY,,2021,1
3840,28795396,0510100,HENDERSON POLICE DEPARTMENT,Accepted,HENDERSON,US0060,,GREEN,ST,S,,COMMUNITY,,,,,37.8037662,-87.63758396,9.323,2021-10-04,1605,2,2,0,2,CLEAR,DRY,False,ANGLE COLLISION - OTHER,ANGLE,STRAIGHT & LEVEL,DAYLIGHT,,,44474.55371,False,17,Accepted,4,4,C,,INATTENTION,,2021,1
3841,28795399,0510100,HENDERSON POLICE DEPARTMENT,Accepted,HENDERSON,,,12TH,ST,,,ELM,,,,,37.8527914,-87.58182567,0.176,2021-09-27,1115,2,2,0,0,CLEAR,DRY,False,OTHER INTERSECTION COLLISIONS,REAR END,STRAIGHT & HILLCREST,DAYLIGHT,,,44474.55401,False,34,Accepted,5,5,O,,NOT UNDER PROPER CONTROL,BRAKES DEFECTIVE,2021,1
3842,28795403,0510100,HENDERSON POLICE DEPARTMENT,Accepted,HENDERSON,,,BITTERSWEET,LN,,,BRETTWOOD,,,,,37.82934216,-87.55109034,0.417,2021-10-05,742,2,2,0,0,CLEAR,DRY,False,ANGLE COLLISION - OTHER,ANGLE,STRAIGHT & LEVEL,DAYLIGHT,,,44474.55427,False,34,Accepted,5,5,O,"VIEW OBSTRUCTED, LIMITED DUE TO WEATHER CONDITIONS",MISJUDGE CLEARANCE,"WINDOWS, WINDSHIELD",2021,1
3843,28795411,0510100,HENDERSON POLICE DEPARTMENT,Accepted,HENDERSON,US0041A,,GREEN,ST,N,,1ST,,,,,37.83818978,-87.58927673,15.825,2021-09-29,915,2,2,0,0,CLEAR,DRY,False,ANGLE COLLISION - OTHER,ANGLE,STRAIGHT & LEVEL,DAYLIGHT,,,44474.55452,False,34,Accepted,5,5,O,,"DISREGARD TRAFFIC CONTROL, INATTENTION",,2021,1
3844,28799314,0510100,HENDERSON POLICE DEPARTMENT,Accepted,HENDERSON,,,GREEN,ST,S,,KRESGE,,,,,37.81607102,-87.61476538,,2021-10-05,1120,2,2,0,2,CLEAR,DRY,False,ANGLE COLLISION - OTHER,ANGLE,STRAIGHT & LEVEL,DAYLIGHT,,,44475.4916,False,73,Accepted,3,3,B,OTHER,FAILED TO YIELD RIGHT OF WAY,,2021,1
3845,28801370,0510100,HENDERSON POLICE DEPARTMENT,Accepted,HENDERSON,US0060,,US60,,E,,BARRET,,,,,37.85985902,-87.56798721,10.588,2021-10-05,1907,2,2,0,0,RAINING,WET,False,OTHER INTERSECTION COLLISIONS,REAR END,STRAIGHT & GRADE,DARK-HWY LIGHTED/ON,,,44475.92401,False,33,Accepted,5,5,O,SLIPPERY SURFACE,FOLLOWING TOO CLOSE,,2021,1
3846,28803372,0510100,HENDERSON POLICE DEPARTMENT,Accepted,HENDERSON,US0041A,,GREEN,ST,S,,,,MCCLAIN,,FAIR,37.8187571,-87.61053074,,2021-10-06,625,2,1,0,1,RAINING,WET,False,COLLISION WITH FIXED OBJECT NON - INTERSECTION - FIRST EVENT COLLISION 09 - 32 EXCLUDING 16,SINGLE VEHICLE,STRAIGHT & LEVEL,DARK-HWY LIGHTED/ON,,,44476.48443,False,73,Accepted,3,3,B,"VIEW OBSTRUCTED, LIMITED DUE TO WEATHER CONDITIONS",,,2021,1
3847,28805876,0510100,HENDERSON POLICE DEPARTMENT,Accepted,HENDERSON,,230,WATER,ST,S,,,,,,,37.83748945,-87.59645537,0.22,2021-10-07,1847,1,1,0,0,CLEAR,DRY,False,COLLISION WITH FIXED OBJECT NON - INTERSECTION - FIRST EVENT COLLISION 09 - 32 EXCLUDING 16,SINGLE VEHICLE,STRAIGHT & LEVEL,DARK-HWY LIGHTED/ON,,,44477.07585,False,50,Accepted,5,5,O,OTHER,,,2021,1
3848,28807734,0510100,HENDERSON POLICE DEPARTMENT,Accepted,HENDERSON,,,ROBIN,RD,,US0041,US41,,,,,37.86862913,-87.5715415,0.008,2021-10-04,1654,2,2,0,0,CLEAR,DRY,False,OTHER INTERSECTION COLLISIONS,REAR END,STRAIGHT & LEVEL,DAYLIGHT,,,44477.59127,False,17,Accepted,5,5,O,,INATTENTION,,2021,1
3859,28871654,0510100,HENDERSON POLICE DEPARTMENT,Accepted,HENDERSON,,,ELM,ST,S,,,,CLAY,,DIXON,37.83466061,-87.59459737,0.997,2021-10-09,1727,1,1,0,0,CLEAR,DRY,False,COLLISION WITH FIXED OBJECT NON - INTERSECTION - FIRST EVENT COLLISION 09 - 32 EXCLUDING 16,SINGLE VEHICLE,STRAIGHT & GRADE,DAYLIGHT,,,44480.93971,False,33,Accepted,5,5,O,,INATTENTION,,2021,1
3860,28874093,0510100,HENDERSON POLICE DEPARTMENT,Accepted,HENDERSON,US0060,,US60,,E,,GREEN RIVER,,,,,37.86130191,-87.56414299,10.827,2021-10-08,1812,2,2,0,0,CLOUDY,DRY,False,HEAD-ON COLLISION,HEAD ON,CURVE & GRADE,DUSK,,,44481.02256,False,38,Accepted,5,5,O,,,,2021,1
3861,28883281,0510100,HENDERSON POLICE DEPARTMENT,Accepted,HENDERSON,,319,INGRAM,ST,N,,,,,,,37.8406943,-87.58578853,0.341,2021-10-08,943,2,2,0,0,CLEAR,DRY,False,1 VEHICLE PARKED POSITION (NOT PARKING LOT/DRIVEWAY),REAR END,STRAIGHT & LEVEL,DAYLIGHT,,,44481.38608,False,37,Accepted,5,5,O,,"INATTENTION, NOT UNDER PROPER CONTROL",,2021,1
3862,28883284,0510100,HENDERSON POLICE DEPARTMENT,Accepted,HENDERSON,,920,MADISON,ST,,,,,,,,37.82583461,-87.59058784,0.358,2021-10-08,1302,1,1,0,0,CLEAR,DRY,False,OTHER ROADWAY OR MID-BLOCK COLLISION,SINGLE VEHICLE,STRAIGHT & LEVEL,DAYLIGHT,,,44481.38613,False,10,Accepted,5,5,O,,INATTENTION,,2021,1
3863,28883287,0510100,HENDERSON POLICE DEPARTMENT,Accepted,HENDERSON,,,9TH,ST,,,ELM,,,,,37.8489055,-87.58416284,0.259,2021-10-08,1433,2,2,0,0,CLEAR,DRY,False,COLLISION WITH PARKED VEHICLE,BACKING,STRAIGHT & LEVEL,DAYLIGHT,,,44481.38618,False,17,Accepted,5,5,O,,,,2021,1
3864,28883290,0510100,HENDERSON POLICE DEPARTMENT,Accepted,HENDERSON,KY0351,,ZION,RD,,US0041,US41 RAMP KY351,,,,,37.83094062,-87.56718241,1.308,2021-10-08,922,2,2,0,0,CLEAR,DRY,False,ANGLE COLLISION - ONE VEHICLE TURNING LEFT,ANGLE,STRAIGHT & LEVEL,DAYLIGHT,,,44481.38622,False,65,Accepted,5,5,O,,"DISREGARD TRAFFIC CONTROL, INATTENTION",,2021,1
3865,28883293,0510100,HENDERSON POLICE DEPARTMENT,Accepted,HENDERSON,,,INGRAM,ST,N,,5TH,,,,,37.84268894,-87.58447857,0.186,2021-10-08,1302,2,2,0,0,CLEAR,DRY,False,ANGLE COLLISION - OTHER,ANGLE,STRAIGHT & LEVEL,DAYLIGHT,,,44481.38626,False,37,Accepted,5,5,O,,MISJUDGE CLEARANCE,,2021,1
3866,28883298,0510100,HENDERSON POLICE DEPARTMENT,Accepted,HENDERSON,,,LAMBERT,ST,,,,,,,,37.84013587,-87.58069882,0.125,2021-10-06,1630,1,1,0,1,CLOUDY,WATER (STANDING OR MOVING),False,OTHER ROADWAY OR MID-BLOCK COLLISION,SINGLE VEHICLE,STRAIGHT & LEVEL,DAYLIGHT,,,44481.38631,False,34,Accepted,3,3,B,WATER POOLING,ALCOHOL INVOLVEMENT,,2021,1
3867,28883301,0510100,HENDERSON POLICE DEPARTMENT,Accepted,HENDERSON,,100,1ST,ST,,,,,,,,37.83991866,-87.59372813,0.022,2021-10-05,929,2,2,0,0,CLEAR,DRY,False,VEHICLE BACKING NON INTERSECTION,BACKING,STRAIGHT & LEVEL,DAYLIGHT,,,44481.38635,False,26,Accepted,5,5,O,,INATTENTION,,2021,1
3868,28883304,0510100,HENDERSON POLICE DEPARTMENT,Accepted,HENDERSON,US0041A,1000,GREEN,ST,N,,,,,,,37.84960113,-87.5819144,16.709,2021-10-05,1603,2,2,0,0,CLEAR,DRY,False,SIDESWIPE COLLISION - SAME DIRECTION,SIDESWIPE-SAME DIRECTION,STRAIGHT & LEVEL,DAYLIGHT,,,44481.3864,False,26,Accepted,5,5,O,,"INATTENTION, MISJUDGE CLEARANCE",,2021,1
3869,28883307,0510100,HENDERSON POLICE DEPARTMENT,Accepted,HENDERSON,US0041,2400,US41,,N,,,,,,,37.87158863,-87.56977113,17.126,2021-10-09,1231,4,4,0,2,CLEAR,DRY,False,OTHER ROADWAY OR MID-BLOCK COLLISION,REAR END,STRAIGHT & LEVEL,DAYLIGHT,,,44481.38644,False,67,Accepted,5,4,C,,INATTENTION,,2021,1