OBJECTID,IncidentID,AgencyORI,AgencyName,IncidentStatusDesc,County,RdwyNumber,Street,RoadwayName,StreetSfx,StreetDir,IntersectionRdwy,IntersectionRdwyName,BetweenStRdwy1,BetweenStRdwyName1,BetweenStRdwy2,BetweenStRdwyName2,Latitude,Longitude,Milepoint,CollisionDate,CollisionTime,UnitsInvolved,MotorVehiclesInvolved,NumberKilled,NumberInjured,Weather,RdwyConditionCode,HitandRun,DirAnalysisCode,MannerofCollision,RdwyCharacter,LightCondition,RampFromRdwyId,RampToRdwyId,AcceptedDate,IsSecondaryCollision,OwnerBadge,IncidentStatus,InjurySeverityCde,KABCO_Code,KABCO,Environmental_Factors,Human_Factors,Vehicular_Factors,CollisionYear,CityCrash
3870,28883311,0510100,HENDERSON POLICE DEPARTMENT,Accepted,HENDERSON,,,5TH,ST,,US0041A,GREEN,,,,,37.84330212,-87.58598784,0.952,2021-10-08,1818,2,2,0,0,CLEAR,DRY,False,OTHER INTERSECTION COLLISIONS,REAR END,STRAIGHT & LEVEL,DAYLIGHT,,,44481.38649,False,17,Accepted,5,5,O,,,,2021,1
3871,28883314,0510100,HENDERSON POLICE DEPARTMENT,Accepted,HENDERSON,US0041,2855,US41,,N,,,,,,,37.87880418,-87.56588118,17.667,2021-10-08,614,2,2,0,1,CLEAR,DRY,False,1 VEHICLE ENTERING/LEAVING ENTRANCE,ANGLE,STRAIGHT & LEVEL,DARK-HWY LIGHTED/ON,,,44481.38652,False,17,Accepted,5,4,C,SLIPPERY SURFACE,NOT UNDER PROPER CONTROL,,2021,1
3872,28883318,0510100,HENDERSON POLICE DEPARTMENT,Accepted,HENDERSON,US0041,,US41,,N,,,,RETTIG,,BARRET,37.86605076,-87.57297821,16.709,2021-10-10,1331,2,2,0,1,CLEAR,DRY,False,1 VEHICLE ENTERING/LEAVING ENTRANCE,ANGLE,STRAIGHT & LEVEL,DAYLIGHT,,,44481.38658,False,67,Accepted,5,3,B,,INATTENTION,,2021,1
3873,28883324,0510100,HENDERSON POLICE DEPARTMENT,Accepted,HENDERSON,,,BARRET,BLVD,,US0041,US41,,,,,37.86430589,-87.57362216,0.895,2021-10-11,1111,2,2,0,0,CLEAR,DRY,False,OTHER INTERSECTION COLLISIONS,REAR END,STRAIGHT & LEVEL,DAYLIGHT,,,44481.38663,False,34,Accepted,5,5,O,,INATTENTION,,2021,1
3874,28896534,0510100,HENDERSON POLICE DEPARTMENT,Accepted,HENDERSON,,,1ST,ST,,,INGRAM,,,,,37.83761901,-87.58775587,0.383,2021-10-10,1755,2,2,0,2,CLEAR,DRY,False,SIDESWIPE-SAME DIRECTION,SIDESWIPE-SAME DIRECTION,STRAIGHT & LEVEL,DAYLIGHT,,,44481.92557,False,44,Accepted,4,4,C,,TURNING IMPROPERLY,,2021,1
3875,28896539,0510100,HENDERSON POLICE DEPARTMENT,Accepted,HENDERSON,,355,RACETRACK,RD,,,,,,,,37.88447923,-87.56606153,0.186,2021-10-08,2338,2,1,0,0,CLOUDY,DRY,True,COLLISION WITH PEDESTRIAN NON - INTERSECTION,SINGLE VEHICLE,STRAIGHT & LEVEL,DARK-HWY NOT LIGHTED,,,44481.92567,False,38,Accepted,5,5,O,,,,2021,1
3880,28907942,0510100,HENDERSON POLICE DEPARTMENT,Accepted,HENDERSON,,820,MAIN,ST,S,,,,,,,37.8300955,-87.60156945,1.408,2021-10-06,1318,2,2,0,0,CLEAR,DRY,False,VEHICLE BACKING NON INTERSECTION,BACKING,STRAIGHT & LEVEL,DAYLIGHT,,,44484.55819,False,26,Accepted,5,5,O,,INATTENTION,,2021,1
3881,28908209,0510100,HENDERSON POLICE DEPARTMENT,Accepted,HENDERSON,US0041A,,GREEN,ST,S,,,,,,,37.83326364,-87.59380784,15.395,2021-10-12,1319,2,2,0,0,CLEAR,DRY,False,SIDESWIPE COLLISION - SAME DIRECTION,SIDESWIPE-SAME DIRECTION,CURVE & LEVEL,DAYLIGHT,,,44484.60528,False,31,Accepted,5,5,O,,MISJUDGE CLEARANCE,,2021,1
3882,28908210,0510100,HENDERSON POLICE DEPARTMENT,Accepted,HENDERSON,,,INGRAM,ST,S,,,,POWELL,,WASHINGTON,37.83508446,-87.5899927,0.688,2021-10-13,910,2,2,0,1,CLOUDY,DRY,False,1 VEHICLE PARKED POSITION (NOT PARKING LOT/DRIVEWAY),REAR END,STRAIGHT & LEVEL,DAYLIGHT,,,44484.60534,False,48,Accepted,5,4,C,,INATTENTION,BRAKES DEFECTIVE,2021,1
3883,28908211,0510100,HENDERSON POLICE DEPARTMENT,Accepted,HENDERSON,,,BARRET,BLVD,,,,,BARRET,US0041,US41,37.864188,-87.57336774,0.878,2021-10-15,940,2,2,0,0,CLOUDY,DRY,False,1 VEHICLE ENTERING/LEAVING ENTRANCE,ANGLE,STRAIGHT & LEVEL,DAYLIGHT,,,44484.60539,False,67,Accepted,5,5,O,,,,2021,1
3884,28910241,0510100,HENDERSON POLICE DEPARTMENT,Accepted,HENDERSON,,,WATHEN,LN,,,,,WOLF HILLS,,BRAXTON PARK,37.87537915,-87.52755461,0.928,2021-10-11,2140,3,3,0,0,CLEAR,WET,False,HEAD-ON COLLISION,HEAD ON,STRAIGHT & GRADE,DARK-HWY NOT LIGHTED,,,44485.15354,True,33,Accepted,5,5,O,"ANIMALS ACTION, SLIPPERY SURFACE, VIEW OBSTRUCTED/LIMITED DUE TO RDWY",INATTENTION,,2021,1
3885,28910243,0510100,HENDERSON POLICE DEPARTMENT,Accepted,HENDERSON,US0041,,US41,,N,,,,HARMONY,,WALKER,37.86936852,-87.57115952,16.954,2021-10-14,1838,2,2,0,0,CLEAR,DRY,False,REAR END IN TRAFFIC LANES BOTH VEHICLES MOVING,REAR END,STRAIGHT & LEVEL,DARK-HWY LIGHTED/ON,,,44485.15376,False,33,Accepted,5,5,O,,MISJUDGE CLEARANCE,,2021,1
3886,28910244,0510100,HENDERSON POLICE DEPARTMENT,Accepted,HENDERSON,,120,ELM,ST,N,,,,,,,37.83943171,-87.59048024,0.113,2021-10-14,2152,1,1,0,0,CLEAR,DRY,False,COLLISION WITH FIXED OBJECT NON - INTERSECTION - FIRST EVENT COLLISION 09 - 32 EXCLUDING 16,SINGLE VEHICLE,STRAIGHT & LEVEL,DARK-HWY LIGHTED/ON,,,44485.1538,False,44,Accepted,5,5,O,,ALCOHOL INVOLVEMENT,,2021,1
3892,28917294,0510100,HENDERSON POLICE DEPARTMENT,Accepted,HENDERSON,,1305,ELM,ST,N,,,,,,,37.85429014,-87.58082286,1.266,2021-10-12,1205,2,2,0,0,CLEAR,DRY,False,SIDESWIPE COLLISION - OPPOSITE DIRECTION,SIDESWIPE-OPPOSITE DIRECTION,STRAIGHT & HILLCREST,DAYLIGHT,,,44487.51585,False,17,Accepted,5,5,O,,DISTRACTION,,2021,1
3893,28917299,0510100,HENDERSON POLICE DEPARTMENT,Accepted,HENDERSON,US0060,2011,US60,,E,,,,,,,37.86036818,-87.56652456,10.678,2021-10-13,1146,2,2,0,0,CLOUDY,DRY,False,1 VEHICLE ENTERING/LEAVING ENTRANCE,ANGLE,STRAIGHT & LEVEL,DAYLIGHT,,,44487.51605,False,17,Accepted,5,5,O,,INATTENTION,,2021,1
3894,28917308,0510100,HENDERSON POLICE DEPARTMENT,Accepted,HENDERSON,,,1ST,ST,,,JULIA,,,,,37.83471307,-87.58051329,0.829,2021-10-13,1533,2,2,0,0,CLEAR,DRY,False,ANGLE COLLISION - OTHER,ANGLE,STRAIGHT & LEVEL,DAYLIGHT,,,44487.51638,False,48,Accepted,5,5,O,,INATTENTION,,2021,1
3895,28917312,0510100,HENDERSON POLICE DEPARTMENT,Accepted,HENDERSON,KY2084,,KY2084,,S,,,,REID,KY0812,AIRLINE,37.81955524,-87.56952,2.097,2021-10-13,1712,2,2,0,0,CLEAR,DRY,True,REAR END IN TRAFFIC LANES BOTH VEHICLES MOVING,REAR END,STRAIGHT & LEVEL,DAYLIGHT,,,44487.51651,False,65,Accepted,5,5,O,,INATTENTION,,2021,1
3896,28917629,0510100,HENDERSON POLICE DEPARTMENT,Accepted,HENDERSON,,,WASHINGTON,ST,,,LINCOLN,,,,,37.82526823,-87.57210983,,2021-10-15,1300,2,2,0,0,CLEAR,DRY,False,HEAD-ON COLLISION,HEAD ON,CURVE & GRADE,DAYLIGHT,,,44487.57789,False,73,Accepted,5,5,O,,INATTENTION,,2021,1
3897,28917630,0510100,HENDERSON POLICE DEPARTMENT,Accepted,HENDERSON,US0041,2855,US41,,N,,,,,,,37.87712257,-87.56686807,17.54,2021-10-16,1210,2,2,0,0,CLEAR,DRY,False,1 VEHICLE ENTERING/LEAVING ENTRANCE,ANGLE,STRAIGHT & LEVEL,DAYLIGHT,,,44487.57821,False,17,Accepted,5,5,O,,INATTENTION,,2021,1
3898,28918550,0510100,HENDERSON POLICE DEPARTMENT,Accepted,HENDERSON,,,12TH,ST,,US0041A,GREEN,,,,,37.85210234,-87.5801934,0.291,2021-10-15,2121,2,2,0,0,RAINING,WET,True,OTHER INTERSECTION COLLISIONS,REAR END,STRAIGHT & LEVEL,DARK-HWY LIGHTED/ON,,,44487.72217,False,33,Accepted,5,5,O,,,,2021,1
3899,28919295,0510100,HENDERSON POLICE DEPARTMENT,Accepted,HENDERSON,US0041,2757,US41,,N,,,,,,,37.87395572,-87.56851762,17.304,2021-10-17,2059,1,1,0,0,CLEAR,DRY,False,COLLISION WITH ANIMAL NON INTERSECTION,SINGLE VEHICLE,STRAIGHT & LEVEL,DARK-HWY LIGHTED/ON,,,44487.90094,False,22,Accepted,5,5,O,ANIMALS ACTION,,,2021,1
3900,28920939,0510100,HENDERSON POLICE DEPARTMENT,Accepted,HENDERSON,US0041A,1408,GREEN,ST,N,,,,,,,37.85477195,-87.57784136,17.149,2021-10-16,1245,2,2,0,0,CLEAR,DRY,False,REAR END IN TRAFFIC LANES BOTH VEHICLES MOVING,REAR END,STRAIGHT & LEVEL,DAYLIGHT,,,44488.40621,False,48,Accepted,5,5,O,,INATTENTION,,2021,1
3901,28920940,0510100,HENDERSON POLICE DEPARTMENT,Accepted,HENDERSON,US0041A,,GREEN,ST,N,,14TH,,,,,37.8540752,-87.57885523,17.074,2021-10-16,1431,2,2,0,0,CLEAR,DRY,False,ANGLE COLLISION - OTHER,ANGLE,STRAIGHT & LEVEL,DAYLIGHT,,,44488.40629,False,48,Accepted,5,5,O,,INATTENTION,,2021,1
3902,28920942,0510100,HENDERSON POLICE DEPARTMENT,Accepted,HENDERSON,,,WATSON,LN,,US0041,US41,,,,,37.87529758,-87.56770479,1.094,2021-10-16,1407,2,2,0,0,CLEAR,DRY,False,OTHER INTERSECTION COLLISIONS,REAR END,STRAIGHT & LEVEL,DAYLIGHT,,,44488.40653,False,17,Accepted,5,5,O,,DISTRACTION,,2021,1
3903,28920943,0510100,HENDERSON POLICE DEPARTMENT,Accepted,HENDERSON,,,3RD,ST,,,,,ALVES,,ADAMS,37.83916829,-87.58415696,,2021-10-18,700,2,2,0,0,CLEAR,DRY,False,1 VEHICLE PARKED POSITION (NOT PARKING LOT/DRIVEWAY),SIDESWIPE-SAME DIRECTION,STRAIGHT & LEVEL,DAYLIGHT,,,44488.40664,False,73,Accepted,5,5,O,"NON-HIGHWAY WORK: WORK ZONE (Utility, Tree, etc.)","DISTRACTION, INATTENTION",,2021,1
3904,28920944,0510100,HENDERSON POLICE DEPARTMENT,Accepted,HENDERSON,,,DR MARTIN LUTHER KING JR,AVE,,,,,,,,37.83265827,-87.59401095,0.015,2021-10-15,1448,2,2,0,0,CLEAR,DRY,False,OTHER ROADWAY OR MID-BLOCK COLLISION,OPPOSING LEFT TURN,STRAIGHT & GRADE,DAYLIGHT,,,44488.40683,False,13,Accepted,5,5,O,,INATTENTION,,2021,1
3906,28921317,0510100,HENDERSON POLICE DEPARTMENT,Accepted,HENDERSON,US0041,,US41,,N,,PARK,,,,,37.86388905,-87.57412394,16.551,2021-10-15,1207,2,2,0,0,CLOUDY,DRY,False,ANGLE COLLISION - OTHER,ANGLE,STRAIGHT & LEVEL,DAYLIGHT,,,44488.48277,False,67,Accepted,5,5,O,,INATTENTION,,2021,1
3907,28921319,0510100,HENDERSON POLICE DEPARTMENT,Accepted,HENDERSON,US0041,,US41,,N,,WATSON,,,,,37.8753293,-87.56769237,17.415,2021-10-19,626,2,2,0,0,CLEAR,DRY,False,SIDESWIPE-SAME DIRECTION,SIDESWIPE-SAME DIRECTION,STRAIGHT & LEVEL,DAYLIGHT,,,44488.48293,False,67,Accepted,5,5,O,,"OTHER, INATTENTION",,2021,1
3908,28929895,0510000,HENDERSON COUNTY SHERIFF DEPT.,Accepted,HENDERSON,US0041,,US41,,,KY2099,ADAMS,,,,,37.80517742,-87.56380227,12.203,2021-10-20,804,1,1,0,2,CLEAR,DRY,False,OTHER INTERSECTION COLLISIONS,SINGLE VEHICLE,CURVE & LEVEL,DAYLIGHT,,,44490.40632,False,138,Accepted,4,4,C,,FAILED TO KEEP PROPER LANE,,2021,1
3911,28930764,0510100,HENDERSON POLICE DEPARTMENT,Accepted,HENDERSON,,,POWELL,ST,,,MEADOW,,,,,37.82983271,-87.58295588,0.907,2021-10-10,1326,2,2,0,1,CLEAR,DRY,False,ANGLE COLLISION - OTHER,ANGLE,STRAIGHT & LEVEL,DAYLIGHT,,,44490.56612,False,34,Accepted,5,4,C,,"DISREGARD TRAFFIC CONTROL, INATTENTION",,2021,1
3912,28930967,0510100,HENDERSON POLICE DEPARTMENT,Accepted,HENDERSON,US0041,,US41,,N,,,,WALNUT,,WATSON,37.87851738,-87.56612505,17.644,2021-10-19,1539,2,2,0,0,CLEAR,DRY,False,1 VEHICLE ENTERING/LEAVING ENTRANCE,ANGLE,STRAIGHT & LEVEL,DAYLIGHT,,,44490.60305,False,67,Accepted,5,5,O,,INATTENTION,,2021,1
3913,28934087,0510100,HENDERSON POLICE DEPARTMENT,Accepted,HENDERSON,,,GREEN,ST,,,,,5TH,,6TH,37.84360094,-87.58581606,,2021-10-19,1545,3,3,0,1,CLEAR,DRY,False,SIDESWIPE COLLISION - SAME DIRECTION,SIDESWIPE-SAME DIRECTION,STRAIGHT & LEVEL,DAYLIGHT,,,44491.36484,False,73,Accepted,5,4,C,,"FAILED TO YIELD RIGHT OF WAY, INATTENTION",,2021,1
3915,28934827,0510100,HENDERSON POLICE DEPARTMENT,Accepted,HENDERSON,US0041,2480,US41,,N,,,,,,,37.87166547,-87.56973801,17.131,2021-10-20,1351,2,2,0,0,CLEAR,DRY,False,OTHER ROADWAY OR MID-BLOCK COLLISION,REAR END,STRAIGHT & LEVEL,DAYLIGHT,,,44491.48952,False,66,Accepted,5,5,O,,INATTENTION,,2021,1
3917,28938095,0510100,HENDERSON POLICE DEPARTMENT,Accepted,HENDERSON,US0041A,500,GREEN,ST,S,,,,,,,37.83056748,-87.59639127,15.196,2021-10-11,711,2,2,0,0,CLEAR,DRY,False,1 VEHICLE ENTERING/LEAVING ENTRANCE,ANGLE,STRAIGHT & LEVEL,DAYLIGHT,,,44492.53507,False,26,Accepted,5,5,O,,MISJUDGE CLEARANCE,,2021,1
3918,28946640,0510100,HENDERSON POLICE DEPARTMENT,Accepted,HENDERSON,,,US 60 WEST,,,,KY 425,,,,,37.7999597,-87.64772467,,2021-10-20,700,2,2,0,1,CLEAR,DRY,False,ANGLE COLLISION - OTHER,ANGLE,STRAIGHT & LEVEL,DAYLIGHT,,,44494.59246,False,73,Accepted,5,4,C,,"FAILED TO YIELD RIGHT OF WAY, INATTENTION",,2021,1
3919,28947599,0510100,HENDERSON POLICE DEPARTMENT,Accepted,HENDERSON,US0041A,,GREEN,ST,S,,,,,,,37.83366719,-87.59342416,15.433,2021-10-21,1450,2,2,0,0,CLEAR,DRY,False,OTHER ROADWAY OR MID-BLOCK COLLISION,OPPOSING LEFT TURN,STRAIGHT & LEVEL,DAYLIGHT,,,44494.62337,False,31,Accepted,5,5,O,,INATTENTION,,2021,1
3920,28947608,0510100,HENDERSON POLICE DEPARTMENT,Accepted,HENDERSON,US0060,2700,US60,,E,,,,,,,37.86469146,-87.55397944,11.454,2021-10-25,745,3,3,0,0,CLOUDY,WET,False,OTHER ROADWAY OR MID-BLOCK COLLISION,REAR END,STRAIGHT & LEVEL,DAYLIGHT,,,44494.62349,False,64,Accepted,5,5,O,,INATTENTION,,2021,1
3921,28949422,0510100,HENDERSON POLICE DEPARTMENT,Accepted,HENDERSON,,,CENTER,ST,,,ADAMS,,,,,37.83572648,-87.58698147,0.649,2021-10-21,1435,2,2,0,0,CLEAR,DRY,False,SIDESWIPE-SAME DIRECTION,SIDESWIPE-SAME DIRECTION,STRAIGHT & LEVEL,DAYLIGHT,,,44494.66878,False,37,Accepted,5,5,O,,MISJUDGE CLEARANCE,,2021,1
3922,28949425,0510100,HENDERSON POLICE DEPARTMENT,Accepted,HENDERSON,US0041,,,,,,,US0041,US41,KY0351,ZION,37.8305686,-87.5651661,0.139,2021-10-20,1612,2,2,0,0,CLEAR,DRY,False,OTHER ROADWAY OR MID-BLOCK COLLISION,REAR END,STRAIGHT & LEVEL,DAYLIGHT,,,44494.66899,False,67,Accepted,5,5,O,,INATTENTION,,2021,1
3923,28949433,0510100,HENDERSON POLICE DEPARTMENT,Accepted,HENDERSON,KY0351,,2ND,ST,,,,,INGRAM,,ADAMS,37.83874928,-87.58664767,0.108,2021-10-23,1040,2,2,0,0,CLOUDY,DRY,True,1 VEHICLE PARKED POSITION (NOT PARKING LOT/DRIVEWAY),SIDESWIPE-SAME DIRECTION,STRAIGHT & LEVEL,DAYLIGHT,,,44494.66927,False,67,Accepted,5,5,O,,INATTENTION,,2021,1
3924,28950128,0510100,HENDERSON POLICE DEPARTMENT,Accepted,HENDERSON,US0041A,,GREEN,ST,N,,,,,,,37.84900005,-87.58233793,16.668,2021-10-22,928,2,2,0,0,CLOUDY,DRY,False,SIDESWIPE COLLISION - SAME DIRECTION,SIDESWIPE-SAME DIRECTION,STRAIGHT & LEVEL,DAYLIGHT,,,44494.68607,False,37,Accepted,5,5,O,,"INATTENTION, MISJUDGE CLEARANCE",MIRRORS,2021,1
3925,28963119,0510100,HENDERSON POLICE DEPARTMENT,Accepted,HENDERSON,KY0351,1600,ZION,RD,,,,,,,,37.83112411,-87.56774389,1.277,2021-10-20,2216,2,2,0,0,CLEAR,DRY,False,1 VEHICLE ENTERING/LEAVING ENTRANCE,ANGLE,STRAIGHT & LEVEL,DARK-HWY LIGHTED/ON,,,44494.98155,False,35,Accepted,5,5,O,,"CELL PHONE, INATTENTION",,2021,1
3926,28963123,0510100,HENDERSON POLICE DEPARTMENT,Accepted,HENDERSON,,,GREEN RIVER,RD,,,BELLEWOOD,,,,,37.87998002,-87.53873574,2.027,2021-10-19,2113,1,1,0,0,CLEAR,DRY,False,COLLISION WITH FIXED OBJECT IN INTERSECTION - FIRST EVENT COLLISION 09 - 32,SINGLE VEHICLE,STRAIGHT & HILLCREST,DARK-HWY LIGHTED/OFF,,,44494.98163,False,33,Accepted,5,5,O,ANIMALS ACTION,,,2021,1
3927,28963127,0510100,HENDERSON POLICE DEPARTMENT,Accepted,HENDERSON,,107,WASHINGTON,ST,,,,,,,,37.83840155,-87.59441599,1.455,2021-09-02,1648,2,2,0,0,CLEAR,DRY,True,1 VEHICLE PARKED POSITION (NOT PARKING LOT/DRIVEWAY),BACKING,STRAIGHT & LEVEL,DAYLIGHT,,,44494.9817,False,58,Accepted,5,5,O,,,,2021,1
3928,28963132,0510100,HENDERSON POLICE DEPARTMENT,Accepted,HENDERSON,KY0351,2500,ZION,RD,,,,,,,,37.82817371,-87.55748919,1.851,2021-10-21,525,1,1,0,0,CLEAR,DRY,False,OTHER ROADWAY OR MID-BLOCK COLLISION,SINGLE VEHICLE,STRAIGHT & LEVEL,DARK-HWY LIGHTED/OFF,,,44494.98181,False,35,Accepted,5,5,O,,"INATTENTION, PHYSICAL DISABILITY",,2021,1
3929,28963136,0510100,HENDERSON POLICE DEPARTMENT,Accepted,HENDERSON,US0041A,1300,GREEN,ST,S,,,,,,,37.82292601,-87.60400027,14.449,2021-10-21,2017,2,2,0,3,CLEAR,DRY,False,HEAD-ON COLLISION,HEAD ON,CURVE & LEVEL,DARK-HWY LIGHTED/ON,,,44494.9819,False,59,Accepted,3,2,A,,"FAILED TO KEEP PROPER LANE, INATTENTION",,2021,1
3930,28963140,0510100,HENDERSON POLICE DEPARTMENT,Accepted,HENDERSON,,,WATSON,LN,,US0041,US41,,,,,37.87536773,-87.5679234,1.099,2021-10-21,637,2,2,0,0,CLOUDY,DRY,False,OTHER INTERSECTION COLLISIONS,REAR END,STRAIGHT & LEVEL,DAYLIGHT,,,44494.98196,False,15,Accepted,5,5,O,,INATTENTION,,2021,1
3932,28963146,0510100,HENDERSON POLICE DEPARTMENT,Accepted,HENDERSON,US0041,,US41,,N,,,,,,,37.86724043,-87.57210755,16.804,2021-10-24,1959,2,2,0,0,CLEAR,DRY,True,OTHER ROADWAY OR MID-BLOCK COLLISION,REAR END,STRAIGHT & LEVEL,DARK-HWY LIGHTED/ON,,,44494.98209,False,50,Accepted,5,5,O,,INATTENTION,,2021,1
3933,28963149,0510100,HENDERSON POLICE DEPARTMENT,Accepted,HENDERSON,,,BARRET,BLVD,,,BARRET,,,,,37.86045213,-87.57052767,0.525,2021-10-18,2033,2,2,0,0,CLEAR,DRY,False,VEHICLE BACKING IN INTERSECTION,BACKING,STRAIGHT & LEVEL,DARK-HWY LIGHTED/ON,,,44494.98217,False,22,Accepted,5,5,O,,INATTENTION,,2021,1
3934,28969004,0510100,HENDERSON POLICE DEPARTMENT,Accepted,HENDERSON,US0041,2230,US41,,N,,,,,,,37.87637645,-87.56730101,17.484,2021-10-15,1457,4,4,0,2,CLEAR,DRY,False,OTHER ROADWAY OR MID-BLOCK COLLISION,REAR END,STRAIGHT & LEVEL,DAYLIGHT,,,44495.109,False,22,Accepted,4,4,C,,"INATTENTION, NOT UNDER PROPER CONTROL",,2021,1
3938,28992373,0510100,HENDERSON POLICE DEPARTMENT,Accepted,HENDERSON,US0041A,122,GREEN,ST,S,,,,,,,37.83603601,-87.59105687,15.641,2021-10-26,724,2,2,0,0,CLEAR,DRY,False,VEHICLE BACKING NON INTERSECTION,BACKING,STRAIGHT & LEVEL,DAYLIGHT,,,44495.59301,False,37,Accepted,5,5,O,,"INATTENTION, MISJUDGE CLEARANCE",,2021,1
3939,29076601,0510100,HENDERSON POLICE DEPARTMENT,Accepted,HENDERSON,US0041A,,GREEN,ST,N,,3RD,,,,,37.84055562,-87.58778035,16.006,2021-10-26,734,2,2,0,0,CLEAR,DRY,False,OTHER INTERSECTION COLLISIONS,REAR END,STRAIGHT & LEVEL,DAYLIGHT,,,44496.40048,False,37,Accepted,5,5,O,,MISJUDGE CLEARANCE,,2021,1
3940,29076611,0510100,HENDERSON POLICE DEPARTMENT,Accepted,HENDERSON,US0041,2810,US41,,N,,,,,,,37.87753017,-87.5664772,17.574,2021-10-20,1433,2,2,0,1,CLEAR,DRY,False,OTHER ROADWAY OR MID-BLOCK COLLISION,OPPOSING LEFT TURN,STRAIGHT & LEVEL,DAYLIGHT,,,44496.40063,False,66,Accepted,4,4,C,BACKUP DUE TO REGULAR CONGESTION,INATTENTION,,2021,1
3941,29076618,0510100,HENDERSON POLICE DEPARTMENT,Accepted,HENDERSON,,775,SINCLAIR,AVE,,,,,,,,37.86971522,-87.56393086,0.286,2021-10-20,1658,2,2,0,0,CLEAR,DRY,False,1 VEHICLE PARKED POSITION (NOT PARKING LOT/DRIVEWAY),SIDESWIPE-SAME DIRECTION,STRAIGHT & LEVEL,DAYLIGHT,,,44496.40079,False,66,Accepted,5,5,O,,INATTENTION,,2021,1
3942,29076624,0510100,HENDERSON POLICE DEPARTMENT,Accepted,HENDERSON,KY0812,,AIRLINE,RD,,,GARDEN MILE,,,,,37.81482208,-87.56011059,6.774,2021-10-21,1512,2,2,0,0,CLEAR,DRY,False,OPPOSING LEFT TURN,OPPOSING LEFT TURN,STRAIGHT & GRADE,DAYLIGHT,,,44496.40106,False,66,Accepted,5,5,O,,"INATTENTION, MISJUDGE CLEARANCE, TURNING IMPROPERLY",,2021,1
3943,29124049,0510100,HENDERSON POLICE DEPARTMENT,Accepted,HENDERSON,US0041,2400,US41,,N,,BARKER,,,,,37.87177439,-87.56984179,17.136,2021-10-21,1619,2,2,0,0,CLOUDY,DRY,False,SIDESWIPE-SAME DIRECTION,SIDESWIPE-SAME DIRECTION,STRAIGHT & LEVEL,DAYLIGHT,,,44496.7785,False,15,Accepted,5,5,O,,INATTENTION,,2021,1
3944,29125092,0510100,HENDERSON POLICE DEPARTMENT,Accepted,HENDERSON,US0041A,,GREEN,ST,S,,,,DRURY,,KRESGE,37.81475458,-87.6167797,,2021-10-24,1100,2,1,0,0,CLOUDY,DRY,False,REAR END IN TRAFFIC LANES BOTH VEHICLES MOVING,REAR END,STRAIGHT & LEVEL,DAYLIGHT,,,44496.83222,False,73,Accepted,5,5,O,,"OTHER, FOLLOWING TOO CLOSE",,2021,1
3945,29125117,0510100,HENDERSON POLICE DEPARTMENT,Accepted,HENDERSON,US0041A,,GREEN,ST,N,,12TH,,,,,37.85217608,-87.58025969,16.896,2021-10-24,1121,2,1,0,0,CLEAR,DRY,False,ANGLE COLLISION - ONE VEHICLE TURNING LEFT,ANGLE,STRAIGHT & LEVEL,DAYLIGHT,,,44496.8324,False,26,Accepted,5,5,O,,"DISREGARD TRAFFIC CONTROL, FAILED TO YIELD RIGHT OF WAY, INATTENTION",,2021,1
3946,29125193,0510100,HENDERSON POLICE DEPARTMENT,Accepted,HENDERSON,,,HARDING,AVE,,US0041A,GREEN,,,,,37.85264709,-87.57943461,0.026,2021-10-22,1723,2,1,0,0,CLEAR,DRY,False,OTHER INTERSECTION COLLISIONS,REAR END,STRAIGHT & LEVEL,DAYLIGHT,,,44496.83764,False,37,Accepted,5,5,O,,"IMPROPER BACKING, MISJUDGE CLEARANCE",,2021,1
3947,29125295,0510100,HENDERSON POLICE DEPARTMENT,Accepted,HENDERSON,US0041,2860,US41,,N,,,,,,,37.87900541,-87.56566945,17.684,2021-10-21,1900,2,1,0,0,CLEAR,DRY,False,1 VEHICLE ENTERING/LEAVING ENTRANCE,ANGLE,STRAIGHT & LEVEL,DARK-HWY LIGHTED/ON,,,44496.05909,False,25,Accepted,5,5,O,,"FAILED TO YIELD RIGHT OF WAY, INATTENTION, MISJUDGE CLEARANCE",,2021,1
3948,29125589,0510100,HENDERSON POLICE DEPARTMENT,Accepted,HENDERSON,KY0351,2424,ZION,RD,,,,,,,,37.82884418,-87.55961572,1.752,2021-10-26,1839,2,2,0,0,CLEAR,DRY,False,1 VEHICLE ENTERING/LEAVING ENTRANCE,ANGLE,STRAIGHT & LEVEL,DARK-HWY LIGHTED/ON,,,44496.87626,False,24,Accepted,5,5,O,,INATTENTION,,2021,1
3952,29132177,0510000,HENDERSON COUNTY SHERIFF DEPT.,Accepted,HENDERSON,US0041,,US41,,,AU9005,US41 N RAMP TO AU9005 E,,,,,37.80910334,-87.56380998,12.477,2021-10-28,614,1,1,0,1,RAINING,WET,False,COLLISION WITH FIXED OBJECT IN INTERSECTION - FIRST EVENT COLLISION 09 - 32,SINGLE VEHICLE,STRAIGHT & LEVEL,DARK-HWY NOT LIGHTED,,,44497.61361,False,132,Accepted,4,4,C,"OTHER, WATER POOLING",,,2021,1