OBJECTID,IncidentID,AgencyORI,AgencyName,IncidentStatusDesc,County,RdwyNumber,Street,RoadwayName,StreetSfx,StreetDir,IntersectionRdwy,IntersectionRdwyName,BetweenStRdwy1,BetweenStRdwyName1,BetweenStRdwy2,BetweenStRdwyName2,Latitude,Longitude,Milepoint,CollisionDate,CollisionTime,UnitsInvolved,MotorVehiclesInvolved,NumberKilled,NumberInjured,Weather,RdwyConditionCode,HitandRun,DirAnalysisCode,MannerofCollision,RdwyCharacter,LightCondition,RampFromRdwyId,RampToRdwyId,AcceptedDate,IsSecondaryCollision,OwnerBadge,IncidentStatus,InjurySeverityCde,KABCO_Code,KABCO,Environmental_Factors,Human_Factors,Vehicular_Factors,CollisionYear,CityCrash
3953,29141531,0510100,HENDERSON POLICE DEPARTMENT,Accepted,HENDERSON,KY0351,,2ND,ST,,,INGRAM,,,,,37.83889288,-87.58696817,0.087,2021-10-28,1516,2,2,0,0,CLOUDY,DRY,False,ANGLE COLLISION - OTHER,ANGLE,STRAIGHT & LEVEL,DAYLIGHT,,,44498.34233,False,67,Accepted,5,5,O,,INATTENTION,,2021,1
3959,29142859,0510100,HENDERSON POLICE DEPARTMENT,Accepted,HENDERSON,US0060,,US60,,E,,GREEN RIVER,,,,,37.86130277,-87.5641359,10.827,2021-10-28,643,2,2,0,0,RAINING,WET,False,OPPOSING LEFT TURN,OPPOSING LEFT TURN,STRAIGHT & LEVEL,DAYLIGHT,,,44498.58262,False,67,Accepted,5,5,O,SLIPPERY SURFACE,INATTENTION,,2021,1
3960,29142863,0510100,HENDERSON POLICE DEPARTMENT,Accepted,HENDERSON,,,WASHINGTON,ST,,,MEADOW,,,,,37.83090553,-87.58195739,0.596,2021-10-29,902,3,3,0,1,CLOUDY,WET,False,ANGLE COLLISION - OTHER,ANGLE,STRAIGHT & LEVEL,DAYLIGHT,,,44498.58323,False,64,Accepted,5,4,C,,"DISREGARD TRAFFIC CONTROL, INATTENTION",,2021,1
3961,29142898,0510100,HENDERSON POLICE DEPARTMENT,Accepted,HENDERSON,KY0812,,AIRLINE,RD,,KY2099,ADAMS,,,,,37.80958646,-87.55133795,6.171,2021-10-19,1715,2,2,0,0,CLEAR,DRY,False,ANGLE COLLISION - OTHER,ANGLE,STRAIGHT & GRADE,DUSK,,,44498.59053,False,34,Accepted,5,5,O,,MISJUDGE CLEARANCE,,2021,1
3962,29142899,0510100,HENDERSON POLICE DEPARTMENT,Accepted,HENDERSON,KY2084,,KY2084,,S,,,KY2099,ADAMS,,CRESLINE,37.80823761,-87.57268038,1.295,2021-10-20,639,2,2,0,0,CLOUDY,FLOODED,False,OTHER COLLISIONS ON SHOULDER,SIDESWIPE-SAME DIRECTION,STRAIGHT & LEVEL,DAWN,,,44498.59091,False,34,Accepted,5,5,O,,,BRAKES DEFECTIVE,2021,1
3963,29143260,0510100,HENDERSON POLICE DEPARTMENT,Accepted,HENDERSON,US0041,2000,US41,,N,,,,,,,37.86544697,-87.57322588,16.665,2021-10-28,1942,2,2,0,0,RAINING,WET,False,1 VEHICLE ENTERING/LEAVING ENTRANCE,ANGLE,STRAIGHT & LEVEL,DARK-HWY LIGHTED/ON,,,44498.63135,False,63,Accepted,5,5,O,"VIEW OBSTRUCTED, LIMITED DUE TO WEATHER CONDITIONS",INATTENTION,,2021,1
3964,29143880,0510100,HENDERSON POLICE DEPARTMENT,Accepted,HENDERSON,,,GREEN,ST,S,,CLAY ,,,,,37.83378342,-87.59334417,,2021-10-29,720,2,2,0,0,CLOUDY,DRY,False,ANGLE COLLISION - OTHER,ANGLE,STRAIGHT & LEVEL,DAYLIGHT,,,44498.73948,False,73,Accepted,5,5,O,,"FAILED TO YIELD RIGHT OF WAY, INATTENTION",,2021,1
3965,29151070,0510100,HENDERSON POLICE DEPARTMENT,Accepted,HENDERSON,,15,INGRAM,ST,S,,,,,,,37.82778961,-87.59720395,0.048,2021-10-30,1123,2,2,0,0,CLOUDY,DRY,True,1 VEHICLE PARKED POSITION (NOT PARKING LOT/DRIVEWAY),SIDESWIPE-SAME DIRECTION,STRAIGHT & LEVEL,DAYLIGHT,,,44501.38959,False,19,Accepted,5,5,O,,OTHER,,2021,1
3966,29151076,0510100,HENDERSON POLICE DEPARTMENT,Accepted,HENDERSON,,,TIPPECANOE,TRL,,,VILLAGE,,,,,37.86840426,-87.55568114,0.076,2021-10-26,1224,2,2,0,0,CLEAR,DRY,False,ANGLE COLLISION - OTHER,ANGLE,STRAIGHT & LEVEL,DAYLIGHT,,,44501.38993,False,17,Accepted,5,5,O,,"FAILED TO YIELD RIGHT OF WAY, INATTENTION",,2021,1
3967,29151201,0510100,HENDERSON POLICE DEPARTMENT,Accepted,HENDERSON,US0041,,,,,KY0351,ZION,,,,,37.83100953,-87.56713744,0.2,2021-10-23,1520,2,2,0,0,RAINING,WET,True,OTHER INTERSECTION COLLISIONS,REAR END,STRAIGHT & LEVEL,DAYLIGHT,,,44501.40852,False,26,Accepted,5,5,O,,,,2021,1
3968,29151538,0510100,HENDERSON POLICE DEPARTMENT,Accepted,HENDERSON,,1826,TURNAGAIN,DR,,,,,,,,37.80005343,-87.58797082,0.044,2021-10-27,1732,2,2,0,0,CLEAR,DRY,True,1 VEHICLE PARKED POSITION (NOT PARKING LOT/DRIVEWAY),BACKING,STRAIGHT & LEVEL,DUSK,,,44501.4465,False,37,Accepted,5,5,O,,"INATTENTION, MISJUDGE CLEARANCE",,2021,1
3969,29151540,0510100,HENDERSON POLICE DEPARTMENT,Accepted,HENDERSON,,,BARRET,BLVD,,US0060,US60,,,,,37.85988149,-87.56773854,0.351,2021-10-31,1713,2,2,0,0,CLEAR,DRY,False,OTHER INTERSECTION COLLISIONS,REAR END,STRAIGHT & LEVEL,DAYLIGHT,,,44501.44699,False,17,Accepted,5,5,O,GLARE (SUN),,,2021,1
3970,29151541,0510100,HENDERSON POLICE DEPARTMENT,Accepted,HENDERSON,,,BARRET,BLVD,,US0060,US60,,,,,37.85988863,-87.56772718,0.351,2021-10-31,913,2,2,0,0,CLEAR,DRY,False,COLLISION WITH FIXED OBJECT IN INTERSECTION - FIRST EVENT COLLISION 09 - 32,REAR END,STRAIGHT & LEVEL,DAYLIGHT,,,44501.44728,False,17,Accepted,5,5,O,,INATTENTION,,2021,1
3977,29178419,0510100,HENDERSON POLICE DEPARTMENT,Accepted,HENDERSON,,,ADAMS,ST,N,,10TH,,,,,37.84920304,-87.57863425,1.011,2021-11-01,1551,2,2,0,0,CLEAR,DRY,False,OTHER INTERSECTION COLLISIONS,REAR END,STRAIGHT & LEVEL,DAYLIGHT,,,44503.37192,False,37,Accepted,5,5,O,,INATTENTION,,2021,1
3978,29178420,0510100,HENDERSON POLICE DEPARTMENT,Accepted,HENDERSON,KY2084,,KY2084,,S,,,,,,,37.82011843,-87.56934624,2.137,2021-10-31,1640,2,2,0,1,CLEAR,DRY,False,OTHER ROADWAY OR MID-BLOCK COLLISION,OPPOSING LEFT TURN,STRAIGHT & LEVEL,DAYLIGHT,,,44503.372,False,31,Accepted,5,4,C,,INATTENTION,,2021,1
3980,29180163,0510100,HENDERSON POLICE DEPARTMENT,Accepted,HENDERSON,,,GREEN,ST,S,,DRURY,,,,,37.81411156,-87.61798802,,2021-11-03,630,2,2,0,0,CLEAR,DRY,False,OTHER INTERSECTION COLLISIONS,REAR END,STRAIGHT & LEVEL,DARK-HWY LIGHTED/ON,,,44503.63565,False,73,Accepted,5,5,O,,"FELL ASLEEP, INATTENTION",,2021,1
3981,29180166,0510100,HENDERSON POLICE DEPARTMENT,Accepted,HENDERSON,KY0351,,ZION,RD,,US0041,US41 RAMP KY351,,,,,37.83095309,-87.56717714,1.305,2021-10-19,1020,2,2,0,2,CLEAR,DRY,False,ANGLE COLLISION - ONE VEHICLE TURNING LEFT,ANGLE,STRAIGHT & LEVEL,DAYLIGHT,,,44503.63591,False,34,Accepted,5,3,B,,"DISREGARD TRAFFIC CONTROL, INATTENTION",,2021,1
3983,29183322,0510100,HENDERSON POLICE DEPARTMENT,Accepted,HENDERSON,US0060,,US60,,E,,STARLIGHT,,,,,37.86423157,-87.55855869,11.196,2021-10-25,730,2,2,0,1,RAINING,WET,False,ANGLE COLLISION - ONE VEHICLE TURNING LEFT,ANGLE,STRAIGHT & GRADE,DAWN,,,44504.43255,False,34,Accepted,5,4,C,,"EXCEEDED STATED SPEED LIMIT, TOO FAST FOR CONDITIONS",,2021,1
3984,29184087,0510100,HENDERSON POLICE DEPARTMENT,Accepted,HENDERSON,,,JACKSON,ST,,,,,GREEN ,,ELM,37.83011642,-87.59804505,,2021-11-03,729,2,2,0,0,CLEAR,DRY,False,OTHER ROADWAY OR MID-BLOCK COLLISION,REAR END,STRAIGHT & LEVEL,DAYLIGHT,,,44504.58515,False,73,Accepted,5,5,O,,INATTENTION,,2021,1
3986,29184089,0510100,HENDERSON POLICE DEPARTMENT,Accepted,HENDERSON,,,2ND,ST,,US0041A,GREEN,,,,,37.83945297,-87.5884053,0.003,2021-11-01,901,2,2,0,0,CLEAR,DRY,False,ANGLE COLLISION - OTHER,ANGLE,STRAIGHT & LEVEL,DAYLIGHT,,,44504.58531,False,17,Accepted,5,5,O,,FAILED TO YIELD RIGHT OF WAY,,2021,1
3987,29187186,0510100,HENDERSON POLICE DEPARTMENT,Accepted,HENDERSON,,,HILLMONT,DR,,,MILLCREEK,,,,,37.86698227,-87.5363748,0.286,2021-10-30,1325,2,2,0,1,CLEAR,DRY,False,REAR END - ONE VEHICLE TURNING LEFT,REAR END,STRAIGHT & LEVEL,DAYLIGHT,,,44505.38064,False,17,Accepted,5,4,C,,INATTENTION,,2021,1
3990,29187827,0510100,HENDERSON POLICE DEPARTMENT,Accepted,HENDERSON,US0041,,,,,,,,,,,37.85752781,-87.57364959,0.175,2021-11-01,1726,2,2,0,0,CLEAR,DRY,False,OTHER RAMP RELATED COLLISIONS NOT LISTED ABOVE,SIDESWIPE-SAME DIRECTION,STRAIGHT & LEVEL,DAYLIGHT,US0041,US0041,44505.48984,False,17,Accepted,5,5,O,,INATTENTION,,2021,1
3991,29192190,0510100,HENDERSON POLICE DEPARTMENT,Accepted,HENDERSON,US0041A,500,GREEN,ST,N,,,,,,,37.84341358,-87.58596468,16.211,2021-11-03,1845,2,2,0,0,CLEAR,DRY,False,REAR END IN TRAFFIC LANES BOTH VEHICLES MOVING,REAR END,STRAIGHT & LEVEL,DARK-HWY LIGHTED/ON,,,44506.94227,False,35,Accepted,5,5,O,,INATTENTION,,2021,1
3993,29196519,0510100,HENDERSON POLICE DEPARTMENT,Accepted,HENDERSON,,48,ALVES,ST,S,,,,,,,37.83407752,-87.58705321,1.11,2021-11-04,400,2,2,0,0,,,True,1 VEHICLE PARKED POSITION (NOT PARKING LOT/DRIVEWAY),SIDESWIPE-SAME DIRECTION,,,,,44508.37807,False,72,Accepted,5,5,O,,,,2021,1
3994,29196901,0510100,HENDERSON POLICE DEPARTMENT,Accepted,HENDERSON,US0041A,,GREEN,ST,N,,14TH,,,,,37.8539466,-87.57902033,17.062,2021-10-26,802,2,1,0,0,CLEAR,DRY,False,OTHER INTERSECTION COLLISIONS,REAR END,STRAIGHT & LEVEL,DAYLIGHT,,,44508.3959,False,37,Accepted,5,5,O,,INATTENTION,,2021,1
3995,29203234,0510100,HENDERSON POLICE DEPARTMENT,Accepted,HENDERSON,US0041A,,GREEN,ST,S,,,,,,,37.83302932,-87.59400915,15.373,2021-11-04,1251,2,2,0,0,CLEAR,DRY,False,OTHER ROADWAY OR MID-BLOCK COLLISION,REAR END,STRAIGHT & LEVEL,DAYLIGHT,,,44508.51713,False,66,Accepted,5,5,O,,INATTENTION,,2021,1
3996,29203237,0510100,HENDERSON POLICE DEPARTMENT,Accepted,HENDERSON,,,GREEN RIVER,RD,,,US 60 EAST,,,,,37.86138106,-87.56419644,,2021-11-05,645,2,2,0,0,CLEAR,DRY,True,OTHER INTERSECTION COLLISIONS,REAR END,STRAIGHT & GRADE,DARK-HWY LIGHTED/ON,,,44508.51717,False,73,Accepted,5,5,O,,INATTENTION,,2021,1
3997,29204437,0510100,HENDERSON POLICE DEPARTMENT,Accepted,HENDERSON,US0041A,,GREEN,ST,S,,,,CLAY,,DIXON,37.83349548,-87.59355289,15.418,2021-11-04,1548,2,2,0,0,CLEAR,DRY,True,SIDESWIPE COLLISION - SAME DIRECTION,SIDESWIPE-SAME DIRECTION,STRAIGHT & LEVEL,DAYLIGHT,,,44508.54356,False,65,Accepted,5,5,O,,INATTENTION,,2021,1
3998,29204441,0510100,HENDERSON POLICE DEPARTMENT,Accepted,HENDERSON,,,GREEN,ST,,,5TH,,,,,37.84322228,-87.58609742,,2021-11-05,1245,2,2,0,0,CLEAR,DRY,False,OTHER INTERSECTION COLLISIONS,REAR END,STRAIGHT & LEVEL,DAYLIGHT,,,44508.54362,False,73,Accepted,5,5,O,,INATTENTION,,2021,1
3999,29204443,0510100,HENDERSON POLICE DEPARTMENT,Accepted,HENDERSON,,,MAIN,ST,N,,,,,,,37.84077014,-87.59164,0.1,2021-11-05,1610,2,1,0,1,CLEAR,DRY,False,COLLISION WITH PEDESTRIAN NON - INTERSECTION,SINGLE VEHICLE,STRAIGHT & LEVEL,DAYLIGHT,,,44508.54366,False,31,Accepted,5,4,C,,INATTENTION,,2021,1
4000,29204446,0510100,HENDERSON POLICE DEPARTMENT,Accepted,HENDERSON,,,GREEN RIVER,RD,,,SINCLAIR,,,,,37.86694966,-87.56081727,0.502,2021-11-05,2022,2,2,0,0,CLEAR,DRY,True,OPPOSING LEFT TURN,OPPOSING LEFT TURN,STRAIGHT & LEVEL,DARK-HWY NOT LIGHTED,,,44508.5437,False,59,Accepted,5,5,O,,,,2021,1
4005,29237671,0510100,HENDERSON POLICE DEPARTMENT,Accepted,HENDERSON,,,CANOE CREEK,DR,,,,,SIOUX,,DEAD END,37.81784844,-87.60188568,,2021-11-06,300,2,2,0,0,CLEAR,DRY,True,1 VEHICLE PARKED POSITION (NOT PARKING LOT/DRIVEWAY),ANGLE,STRAIGHT & LEVEL,DARK-HWY NOT LIGHTED,,,44509.35657,False,73,Accepted,5,5,O,,"INATTENTION, NOT UNDER PROPER CONTROL",,2021,1
4006,29239617,0510100,HENDERSON POLICE DEPARTMENT,Accepted,HENDERSON,,,MARTIN LUTHER KING,BLVD,,,ALVES,,,,,37.83058613,-87.59083946,,2021-11-07,1449,2,2,0,2,CLEAR,DRY,False,ANGLE COLLISION - OTHER,ANGLE,STRAIGHT & LEVEL,DAYLIGHT,,,44509.43975,False,73,Accepted,5,4,C,,"FAILED TO YIELD RIGHT OF WAY, INATTENTION, NOT UNDER PROPER CONTROL",,2021,1
4010,29244744,0510000,HENDERSON COUNTY SHERIFF DEPT.,Accepted,HENDERSON,US0041,,US41,,N,,,,RACETRACK,,STRATMAN,37.8834384,-87.56277927,17.955,2021-11-06,1034,2,2,0,0,CLEAR,DRY,False,SIDESWIPE COLLISION - SAME DIRECTION,SIDESWIPE-SAME DIRECTION,STRAIGHT & LEVEL,DAYLIGHT,,,44509.58022,False,142,Accepted,5,5,O,,INATTENTION,,2021,1
4011,29300311,0510100,HENDERSON POLICE DEPARTMENT,Accepted,HENDERSON,,,GREEN,ST,,,2ND,,,,,37.83949298,-87.58847336,,2021-11-08,530,2,2,0,0,CLEAR,DRY,False,ANGLE COLLISION - OTHER,ANGLE,STRAIGHT & LEVEL,DARK-HWY LIGHTED/ON,,,44511.43121,False,73,Accepted,5,5,O,,INATTENTION,,2021,1
4012,29300312,0510100,HENDERSON POLICE DEPARTMENT,Accepted,HENDERSON,,,ALVES,ST,S,,,,CHESTNUT,,NORRIS,37.82541804,-87.59589956,,2021-11-08,744,2,2,0,0,CLEAR,DRY,False,1 VEHICLE PARKED POSITION (NOT PARKING LOT/DRIVEWAY),BACKING,STRAIGHT & LEVEL,DAYLIGHT,,,44511.43132,False,73,Accepted,5,5,O,,INATTENTION,,2021,1
4013,29300313,0510100,HENDERSON POLICE DEPARTMENT,Accepted,HENDERSON,,,BARRET,BLVD,,US0041,US41,,,,,37.86430703,-87.57367829,0.897,2021-11-09,1256,2,2,0,0,CLEAR,DRY,False,SIDESWIPE-SAME DIRECTION,SIDESWIPE-SAME DIRECTION,STRAIGHT & LEVEL,DAYLIGHT,,,44511.43144,False,37,Accepted,5,5,O,,"INATTENTION, MISJUDGE CLEARANCE",,2021,1
4014,29300314,0510100,HENDERSON POLICE DEPARTMENT,Accepted,HENDERSON,US0041,,US41,,N,,MARYWOOD,,,,,37.86727351,-87.57220313,16.803,2021-11-10,1144,2,2,0,0,CLEAR,DRY,False,OPPOSING LEFT TURN,OPPOSING LEFT TURN,STRAIGHT & LEVEL,DAYLIGHT,,,44511.43148,False,59,Accepted,5,5,O,,"FAILED TO YIELD RIGHT OF WAY, INATTENTION",,2021,1
4015,29301044,0510100,HENDERSON POLICE DEPARTMENT,Accepted,HENDERSON,,,LETCHER,ST,,,,,HELM,,CLAY,37.82653515,-87.57962768,0.168,2021-10-16,1148,2,2,0,1,CLEAR,DRY,False,1 VEHICLE PARKED POSITION (NOT PARKING LOT/DRIVEWAY),SIDESWIPE-SAME DIRECTION,STRAIGHT & LEVEL,DAYLIGHT,,,44511.66972,False,65,Accepted,4,4,C,,INATTENTION,,2021,1
4016,29301356,0510100,HENDERSON POLICE DEPARTMENT,Accepted,HENDERSON,,200,2ND,ST,,,,,,,,37.84020424,-87.59011346,0.103,2021-11-09,1207,2,2,0,0,CLEAR,DRY,False,VEHICLE BACKING NON INTERSECTION,BACKING,STRAIGHT & LEVEL,DAYLIGHT,,,44511.73951,False,7,Accepted,5,5,O,,INATTENTION,,2021,1
4017,29302643,0510100,HENDERSON POLICE DEPARTMENT,Accepted,HENDERSON,KY2084,300,KY2084,,S,,,,,,,37.82007943,-87.56945589,2.132,2021-11-03,1819,2,2,0,0,CLEAR,DRY,True,HEAD-ON COLLISION,HEAD ON,STRAIGHT & LEVEL,DARK-HWY LIGHTED/ON,,,44512.19426,False,25,Accepted,5,5,O,,INATTENTION,HEADLIGHTS DEFECTIVE,2021,1
4018,29302646,0510100,HENDERSON POLICE DEPARTMENT,Accepted,HENDERSON,,215,JACKSON,ST,,,,,,,,37.83081666,-87.59910445,0.128,2021-11-07,1746,2,2,0,0,CLEAR,DRY,False,1 VEHICLE PARKED POSITION (NOT PARKING LOT/DRIVEWAY),SIDESWIPE-OPPOSITE DIRECTION,STRAIGHT & LEVEL,DARK-HWY LIGHTED/ON,,,44512.19438,False,58,Accepted,5,5,O,,INATTENTION,,2021,1
4019,29302652,0510100,HENDERSON POLICE DEPARTMENT,Accepted,HENDERSON,US0041A,1725,GREEN,ST,S,,,,,,,37.81603609,-87.61486189,13.668,2021-11-08,1751,2,2,0,1,CLEAR,DRY,False,OTHER ROADWAY OR MID-BLOCK COLLISION,OPPOSING LEFT TURN,STRAIGHT & LEVEL,DARK-HWY LIGHTED/ON,,,44512.19452,False,25,Accepted,5,3,B,,"FAILED TO YIELD RIGHT OF WAY, INATTENTION",,2021,1
4020,29304206,0510100,HENDERSON POLICE DEPARTMENT,Accepted,HENDERSON,,2531,WOOD,DR,,,,,,,,37.86925451,-87.5617061,0.264,2021-11-11,1157,1,1,0,0,RAINING,WET,True,OTHER ROADWAY OR MID-BLOCK COLLISION,SINGLE VEHICLE,STRAIGHT & LEVEL,DAYLIGHT,,,44512.44573,False,67,Accepted,5,5,O,SLIPPERY SURFACE,INATTENTION,,2021,1
4021,29304208,0510100,HENDERSON POLICE DEPARTMENT,Accepted,HENDERSON,US0041,,US41,,N,,RETTIG,,,,,37.8673941,-87.57224336,16.8,2021-11-11,1306,2,2,0,0,RAINING,WET,False,OTHER INTERSECTION COLLISIONS,REAR END,STRAIGHT & LEVEL,DAYLIGHT,,,44512.44581,False,67,Accepted,5,5,O,SLIPPERY SURFACE,INATTENTION,,2021,1
4022,29307920,0510100,HENDERSON POLICE DEPARTMENT,Accepted,HENDERSON,,,2ND,ST,,,,,WATER,,MAIN,37.84115203,-87.59241826,0.245,2021-11-11,1923,1,1,0,0,CLEAR,DRY,True,1 VEHICLE ENTERING OR LEAVING PARKED POSITION (NOT PARKING LOT),SINGLE VEHICLE,STRAIGHT & GRADE,DARK-HWY LIGHTED/ON,,,44513.72024,False,33,Accepted,5,5,O,,,,2021,1
4023,29311744,0510100,HENDERSON POLICE DEPARTMENT,Accepted,HENDERSON,,1000,MEADOW,ST,,,,,,,,37.83086944,-87.58202388,0.574,2021-11-05,621,2,2,0,0,CLEAR,DRY,True,VEHICLE BACKING NON INTERSECTION,BACKING,,DAWN,,,44515.14838,False,50,Accepted,5,5,O,,"INATTENTION, NOT UNDER PROPER CONTROL, OTHER",,2021,1
4024,29311748,0510100,HENDERSON POLICE DEPARTMENT,Accepted,HENDERSON,US0041A,1000,GREEN,ST,N,,,,,,,37.84950338,-87.58199488,16.709,2021-11-05,1840,2,2,0,0,CLEAR,DRY,False,OTHER ROADWAY OR MID-BLOCK COLLISION,REAR END,STRAIGHT & LEVEL,DARK-HWY LIGHTED/ON,,,44515.14849,False,50,Accepted,5,5,O,,"DISTRACTION, INATTENTION",,2021,1
4025,29311755,0510100,HENDERSON POLICE DEPARTMENT,Accepted,HENDERSON,,1050,MILLCREEK,DR,,,,,,,,37.86653618,-87.5368151,0.042,2021-11-05,1956,2,2,0,0,CLEAR,DRY,False,1 VEHICLE PARKED POSITION (NOT PARKING LOT/DRIVEWAY),SIDESWIPE-SAME DIRECTION,STRAIGHT & LEVEL,DARK-HWY LIGHTED/ON,,,44515.14862,False,22,Accepted,5,5,O,ANIMALS ACTION,MISJUDGE CLEARANCE,,2021,1
4026,29313229,0510100,HENDERSON POLICE DEPARTMENT,Accepted,HENDERSON,KY2099,2400,ADAMS,LN,,,,,,,,37.80564478,-87.55574962,0.926,2021-11-12,1442,2,2,0,1,CLEAR,DRY,False,SIDESWIPE COLLISION - OPPOSITE DIRECTION,SIDESWIPE-OPPOSITE DIRECTION,STRAIGHT & LEVEL,DAYLIGHT,,,44515.44172,False,64,Accepted,5,4,C,,FAILED TO KEEP PROPER LANE,,2021,1
4027,29313230,0510100,HENDERSON POLICE DEPARTMENT,Accepted,HENDERSON,KY0351,2500,ZION,RD,,,,,,,,37.82804284,-87.557031,1.901,2021-11-12,1547,2,2,0,0,CLEAR,DRY,False,REAR END IN TRAFFIC LANES BOTH VEHICLES MOVING,REAR END,STRAIGHT & LEVEL,DAYLIGHT,,,44515.44179,False,64,Accepted,5,5,O,,INATTENTION,,2021,1
4028,29313232,0510100,HENDERSON POLICE DEPARTMENT,Accepted,HENDERSON,,400,GLOVER,DR,,,,,,,,37.8202422,-87.57156522,0.065,2021-11-12,1659,1,1,0,0,RAINING,WET,False,OTHER ROADWAY OR MID-BLOCK COLLISION,SINGLE VEHICLE,STRAIGHT & LEVEL,DARK-HWY LIGHTED/ON,,,44515.44187,False,64,Accepted,5,5,O,"VIEW OBSTRUCTED, LIMITED DUE TO WEATHER CONDITIONS",,,2021,1
4029,29313437,0510100,HENDERSON POLICE DEPARTMENT,Accepted,HENDERSON,US0041,2452,US41,,N,,,,,,,37.87114248,-87.57002225,17.092,2021-11-14,1318,2,2,0,0,CLEAR,DRY,False,1 VEHICLE ENTERING/LEAVING ENTRANCE,ANGLE,STRAIGHT & LEVEL,DAYLIGHT,,,44515.46956,False,37,Accepted,5,5,O,,"INATTENTION, MISJUDGE CLEARANCE",,2021,1
4044,29322213,0510100,HENDERSON POLICE DEPARTMENT,Accepted,HENDERSON,KY2084,331,KY2084,,S,,,,,,,37.8195404,-87.56954112,2.096,2021-11-15,840,2,2,0,1,CLEAR,DRY,False,1 VEHICLE ENTERING/LEAVING ENTRANCE,ANGLE,STRAIGHT & LEVEL,DAYLIGHT,,,44517.40172,False,66,Accepted,3,3,B,,INATTENTION,,2021,1
4045,29322215,0510100,HENDERSON POLICE DEPARTMENT,Accepted,HENDERSON,US0060,,US60,,E,,MANOR,,,,,37.86061686,-87.56581768,10.723,2021-11-16,1308,2,2,0,3,CLEAR,DRY,False,ANGLE COLLISION - OTHER,ANGLE,STRAIGHT & LEVEL,DAYLIGHT,,,44517.4018,False,67,Accepted,3,3,B,,INATTENTION,,2021,1
4047,29322460,0510100,HENDERSON POLICE DEPARTMENT,Accepted,HENDERSON,US0041A,,GREEN,ST,N,,2ND,,,,,37.83950969,-87.58847503,15.921,2021-11-15,1252,2,2,0,0,CLEAR,DRY,True,OTHER INTERSECTION COLLISIONS,REAR END,STRAIGHT & LEVEL,DAYLIGHT,,,44517.44279,False,66,Accepted,5,5,O,,"DISTRACTION, INATTENTION",,2021,1
4048,29323083,0510100,HENDERSON POLICE DEPARTMENT,Accepted,HENDERSON,US0041,2530,US41,,N,,,,,,,37.86881302,-87.57126454,16.958,2021-11-04,1218,2,2,0,0,CLEAR,DRY,False,SIDESWIPE COLLISION - SAME DIRECTION,SIDESWIPE-SAME DIRECTION,STRAIGHT & LEVEL,DAYLIGHT,,,44517.55342,False,17,Accepted,5,5,O,,INATTENTION,,2021,1
4049,29323084,0510100,HENDERSON POLICE DEPARTMENT,Accepted,HENDERSON,US0041,2044,US41,,N,,,,,,,37.87086069,-87.57019546,17.071,2021-11-04,1601,2,2,0,0,CLEAR,DRY,False,SIDESWIPE COLLISION - SAME DIRECTION,SIDESWIPE-SAME DIRECTION,STRAIGHT & LEVEL,DAYLIGHT,,,44517.55348,False,17,Accepted,5,5,O,,INATTENTION,,2021,1
4050,29323085,0510100,HENDERSON POLICE DEPARTMENT,Accepted,HENDERSON,US0041,2067,US41,,N,,,,,,,37.86626891,-87.57276168,16.728,2021-11-05,1655,2,2,0,0,CLEAR,DRY,False,REAR END IN TRAFFIC LANES BOTH VEHICLES MOVING,REAR END,STRAIGHT & LEVEL,DAYLIGHT,,,44517.55353,False,17,Accepted,5,5,O,,INATTENTION,,2021,1
4051,29323158,0510100,HENDERSON POLICE DEPARTMENT,Accepted,HENDERSON,US0041A,,GREEN,ST,S,,WASHINGTON,,,,,37.83622519,-87.59087756,15.657,2021-11-11,1120,3,3,0,0,RAINING,WET,False,OTHER INTERSECTION COLLISIONS,REAR END,STRAIGHT & LEVEL,DAYLIGHT,,,44517.56812,False,26,Accepted,5,5,O,,MISJUDGE CLEARANCE,,2021,1
4052,29326810,0510100,HENDERSON POLICE DEPARTMENT,Accepted,HENDERSON,US0041,2611,US41,,N,,,,,,,37.87439125,-87.56822667,17.34,2021-11-15,1706,3,3,0,0,CLEAR,DRY,False,1 VEHICLE ENTERING/LEAVING ENTRANCE,ANGLE,STRAIGHT & LEVEL,DARK-HWY LIGHTED/ON,,,44518.46906,False,37,Accepted,5,5,O,,MISJUDGE CLEARANCE,,2021,1
4054,29329670,0510100,HENDERSON POLICE DEPARTMENT,Accepted,HENDERSON,,,GREEN RIVER,RD,,,,,WOODSPOINT,,BELLEWOOD,37.87893498,-87.5395974,1.942,2021-11-14,2107,2,2,0,0,CLEAR,DRY,True,RAN OFF ROADWAY (1 VEHICLE WITH/EARTH EMBANKMENT/DITCH),SIDESWIPE-OPPOSITE DIRECTION,STRAIGHT & LEVEL,DARK-HWY NOT LIGHTED,,,44519.02147,False,22,Accepted,5,5,O,,,,2021,1
4055,29329675,0510100,HENDERSON POLICE DEPARTMENT,Accepted,HENDERSON,KY0351,,2ND,ST,,KY2084,KY2084,,,,,37.83131298,-87.56895896,1.208,2021-11-12,1731,2,2,0,2,CLEAR,DRY,False,ANGLE COLLISION - OTHER,ANGLE,STRAIGHT & LEVEL,DARK-HWY LIGHTED/ON,,,44519.02166,False,22,Accepted,4,4,C,,FAILED TO YIELD RIGHT OF WAY,,2021,1