OBJECTID,IncidentID,AgencyORI,AgencyName,IncidentStatusDesc,County,RdwyNumber,Street,RoadwayName,StreetSfx,StreetDir,IntersectionRdwy,IntersectionRdwyName,BetweenStRdwy1,BetweenStRdwyName1,BetweenStRdwy2,BetweenStRdwyName2,Latitude,Longitude,Milepoint,CollisionDate,CollisionTime,UnitsInvolved,MotorVehiclesInvolved,NumberKilled,NumberInjured,Weather,RdwyConditionCode,HitandRun,DirAnalysisCode,MannerofCollision,RdwyCharacter,LightCondition,RampFromRdwyId,RampToRdwyId,AcceptedDate,IsSecondaryCollision,OwnerBadge,IncidentStatus,InjurySeverityCde,KABCO_Code,KABCO,Environmental_Factors,Human_Factors,Vehicular_Factors,CollisionYear,CityCrash
4058,29331395,0510100,HENDERSON POLICE DEPARTMENT,Accepted,HENDERSON,US0041,1868,US41,,N,,,,,,,37.86248417,-87.57473329,16.444,2021-11-15,1254,2,2,0,0,CLEAR,DRY,False,SIDESWIPE COLLISION - SAME DIRECTION,SIDESWIPE-SAME DIRECTION,STRAIGHT & LEVEL,DAYLIGHT,,,44519.48707,False,37,Accepted,5,5,O,,MISJUDGE CLEARANCE,,2021,1
4059,29331583,0510100,HENDERSON POLICE DEPARTMENT,Accepted,HENDERSON,,,ELM,ST,N,,3RD,,,,,37.84134282,-87.58921611,0.262,2021-11-18,1009,2,2,0,0,CLEAR,DRY,False,OTHER INTERSECTION COLLISIONS,REAR END,STRAIGHT & LEVEL,DAYLIGHT,,,44519.53974,False,48,Accepted,5,5,O,,INATTENTION,,2021,1
4060,29331584,0510100,HENDERSON POLICE DEPARTMENT,Accepted,HENDERSON,US0060,,GREEN,ST,S,KY0136,KY136,,,,,37.80020696,-87.647192,8.741,2021-11-18,1622,2,2,0,0,CLEAR,DRY,False,ANGLE COLLISION - OTHER,ANGLE,STRAIGHT & LEVEL,DUSK,,,44519.53978,False,37,Accepted,5,5,O,GLARE (SUN),DISREGARD TRAFFIC CONTROL,,2021,1
4061,29331585,0510100,HENDERSON POLICE DEPARTMENT,Accepted,HENDERSON,,,US 41A,,,,,,SOUTH WYE ,,GREEN,37.8110278,-87.62273135,,2021-11-19,630,2,2,0,0,CLEAR,DRY,False,OTHER ROADWAY OR MID-BLOCK COLLISION,REAR END,STRAIGHT & LEVEL,DAYLIGHT,,,44519.53986,False,73,Accepted,5,5,O,,INATTENTION,,2021,1
4062,29335855,0510100,HENDERSON POLICE DEPARTMENT,Accepted,HENDERSON,,2300,GREEN RIVER,RD,,,,,,,,37.86343838,-87.5651648,0.163,2021-11-13,346,1,1,0,0,CLEAR,DRY,False,COLLISION WITH FIXED OBJECT NON - INTERSECTION - FIRST EVENT COLLISION 09 - 32 EXCLUDING 16,SINGLE VEHICLE,CURVE & LEVEL,DARK-HWY NOT LIGHTED,,,44520.96399,False,63,Accepted,5,5,O,,INATTENTION,,2021,1
4063,29335856,0510100,HENDERSON POLICE DEPARTMENT,Accepted,HENDERSON,US0060,2100,US60,,E,,,,,,,37.86027464,-87.56701099,10.65,2021-11-13,301,1,1,0,0,CLEAR,DRY,False,COLLISION WITH ANIMAL NON INTERSECTION,SINGLE VEHICLE,STRAIGHT & LEVEL,DARK (UNKNOWN ROADWAY LIGHTING),,,44520.96405,False,63,Accepted,5,5,O,ANIMALS ACTION,INATTENTION,,2021,1
4064,29335857,0510100,HENDERSON POLICE DEPARTMENT,Accepted,HENDERSON,US0041A,,GREEN,ST,S,,,,WASHINGTON,,POWELL,37.83614648,-87.59095078,15.65,2021-11-17,1738,2,1,0,1,CLEAR,DRY,True,COLLISION WITH PEDESTRIAN NON - INTERSECTION,SINGLE VEHICLE,STRAIGHT & HILLCREST,DARK-HWY LIGHTED/ON,,,44520.9641,False,33,Accepted,5,2,A,,,,2021,1
4068,29340622,0510100,HENDERSON POLICE DEPARTMENT,Accepted,HENDERSON,US0041A,600,GREEN,ST,N,,,,,,,37.84508462,-87.58485133,16.359,2021-11-18,1713,2,2,0,0,CLEAR,DRY,False,1 VEHICLE ENTERING/LEAVING ENTRANCE,ANGLE,STRAIGHT & LEVEL,DARK-HWY LIGHTED/ON,,,44522.48938,False,37,Accepted,5,5,O,,"MISJUDGE CLEARANCE, TURNING IMPROPERLY",,2021,1
4069,29340624,0510100,HENDERSON POLICE DEPARTMENT,Accepted,HENDERSON,US0041,2700,US41,,N,,,,,,,37.87599729,-87.56756873,17.455,2021-11-21,1424,2,2,0,0,CLOUDY,WET,False,OTHER ROADWAY OR MID-BLOCK COLLISION,REAR END,STRAIGHT & LEVEL,DAYLIGHT,,,44522.48947,False,67,Accepted,5,5,O,SLIPPERY SURFACE,INATTENTION,,2021,1
4070,29340770,0510100,HENDERSON POLICE DEPARTMENT,Accepted,HENDERSON,US0041,2810,US41,,N,,,,,,,37.8768178,-87.56704794,17.517,2021-11-19,1313,3,3,0,0,CLEAR,DRY,False,REAR END IN TRAFFIC LANES BOTH VEHICLES MOVING,REAR END,STRAIGHT & LEVEL,DAYLIGHT,,,44522.51104,False,37,Accepted,5,5,O,,MISJUDGE CLEARANCE,,2021,1
4071,29341511,0510100,HENDERSON POLICE DEPARTMENT,Accepted,HENDERSON,US0041,,US41,,N,,,,,,,37.87690338,-87.56679135,17.527,2021-11-19,1524,2,2,0,0,CLEAR,DRY,False,HEAD-ON COLLISION,HEAD ON,STRAIGHT & LEVEL,DAYLIGHT,,,44522.60539,False,37,Accepted,5,5,O,,MISJUDGE CLEARANCE,,2021,1
4072,29343071,0510100,HENDERSON POLICE DEPARTMENT,Accepted,HENDERSON,,,WATSON,LN,,,GREEN RIVER,,,,,37.86848867,-87.55747719,0.297,2021-11-21,1932,2,2,0,0,FOG,DRY,False,ANGLE COLLISION - OTHER,ANGLE,STRAIGHT & LEVEL,DARK (UNKNOWN ROADWAY LIGHTING),,,44522.89409,False,63,Accepted,5,5,O,"VIEW OBSTRUCTED, LIMITED DUE TO WEATHER CONDITIONS",INATTENTION,,2021,1
4073,29343402,0510100,HENDERSON POLICE DEPARTMENT,Accepted,HENDERSON,KY0136,,SAND,LN,,,,,,,,37.82150114,-87.5996637,19.792,2021-11-18,1848,2,2,0,0,CLEAR,DRY,True,1 VEHICLE PARKED POSITION (NOT PARKING LOT/DRIVEWAY),REAR END,STRAIGHT & LEVEL,DARK-HWY NOT LIGHTED,,,44522.96031,False,31,Accepted,5,5,O,,,,2021,1
4074,29343874,0510100,HENDERSON POLICE DEPARTMENT,Accepted,HENDERSON,US0060,2336,GREEN,ST,S,,,,,,,37.80423038,-87.63630839,9.4,2021-11-15,1805,2,2,0,1,CLEAR,DRY,False,REAR END IN TRAFFIC LANES BOTH VEHICLES MOVING,REAR END,STRAIGHT & LEVEL,DARK-HWY NOT LIGHTED,,,44523.05526,False,50,Accepted,5,4,C,,INATTENTION,,2021,1
4075,29345170,0510100,HENDERSON POLICE DEPARTMENT,Accepted,HENDERSON,US0041A,,GREEN,ST,S,,WASHINGTON,,,,,37.8363161,-87.59084172,15.666,2021-11-21,1652,2,2,0,0,CLEAR,DRY,False,ANGLE COLLISION - OTHER,ANGLE,STRAIGHT & LEVEL,DARK-HWY LIGHTED/ON,,,44523.40665,False,26,Accepted,5,5,O,,DISREGARD TRAFFIC CONTROL,,2021,1
4076,29345171,0510100,HENDERSON POLICE DEPARTMENT,Accepted,HENDERSON,,,ELM,ST,N,,14TH,,,,,37.85480464,-87.58063768,1.302,2021-11-22,1321,2,2,0,0,CLEAR,DRY,False,OPPOSING LEFT TURN,OPPOSING LEFT TURN,STRAIGHT & LEVEL,DAYLIGHT,,,44523.40674,False,26,Accepted,5,5,O,,MISJUDGE CLEARANCE,,2021,1
4079,29345559,0510100,HENDERSON POLICE DEPARTMENT,Accepted,HENDERSON,US0041,,US41,,N,,,,WALNUT,,WATSON,37.87839626,-87.56623152,17.634,2021-11-22,1715,2,2,0,0,CLEAR,DRY,False,OTHER ROADWAY OR MID-BLOCK COLLISION,REAR END,STRAIGHT & LEVEL,DARK-HWY LIGHTED/OFF,,,44523.46692,False,67,Accepted,5,5,O,,INATTENTION,,2021,1
4080,29347687,0510100,HENDERSON POLICE DEPARTMENT,Accepted,HENDERSON,,,GARDEN MILE,RD,N,,STADIUM,,,,,37.82261531,-87.55920116,0.394,2021-11-22,2033,2,2,0,0,CLEAR,DRY,False,ANGLE COLLISION - OTHER,ANGLE,STRAIGHT & LEVEL,DARK-HWY LIGHTED/ON,,,44523.85863,False,25,Accepted,5,5,O,,"FAILED TO YIELD RIGHT OF WAY, INATTENTION",,2021,1
4081,29354844,0510100,HENDERSON POLICE DEPARTMENT,Accepted,HENDERSON,US0041A,,GREEN,ST,S,,,,AUDUBON,,PLUM,37.83023882,-87.59671467,15.18,2021-11-18,1427,2,2,0,0,CLEAR,DRY,False,REAR END IN TRAFFIC LANES BOTH VEHICLES MOVING,REAR END,STRAIGHT & GRADE,DAYLIGHT,,,44526.39806,False,48,Accepted,5,5,O,,INATTENTION,,2021,1
4082,29354849,0510100,HENDERSON POLICE DEPARTMENT,Accepted,HENDERSON,US0041A,,GREEN,ST,S,,POWELL,,,,,37.83518009,-87.59196887,15.56,2021-11-23,1132,2,2,0,1,CLEAR,DRY,False,ANGLE COLLISION - OTHER,ANGLE,STRAIGHT & LEVEL,DAYLIGHT,,,44526.39817,False,48,Accepted,5,4,C,,LOST CONSCIOUSNESS/FAINTED,,2021,1
4083,29357358,0510100,HENDERSON POLICE DEPARTMENT,Accepted,HENDERSON,,1300,OBYRNE,ST,,,,,,,,37.82533412,-87.58271706,0.155,2021-11-26,325,1,1,0,1,CLEAR,DRY,False,COLLISION WITH FIXED OBJECT NON - INTERSECTION - FIRST EVENT COLLISION 09 - 32 EXCLUDING 16,SINGLE VEHICLE,STRAIGHT & LEVEL,DARK-HWY LIGHTED/ON,,,44527.22462,False,35,Accepted,5,2,A,,"EXCEEDED STATED SPEED LIMIT, INATTENTION, NOT UNDER PROPER CONTROL",,2021,1
4084,29363148,0510100,HENDERSON POLICE DEPARTMENT,Accepted,HENDERSON,US0041,,,,,,,,,,,37.85513239,-87.57096473,0.005,2021-11-28,1330,2,2,0,0,CLEAR,DRY,False,OTHER RAMP RELATED COLLISIONS NOT LISTED ABOVE,SIDESWIPE-SAME DIRECTION,CURVE & LEVEL,DAYLIGHT,US0041,US0060,44529.34101,False,36,Accepted,5,5,O,,IMPROPER PASSING,,2021,1
4085,29364049,0510100,HENDERSON POLICE DEPARTMENT,Accepted,HENDERSON,US0041A,,GREEN,ST,S,,,,,,,37.83295363,-87.5941934,15.355,2021-11-24,1035,2,2,0,0,CLEAR,DRY,True,SIDESWIPE COLLISION - OPPOSITE DIRECTION,SIDESWIPE-OPPOSITE DIRECTION,STRAIGHT & LEVEL,DAYLIGHT,,,44529.44836,False,19,Accepted,5,5,O,,,,2021,1
4086,29364050,0510100,HENDERSON POLICE DEPARTMENT,Accepted,HENDERSON,US0041A,1435,GREEN,ST,S,,,,,,,37.82134919,-87.60625985,14.282,2021-11-26,1433,2,2,0,0,CLEAR,DRY,False,SIDESWIPE COLLISION - SAME DIRECTION,SIDESWIPE-SAME DIRECTION,STRAIGHT & LEVEL,DAYLIGHT,,,44529.44842,False,26,Accepted,5,5,O,,MISJUDGE CLEARANCE,,2021,1
4087,29364051,0510100,HENDERSON POLICE DEPARTMENT,Accepted,HENDERSON,,,ATKINSON,ST,,,CLAY,,,,,37.82409908,-87.57788946,0.285,2021-11-24,1650,2,2,0,0,CLEAR,DRY,False,ANGLE COLLISION - OTHER,ANGLE,STRAIGHT & LEVEL,DARK-HWY LIGHTED/ON,,,44529.44851,False,36,Accepted,5,5,O,VIEW OBSTRUCTED/LIMITED DUE TO RDWY,"FAILED TO YIELD RIGHT OF WAY, INATTENTION, TURNING IMPROPERLY",,2021,1
4088,29364054,0510100,HENDERSON POLICE DEPARTMENT,Accepted,HENDERSON,US0041,2200,US41,,N,,,,,,,37.86984752,-87.57086613,16.992,2021-11-24,1637,2,2,0,0,CLEAR,DRY,False,REAR END IN TRAFFIC LANES BOTH VEHICLES MOVING,REAR END,STRAIGHT & LEVEL,DARK-HWY LIGHTED/ON,,,44529.44864,False,59,Accepted,5,5,O,,,,2021,1
4089,29364478,0510100,HENDERSON POLICE DEPARTMENT,Accepted,HENDERSON,,,GARDENGATE,DR,N,KY0351,ZION,,,,,37.82671291,-87.5522755,0.014,2021-11-24,1504,2,2,0,0,CLEAR,DRY,False,OTHER INTERSECTION COLLISIONS,REAR END,STRAIGHT & LEVEL,DAYLIGHT,,,44529.49478,False,36,Accepted,5,5,O,,INATTENTION,,2021,1
4090,29364481,0510100,HENDERSON POLICE DEPARTMENT,Accepted,HENDERSON,US0041,2511,US41,,N,,,,PAUL,,BARKER,37.87246446,-87.56947691,17.188,2021-11-26,1140,2,2,0,0,CLEAR,DRY,False,1 VEHICLE ENTERING/LEAVING ENTRANCE,ANGLE,STRAIGHT & LEVEL,DAYLIGHT,,,44529.495,False,34,Accepted,5,5,O,,INATTENTION,,2021,1
4096,29364599,0510100,HENDERSON POLICE DEPARTMENT,Accepted,HENDERSON,,,ATKINSON,ST,,KY0136,MADISON,,,,,37.81737339,-87.58398816,0.856,2021-11-10,1702,2,2,0,0,CLEAR,DRY,False,ANGLE COLLISION - OTHER,ANGLE,STRAIGHT & LEVEL,DARK (UNKNOWN ROADWAY LIGHTING),,,44529.50528,False,65,Accepted,5,5,O,,INATTENTION,,2021,1
4097,29366521,0510100,HENDERSON POLICE DEPARTMENT,Accepted,HENDERSON,,500,LETCHER,ST,,,,,,,,37.82480853,-87.58126949,0.317,2021-11-25,2105,2,2,0,0,CLEAR,DRY,False,1 VEHICLE PARKED POSITION (NOT PARKING LOT/DRIVEWAY),SIDESWIPE-SAME DIRECTION,STRAIGHT & LEVEL,DARK-HWY LIGHTED/ON,,,44529.82033,False,35,Accepted,5,5,O,,"NOT UNDER PROPER CONTROL, OVERCORRECTING/OVERSTEERING, WEAVING IN TRAFFIC",,2021,1
4098,29366804,0510100,HENDERSON POLICE DEPARTMENT,Accepted,HENDERSON,KY0351,400,2ND,ST,,,,,,,,37.83890614,-87.58701625,0.086,2021-11-23,1816,2,2,0,0,CLEAR,DRY,False,1 VEHICLE ENTERING/LEAVING ENTRANCE,ANGLE,STRAIGHT & LEVEL,DARK-HWY LIGHTED/ON,,,44529.90466,False,16,Accepted,5,5,O,,INATTENTION,,2021,1
4099,29366806,0510100,HENDERSON POLICE DEPARTMENT,Accepted,HENDERSON,US0041,,US41,,N,,WATSON,,,,,37.87582472,-87.56756521,17.444,2021-11-27,1800,2,2,0,0,CLEAR,DRY,False,ANGLE COLLISION - OTHER,ANGLE,STRAIGHT & LEVEL,DARK-HWY LIGHTED/ON,,,44529.90472,False,32,Accepted,5,5,O,BACKUP DUE TO REGULAR CONGESTION,INATTENTION,,2021,1
4100,29368060,0510100,HENDERSON POLICE DEPARTMENT,Accepted,HENDERSON,,600,ELM,ST,N,,,,,,,37.84597332,-87.58633941,0.618,2021-11-09,1000,2,2,0,0,CLEAR,DRY,True,REAR END IN TRAFFIC LANES BOTH VEHICLES MOVING,REAR END,STRAIGHT & LEVEL,DAYLIGHT,,,44530.32042,False,65,Accepted,5,5,O,,"ALCOHOL INVOLVEMENT, DRUG INVOLVEMENT, INATTENTION",,2021,1
4101,29368204,0510100,HENDERSON POLICE DEPARTMENT,Accepted,HENDERSON,,,WATSON,LN,,US0041,US41,,,,,37.87534109,-87.5678622,1.102,2021-11-14,1246,2,2,0,0,CLEAR,DRY,True,OTHER INTERSECTION COLLISIONS,REAR END,STRAIGHT & LEVEL,DAYLIGHT,,,44530.34957,False,65,Accepted,5,5,O,,OTHER,,2021,1
4102,29368206,0510100,HENDERSON POLICE DEPARTMENT,Accepted,HENDERSON,US0060,,US60,,E,,BARRET,,,,,37.86004548,-87.5671653,10.58,2021-11-29,1415,3,3,0,3,CLEAR,DRY,False,OTHER INTERSECTION COLLISIONS,REAR END,STRAIGHT & LEVEL,DAYLIGHT,,,44530.34964,False,36,Accepted,5,3,B,,INATTENTION,,2021,1
4103,29368208,0510100,HENDERSON POLICE DEPARTMENT,Accepted,HENDERSON,US0041A,,GREEN,ST,N,,5TH,,,,,37.84329472,-87.58594673,16.216,2021-11-29,1032,2,2,0,0,CLEAR,DRY,False,OTHER INTERSECTION COLLISIONS,REAR END,STRAIGHT & LEVEL,DAYLIGHT,,,44530.34969,False,48,Accepted,5,5,O,,"ALCOHOL INVOLVEMENT, INATTENTION",,2021,1
4104,29368209,0510100,HENDERSON POLICE DEPARTMENT,Accepted,HENDERSON,,,ELM,ST,N,,,,BARNETT,,ELK,37.85826583,-87.57845096,1.576,2021-11-29,838,2,2,0,0,CLEAR,DRY,True,1 VEHICLE ENTERING/LEAVING ENTRANCE,ANGLE,STRAIGHT & HILLCREST,DAYLIGHT,,,44530.34973,False,48,Accepted,5,5,O,,,,2021,1
4105,29368210,0510100,HENDERSON POLICE DEPARTMENT,Accepted,HENDERSON,,,CENTER,ST,,,,,ALVES,,ADAMS,37.83552404,-87.58656605,0.622,2021-11-19,1256,2,2,0,1,CLEAR,DRY,False,HEAD-ON COLLISION,HEAD ON,STRAIGHT & LEVEL,DAYLIGHT,,,44530.34977,False,65,Accepted,5,4,C,,"FAILED TO KEEP PROPER LANE, INATTENTION",,2021,1
4106,29368314,0510100,HENDERSON POLICE DEPARTMENT,Accepted,HENDERSON,US0060,,GREEN,ST,S,,,,,,,37.80010743,-87.64729918,8.738,2021-11-29,733,2,2,0,0,CLEAR,DRY,False,REAR END IN TRAFFIC LANES BOTH VEHICLES MOVING,REAR END,STRAIGHT & LEVEL,DAYLIGHT,,,44530.37143,False,19,Accepted,5,5,O,,INATTENTION,,2021,1
4107,29368315,0510100,HENDERSON POLICE DEPARTMENT,Accepted,HENDERSON,US0060,,US60,,E,,BARRET,,,,,37.85992032,-87.56774481,10.599,2021-11-29,730,2,2,0,0,CLEAR,DRY,False,OTHER INTERSECTION COLLISIONS,REAR END,STRAIGHT & LEVEL,DAYLIGHT,,,44530.37147,False,36,Accepted,5,5,O,,MISJUDGE CLEARANCE,,2021,1
4108,29368425,0510100,HENDERSON POLICE DEPARTMENT,Accepted,HENDERSON,,,OLD CORYDON,RD,S,,GREEN,,,,,37.80375026,-87.63754631,,2021-11-28,950,1,1,0,0,CLEAR,DRY,False,COLLISION WITH FIXED OBJECT IN INTERSECTION - FIRST EVENT COLLISION 09 - 32,SINGLE VEHICLE,CURVE & LEVEL,DAYLIGHT,,,44530.38889,False,73,Accepted,5,5,O,,"INATTENTION, NOT UNDER PROPER CONTROL",,2021,1
4109,29368429,0510100,HENDERSON POLICE DEPARTMENT,Accepted,HENDERSON,US0041,,US41,,N,,BARKER,,,,,37.87172847,-87.56972972,17.136,2021-11-29,1650,2,2,0,0,CLEAR,DRY,False,OTHER INTERSECTION COLLISIONS,REAR END,STRAIGHT & LEVEL,DAYLIGHT,,,44530.38896,False,36,Accepted,5,5,O,,DISTRACTION,,2021,1
4110,29368885,0510000,HENDERSON COUNTY SHERIFF DEPT.,Accepted,HENDERSON,AU9005,,AU9005 W,,,,,,,,,37.81052247,-87.54716305,0.897,2021-11-22,1139,1,1,0,1,CLEAR,DRY,False,OTHER ROADWAY OR MID-BLOCK COLLISION,SINGLE VEHICLE,STRAIGHT & LEVEL,DAYLIGHT,,,44530.49655,False,138,Accepted,5,4,C,,"FAILED TO KEEP PROPER LANE, LOST CONSCIOUSNESS/FAINTED, NOT UNDER PROPER CONTROL",,2021,1
4113,29371437,0510100,HENDERSON POLICE DEPARTMENT,Accepted,HENDERSON,US0041A,,GREEN,ST,S,,,,,,,37.82337619,-87.60349828,14.49,2021-11-29,1751,2,2,0,0,CLEAR,DRY,False,SIDESWIPE COLLISION - SAME DIRECTION,SIDESWIPE-SAME DIRECTION,STRAIGHT & LEVEL,DARK (UNKNOWN ROADWAY LIGHTING),,,44530.97228,False,31,Accepted,5,5,O,,DISREGARD TRAFFIC CONTROL,,2021,1
4114,29371444,0510100,HENDERSON POLICE DEPARTMENT,Accepted,HENDERSON,,,MERRITT,DR,,,6TH,,,,,37.84647464,-87.59003852,0.095,2021-11-29,2024,2,2,0,0,CLEAR,DRY,False,ANGLE COLLISION - OTHER,ANGLE,STRAIGHT & HILLCREST,DARK-HWY LIGHTED/ON,,,44530.97241,False,38,Accepted,5,5,O,,INATTENTION,,2021,1
4115,29377311,0510100,HENDERSON POLICE DEPARTMENT,Accepted,HENDERSON,US0041,,US41,,N,,WATSON,,,,,37.87535896,-87.56777385,17.411,2021-11-30,1216,2,2,0,0,CLEAR,DRY,False,OPPOSING LEFT TURN,OPPOSING LEFT TURN,STRAIGHT & LEVEL,DAYLIGHT,,,44532.3471,False,67,Accepted,5,5,O,,INATTENTION,,2021,1
4116,29377314,0510100,HENDERSON POLICE DEPARTMENT,Accepted,HENDERSON,US0041,,US41,,N,,,,,,,37.85406622,-87.57013608,15.782,2021-11-30,1009,2,2,0,0,CLEAR,DRY,False,SIDESWIPE COLLISION - SAME DIRECTION,SIDESWIPE-SAME DIRECTION,STRAIGHT & LEVEL,DAYLIGHT,,,44532.34717,False,26,Accepted,5,5,O,,MISJUDGE CLEARANCE,,2021,1
4117,29377514,0510100,HENDERSON POLICE DEPARTMENT,Accepted,HENDERSON,,1213,WASHINGTON,ST,,,,,,,,37.82995497,-87.57994031,0.47,2021-11-30,1113,2,2,0,0,CLEAR,DRY,False,OTHER ROADWAY OR MID-BLOCK COLLISION,REAR END,STRAIGHT & LEVEL,DAYLIGHT,,,44532.38533,False,66,Accepted,5,5,O,,INATTENTION,,2021,1
4118,29377981,0510100,HENDERSON POLICE DEPARTMENT,Accepted,HENDERSON,,1056,SADDLEBROOK,DR,,,,,,,,37.86536435,-87.54489745,0.043,2021-11-29,1614,2,2,0,0,CLEAR,DRY,True,1 VEHICLE PARKED POSITION (NOT PARKING LOT/DRIVEWAY),,STRAIGHT & LEVEL,DAYLIGHT,,,44532.47256,False,36,Accepted,5,5,O,,,,2021,1
4119,29377989,0510100,HENDERSON POLICE DEPARTMENT,Accepted,HENDERSON,,,WATER,ST,,,3RD,,,,,37.84260536,-87.59242471,,2021-11-30,1700,2,2,0,0,CLEAR,DRY,False,ANGLE COLLISION - OTHER,ANGLE,STRAIGHT & LEVEL,DARK-HWY LIGHTED/ON,,,44532.47771,False,73,Accepted,5,5,O,,INATTENTION,,2021,1
4120,29381820,0510100,HENDERSON POLICE DEPARTMENT,Accepted,HENDERSON,US0041A,,GREEN,ST,S,,,,,,,37.83121331,-87.59564043,15.226,2021-12-02,1756,2,2,0,0,CLEAR,DRY,False,SIDESWIPE COLLISION - SAME DIRECTION,SIDESWIPE-SAME DIRECTION,STRAIGHT & LEVEL,DARK-HWY NOT LIGHTED,,,44533.28544,False,31,Accepted,5,5,O,,INATTENTION,,2021,1
4124,29384241,0510100,HENDERSON POLICE DEPARTMENT,Accepted,HENDERSON,,849,ASPEN,CT,,,,,,,,37.86557468,-87.56635,0.043,2021-12-02,1600,1,1,0,0,CLEAR,DRY,False,1 VEHICLE ENTERING OR LEAVING PARKED POSITION (NOT PARKING LOT),SINGLE VEHICLE,STRAIGHT & LEVEL,DARK-HWY LIGHTED/ON,,,44533.81472,False,63,Accepted,5,5,O,,"DRUG INVOLVEMENT, INATTENTION",,2021,1
4125,29384620,0510100,HENDERSON POLICE DEPARTMENT,Accepted,HENDERSON,,2208,SPRUCE,DR,,,,,,,,37.86653224,-87.56959442,0.084,2021-12-03,1852,2,2,0,0,CLEAR,DRY,False,1 VEHICLE PARKED POSITION (NOT PARKING LOT/DRIVEWAY),BACKING,STRAIGHT & LEVEL,DARK (UNKNOWN ROADWAY LIGHTING),,,44533.93943,False,63,Accepted,5,5,O,,INATTENTION,,2021,1
4126,29391244,0510100,HENDERSON POLICE DEPARTMENT,Accepted,HENDERSON,US0041,,US41,,N,,ROBIN,,,,,37.86862267,-87.57155368,16.892,2021-12-04,1009,2,2,0,0,CLEAR,DRY,False,OTHER INTERSECTION COLLISIONS,REAR END,STRAIGHT & LEVEL,DAYLIGHT,,,44536.37363,False,67,Accepted,5,5,O,,INATTENTION,,2021,1
4130,29394162,0510100,HENDERSON POLICE DEPARTMENT,Accepted,HENDERSON,,48,MEADOW,ST,,,,,,,,37.83131629,-87.58159823,0.613,2021-12-04,2130,2,2,0,0,CLEAR,DRY,False,1 VEHICLE PARKED POSITION (NOT PARKING LOT/DRIVEWAY),REAR END,STRAIGHT & LEVEL,DARK-HWY LIGHTED/ON,,,44536.90153,False,25,Accepted,5,5,O,,INATTENTION,,2021,1
4131,29394858,0510100,HENDERSON POLICE DEPARTMENT,Accepted,HENDERSON,KY2084,300,KY2084,,S,,,,,,,37.81957882,-87.56952457,2.099,2021-12-06,1825,2,2,0,0,CLEAR,DRY,True,COLLISION WITH FIXED OBJECT NON - INTERSECTION - FIRST EVENT COLLISION 09 - 32 EXCLUDING 16,ANGLE,STRAIGHT & LEVEL,DARK-HWY LIGHTED/ON,,,44537.10551,False,35,Accepted,5,5,O,,INATTENTION,,2021,1
4132,29395891,0510100,HENDERSON POLICE DEPARTMENT,Accepted,HENDERSON,KY0812,,AIRLINE,RD,,,,,GLOVER,KY2084,KY2084,37.82024739,-87.56956522,7.41,2021-11-29,724,2,2,0,0,CLEAR,DRY,False,OTHER ROADWAY OR MID-BLOCK COLLISION,REAR END,STRAIGHT & LEVEL,DAYLIGHT,,,44537.40339,False,65,Accepted,5,5,O,GLARE (SUN),INATTENTION,,2021,1
4133,29395896,0510100,HENDERSON POLICE DEPARTMENT,Accepted,HENDERSON,,400,5TH,ST,,,,,,,,37.84286277,-87.58496628,0.89,2021-12-04,1241,2,1,0,1,CLEAR,DRY,False,COLLISION WITH PEDESTRIAN NON - INTERSECTION,SINGLE VEHICLE,STRAIGHT & LEVEL,DAYLIGHT,,,44537.40365,False,26,Accepted,5,4,C,,"ALCOHOL INVOLVEMENT, EMOTIONAL",,2021,1
4134,29395898,0510100,HENDERSON POLICE DEPARTMENT,Accepted,HENDERSON,US0041,,US41,,N,,,,BARKER,,WALKER,37.87192855,-87.56973881,17.148,2021-12-06,1443,2,2,0,1,CLEAR,DRY,False,OTHER ROADWAY OR MID-BLOCK COLLISION,REAR END,STRAIGHT & LEVEL,DAYLIGHT,,,44537.40398,False,67,Accepted,5,3,B,,INATTENTION,,2021,1
4135,29396214,0510100,HENDERSON POLICE DEPARTMENT,Accepted,HENDERSON,US0041,,US41,,N,,,US0041,US41 RAMP KY351,US0041,US41 RAMP FROM KY351,37.83294784,-87.56569544,14.261,2021-12-05,1644,1,1,0,0,CLOUDY,WET,False,COLLISION WITH FIXED OBJECT NON - INTERSECTION - FIRST EVENT COLLISION 09 - 32 EXCLUDING 16,SINGLE VEHICLE,STRAIGHT & LEVEL,DARK-HWY NOT LIGHTED,,,44537.46009,False,34,Accepted,5,5,O,,,STEERING FAILURE,2021,1
4136,29396215,0510100,HENDERSON POLICE DEPARTMENT,Accepted,HENDERSON,US0041A,,GREEN,ST,S,,,,MCLAIN,,KRESGE,37.81668775,-87.61397663,,2021-12-05,1500,2,2,0,1,CLOUDY,WET,False,1 VEHICLE ENTERING/LEAVING ENTRANCE,ANGLE,STRAIGHT & LEVEL,DAYLIGHT,,,44537.46016,False,73,Accepted,5,4,C,,"FAILED TO YIELD RIGHT OF WAY, INATTENTION",,2021,1