OBJECTID,IncidentID,AgencyORI,AgencyName,IncidentStatusDesc,County,RdwyNumber,Street,RoadwayName,StreetSfx,StreetDir,IntersectionRdwy,IntersectionRdwyName,BetweenStRdwy1,BetweenStRdwyName1,BetweenStRdwy2,BetweenStRdwyName2,Latitude,Longitude,Milepoint,CollisionDate,CollisionTime,UnitsInvolved,MotorVehiclesInvolved,NumberKilled,NumberInjured,Weather,RdwyConditionCode,HitandRun,DirAnalysisCode,MannerofCollision,RdwyCharacter,LightCondition,RampFromRdwyId,RampToRdwyId,AcceptedDate,IsSecondaryCollision,OwnerBadge,IncidentStatus,InjurySeverityCde,KABCO_Code,KABCO,Environmental_Factors,Human_Factors,Vehicular_Factors,CollisionYear,CityCrash
4138,29401085,0510100,HENDERSON POLICE DEPARTMENT,Accepted,HENDERSON,KY0812,,AIRLINE,RD,,,,,GLOVER,KY2084,KY2084,37.82043803,-87.56990425,7.432,2021-11-23,725,2,2,0,1,CLEAR,DRY,False,OTHER ROADWAY OR MID-BLOCK COLLISION,REAR END,STRAIGHT & LEVEL,DAYLIGHT,,,44538.47764,False,65,Accepted,4,4,C,GLARE (SUN),INATTENTION,,2021,1
4141,29401582,0510100,HENDERSON POLICE DEPARTMENT,Accepted,HENDERSON,,,KLUTEY PARK PLAZA,DR,,,,KY0351,2ND,KY0351,2ND,37.83262964,-87.57140998,0.019,2021-12-07,749,2,2,0,0,CLEAR,DRY,False,1 VEHICLE ENTERING/LEAVING ENTRANCE,ANGLE,STRAIGHT & LEVEL,DAYLIGHT,,,44538.54285,False,65,Accepted,5,5,O,,INATTENTION,,2021,1
4142,29401971,0510100,HENDERSON POLICE DEPARTMENT,Accepted,HENDERSON,US0041A,,GREEN,ST,N,,13TH,,,,,37.85309678,-87.57959968,16.992,2021-12-06,1632,2,2,0,0,CLEAR,DRY,True,SIDESWIPE-SAME DIRECTION,SIDESWIPE-SAME DIRECTION,STRAIGHT & LEVEL,DUSK,,,44538.60511,False,48,Accepted,5,5,O,,INATTENTION,,2021,1
4144,29405312,0510100,HENDERSON POLICE DEPARTMENT,Accepted,HENDERSON,,,12TH,ST,,,MAIN,,,,,37.85328267,-87.58338112,0.11,2021-12-07,638,2,2,0,0,CLEAR,DRY,False,OPPOSITE DIRECTION - BOTH VEHICLES GOING STRAIGHT AHEAD,SIDESWIPE-OPPOSITE DIRECTION,STRAIGHT & LEVEL,DAWN,,,44539.40576,False,36,Accepted,5,5,O,,"FAILED TO KEEP PROPER LANE, MISJUDGE CLEARANCE",,2021,1
4145,29405314,0510100,HENDERSON POLICE DEPARTMENT,Accepted,HENDERSON,US0041,2600,US41,,N,,,,,,,37.87529165,-87.56788401,17.411,2021-12-08,901,2,2,0,0,CLEAR,DRY,False,1 VEHICLE ENTERING/LEAVING ENTRANCE,ANGLE,STRAIGHT & LEVEL,DAYLIGHT,,,44539.40584,False,59,Accepted,5,5,O,VIEW OBSTRUCTED/LIMITED DUE TO RDWY,"FAILED TO YIELD RIGHT OF WAY, INATTENTION",,2021,1
4147,29405568,0510100,HENDERSON POLICE DEPARTMENT,Accepted,HENDERSON,US0041A,,GREEN,ST,N,,,,10TH,,12TH,37.85119424,-87.5809068,16.842,2021-12-03,1707,2,2,0,0,CLEAR,DRY,False,1 VEHICLE ENTERING/LEAVING ENTRANCE,ANGLE,STRAIGHT & LEVEL,DUSK,,,44539.44025,False,65,Accepted,5,5,O,,INATTENTION,,2021,1
4148,29405571,0510100,HENDERSON POLICE DEPARTMENT,Accepted,HENDERSON,,,RICHARDSON,AVE,,,,,,,,37.85557044,-87.57632201,0.02,2021-12-06,1614,2,2,0,0,CLEAR,DRY,False,1 VEHICLE ENTERING/LEAVING ENTRANCE,ANGLE,STRAIGHT & LEVEL,DAYLIGHT,,,44539.44034,False,13,Accepted,5,5,O,,INATTENTION,,2021,1
4149,29409802,0510100,HENDERSON POLICE DEPARTMENT,Accepted,HENDERSON,,,GREEN,ST,S,,AUDUBON,,,,,37.83062488,-87.59632943,,2021-12-09,840,2,2,0,0,CLEAR,DRY,False,OTHER INTERSECTION COLLISIONS,REAR END,STRAIGHT & GRADE,DAYLIGHT,,,44540.33701,False,73,Accepted,5,5,O,,INATTENTION,,2021,1
4150,29409803,0510100,HENDERSON POLICE DEPARTMENT,Accepted,HENDERSON,,434,OLD BARN,CT,,,,,,,,37.83271993,-87.55080129,0.013,2021-12-09,1533,2,2,0,0,CLEAR,DRY,False,1 VEHICLE PARKED POSITION (NOT PARKING LOT/DRIVEWAY),BACKING,STRAIGHT & LEVEL,DAYLIGHT,,,44540.33707,False,64,Accepted,5,5,O,,INATTENTION,,2021,1
4151,29409804,0510100,HENDERSON POLICE DEPARTMENT,Accepted,HENDERSON,,,GARDEN MILE,RD,S,KY0812,AIRLINE,,,,,37.81482912,-87.56009663,0.001,2021-12-09,1709,2,2,0,0,CLEAR,DRY,False,ANGLE COLLISION - ONE VEHICLE TURNING LEFT,ANGLE,STRAIGHT & LEVEL,DARK (UNKNOWN ROADWAY LIGHTING),,,44540.33712,False,64,Accepted,5,5,O,,MISJUDGE CLEARANCE,,2021,1
4154,29410450,0510100,HENDERSON POLICE DEPARTMENT,Accepted,HENDERSON,,,CENTER,ST,,,INGRAM,,,,,37.83653584,-87.58858239,0.744,2021-12-04,906,2,2,0,1,CLEAR,DRY,False,ANGLE COLLISION - OTHER,ANGLE,STRAIGHT & LEVEL,DAYLIGHT,,,44540.46234,False,26,Accepted,5,4,C,,"MISJUDGE CLEARANCE, EXCEEDED STATED SPEED LIMIT",,2021,1
4155,29417952,0510100,HENDERSON POLICE DEPARTMENT,Accepted,HENDERSON,,215,INGRAM,ST,S,,,,,,,37.83404191,-87.59107991,0.594,2021-12-10,726,2,2,0,1,CLOUDY,DRY,False,1 VEHICLE PARKED POSITION (NOT PARKING LOT/DRIVEWAY),REAR END,STRAIGHT & LEVEL,DAYLIGHT,,,44543.39426,False,26,Accepted,4,4,C,,,,2021,1
4156,29417953,0510100,HENDERSON POLICE DEPARTMENT,Accepted,HENDERSON,US0041,,US41,,N,,PARK,,,,,37.86388408,-87.57415948,16.552,2021-12-10,1708,2,2,0,0,CLOUDY,DRY,False,SIDESWIPE-SAME DIRECTION,SIDESWIPE-SAME DIRECTION,STRAIGHT & LEVEL,DARK-HWY LIGHTED/OFF,,,44543.39436,False,67,Accepted,5,5,O,,INATTENTION,,2021,1
4157,29417954,0510100,HENDERSON POLICE DEPARTMENT,Accepted,HENDERSON,US0060,2100,US60,,E,,,,,,,37.86106941,-87.56464652,10.784,2021-12-08,1732,2,2,0,0,CLEAR,DRY,False,REAR END IN TRAFFIC LANES BOTH VEHICLES MOVING,REAR END,CURVE & LEVEL,DARK-HWY NOT LIGHTED,,,44543.39449,False,59,Accepted,5,5,O,,INATTENTION,,2021,1
4158,29417959,0510100,HENDERSON POLICE DEPARTMENT,Accepted,HENDERSON,,1209,LOEB,ST,,,,,,,,37.82599007,-87.58503443,0.04,2021-12-12,1548,2,2,0,0,CLEAR,DRY,False,1 VEHICLE PARKED POSITION (NOT PARKING LOT/DRIVEWAY),BACKING,STRAIGHT & LEVEL,DAYLIGHT,,,44543.39477,False,19,Accepted,5,5,O,,INATTENTION,,2021,1
4159,29418298,0510100,HENDERSON POLICE DEPARTMENT,Accepted,HENDERSON,,,WASHINGTON,ST,,,MCKINLEY,,,,,37.82784668,-87.57659882,0.233,2021-12-10,1254,2,2,0,0,CLEAR,DRY,False,ANGLE COLLISION - OTHER,ANGLE,STRAIGHT & LEVEL,DAYLIGHT,,,44543.4209,False,64,Accepted,5,5,O,,"INATTENTION, MISJUDGE CLEARANCE",,2021,1
4160,29418299,0510100,HENDERSON POLICE DEPARTMENT,Accepted,HENDERSON,US0041A,,GREEN,ST,S,,,,JEFFERSON,,DR MARTIN LUTHER KING JR,37.83246528,-87.59453575,15.312,2021-12-11,1006,2,2,0,0,CLOUDY,DRY,False,REAR END IN TRAFFIC LANES BOTH VEHICLES MOVING,REAR END,STRAIGHT & LEVEL,DAYLIGHT,,,44543.42094,False,65,Accepted,5,5,O,,FOLLOWING TOO CLOSE,,2021,1
4161,29418300,0510100,HENDERSON POLICE DEPARTMENT,Accepted,HENDERSON,,,12TH,ST,,,ELM,,,,,37.85277631,-87.58193161,0.197,2021-12-08,1543,2,2,0,1,CLEAR,DRY,False,ANGLE COLLISION - OTHER,ANGLE,STRAIGHT & LEVEL,DAYLIGHT,,,44543.42101,False,65,Accepted,4,4,C,,INATTENTION,,2021,1
4163,29418331,0510100,HENDERSON POLICE DEPARTMENT,Accepted,HENDERSON,,,FAGAN,ST,,,,,,,,37.82841401,-87.5880217,0.229,2021-12-12,1439,2,2,0,0,CLEAR,DRY,True,1 VEHICLE PARKED POSITION (NOT PARKING LOT/DRIVEWAY),SIDESWIPE-OPPOSITE DIRECTION,STRAIGHT & LEVEL,DAYLIGHT,,,44543.42758,False,19,Accepted,5,5,O,,,,2021,1
4164,29419441,0510100,HENDERSON POLICE DEPARTMENT,Accepted,HENDERSON,US0041A,,GREEN,ST,N,,14TH,,,,,37.85410032,-87.57885238,17.074,2021-12-09,912,2,1,0,0,CLEAR,DRY,False,OPPOSING LEFT TURN,OPPOSING LEFT TURN,STRAIGHT & LEVEL,DAYLIGHT,,,44543.42749,False,26,Accepted,5,5,O,,MISJUDGE CLEARANCE,,2021,1
4168,29437126,0510100,HENDERSON POLICE DEPARTMENT,Accepted,HENDERSON,,,10TH,ST,,,,,,,,37.84934536,-87.58196256,0.183,2021-12-11,1414,1,1,0,0,CLEAR,DRY,False,COLLISION WITH FIXED OBJECT NON - INTERSECTION - FIRST EVENT COLLISION 09 - 32 EXCLUDING 16,SINGLE VEHICLE,STRAIGHT & LEVEL,DAYLIGHT,,,44544.22396,False,31,Accepted,5,5,O,,INATTENTION,,2021,1
4169,29437133,0510100,HENDERSON POLICE DEPARTMENT,Accepted,HENDERSON,,,OBYRNE,ST,,,MILL,,,,,37.8254727,-87.58268572,0.164,2021-12-11,2138,2,2,0,0,CLEAR,DRY,False,ANGLE COLLISION - OTHER,ANGLE,STRAIGHT & LEVEL,DARK-HWY LIGHTED/ON,,,44544.22406,False,24,Accepted,5,5,O,,INATTENTION,,2021,1
4170,29437136,0510100,HENDERSON POLICE DEPARTMENT,Accepted,HENDERSON,,828,WASHINGTON,ST,,,,,,,,37.83254537,-87.58471748,0.782,2021-12-11,1902,2,2,0,0,CLEAR,DRY,True,1 VEHICLE PARKED POSITION (NOT PARKING LOT/DRIVEWAY),BACKING,STRAIGHT & LEVEL,DARK-HWY LIGHTED/ON,,,44544.22411,False,50,Accepted,5,5,O,,OTHER,,2021,1
4171,29437255,0510100,HENDERSON POLICE DEPARTMENT,Accepted,HENDERSON,US0041,2053,US41,,N,,MARYWOOD,,,,,37.86623209,-87.57269106,16.727,2021-12-11,1755,2,2,0,0,CLEAR,DRY,False,OTHER INTERSECTION COLLISIONS,REAR END,STRAIGHT & LEVEL,DARK-HWY LIGHTED/ON,,,44544.26632,False,32,Accepted,5,5,O,BACKUP DUE TO REGULAR CONGESTION,INATTENTION,,2021,1
4172,29437257,0510100,HENDERSON POLICE DEPARTMENT,Accepted,HENDERSON,US0041,2709,US41,,N,,WATSON,,,,,37.87588572,-87.56754873,17.448,2021-12-11,2045,4,4,0,0,CLEAR,DRY,False,OTHER INTERSECTION COLLISIONS,REAR END,STRAIGHT & LEVEL,DARK-HWY LIGHTED/ON,,,44544.26641,False,32,Accepted,5,5,O,BACKUP DUE TO REGULAR CONGESTION,"FOLLOWING TOO CLOSE, INATTENTION, TOO FAST FOR CONDITIONS",,2021,1
4173,29447384,0510100,HENDERSON POLICE DEPARTMENT,Accepted,HENDERSON,,1128,LANDING MEADOWS,DR,,,,,,,,37.86868771,-87.53483732,0.183,2021-12-12,1257,1,1,0,0,CLEAR,DRY,False,COLLISION WITH FIXED OBJECT NON - INTERSECTION - FIRST EVENT COLLISION 09 - 32 EXCLUDING 16,SINGLE VEHICLE,STRAIGHT & LEVEL,DAYLIGHT,,,44544.4959,False,17,Accepted,5,5,O,,INATTENTION,,2021,1
4174,29465641,0510100,HENDERSON POLICE DEPARTMENT,Accepted,HENDERSON,,,GABE,ST,,,,,,,,37.82740074,-87.58782838,0.197,2021-12-10,1940,1,1,0,0,CLOUDY,WET,True,OTHER ROADWAY OR MID-BLOCK COLLISION,SINGLE VEHICLE,STRAIGHT & LEVEL,DARK-HWY LIGHTED/ON,,,44545.0052,False,25,Accepted,5,5,O,,,,2021,1
4175,29465642,0510100,HENDERSON POLICE DEPARTMENT,Accepted,HENDERSON,US0041A,528,GREEN,ST,N,,,,,,,37.84383909,-87.58560804,16.262,2021-12-10,1753,2,2,0,0,RAINING,WET,False,SIDESWIPE COLLISION - SAME DIRECTION,SIDESWIPE-SAME DIRECTION,STRAIGHT & LEVEL,DARK-HWY LIGHTED/ON,,,44545.00524,False,44,Accepted,5,5,O,,MISJUDGE CLEARANCE,,2021,1
4176,29465646,0510100,HENDERSON POLICE DEPARTMENT,Accepted,HENDERSON,US0041A,,GREEN,ST,N,,2ND,,,,,37.83948311,-87.58847779,15.922,2021-12-10,2139,2,2,0,0,RAINING,WET,False,ANGLE COLLISION - OTHER,ANGLE,STRAIGHT & LEVEL,DARK-HWY LIGHTED/ON,,,44545.0053,False,44,Accepted,5,5,O,,MISJUDGE CLEARANCE,,2021,1
4178,29468074,0510100,HENDERSON POLICE DEPARTMENT,Accepted,HENDERSON,US0041A,,GREEN,ST,S,KY0136,SAND,,,,,37.82376444,-87.60315592,14.521,2021-12-09,1345,2,2,0,0,CLOUDY,DRY,False,OPPOSING LEFT TURN,OPPOSING LEFT TURN,STRAIGHT & LEVEL,DAYLIGHT,,,44545.60902,False,26,Accepted,5,5,O,,"MISJUDGE CLEARANCE, DISREGARD TRAFFIC CONTROL",,2021,1
4179,29469275,0510100,HENDERSON POLICE DEPARTMENT,Accepted,HENDERSON,,300,SPRING GARDEN,RD,,,,,,,,37.82833019,-87.54727577,0.179,2021-12-14,1905,2,2,0,0,CLEAR,DRY,False,1 VEHICLE PARKED POSITION (NOT PARKING LOT/DRIVEWAY),SIDESWIPE-SAME DIRECTION,STRAIGHT & LEVEL,DARK-HWY LIGHTED/ON,,,44545.84957,False,35,Accepted,5,5,O,,INATTENTION,,2021,1
4180,29475573,0510100,HENDERSON POLICE DEPARTMENT,Accepted,HENDERSON,US0041A,,GREEN,ST,S,,,,,,,37.83339621,-87.59372752,15.406,2021-12-16,636,2,2,0,0,CLOUDY,DRY,False,SIDESWIPE COLLISION - SAME DIRECTION,SIDESWIPE-SAME DIRECTION,STRAIGHT & LEVEL,DARK-HWY LIGHTED/ON,,,44547.47471,False,19,Accepted,5,5,O,,INATTENTION,,2021,1
4184,29475723,0510100,HENDERSON POLICE DEPARTMENT,Accepted,HENDERSON,,100,1ST,ST,,,,,,,,37.8399379,-87.59370011,0.023,2021-12-14,1648,2,2,0,0,CLEAR,DRY,False,VEHICLE BACKING NON INTERSECTION,BACKING,STRAIGHT & LEVEL,DUSK,,,44547.49148,False,66,Accepted,5,5,O,,INATTENTION,,2021,1
4185,29477747,0510100,HENDERSON POLICE DEPARTMENT,Accepted,HENDERSON,US0041,,US41,,N,,WATSON,,,,,37.87535429,-87.56769135,17.415,2021-12-12,2015,2,2,0,0,CLEAR,DRY,False,ANGLE COLLISION - OTHER,ANGLE,STRAIGHT & LEVEL,DARK-HWY LIGHTED/ON,,,44548.09819,False,31,Accepted,5,5,O,,"INATTENTION, DISREGARD TRAFFIC CONTROL",,2021,1
4186,29483488,0510100,HENDERSON POLICE DEPARTMENT,Accepted,HENDERSON,US0041,,US41,,N,,BARKER,,,,,37.87225505,-87.56952494,17.174,2021-12-17,1325,2,2,0,0,RAINING,WET,False,OTHER INTERSECTION COLLISIONS,REAR END,STRAIGHT & LEVEL,DAYLIGHT,,,44550.38136,False,59,Accepted,5,5,O,SLIPPERY SURFACE,INATTENTION,,2021,1
4190,29483750,0510100,HENDERSON POLICE DEPARTMENT,Accepted,HENDERSON,US0041,,US41,,N,,WALNUT,,,,,37.87988163,-87.56537063,17.746,2021-12-13,1701,3,3,0,0,CLEAR,DRY,False,ANGLE COLLISION - OTHER,ANGLE,STRAIGHT & LEVEL,DARK-HWY LIGHTED/ON,,,44550.4262,False,17,Accepted,5,5,O,,FAILED TO YIELD RIGHT OF WAY,,2021,1
4191,29483876,0510100,HENDERSON POLICE DEPARTMENT,Accepted,HENDERSON,US0041,,US41,,N,,,,WATSON,,WALNUT,37.87576664,-87.56760324,,2021-12-18,1240,2,2,0,0,CLOUDY,WATER (STANDING OR MOVING),False,OTHER ROADWAY OR MID-BLOCK COLLISION,REAR END,STRAIGHT & LEVEL,DAYLIGHT,,,44550.44519,False,73,Accepted,5,5,O,,INATTENTION,,2021,1
4192,29483881,0510100,HENDERSON POLICE DEPARTMENT,Accepted,HENDERSON,US0041,,US41,,N,,,,KIMSEY,,VAN WYK,37.84530993,-87.56642308,15.137,2021-12-18,1440,2,2,0,0,CLOUDY,DRY,False,REAR END IN TRAFFIC LANES BOTH VEHICLES MOVING,REAR END,STRAIGHT & LEVEL,DAYLIGHT,,,44550.44549,False,34,Accepted,5,5,O,OTHER,,,2021,1
4193,29483978,0510100,HENDERSON POLICE DEPARTMENT,Accepted,HENDERSON,,14,ALVASIA,ST,S,,,,WASHINGTON,,CENTER,37.83415335,-87.58509693,0.037,2021-12-18,1630,3,3,0,1,CLEAR,DRY,False,1 VEHICLE PARKED POSITION (NOT PARKING LOT/DRIVEWAY),ANGLE,STRAIGHT & GRADE,DARK-HWY NOT LIGHTED,,,44550.46295,False,34,Accepted,4,4,C,,"EMOTIONAL, LOST CONSCIOUSNESS/FAINTED",,2021,1
4194,29488238,0510100,HENDERSON POLICE DEPARTMENT,Accepted,HENDERSON,KY0351,,ZION,RD,,,GARDEN MILE,,,,,37.82827568,-87.55773784,1.86,2021-12-20,757,2,2,0,0,CLEAR,DRY,False,ANGLE COLLISION - ONE VEHICLE TURNING LEFT,ANGLE,STRAIGHT & LEVEL,DAYLIGHT,,,44551.45506,False,64,Accepted,5,5,O,GLARE (SUN),,,2021,1
4196,29488414,0510100,HENDERSON POLICE DEPARTMENT,Accepted,HENDERSON,US0060,,US60,,E,US0041,US41 W RAMP TO US41 N,,,,,37.85908729,-87.56982133,10.483,2021-12-13,1632,2,2,0,0,CLEAR,DRY,True,SIDESWIPE-SAME DIRECTION,SIDESWIPE-SAME DIRECTION,STRAIGHT & LEVEL,DUSK,,,44551.48128,False,17,Accepted,5,5,O,,INATTENTION,,2021,1
4197,29489331,0510100,HENDERSON POLICE DEPARTMENT,Accepted,HENDERSON,US0041A,,GREEN,ST,S,,,,,,,37.81409386,-87.61797487,13.429,2021-12-16,1758,3,3,0,2,CLEAR,DRY,False,1 VEHICLE ENTERING/LEAVING ENTRANCE,ANGLE,STRAIGHT & LEVEL,DARK-HWY LIGHTED/ON,,,44551.65808,False,50,Accepted,4,4,C,,INATTENTION,,2021,1
4198,29489420,0510100,HENDERSON POLICE DEPARTMENT,Accepted,HENDERSON,,,WASHINGTON,ST,,,ADAMS,,,,,37.83569729,-87.58979943,1.112,2021-12-16,2054,2,2,0,0,CLOUDY,DRY,False,ANGLE COLLISION - OTHER,ANGLE,STRAIGHT & HILLCREST,DARK-HWY LIGHTED/OFF,,,44551.67047,False,38,Accepted,5,5,O,,"INATTENTION, EXCEEDED STATED SPEED LIMIT",,2021,1
4199,29489422,0510100,HENDERSON POLICE DEPARTMENT,Accepted,HENDERSON,US0041,2847,US41,,N,,,,,,,37.8762749,-87.56714408,17.481,2021-12-17,2001,2,2,0,0,CLOUDY,WET,False,1 VEHICLE ENTERING/LEAVING ENTRANCE,ANGLE,STRAIGHT & LEVEL,DARK-HWY LIGHTED/ON,,,44551.67053,False,38,Accepted,5,5,O,,"INATTENTION, TOO FAST FOR CONDITIONS",,2021,1
4200,29489504,0510100,HENDERSON POLICE DEPARTMENT,Accepted,HENDERSON,,,ELM,ST,N,,BARKER,,,,,37.87249253,-87.57074135,2.663,2021-12-20,1953,2,2,0,0,CLEAR,DRY,True,ANGLE COLLISION - OTHER,ANGLE,STRAIGHT & LEVEL,DARK (UNKNOWN ROADWAY LIGHTING),,,44551.69278,False,33,Accepted,5,5,O,,,,2021,1
4201,29489668,0510100,HENDERSON POLICE DEPARTMENT,Accepted,HENDERSON,,,BARRET,BLVD,,US0060,US60,,,,,37.85977269,-87.56774707,0.356,2021-12-17,1747,2,2,0,0,RAINING,WET,False,SIDESWIPE-SAME DIRECTION,SIDESWIPE-SAME DIRECTION,CURVE & LEVEL,DARK-HWY LIGHTED/ON,,,44551.72347,False,32,Accepted,5,5,O,,INATTENTION,,2021,1
4202,29490238,0510100,HENDERSON POLICE DEPARTMENT,Accepted,HENDERSON,US0041A,,GREEN,ST,N,,1ST,,,,,37.83819107,-87.58925445,15.825,2021-12-20,1320,2,2,0,1,CLEAR,DRY,False,ANGLE COLLISION - OTHER,ANGLE,STRAIGHT & LEVEL,DAYLIGHT,,,44551.90094,False,7,Accepted,5,4,C,,INATTENTION,,2021,1
4204,29492199,0510100,HENDERSON POLICE DEPARTMENT,Accepted,HENDERSON,US0041,,US41,,N,,,,,,,37.85795029,-87.57390975,16.104,2021-12-21,1209,2,2,0,0,CLEAR,DRY,False,REAR END IN TRAFFIC LANES BOTH VEHICLES MOVING,REAR END,STRAIGHT & LEVEL,DAYLIGHT,,,44552.45802,False,17,Accepted,5,5,O,,INATTENTION,,2021,1
4205,29492200,0510100,HENDERSON POLICE DEPARTMENT,Accepted,HENDERSON,,,BARRET,BLVD,,US0060,US60,,,,,37.85990748,-87.56773077,0.35,2021-12-21,1449,2,1,0,1,CLEAR,DRY,False,COLLISION WITH BICYCLE IN INTERSECTION,SINGLE VEHICLE,STRAIGHT & LEVEL,DAYLIGHT,,,44552.45808,False,17,Accepted,5,4,C,,,,2021,1
4207,29499176,0510100,HENDERSON POLICE DEPARTMENT,Accepted,HENDERSON,US0041,,US41,,N,,WALKER,,,,,37.87001397,-87.57087023,17.003,2021-12-23,1602,2,2,0,0,CLEAR,DRY,False,OTHER INTERSECTION COLLISIONS,REAR END,STRAIGHT & LEVEL,DAYLIGHT,,,44554.71031,False,67,Accepted,5,5,O,,INATTENTION,,2021,1
4208,29499177,0510100,HENDERSON POLICE DEPARTMENT,Accepted,HENDERSON,US0041,,US41,,N,,VAN WYK,,,,,37.84283844,-87.56570454,14.959,2021-12-23,1401,3,3,0,0,CLEAR,DRY,False,OTHER INTERSECTION COLLISIONS,REAR END,STRAIGHT & LEVEL,DAYLIGHT,,,44554.71037,False,64,Accepted,5,5,O,,INATTENTION,,2021,1
4209,29502634,0510100,HENDERSON POLICE DEPARTMENT,Accepted,HENDERSON,,,WATSON,LN,,,,,,,,37.87175041,-87.55879972,0.533,2021-12-24,1037,1,1,0,0,CLEAR,DRY,False,COLLISION WITH FIXED OBJECT NON - INTERSECTION - FIRST EVENT COLLISION 09 - 32 EXCLUDING 16,SINGLE VEHICLE,CURVE & GRADE,DAYLIGHT,,,44556.91399,False,50,Accepted,5,5,O,,OTHER,,2021,1
4210,29502649,0510100,HENDERSON POLICE DEPARTMENT,Accepted,HENDERSON,,400,WATSON,LN,,,,,,,,37.87517787,-87.5671245,1.061,2021-12-23,1807,2,2,0,0,CLEAR,DRY,False,1 VEHICLE ENTERING/LEAVING ENTRANCE,ANGLE,STRAIGHT & LEVEL,DARK-HWY NOT LIGHTED,,,44556.91775,False,63,Accepted,5,5,O,,INATTENTION,,2021,1
4211,29502650,0510100,HENDERSON POLICE DEPARTMENT,Accepted,HENDERSON,,,ELM,ST,N,,HERRON,,,,,37.85574089,-87.58011499,1.371,2021-12-23,2010,1,1,0,2,CLEAR,DRY,False,COLLISION WITH FIXED OBJECT IN INTERSECTION - FIRST EVENT COLLISION 09 - 32,SINGLE VEHICLE,STRAIGHT & LEVEL,DARK-HWY LIGHTED/ON,,,44556.9178,False,33,Accepted,5,3,B,ANIMALS ACTION,NOT UNDER PROPER CONTROL,,2021,1
4212,29503030,0510100,HENDERSON POLICE DEPARTMENT,Accepted,HENDERSON,,219,HEILMAN,AVE,,,,,,,,37.83569745,-87.57484624,0.223,2021-12-25,107,1,1,0,0,CLEAR,DRY,True,COLLISION WITH FIXED OBJECT NON - INTERSECTION - FIRST EVENT COLLISION 09 - 32 EXCLUDING 16,SINGLE VEHICLE,CURVE & LEVEL,DARK-HWY LIGHTED/ON,,,44557.01336,False,25,Accepted,5,5,O,,,,2021,1
4213,29504984,0510100,HENDERSON POLICE DEPARTMENT,Accepted,HENDERSON,KY0351,,2ND,ST,,,KLUTEY PARK PLAZA,,,,,37.83240141,-87.57161334,1.044,2021-12-21,1302,2,2,0,0,CLOUDY,DRY,False,ANGLE COLLISION - ONE VEHICLE TURNING LEFT,ANGLE,STRAIGHT & LEVEL,DAYLIGHT,,,44557.44056,False,32,Accepted,5,5,O,,"INATTENTION, TURNING IMPROPERLY, FAILED TO YIELD RIGHT OF WAY",,2021,1
4214,29504985,0510100,HENDERSON POLICE DEPARTMENT,Accepted,HENDERSON,US0041A,,GREEN,ST,N,,RICHARDSON,,,,,37.85540907,-87.57657576,17.226,2021-12-21,1512,2,2,0,0,CLOUDY,DRY,False,OTHER INTERSECTION COLLISIONS,REAR END,STRAIGHT & LEVEL,DAYLIGHT,,,44557.44061,False,32,Accepted,5,5,O,,"INATTENTION, TURNING IMPROPERLY, WEAVING IN TRAFFIC",,2021,1
4215,29505362,0510100,HENDERSON POLICE DEPARTMENT,Accepted,HENDERSON,,,BARRET,BLVD,,US0060,US60,,,,,37.85991482,-87.56777734,0.35,2021-12-22,1351,2,2,0,0,CLEAR,DRY,True,SIDESWIPE-SAME DIRECTION,SIDESWIPE-SAME DIRECTION,STRAIGHT & LEVEL,DAYLIGHT,,,44557.48828,False,17,Accepted,5,5,O,,FAILED TO KEEP PROPER LANE,,2021,1
4216,29505514,0510100,HENDERSON POLICE DEPARTMENT,Accepted,HENDERSON,,,LETCHER,ST,,,WRIGHT,,,,,37.82069919,-87.58494643,0.653,2021-12-17,1604,2,2,0,0,RAINING,WET,False,ANGLE COLLISION - OTHER,ANGLE,STRAIGHT & GRADE,DUSK,,,44557.53756,False,20,Accepted,5,5,O,SLIPPERY SURFACE,INATTENTION,,2021,1
4217,29513061,0510100,HENDERSON POLICE DEPARTMENT,Accepted,HENDERSON,US0060,,GREEN,ST,S,KY0136,KY136,,,,,37.79997627,-87.64775978,8.717,2021-12-27,731,2,2,0,0,CLEAR,DRY,False,OPPOSING LEFT TURN,OPPOSING LEFT TURN,STRAIGHT & LEVEL,DAYLIGHT,,,44559.55089,False,59,Accepted,5,5,O,,"FAILED TO YIELD RIGHT OF WAY, INATTENTION",,2021,1
4218,29513062,0510100,HENDERSON POLICE DEPARTMENT,Accepted,HENDERSON,,,5TH,ST,,US0041A,GREEN,,,,,37.84334656,-87.58594259,0.949,2021-12-23,1200,2,2,0,0,CLOUDY,DRY,False,OPPOSING LEFT TURN,OPPOSING LEFT TURN,STRAIGHT & LEVEL,DAYLIGHT,,,44559.55096,False,34,Accepted,5,5,O,,INATTENTION,,2021,1
4219,29513064,0510100,HENDERSON POLICE DEPARTMENT,Accepted,HENDERSON,US0060,,US60,,E,,,,BARRET,,MANOR,37.86042353,-87.56614475,10.7,2021-12-23,1625,2,2,0,0,CLOUDY,DRY,False,SIDESWIPE COLLISION - SAME DIRECTION,SIDESWIPE-SAME DIRECTION,STRAIGHT & LEVEL,DUSK,,,44559.55101,False,34,Accepted,5,5,O,,"IMPROPER PASSING, INATTENTION, MISJUDGE CLEARANCE",,2021,1