OBJECTID,IncidentID,AgencyORI,AgencyName,IncidentStatusDesc,County,RdwyNumber,Street,RoadwayName,StreetSfx,StreetDir,IntersectionRdwy,IntersectionRdwyName,BetweenStRdwy1,BetweenStRdwyName1,BetweenStRdwy2,BetweenStRdwyName2,Latitude,Longitude,Milepoint,CollisionDate,CollisionTime,UnitsInvolved,MotorVehiclesInvolved,NumberKilled,NumberInjured,Weather,RdwyConditionCode,HitandRun,DirAnalysisCode,MannerofCollision,RdwyCharacter,LightCondition,RampFromRdwyId,RampToRdwyId,AcceptedDate,IsSecondaryCollision,OwnerBadge,IncidentStatus,InjurySeverityCde,KABCO_Code,KABCO,Environmental_Factors,Human_Factors,Vehicular_Factors,CollisionYear,CityCrash
4220,29513065,0510100,HENDERSON POLICE DEPARTMENT,Accepted,HENDERSON,US0041,2800,US41,,N,,,,,,,37.87689818,-87.56687212,17.526,2021-12-28,1451,2,2,0,0,RAINING,WET,False,REAR END IN TRAFFIC LANES BOTH VEHICLES MOVING,REAR END,STRAIGHT & LEVEL,DAYLIGHT,,,44559.55106,False,64,Accepted,5,5,O,,INATTENTION,,2021,1
4221,29514710,0510100,HENDERSON POLICE DEPARTMENT,Accepted,HENDERSON,US0041A,,GREEN,ST,N,,,,3RD,,4TH,37.84193976,-87.58687581,16.113,2021-12-28,1845,1,1,0,0,RAINING,WET,False,COLLISION WITH FIXED OBJECT NON - INTERSECTION - FIRST EVENT COLLISION 09 - 32 EXCLUDING 16,SINGLE VEHICLE,STRAIGHT & GRADE,DARK-HWY LIGHTED/ON,,,44559.91056,False,44,Accepted,5,5,O,OTHER,MISJUDGE CLEARANCE,,2021,1
4222,29514711,0510100,HENDERSON POLICE DEPARTMENT,Accepted,HENDERSON,US0041A,1205,GREEN,ST,S,,,,,,,37.82505899,-87.60179965,14.674,2021-12-28,1530,1,1,0,0,RAINING,WET,False,OTHER ROADWAY OR MID-BLOCK COLLISION,SINGLE VEHICLE,STRAIGHT & LEVEL,DAYLIGHT,,,44559.91067,False,63,Accepted,5,5,O,WATER POOLING,,,2021,1
4223,29514712,0510100,HENDERSON POLICE DEPARTMENT,Accepted,HENDERSON,,1109,PRINGLE,ST,,,,,,,,37.82363258,-87.58706622,0.475,2021-12-23,2026,2,2,0,1,CLEAR,DRY,False,1 VEHICLE PARKED POSITION (NOT PARKING LOT/DRIVEWAY),SIDESWIPE-OPPOSITE DIRECTION,STRAIGHT & LEVEL,DARK-HWY LIGHTED/ON,,,44559.91071,False,58,Accepted,5,4,C,,ALCOHOL INVOLVEMENT,,2021,1
4224,29515847,0510100,HENDERSON POLICE DEPARTMENT,Accepted,HENDERSON,US0041,2400,US41,,N,,,,,,,37.87324206,-87.5687913,17.252,2021-12-29,1629,2,2,0,0,RAINING,WET,False,REAR END IN TRAFFIC LANES BOTH VEHICLES MOVING,REAR END,STRAIGHT & LEVEL,DUSK,,,44560.37025,False,64,Accepted,5,5,O,,INATTENTION,,2021,1
4225,29516557,0510100,HENDERSON POLICE DEPARTMENT,Accepted,HENDERSON,US0060,,US60,,E,,KILLIECRANKIE,,,,,37.86248861,-87.56214555,10.961,2021-12-22,1011,1,1,0,1,CLEAR,DRY,False,COLLISION WITH FIXED OBJECT IN INTERSECTION - FIRST EVENT COLLISION 09 - 32,SINGLE VEHICLE,STRAIGHT & LEVEL,DAYLIGHT,,,44560.63043,False,17,Accepted,5,4,C,,INATTENTION,,2021,1
4226,29516712,0510100,HENDERSON POLICE DEPARTMENT,Accepted,HENDERSON,,327,INGRAM,ST,S,,,,,,,37.83253983,-87.59254744,0.463,2021-12-29,1040,2,2,0,0,CLOUDY,WET,True,1 VEHICLE PARKED POSITION (NOT PARKING LOT/DRIVEWAY),SIDESWIPE-OPPOSITE DIRECTION,STRAIGHT & HILLCREST,DAYLIGHT,,,44560.66362,False,19,Accepted,5,5,O,,,,2021,1
4227,29516834,0510100,HENDERSON POLICE DEPARTMENT,Accepted,HENDERSON,US0060,,US60,,E,,,,,,,37.85728621,-87.57334043,10.285,2021-12-30,625,2,2,0,0,FOG,WET,False,REAR END IN TRAFFIC LANES BOTH VEHICLES MOVING,REAR END,STRAIGHT & LEVEL,DARK-HWY LIGHTED/ON,,,44560.68847,False,17,Accepted,5,5,O,SLIPPERY SURFACE,TOO FAST FOR CONDITIONS,,2021,1
4228,29518973,0510100,HENDERSON POLICE DEPARTMENT,Accepted,HENDERSON,US0041A,,GREEN,ST,S,,,,,,,37.82791101,-87.59898023,14.999,2021-12-30,1703,2,2,0,1,CLOUDY,WET,False,1 VEHICLE ENTERING/LEAVING ENTRANCE,ANGLE,STRAIGHT & LEVEL,DARK-HWY LIGHTED/ON,,,44561.39785,False,19,Accepted,5,4,C,,INATTENTION,,2021,1
4229,29524881,0510100,HENDERSON POLICE DEPARTMENT,Accepted,HENDERSON,US0041,,US41,,N,,,,,,,37.85741765,-87.57354028,16.075,2021-12-29,2144,1,1,0,0,CLEAR,WET,False,OTHER ROADWAY OR MID-BLOCK COLLISION,SINGLE VEHICLE,CURVE & HILLCREST,DARK (UNKNOWN ROADWAY LIGHTING),,,44563.93177,False,63,Accepted,5,5,O,SLIPPERY SURFACE,TOO FAST FOR CONDITIONS,,2021,1
4230,29526469,0510100,HENDERSON POLICE DEPARTMENT,Accepted,HENDERSON,US0041,2700,US41,,N,,,,,,,37.86902582,-87.57120402,16.932,2022-01-02,1728,2,2,0,0,CLOUDY,WET,False,1 VEHICLE ENTERING/LEAVING ENTRANCE,ANGLE,STRAIGHT & LEVEL,DARK (UNKNOWN ROADWAY LIGHTING),,,44564.35066,False,64,Accepted,5,5,O,,INATTENTION,,2022,1
4231,29526614,0510100,HENDERSON POLICE DEPARTMENT,Accepted,HENDERSON,,,GREEN,ST,,,FIFTH ,,,,,37.8432881,-87.5860044,,2021-12-31,1205,2,2,0,2,CLOUDY,DRY,False,ANGLE COLLISION - OTHER,ANGLE,STRAIGHT & LEVEL,DAYLIGHT,,,44564.37651,False,73,Accepted,5,4,C,,"DISREGARD TRAFFIC CONTROL, FAILED TO YIELD RIGHT OF WAY",,2021,1
4232,29529942,0510100,HENDERSON POLICE DEPARTMENT,Accepted,HENDERSON,,1600,CLAY,ST,,,ATKINSON,,,,,37.82458821,-87.5775902,0.003,2022-01-02,1935,2,2,0,0,CLEAR,DRY,False,HEAD-ON COLLISION,HEAD ON,STRAIGHT & LEVEL,DARK-HWY LIGHTED/ON,,,44564.82087,False,35,Accepted,5,5,O,,INATTENTION,,2022,1
4233,29531548,0510100,HENDERSON POLICE DEPARTMENT,Accepted,HENDERSON,,,GREEN,ST,,,CLAY ,,,,,37.83376225,-87.59327239,,2022-01-03,1345,2,2,0,0,CLOUDY,DRY,False,ANGLE COLLISION - OTHER,ANGLE,STRAIGHT & LEVEL,DAYLIGHT,,,44565.39857,False,73,Accepted,5,5,O,,"FAILED TO YIELD RIGHT OF WAY, INATTENTION",,2022,1
4239,29532214,0510000,HENDERSON COUNTY SHERIFF DEPT.,Accepted,HENDERSON,AU9005,,,,,,,,,,,37.81120005,-87.56667584,0.272,2021-12-29,2231,1,1,0,0,CLEAR,WET,False,COLLISION WITH FIXED OBJECT NOT IN GORE ,SINGLE VEHICLE,CURVE & GRADE,DARK-HWY LIGHTED/ON,AU9005,US0041,44565.51445,False,139,Accepted,5,5,O,,"DRUG INVOLVEMENT, INATTENTION, NOT UNDER PROPER CONTROL",,2021,1
4247,29536194,0510100,HENDERSON POLICE DEPARTMENT,Accepted,HENDERSON,,,ELM,ST,N,,1ST,,,,,37.838448,-87.59116815,0.035,2022-01-04,1206,2,2,0,0,CLEAR,DRY,False,OTHER INTERSECTION COLLISIONS,REAR END,STRAIGHT & LEVEL,DAYLIGHT,,,44566.39176,False,37,Accepted,5,5,O,,"FOLLOWING TOO CLOSE, MISJUDGE CLEARANCE",,2022,1
4249,29536570,0510100,HENDERSON POLICE DEPARTMENT,Accepted,HENDERSON,,,MAIN,ST,S,,,,JANALEE,,HORSE SHOE,37.82410243,-87.60749364,0.882,2022-01-03,1226,2,2,0,1,CLEAR,DRY,False,1 VEHICLE ENTERING/LEAVING ENTRANCE,ANGLE,STRAIGHT & LEVEL,DAYLIGHT,,,44566.45898,False,7,Accepted,5,3,B,,NOT UNDER PROPER CONTROL,,2022,1
4250,29540045,0510100,HENDERSON POLICE DEPARTMENT,Accepted,HENDERSON,US0041,,US41,,N,,RETTIG,,,,,37.867337,-87.57228407,16.798,2022-01-04,1205,2,2,0,0,CLEAR,DRY,False,ANGLE COLLISION - OTHER,ANGLE,STRAIGHT & LEVEL,DAYLIGHT,,,44567.34862,False,18,Accepted,5,5,O,,OTHER,,2022,1
4251,29541163,0510100,HENDERSON POLICE DEPARTMENT,Accepted,HENDERSON,,,WATSON,LN,,US0060,US60,,,,,37.86485396,-87.55501203,0.009,2022-01-06,735,2,2,0,0,SNOWING,SNOW/SLUSH,False,ANGLE COLLISION - OTHER,ANGLE,STRAIGHT & LEVEL,DAWN,,,44567.61274,False,34,Accepted,5,5,O,SLIPPERY SURFACE,,,2022,1
4252,29541164,0510100,HENDERSON POLICE DEPARTMENT,Accepted,HENDERSON,US0041,,US41,,N,,WATSON,,,,,37.87538779,-87.56785027,17.411,2022-01-06,721,2,2,0,0,SNOWING,SNOW/SLUSH,False,OTHER INTERSECTION COLLISIONS,REAR END,STRAIGHT & LEVEL,DAYLIGHT,,,44567.61282,False,67,Accepted,5,5,O,SLIPPERY SURFACE,INATTENTION,,2022,1
4253,29541165,0510100,HENDERSON POLICE DEPARTMENT,Accepted,HENDERSON,,,SAND,LN,,,COMMONWEALTH,,,,,37.8207081,-87.59017168,,2022-01-06,1015,1,1,0,1,SNOWING,SNOW/SLUSH,False,COLLISION WITH FIXED OBJECT IN INTERSECTION - FIRST EVENT COLLISION 09 - 32,SINGLE VEHICLE,CURVE & GRADE,DAYLIGHT,,,44567.61289,False,73,Accepted,4,4,C,SLIPPERY SURFACE,TOO FAST FOR CONDITIONS,,2022,1
4254,29541166,0510100,HENDERSON POLICE DEPARTMENT,Accepted,HENDERSON,,800,ADAMS,ST,N,,8TH,,,,,37.84582478,-87.58079059,0.747,2022-01-06,1138,1,1,0,0,SNOWING,SNOW/SLUSH,False,COLLISION WITH FIXED OBJECT IN INTERSECTION - FIRST EVENT COLLISION 09 - 32,SINGLE VEHICLE,STRAIGHT & GRADE,DAYLIGHT,,,44567.61296,False,6,Accepted,5,5,O,SLIPPERY SURFACE,TOO FAST FOR CONDITIONS,,2022,1
4255,29542857,0510100,HENDERSON POLICE DEPARTMENT,Accepted,HENDERSON,US0041A,100,GREEN,ST,S,,,,POWELL,,WASHINGTON,37.83613523,-87.59095236,15.65,2022-01-06,918,2,2,0,0,SNOWING,SNOW/SLUSH,False,OTHER ROADWAY OR MID-BLOCK COLLISION,REAR END,STRAIGHT & GRADE,DAYLIGHT,,,44568.38621,False,7,Accepted,5,5,O,SLIPPERY SURFACE,TOO FAST FOR CONDITIONS,,2022,1
4256,29543472,0510100,HENDERSON POLICE DEPARTMENT,Accepted,HENDERSON,,1000,ATKINSON,ST,,,,,,,,37.82058852,-87.58112463,0.584,2022-01-06,740,2,2,0,0,SNOWING,SNOW/SLUSH,False,REAR END IN TRAFFIC LANES BOTH VEHICLES MOVING,REAR END,STRAIGHT & LEVEL,DAYLIGHT,,,44568.56235,False,64,Accepted,5,5,O,SLIPPERY SURFACE,,,2022,1
4257,29543473,0510100,HENDERSON POLICE DEPARTMENT,Accepted,HENDERSON,US0060,,GREEN,ST,S,,,,BORAX,,OHIO,37.80884518,-87.62625425,,2022-01-06,1300,2,2,0,0,SNOWING,SNOW/SLUSH,False,1 VEHICLE ENTERING/LEAVING ENTRANCE,ANGLE,STRAIGHT & LEVEL,DAYLIGHT,,,44568.56241,False,73,Accepted,5,5,O,SLIPPERY SURFACE,NOT UNDER PROPER CONTROL,,2022,1
4258,29543474,0510100,HENDERSON POLICE DEPARTMENT,Accepted,HENDERSON,,,BOB POSEY,ST,,,8TH,,,,,37.84315033,-87.57440994,0.278,2022-01-06,942,1,1,0,0,SNOWING,SNOW/SLUSH,False,COLLISION WITH FIXED OBJECT IN INTERSECTION - FIRST EVENT COLLISION 09 - 32,SINGLE VEHICLE,STRAIGHT & LEVEL,DAYLIGHT,,,44568.56245,False,48,Accepted,5,5,O,SLIPPERY SURFACE,INATTENTION,,2022,1
4259,29543475,0510100,HENDERSON POLICE DEPARTMENT,Accepted,HENDERSON,,,ARGYLLWAY,,,,BANNOCKBURN,,,,,37.86092244,-87.55841881,0.001,2022-01-06,1057,1,1,0,0,SNOWING,SNOW/SLUSH,False,COLLISION WITH FIXED OBJECT IN INTERSECTION - FIRST EVENT COLLISION 09 - 32,SINGLE VEHICLE,STRAIGHT & LEVEL,DAYLIGHT,,,44568.56249,False,67,Accepted,5,5,O,SLIPPERY SURFACE,INATTENTION,,2022,1
4260,29543514,0510100,HENDERSON POLICE DEPARTMENT,Accepted,HENDERSON,,,ELM,ST,N,,ATKINSON PARK,,,,,37.86535874,-87.57555342,2.083,2022-01-06,1656,2,2,0,0,SNOWING,SNOW/SLUSH,False,ANGLE COLLISION - OTHER,ANGLE,STRAIGHT & LEVEL,DARK-HWY LIGHTED/OFF,,,44568.57388,False,67,Accepted,5,5,O,SLIPPERY SURFACE,INATTENTION,,2022,1
4263,29543898,0510100,HENDERSON POLICE DEPARTMENT,Accepted,HENDERSON,US0041,2945,US41,,N,,,,,,,37.8815063,-87.56446295,17.86,2022-01-01,421,3,3,0,1,RAINING,WATER (STANDING OR MOVING),False,1 VEHICLE PARKED POSITION (NOT PARKING LOT/DRIVEWAY),SIDESWIPE-SAME DIRECTION,CURVE & LEVEL,DARK-HWY LIGHTED/ON,,,44568.67273,False,36,Accepted,5,3,B,,"EXCEEDED STATED SPEED LIMIT, NOT UNDER PROPER CONTROL, TOO FAST FOR CONDITIONS",,2022,1
4264,29544041,0510100,HENDERSON POLICE DEPARTMENT,Accepted,HENDERSON,,,WATSON,LN,,US0041,US41,,,,,37.87531624,-87.56763953,1.096,2022-01-06,1915,2,2,0,0,CLEAR,SNOW/SLUSH,False,OTHER INTERSECTION COLLISIONS,REAR END,STRAIGHT & LEVEL,DARK-HWY LIGHTED/ON,,,44568.7096,False,59,Accepted,5,5,O,SLIPPERY SURFACE,,,2022,1
4265,29544188,0510100,HENDERSON POLICE DEPARTMENT,Accepted,HENDERSON,US0041,2068,US41,,N,,,,,,,37.87218629,-87.56947402,17.169,2022-01-06,1905,2,2,0,0,CLEAR,ICE,False,REAR END IN TRAFFIC LANES BOTH VEHICLES MOVING,REAR END,STRAIGHT & LEVEL,DARK-HWY NOT LIGHTED,,,44568.76771,False,63,Accepted,5,5,O,SLIPPERY SURFACE,TOO FAST FOR CONDITIONS,,2022,1
4266,29549392,0510100,HENDERSON POLICE DEPARTMENT,Accepted,HENDERSON,US0041,,US41,,N,,MARYWOOD,,,,,37.86733177,-87.57212978,16.804,2022-01-02,1206,2,2,0,0,CLOUDY,DRY,False,OTHER INTERSECTION COLLISIONS,REAR END,STRAIGHT & LEVEL,DAYLIGHT,,,44571.32804,False,26,Accepted,5,5,O,,MISJUDGE CLEARANCE,,2022,1
4267,29549396,0510100,HENDERSON POLICE DEPARTMENT,Accepted,HENDERSON,,454,RAY,ST,,,,US0041A,GREEN,,ADAMS,37.84682953,-87.58148081,0.109,2022-01-08,1709,2,2,0,0,RAINING,SNOW/SLUSH,False,1 VEHICLE PARKED POSITION (NOT PARKING LOT/DRIVEWAY),ANGLE,STRAIGHT & HILLCREST,DARK-HWY LIGHTED/ON,,,44571.32812,False,32,Accepted,5,5,O,SLIPPERY SURFACE,"NOT UNDER PROPER CONTROL, TOO FAST FOR CONDITIONS",,2022,1
4268,29549582,0510100,HENDERSON POLICE DEPARTMENT,Accepted,HENDERSON,KY0136,,MADISON,ST,,,,,,,,37.8120205,-87.57843616,21.238,2022-01-07,745,2,2,0,0,CLEAR,ICE,False,1 VEHICLE ENTERING/LEAVING ENTRANCE,ANGLE,CURVE & LEVEL,DAYLIGHT,,,44571.36517,False,26,Accepted,5,5,O,SLIPPERY SURFACE,FAILED TO KEEP PROPER LANE,,2022,1
4269,29549714,0510100,HENDERSON POLICE DEPARTMENT,Accepted,HENDERSON,,,ADAMS,ST,N,,,,SHORT SEVENTH,,6TH,37.84334078,-87.58262131,0.551,2022-01-06,1124,1,1,0,0,SNOWING,SNOW/SLUSH,False,OTHER COLLISIONS ON SHOULDER,SINGLE VEHICLE,STRAIGHT & LEVEL,DAYLIGHT,,,44571.39222,False,34,Accepted,5,5,O,SLIPPERY SURFACE,TOO FAST FOR CONDITIONS,TIRES,2022,1
4270,29549715,0510100,HENDERSON POLICE DEPARTMENT,Accepted,HENDERSON,US0041A,,GREEN,ST,S,,CENTER,,,,,37.8371944,-87.58993449,15.744,2022-01-06,902,2,2,0,1,SNOWING,SNOW/SLUSH,False,ANGLE COLLISION - OTHER,ANGLE,STRAIGHT & LEVEL,DAYLIGHT,,,44571.39227,False,34,Accepted,5,4,C,,"DISREGARD TRAFFIC CONTROL, INATTENTION, TOO FAST FOR CONDITIONS",,2022,1
4271,29549716,0510100,HENDERSON POLICE DEPARTMENT,Accepted,HENDERSON,,,WATSON,LN,,US0041,US41,,,,,37.87538798,-87.56764967,1.097,2022-01-04,1504,2,2,0,0,CLEAR,DRY,False,OTHER INTERSECTION COLLISIONS,REAR END,STRAIGHT & LEVEL,DAYLIGHT,,,44571.39236,False,17,Accepted,5,5,O,GLARE (SUN),INATTENTION,,2022,1
4272,29549717,0510100,HENDERSON POLICE DEPARTMENT,Accepted,HENDERSON,,510,7TH,ST,,,,,INGRAM,,ADAMS,37.844921,-87.58254394,0.413,2022-01-08,1338,2,2,0,0,CLOUDY,SNOW/SLUSH,False,1 VEHICLE PARKED POSITION (NOT PARKING LOT/DRIVEWAY),HEAD ON,STRAIGHT & LEVEL,DAYLIGHT,,,44571.39241,False,32,Accepted,5,5,O,SLIPPERY SURFACE,"NOT UNDER PROPER CONTROL, TOO FAST FOR CONDITIONS",,2022,1
4273,29549763,0510100,HENDERSON POLICE DEPARTMENT,Accepted,HENDERSON,,17,LAWNDALE APARTMENTS,CT,,,,,,,,37.82725627,-87.58652815,0.063,2022-01-10,718,2,2,0,0,CLEAR,DRY,True,1 VEHICLE PARKED POSITION (NOT PARKING LOT/DRIVEWAY),SIDESWIPE-SAME DIRECTION,STRAIGHT & LEVEL,DAYLIGHT,,,44571.4024,False,37,Accepted,5,5,O,,"INATTENTION, MISJUDGE CLEARANCE",,2022,1
4275,29550148,0510000,HENDERSON COUNTY SHERIFF DEPT.,Accepted,HENDERSON,US0041,,US41,,N,,,,,,,37.88788786,-87.55793866,18.423,2022-01-05,2119,1,1,0,0,CLOUDY,WET,False,COLLISION WITH ANIMAL NON INTERSECTION,SINGLE VEHICLE,STRAIGHT & LEVEL,DARK-HWY NOT LIGHTED,,,44571.45038,False,135,Accepted,5,5,O,ANIMALS ACTION,,,2022,1
4282,29550175,0510000,HENDERSON COUNTY SHERIFF DEPT.,Accepted,HENDERSON,AU9005,,AU9005 E,,,,,,,,,37.81000248,-87.54421078,1.038,2022-01-09,1000,1,1,0,0,RAINING,WET,False,COLLISION WITH FIXED OBJECT NON - INTERSECTION - FIRST EVENT COLLISION 09 - 32 EXCLUDING 16,SINGLE VEHICLE,CURVE & LEVEL,DAYLIGHT,,,44571.45757,False,138,Accepted,5,5,O,,TOO FAST FOR CONDITIONS,,2022,1
4288,29568260,0510100,HENDERSON POLICE DEPARTMENT,Accepted,HENDERSON,,,SHELBY,ST,,,BAILEY,,,,,37.82231667,-87.58142434,0.355,2021-12-30,505,1,1,0,0,CLEAR,DRY,False,COLLISION WITH FIXED OBJECT IN INTERSECTION - FIRST EVENT COLLISION 09 - 32,SINGLE VEHICLE,STRAIGHT & HILLCREST,DARK (UNKNOWN ROADWAY LIGHTING),,,44571.88777,False,33,Accepted,5,5,O,,ALCOHOL INVOLVEMENT,,2021,1
4289,29569541,0510100,HENDERSON POLICE DEPARTMENT,Accepted,HENDERSON,KY0351,,ZION,RD,,US0041,US41 RAMP FROM KY351,,,,,37.83115348,-87.5678928,1.273,2022-01-09,320,1,1,0,0,RAINING,WET,False,COLLISION WITH FIXED OBJECT IN INTERSECTION - FIRST EVENT COLLISION 09 - 32,SINGLE VEHICLE,STRAIGHT & LEVEL,DARK-HWY LIGHTED/ON,,,44571.92812,False,36,Accepted,5,5,O,,ALCOHOL INVOLVEMENT,TIRES,2022,1
4290,29569724,0510100,HENDERSON POLICE DEPARTMENT,Accepted,HENDERSON,US0041,2500,US41,,N,,,,,,,37.87249299,-87.56925536,17.196,2022-01-05,454,3,3,0,0,CLEAR,DRY,False,OTHER COLLISIONS ON SHOULDER,SIDESWIPE-SAME DIRECTION,STRAIGHT & LEVEL,DARK-HWY LIGHTED/ON,,,44571.93239,False,22,Accepted,5,5,O,DEBRIS IN ROADWAY,FELL ASLEEP,,2022,1
4291,29572611,0510100,HENDERSON POLICE DEPARTMENT,Accepted,HENDERSON,US0041,,,,,,,,,,,37.85749187,-87.57298738,0.125,2022-01-10,1430,2,2,0,0,CLEAR,DRY,False,OTHER RAMP RELATED COLLISIONS NOT LISTED ABOVE,REAR END,STRAIGHT & LEVEL,DAYLIGHT,US0041,US0060,44572.44321,False,37,Accepted,5,5,O,,MISJUDGE CLEARANCE,,2022,1
4292,29576660,0510100,HENDERSON POLICE DEPARTMENT,Accepted,HENDERSON,,5,MAIN,ST,S,,,,,,,37.83894829,-87.59297353,2.178,2022-01-11,916,3,3,0,0,CLEAR,DRY,False,1 VEHICLE PARKED POSITION (NOT PARKING LOT/DRIVEWAY),SIDESWIPE-SAME DIRECTION,STRAIGHT & LEVEL,DAYLIGHT,,,44573.35932,False,26,Accepted,5,5,O,,MISJUDGE CLEARANCE,,2022,1
4293,29576661,0510100,HENDERSON POLICE DEPARTMENT,Accepted,HENDERSON,US0041A,,GREEN,ST,S,,,,POWELL,,WASHINGTON,37.8353634,-87.59171647,15.583,2022-01-11,1724,2,2,0,0,CLEAR,DRY,False,OTHER ROADWAY OR MID-BLOCK COLLISION,OPPOSING LEFT TURN,STRAIGHT & LEVEL,DARK-HWY NOT LIGHTED,,,44573.35939,False,67,Accepted,5,5,O,,INATTENTION,,2022,1
4296,29577330,0510100,HENDERSON POLICE DEPARTMENT,Accepted,HENDERSON,US0041,,US41,,N,,,,WALNUT,,WATSON,37.87897882,-87.56567243,17.682,2022-01-12,820,2,2,0,0,CLEAR,DRY,False,REAR END IN TRAFFIC LANES BOTH VEHICLES MOVING,REAR END,STRAIGHT & LEVEL,DAYLIGHT,,,44573.47986,False,67,Accepted,5,5,O,,INATTENTION,,2022,1
4297,29580183,0510100,HENDERSON POLICE DEPARTMENT,Accepted,HENDERSON,US0060,,US60,,E,,BARRET,,,,,37.85987746,-87.56788754,10.593,2022-01-11,2013,2,2,0,0,CLEAR,DRY,False,SIDESWIPE-SAME DIRECTION,SIDESWIPE-SAME DIRECTION,STRAIGHT & LEVEL,DARK (UNKNOWN ROADWAY LIGHTING),,,44574.09989,False,63,Accepted,5,5,O,,INATTENTION,,2022,1
4299,29585679,0510100,HENDERSON POLICE DEPARTMENT,Accepted,HENDERSON,US0041A,,GREEN,ST,S,,SAND,,,,,37.82377011,-87.60317708,14.52,2022-01-12,1326,2,2,0,0,CLEAR,DRY,False,OTHER INTERSECTION COLLISIONS,REAR END,STRAIGHT & LEVEL,DAYLIGHT,,,44575.34203,False,26,Accepted,5,5,O,,MISJUDGE CLEARANCE,,2022,1
4300,29585681,0510100,HENDERSON POLICE DEPARTMENT,Accepted,HENDERSON,,,ELM,ST,N,,,,,,,37.84244663,-87.58854852,0.346,2022-01-13,934,1,1,0,0,CLOUDY,DRY,False,OCCUPANT FELL FROM MOVING VEHICLE,SINGLE VEHICLE,STRAIGHT & LEVEL,DAYLIGHT,,,44575.34213,False,19,Accepted,5,5,O,,,,2022,1
4301,29586104,0510100,HENDERSON POLICE DEPARTMENT,Accepted,HENDERSON,,,BARRET,BLVD,,US0041,US41,,,,,37.86434074,-87.5737335,0.9,2022-01-12,1024,2,2,0,0,CLEAR,DRY,False,SIDESWIPE-SAME DIRECTION,SIDESWIPE-SAME DIRECTION,STRAIGHT & LEVEL,DAYLIGHT,,,44575.43301,False,26,Accepted,5,5,O,,INATTENTION,,2022,1
4302,29586105,0510100,HENDERSON POLICE DEPARTMENT,Accepted,HENDERSON,KY0812,,AIRLINE,RD,,,,KY2084,KY2084,KY2084,KY2084,37.82011381,-87.56933225,7.394,2022-01-10,727,2,2,0,0,CLEAR,DRY,False,OTHER ROADWAY OR MID-BLOCK COLLISION,REAR END,STRAIGHT & LEVEL,DAYLIGHT,,,44575.43306,False,65,Accepted,5,5,O,GLARE (SUN),INATTENTION,,2022,1
4303,29594210,0510100,HENDERSON POLICE DEPARTMENT,Accepted,HENDERSON,US0041A,538,GREEN,ST,S,,PLUM,,,,,37.83002986,-87.59695163,15.143,2022-01-14,1546,3,3,0,0,CLOUDY,DRY,False,OTHER INTERSECTION COLLISIONS,REAR END,STRAIGHT & GRADE,DAYLIGHT,,,44578.40819,False,32,Accepted,5,5,O,,"FOLLOWING TOO CLOSE, INATTENTION",,2022,1
4304,29594312,0510100,HENDERSON POLICE DEPARTMENT,Accepted,HENDERSON,,,CARLISLE,ST,,,,KY0351,2ND,,1ST,37.83460211,-87.58019794,0.153,2022-01-10,1550,2,2,0,0,CLEAR,DRY,False,VEHICLE BACKING NON INTERSECTION,BACKING,STRAIGHT & LEVEL,DAYLIGHT,,,44578.4481,False,65,Accepted,5,5,O,,INATTENTION,,2022,1
4305,29594313,0510100,HENDERSON POLICE DEPARTMENT,Accepted,HENDERSON,,2606,GARDEN MILE,RD,N,,,KY0351,ZION,,STADIUM,37.82581876,-87.55848122,0.174,2022-01-13,1547,4,4,0,0,CLOUDY,DRY,False,REAR END IN TRAFFIC LANES BOTH VEHICLES MOVING,REAR END,STRAIGHT & LEVEL,DAYLIGHT,,,44578.44822,False,32,Accepted,5,5,O,,INATTENTION,,2022,1
4306,29594315,0510100,HENDERSON POLICE DEPARTMENT,Accepted,HENDERSON,,,GREEN,ST,S,,,,,,,37.82377375,-87.60325296,,2022-01-12,1645,2,2,0,0,CLEAR,DRY,False,1 VEHICLE ENTERING/LEAVING ENTRANCE,ANGLE,STRAIGHT & LEVEL,DUSK,,,44578.44832,False,73,Accepted,5,5,O,,"DISREGARD TRAFFIC CONTROL, INATTENTION",,2022,1
4307,29594560,0510100,HENDERSON POLICE DEPARTMENT,Accepted,HENDERSON,,,BARRET,BLVD,,US0041,US41,,,,,37.86431261,-87.57367391,0.897,2022-01-14,1455,2,2,0,0,CLEAR,DRY,False,SIDESWIPE-SAME DIRECTION,SIDESWIPE-SAME DIRECTION,STRAIGHT & LEVEL,DAYLIGHT,,,44578.49723,False,44,Accepted,5,5,O,,"TURNING IMPROPERLY, INATTENTION, MISJUDGE CLEARANCE",,2022,1
4308,29594561,0510100,HENDERSON POLICE DEPARTMENT,Accepted,HENDERSON,,,2ND,ST,,,ELM,,,,,37.83984243,-87.58930564,0.053,2022-01-13,1051,2,2,0,0,CLOUDY,DRY,False,ANGLE COLLISION - ONE VEHICLE TURNING RIGHT,ANGLE,STRAIGHT & LEVEL,DAYLIGHT,,,44578.49729,False,37,Accepted,5,5,O,,"INATTENTION, MISJUDGE CLEARANCE",,2022,1