OBJECTID,IncidentID,AgencyORI,AgencyName,IncidentStatusDesc,County,RdwyNumber,Street,RoadwayName,StreetSfx,StreetDir,IntersectionRdwy,IntersectionRdwyName,BetweenStRdwy1,BetweenStRdwyName1,BetweenStRdwy2,BetweenStRdwyName2,Latitude,Longitude,Milepoint,CollisionDate,CollisionTime,UnitsInvolved,MotorVehiclesInvolved,NumberKilled,NumberInjured,Weather,RdwyConditionCode,HitandRun,DirAnalysisCode,MannerofCollision,RdwyCharacter,LightCondition,RampFromRdwyId,RampToRdwyId,AcceptedDate,IsSecondaryCollision,OwnerBadge,IncidentStatus,InjurySeverityCde,KABCO_Code,KABCO,Environmental_Factors,Human_Factors,Vehicular_Factors,CollisionYear,CityCrash
4309,29594563,0510100,HENDERSON POLICE DEPARTMENT,Accepted,HENDERSON,US0041,,US41,,,US0041,US41 S RAMP TO EB9004,,,,,37.82173309,-87.56271668,2.214,2022-01-17,629,2,2,0,0,CLOUDY,ICE,False,SIDESWIPE-SAME DIRECTION,SIDESWIPE-SAME DIRECTION,CURVE & HILLCREST,DAYLIGHT,,,44578.4974,False,64,Accepted,5,5,O,SLIPPERY SURFACE,,,2022,1
4310,29595544,0510100,HENDERSON POLICE DEPARTMENT,Accepted,HENDERSON,,12,GRANT,ST,W,,,,,,,37.80711472,-87.5630739,0.06,2022-01-15,2348,1,1,0,0,CLEAR,DRY,False,OTHER ROADWAY OR MID-BLOCK COLLISION,SINGLE VEHICLE,STRAIGHT & HILLCREST,DARK-HWY LIGHTED/ON,,,44578.71879,False,25,Accepted,5,5,O,,"INATTENTION, NOT UNDER PROPER CONTROL",OTHER,2022,1
4313,29598182,0510000,HENDERSON COUNTY SHERIFF DEPT.,Accepted,HENDERSON,US0060,2278,GREEN,ST,S,,,,,,,37.80575388,-87.63240456,9.638,2022-01-13,2201,1,1,0,0,CLOUDY,DRY,True,COLLISION WITH FIXED OBJECT NON - INTERSECTION - FIRST EVENT COLLISION 09 - 32 EXCLUDING 16,SINGLE VEHICLE,STRAIGHT & LEVEL,DARK-HWY LIGHTED/ON,,,44579.48792,False,139,Accepted,5,5,O,,MISJUDGE CLEARANCE,,2022,1
4315,29602684,0510100,HENDERSON POLICE DEPARTMENT,Accepted,HENDERSON,US0041A,,GREEN,ST,N,,2ND,,,,,37.83951831,-87.58847775,15.92,2022-01-18,1210,2,2,0,0,CLEAR,DRY,False,OPPOSING LEFT TURN,OPPOSING LEFT TURN,STRAIGHT & LEVEL,DAYLIGHT,,,44580.50833,False,36,Accepted,5,5,O,,DISREGARD TRAFFIC CONTROL,,2022,1
4316,29602686,0510100,HENDERSON POLICE DEPARTMENT,Accepted,HENDERSON,,,WATSON,LN,,,,,SUREWAY,,BRINSON,37.87506104,-87.56634566,1.002,2022-01-18,1119,2,2,0,0,CLEAR,DRY,False,1 VEHICLE ENTERING/LEAVING ENTRANCE,ANGLE,STRAIGHT & LEVEL,DAYLIGHT,,,44580.5084,False,32,Accepted,5,5,O,,FAILED TO YIELD RIGHT OF WAY,,2022,1
4317,29605679,0510100,HENDERSON POLICE DEPARTMENT,Accepted,HENDERSON,,,BARKER,RD,,,,,JAMESTOWN,,SUNSET,37.87347153,-87.57447013,0.288,2022-01-16,846,2,2,0,0,CLOUDY,ICE,False,SIDESWIPE COLLISION - OPPOSITE DIRECTION,SIDESWIPE-OPPOSITE DIRECTION,CURVE & LEVEL,DAYLIGHT,,,44581.34935,False,67,Accepted,5,5,O,SLIPPERY SURFACE,INATTENTION,,2022,1
4318,29605680,0510100,HENDERSON POLICE DEPARTMENT,Accepted,HENDERSON,,,MAIN,ST,N,,,,7TH,,8TH,37.84745392,-87.58728801,0.622,2022-01-19,1255,2,2,0,0,RAINING,WET,False,1 VEHICLE ENTERING/LEAVING ENTRANCE,ANGLE,STRAIGHT & LEVEL,DAYLIGHT,,,44581.3494,False,32,Accepted,5,5,O,,"INATTENTION, TURNING IMPROPERLY",,2022,1
4319,29605682,0510100,HENDERSON POLICE DEPARTMENT,Accepted,HENDERSON,US0041A,,GREEN,ST,S,,WASHINGTON,,,,,37.83677936,-87.59044093,15.703,2021-01-06,950,2,2,0,0,SNOWING,ICE,False,OTHER INTERSECTION COLLISIONS,REAR END,STRAIGHT & GRADE,DAYLIGHT,,,44581.34947,False,15,Accepted,5,5,O,SLIPPERY SURFACE,,,2021,1
4320,29605683,0510100,HENDERSON POLICE DEPARTMENT,Accepted,HENDERSON,,,CENTER,ST,,,ALVES,,,,,37.83533013,-87.58585894,0.577,2022-01-07,152,2,2,0,0,CLOUDY,ICE,False,ANGLE COLLISION - OTHER,ANGLE,STRAIGHT & LEVEL,DAYLIGHT,,,44581.34953,False,15,Accepted,5,5,O,,MISJUDGE CLEARANCE,,2022,1
4321,29605746,0510100,HENDERSON POLICE DEPARTMENT,Accepted,HENDERSON,,,GREEN,ST,S,,CLAY,,,,,37.83378226,-87.59327009,,2022-01-20,615,2,2,0,0,CLEAR,DRY,False,ANGLE COLLISION - OTHER,ANGLE,STRAIGHT & LEVEL,DARK-HWY LIGHTED/ON,,,44581.3714,False,73,Accepted,5,5,O,,"FAILED TO YIELD RIGHT OF WAY, INATTENTION",,2022,1
4323,29609973,0510100,HENDERSON POLICE DEPARTMENT,Accepted,HENDERSON,US0060,,GREEN,ST,S,,,,,,,37.8001805,-87.6474046,8.734,2022-01-04,1539,2,2,0,0,CLOUDY,DRY,False,REAR END IN TRAFFIC LANES BOTH VEHICLES MOVING,REAR END,STRAIGHT & LEVEL,DAYLIGHT,,,44582.43995,False,19,Accepted,5,5,O,,INATTENTION,,2022,1
4325,29616622,0510100,HENDERSON POLICE DEPARTMENT,Accepted,HENDERSON,US0060,,US60,,E,,WATHEN,,,,,37.86457311,-87.53755924,12.347,2022-01-22,304,1,1,0,0,CLOUDY,DRY,False,COLLISION WITH FIXED OBJECT IN INTERSECTION - FIRST EVENT COLLISION 09 - 32,SINGLE VEHICLE,STRAIGHT & LEVEL,DARK-HWY NOT LIGHTED,,,44584.93993,False,63,Accepted,5,5,O,,FELL ASLEEP,,2022,1
4326,29616736,0510100,HENDERSON POLICE DEPARTMENT,Accepted,HENDERSON,US0060,2300,GREEN,ST,S,,,,,,,37.80495728,-87.6344376,9.514,2022-01-20,1820,2,2,0,0,CLEAR,DRY,False,OTHER ROADWAY OR MID-BLOCK COLLISION,OPPOSING LEFT TURN,STRAIGHT & LEVEL,DARK-HWY LIGHTED/ON,,,44584.98168,False,59,Accepted,5,5,O,,"FAILED TO YIELD RIGHT OF WAY, INATTENTION",,2022,1
4332,29622291,0510100,HENDERSON POLICE DEPARTMENT,Accepted,HENDERSON,US0041A,,GREEN,ST,S,,CANOE CREEK,,,,,37.82043981,-87.60798524,14.166,2022-01-17,1058,2,2,0,0,CLEAR,DRY,False,OTHER INTERSECTION COLLISIONS,REAR END,STRAIGHT & LEVEL,DAYLIGHT,,,44586.33959,False,26,Accepted,5,5,O,,MISJUDGE CLEARANCE,,2022,1
4333,29622301,0510100,HENDERSON POLICE DEPARTMENT,Accepted,HENDERSON,US0041,,US41,,N,US0041,US41 RAMP KY351,,,,,37.83088354,-87.56620592,14.112,2022-01-21,1316,2,2,0,0,CLEAR,DRY,False,SIDESWIPE-SAME DIRECTION,SIDESWIPE-SAME DIRECTION,STRAIGHT & LEVEL,DAYLIGHT,,,44586.33982,False,64,Accepted,5,5,O,,MISJUDGE CLEARANCE,,2022,1
4334,29622451,0510100,HENDERSON POLICE DEPARTMENT,Accepted,HENDERSON,,119,MAIN,ST,N,,,,,,,37.84017721,-87.59199375,0.057,2022-01-21,952,3,3,0,1,CLEAR,DRY,False,1 VEHICLE PARKED POSITION (NOT PARKING LOT/DRIVEWAY),ANGLE,STRAIGHT & LEVEL,DAYLIGHT,,,44586.38839,False,64,Accepted,5,4,C,,LOST CONSCIOUSNESS/FAINTED,,2022,1
4336,29622666,0510100,HENDERSON POLICE DEPARTMENT,Accepted,HENDERSON,US0060,2600,GREEN,ST,S,,,,,,,37.8000701,-87.64763954,8.721,2022-01-22,1108,2,2,0,0,CLEAR,DRY,False,1 VEHICLE ENTERING/LEAVING ENTRANCE,ANGLE,STRAIGHT & LEVEL,DAYLIGHT,,,44586.42269,False,19,Accepted,5,5,O,,INATTENTION,,2022,1
4337,29622670,0510100,HENDERSON POLICE DEPARTMENT,Accepted,HENDERSON,US0041A,,GREEN,ST,N,,12TH,,,,,37.85224576,-87.58022696,16.925,2022-01-24,1720,2,2,0,0,CLEAR,DRY,False,OTHER INTERSECTION COLLISIONS,REAR END,STRAIGHT & LEVEL,DARK-HWY LIGHTED/ON,,,44586.42285,False,32,Accepted,5,5,O,,"INATTENTION, MISJUDGE CLEARANCE",,2022,1
4338,29622762,0510100,HENDERSON POLICE DEPARTMENT,Accepted,HENDERSON,US0060,,US60,,E,,,,MARYWOOD,,GREEN RIVER,37.86113852,-87.56445089,,2022-01-20,1920,2,2,0,0,CLOUDY,DRY,True,SIDESWIPE COLLISION - SAME DIRECTION,SIDESWIPE-SAME DIRECTION,STRAIGHT & LEVEL,DARK-HWY LIGHTED/ON,,,44586.44592,False,73,Accepted,5,5,O,,"INATTENTION, NOT UNDER PROPER CONTROL, OTHER",,2022,1
4339,29622763,0510100,HENDERSON POLICE DEPARTMENT,Accepted,HENDERSON,US0041,,US41,,N,US0041,US41 RAMP TO US41 N,,,,,37.8574216,-87.57351968,16.065,2022-01-19,1714,1,1,0,0,CLEAR,WET,False,COLLISION WITH FIXED OBJECT IN INTERSECTION - FIRST EVENT COLLISION 09 - 32,SINGLE VEHICLE,STRAIGHT & LEVEL,DARK-HWY LIGHTED/ON,,,44586.44604,False,17,Accepted,5,5,O,SLIPPERY SURFACE,,,2022,1
4340,29624518,0510100,HENDERSON POLICE DEPARTMENT,Accepted,HENDERSON,,,DR MARTIN LUTHER KING JR,AVE,,US0041A,GREEN,,,,,37.83273458,-87.59425599,0.001,2022-01-21,1836,2,2,0,0,CLEAR,DRY,False,SIDESWIPE-SAME DIRECTION,SIDESWIPE-SAME DIRECTION,STRAIGHT & LEVEL,DARK-HWY LIGHTED/ON,,,44586.70137,False,25,Accepted,5,5,O,,"FAILED TO YIELD RIGHT OF WAY, INATTENTION",,2022,1
4341,29626916,0510100,HENDERSON POLICE DEPARTMENT,Accepted,HENDERSON,,,GREEN,ST,S,,MARTIN LUTHER KING,,,,,37.83271676,-87.59426608,,2022-01-25,1445,2,2,0,0,CLEAR,DRY,False,VEHICLE BACKING IN INTERSECTION,BACKING,STRAIGHT & LEVEL,DAYLIGHT,,,44587.31974,False,73,Accepted,5,5,O,,INATTENTION,,2022,1
4342,29626917,0510100,HENDERSON POLICE DEPARTMENT,Accepted,HENDERSON,US0041,2000,US41,,N,,,,,,,37.86668714,-87.57268736,16.755,2022-01-25,1250,2,2,0,0,CLEAR,DRY,False,1 VEHICLE ENTERING/LEAVING ENTRANCE,ANGLE,STRAIGHT & LEVEL,DAYLIGHT,,,44587.31979,False,64,Accepted,5,5,O,,INATTENTION,,2022,1
4343,29627896,0510100,HENDERSON POLICE DEPARTMENT,Accepted,HENDERSON,,,MAIN,ST,N,,,,1ST,,2ND,37.83988405,-87.59225881,0.033,2022-01-25,730,2,2,0,0,CLEAR,DRY,False,1 VEHICLE ENTERING OR LEAVING PARKED POSITION (NOT PARKING LOT),BACKING,STRAIGHT & LEVEL,DAYLIGHT,,,44587.54511,False,34,Accepted,5,5,O,,INATTENTION,,2022,1
4344,29639228,0510100,HENDERSON POLICE DEPARTMENT,Accepted,HENDERSON,US0041,2045,US41,,N,,,,,,,37.86621885,-87.57285592,16.722,2022-01-28,1526,2,2,0,0,SNOWING,WET,False,1 VEHICLE ENTERING/LEAVING ENTRANCE,ANGLE,STRAIGHT & LEVEL,DAYLIGHT,,,44590.63126,False,36,Accepted,5,5,O,,"FAILED TO YIELD RIGHT OF WAY, INATTENTION, MISJUDGE CLEARANCE",,2022,1
4345,29644555,KSP1600,"KY STATE POLICE, POST 16",Accepted,HENDERSON,KY0351,,ZION,RD,,,,,,,,37.82993229,-87.56360999,1.516,2022-01-29,1519,2,2,0,0,CLEAR,DRY,False,OTHER ROADWAY OR MID-BLOCK COLLISION,REAR END,STRAIGHT & LEVEL,DAYLIGHT,,,44592.40602,False,1000,Accepted,5,5,O,,DISTRACTION,,2022,1
4351,29645455,0510000,HENDERSON COUNTY SHERIFF DEPT.,Accepted,HENDERSON,AU9005,,,,,,,,,,,37.81026004,-87.56175709,0.169,2022-01-28,1821,6,6,0,3,SNOWING,ICE,False,OTHER RAMP RELATED COLLISIONS NOT LISTED ABOVE,ANGLE,CURVE & GRADE,DARK-HWY LIGHTED/ON,AU9005,US0041,44592.57511,False,144,Accepted,5,4,C,SLIPPERY SURFACE,NOT UNDER PROPER CONTROL,,2022,1
4354,29646375,0510100,HENDERSON POLICE DEPARTMENT,Accepted,HENDERSON,KY2084,,KY2084,,S,,,,,,,37.81949993,-87.56941957,2.094,2022-01-28,1703,2,2,0,0,SNOWING,ICE,False,REAR END IN TRAFFIC LANES BOTH VEHICLES MOVING,REAR END,STRAIGHT & LEVEL,DUSK,,,44592.71982,False,31,Accepted,5,5,O,SLIPPERY SURFACE,,,2022,1
4355,29646419,0510100,HENDERSON POLICE DEPARTMENT,Accepted,HENDERSON,KY2084,,KY2084,,,KY0351,ZION,,,,,37.83117724,-87.56893621,0.547,2022-01-28,1738,2,2,0,0,SNOWING,ICE,False,OTHER INTERSECTION COLLISIONS,REAR END,CURVE & LEVEL,DUSK,,,44592.72753,False,31,Accepted,5,5,O,SLIPPERY SURFACE,TOO FAST FOR CONDITIONS,,2022,1
4356,29646420,0510100,HENDERSON POLICE DEPARTMENT,Accepted,HENDERSON,US0041,2600,US41,,N,,,,,,,37.8746951,-87.56812354,17.36,2022-01-30,1858,2,2,0,0,CLEAR,DRY,False,REAR END IN TRAFFIC LANES BOTH VEHICLES MOVING,REAR END,STRAIGHT & LEVEL,DARK-HWY LIGHTED/ON,,,44592.72757,False,25,Accepted,5,5,O,,"FOLLOWING TOO CLOSE, INATTENTION",,2022,1
4357,29646925,0510100,HENDERSON POLICE DEPARTMENT,Accepted,HENDERSON,,,GREEN,ST,N,,,,,,,37.85596741,-87.57676098,0.013,2022-01-27,2107,2,2,0,0,CLEAR,DRY,True,SIDESWIPE COLLISION - SAME DIRECTION,SIDESWIPE-SAME DIRECTION,STRAIGHT & LEVEL,DARK-HWY LIGHTED/ON,,,44592.82372,False,50,Accepted,5,5,O,,,,2022,1
4358,29647004,0510100,HENDERSON POLICE DEPARTMENT,Accepted,HENDERSON,KY2084,,KY2084,,S,,CRESLINE,,,,,37.81019599,-87.57209624,1.431,2022-01-23,2337,1,1,0,0,CLOUDY,DRY,False,COLLISION WITH ANIMAL IN INTERSECTION,SINGLE VEHICLE,STRAIGHT & LEVEL,DARK-HWY NOT LIGHTED,,,44592.83724,False,24,Accepted,5,5,O,,,,2022,1
4359,29647034,0510100,HENDERSON POLICE DEPARTMENT,Accepted,HENDERSON,KY0351,,ZION,RD,,US0041,US41 RAMP KY351,,,,,37.83093608,-87.56718635,1.308,2022-01-28,1834,2,2,0,0,SNOWING,SNOW/SLUSH,False,OTHER INTERSECTION COLLISIONS,REAR END,STRAIGHT & LEVEL,DARK-HWY LIGHTED/ON,,,44592.84674,False,24,Accepted,5,5,O,,"INATTENTION, TOO FAST FOR CONDITIONS",,2022,1
4360,29647041,0510100,HENDERSON POLICE DEPARTMENT,Accepted,HENDERSON,KY0812,,AIRLINE,RD,,KY2084,KY2084,,,,,37.82013871,-87.56936285,7.395,2022-01-28,1826,2,2,0,0,SNOWING,SNOW/SLUSH,True,OTHER INTERSECTION COLLISIONS,REAR END,STRAIGHT & LEVEL,DARK-HWY LIGHTED/ON,,,44592.85137,False,24,Accepted,5,5,O,,"INATTENTION, TOO FAST FOR CONDITIONS",,2022,1
4361,29647115,0510100,HENDERSON POLICE DEPARTMENT,Accepted,HENDERSON,US0041,1900,US41,,N,,,,,,,37.86153933,-87.57534319,16.375,2022-01-30,339,1,1,0,0,CLEAR,DRY,False,OTHER ROADWAY OR MID-BLOCK COLLISION,SINGLE VEHICLE,CURVE & LEVEL,DARK-HWY LIGHTED/ON,,,44592.88586,False,63,Accepted,5,5,O,,OVERCORRECTING/OVERSTEERING,,2022,1
4362,29648463,0510100,HENDERSON POLICE DEPARTMENT,Accepted,HENDERSON,US0041,2000,US41,,N,,,,,,,37.86693095,-87.57236974,16.779,2022-01-27,1608,2,2,0,0,CLEAR,DRY,False,SIDESWIPE COLLISION - SAME DIRECTION,SIDESWIPE-SAME DIRECTION,STRAIGHT & LEVEL,DUSK,,,44593.32858,False,66,Accepted,5,5,O,MAINTENANCE/UTILITY WORK ZONE,"IMPROPER PASSING, INATTENTION",,2022,1
4363,29649177,0510100,HENDERSON POLICE DEPARTMENT,Accepted,HENDERSON,US0041A,,GREEN,ST,S,,DR MARTIN LUTHER KING JR,,,,,37.83268495,-87.5941816,15.331,2022-01-29,910,2,2,0,0,CLEAR,DRY,True,ANGLE COLLISION - OTHER,ANGLE,STRAIGHT & LEVEL,DAYLIGHT,,,44593.44382,True,64,Accepted,5,5,O,,DRUG INVOLVEMENT,,2022,1
4364,29649179,0510100,HENDERSON POLICE DEPARTMENT,Accepted,HENDERSON,,400,DR MARTIN LUTHER KING JR,AVE,,,,,,,,37.83266919,-87.59415104,0.008,2022-01-30,727,2,2,0,0,CLEAR,DRY,True,1 VEHICLE PARKED POSITION (NOT PARKING LOT/DRIVEWAY),REAR END,STRAIGHT & LEVEL,DAYLIGHT,,,44593.44392,False,64,Accepted,5,5,O,,OTHER,,2022,1
4365,29649181,0510100,HENDERSON POLICE DEPARTMENT,Accepted,HENDERSON,US0041,,,,,,,,,,,37.85771549,-87.57398586,0.123,2022-01-31,751,2,2,0,1,CLEAR,DRY,False,OTHER RAMP RELATED COLLISIONS NOT LISTED ABOVE,REAR END,CURVE & GRADE,DAYLIGHT,US0041,US0041,44593.44402,False,67,Accepted,5,4,C,,INATTENTION,,2022,1
4366,29649182,0510100,HENDERSON POLICE DEPARTMENT,Accepted,HENDERSON,,800,ALVES,ST,S,,,,,,,37.8267238,-87.59459887,0.458,2022-01-31,1535,2,2,0,1,CLEAR,DRY,False,1 VEHICLE PARKED POSITION (NOT PARKING LOT/DRIVEWAY),SIDESWIPE-OPPOSITE DIRECTION,STRAIGHT & LEVEL,DAYLIGHT,,,44593.44416,False,64,Accepted,5,4,C,,MISJUDGE CLEARANCE,,2022,1
4367,29650209,0510100,HENDERSON POLICE DEPARTMENT,Accepted,HENDERSON,US0060,2208,US60,,E,,BARRET,,,,,37.85971636,-87.56798488,10.584,2022-01-28,1720,3,3,0,0,SNOWING,SNOW/SLUSH,False,OTHER INTERSECTION COLLISIONS,REAR END,STRAIGHT & LEVEL,DUSK,,,44593.61519,False,36,Accepted,5,5,O,SLIPPERY SURFACE,"INATTENTION, MISJUDGE CLEARANCE",,2022,1
4368,29650210,0510100,HENDERSON POLICE DEPARTMENT,Accepted,HENDERSON,US0041,,,,,,,,,,,37.85760522,-87.57376149,0.146,2022-01-28,1332,1,1,0,0,CLOUDY,WET,False,OTHER RAMP RELATED COLLISIONS NOT LISTED ABOVE,SINGLE VEHICLE,CURVE & GRADE,DAYLIGHT,US0041,US0041,44593.61526,False,32,Accepted,5,5,O,SLIPPERY SURFACE,"NOT UNDER PROPER CONTROL, OVERCORRECTING/OVERSTEERING",,2022,1
4369,29650213,0510100,HENDERSON POLICE DEPARTMENT,Accepted,HENDERSON,,,LETCHER,ST,,,CUMNOCK,,,,,37.82531069,-87.58073889,0.272,2022-01-30,1258,2,2,0,0,CLEAR,DRY,False,ANGLE COLLISION - OTHER,ANGLE,STRAIGHT & LEVEL,DAYLIGHT,,,44593.61533,False,64,Accepted,5,5,O,VIEW OBSTRUCTED/LIMITED DUE TO RDWY,,,2022,1
4370,29650241,0510100,HENDERSON POLICE DEPARTMENT,Accepted,HENDERSON,,,WATSON,LN,,,,,,,,37.86742179,-87.55663179,0.21,2022-01-28,1730,2,2,0,0,SNOWING,ICE,False,REAR END IN TRAFFIC LANES BOTH VEHICLES MOVING,REAR END,STRAIGHT & LEVEL,DARK-HWY LIGHTED/OFF,,,44593.62108,False,37,Accepted,5,5,O,SLIPPERY SURFACE,NOT UNDER PROPER CONTROL,,2022,1
4372,29653598,0510100,HENDERSON POLICE DEPARTMENT,Accepted,HENDERSON,US0041,,US41,,N,,PARK,,,,,37.86339066,-87.57439187,16.508,2022-01-28,1305,2,2,0,0,CLOUDY,WET,True,OPPOSITE DIRECTION - BOTH VEHICLES GOING STRAIGHT AHEAD,SIDESWIPE-OPPOSITE DIRECTION,STRAIGHT & LEVEL,DAYLIGHT,,,44594.42823,False,36,Accepted,5,5,O,,"INATTENTION, MISJUDGE CLEARANCE",,2022,1
4373,29653600,0510100,HENDERSON POLICE DEPARTMENT,Accepted,HENDERSON,,,7TH,ST,,,ELM,,,,,37.84642748,-87.58589351,0.187,2022-02-01,938,2,2,0,1,CLEAR,DRY,False,ANGLE COLLISION - OTHER,ANGLE,STRAIGHT & LEVEL,DAYLIGHT,,,44594.42831,False,36,Accepted,5,3,B,,INATTENTION,,2022,1
4374,29653603,0510100,HENDERSON POLICE DEPARTMENT,Accepted,HENDERSON,,,MEADOW,ST,,,POWELL,,,,,37.82979769,-87.58298469,0.483,2022-02-01,1243,2,2,0,1,CLEAR,FLOODED,True,ANGLE COLLISION - OTHER,ANGLE,STRAIGHT & LEVEL,DAYLIGHT,,,44594.42836,False,36,Accepted,5,4,C,,"FAILED TO YIELD RIGHT OF WAY, INATTENTION",,2022,1
4375,29659133,0510100,HENDERSON POLICE DEPARTMENT,Accepted,HENDERSON,,,WASHINGTON,ST,,,ATKINSON,,,,,37.82788465,-87.5766857,0.242,2022-02-03,106,2,1,0,1,"SLEET, HAIL, FREEZING RAIN",WET,False,COLLISION WITH TRAIN,SINGLE VEHICLE,STRAIGHT & LEVEL,DARK-HWY LIGHTED/ON,,,44595.8529,False,33,Accepted,2,2,A,SLIPPERY SURFACE,"INATTENTION, MISJUDGE CLEARANCE",,2022,1
4376,29659194,0510100,HENDERSON POLICE DEPARTMENT,Accepted,HENDERSON,,1327,BURCHWOOD,CT,,,,,,,,37.81388716,-87.58285338,0.072,2022-01-20,2102,2,2,0,0,CLEAR,DRY,False,1 VEHICLE PARKED POSITION (NOT PARKING LOT/DRIVEWAY),SIDESWIPE-OPPOSITE DIRECTION,CURVE & HILLCREST,DARK-HWY LIGHTED/ON,,,44595.89086,False,25,Accepted,5,5,O,,"INATTENTION, MISJUDGE CLEARANCE",,2022,1
4377,29659244,0510100,HENDERSON POLICE DEPARTMENT,Accepted,HENDERSON,,,GREEN RIVER,RD,,,,,MORNINGSIDE,,OSAGE,37.87356548,-87.5473396,1.373,2022-01-22,2031,1,1,0,0,CLEAR,DRY,False,COLLISION WITH ANIMAL NON INTERSECTION,SINGLE VEHICLE,STRAIGHT & LEVEL,DARK-HWY NOT LIGHTED,,,44595.94521,False,22,Accepted,5,5,O,ANIMALS ACTION,,,2022,1
4378,29659247,0510100,HENDERSON POLICE DEPARTMENT,Accepted,HENDERSON,US0041,,US41,,N,,,,KIMSEY,,VAN WYK,37.84899684,-87.56726029,15.395,2022-01-23,1930,1,1,0,0,CLEAR,DRY,False,COLLISION WITH FIXED OBJECT NON - INTERSECTION - FIRST EVENT COLLISION 09 - 32 EXCLUDING 16,SINGLE VEHICLE,STRAIGHT & LEVEL,DARK-HWY NOT LIGHTED,,,44595.94534,False,22,Accepted,5,5,O,,"FAILED TO KEEP PROPER LANE, LOST CONSCIOUSNESS/FAINTED",,2022,1
4379,29659250,0510100,HENDERSON POLICE DEPARTMENT,Accepted,HENDERSON,US0041,,US41,,N,,,,VAN WYK,US0041,US41 E RAMP TO US41 S,37.84090706,-87.56520227,14.821,2022-01-28,1905,1,1,0,0,SNOWING,SNOW/SLUSH,False,COLLISION WITH FIXED OBJECT NON - INTERSECTION - FIRST EVENT COLLISION 09 - 32 EXCLUDING 16,SINGLE VEHICLE,STRAIGHT & LEVEL,DARK-HWY NOT LIGHTED,,,44595.94546,False,22,Accepted,5,5,O,,TOO FAST FOR CONDITIONS,,2022,1
4380,29659251,0510100,HENDERSON POLICE DEPARTMENT,Accepted,HENDERSON,,,LAMONT,LN,,,GREEN RIVER,,,,,37.86797198,-87.5588113,,2022-01-27,2029,2,2,0,0,CLEAR,DRY,False,ANGLE COLLISION - ONE VEHICLE TURNING LEFT,ANGLE,STRAIGHT & LEVEL,DARK-HWY LIGHTED/ON,,,44595.9455,False,22,Accepted,5,5,O,,,,2022,1
4381,29659876,0510100,HENDERSON POLICE DEPARTMENT,Accepted,HENDERSON,,951,MILLCREEK,DR,,,,,,,,37.86717742,-87.54166009,0.368,2022-02-01,905,2,2,0,0,CLEAR,DRY,False,1 VEHICLE PARKED POSITION (NOT PARKING LOT/DRIVEWAY),BACKING,STRAIGHT & LEVEL,DAYLIGHT,,,44596.32121,False,36,Accepted,5,5,O,,"INATTENTION, MISJUDGE CLEARANCE",,2022,1
4382,29659877,0510100,HENDERSON POLICE DEPARTMENT,Accepted,HENDERSON,US0041A,,GREEN,ST,S,,WASHINGTON,,,,,37.83629214,-87.59080625,15.663,2022-02-01,738,2,2,0,1,CLEAR,DRY,False,OPPOSING LEFT TURN,OPPOSING LEFT TURN,STRAIGHT & GRADE,DAYLIGHT,,,44596.32128,False,32,Accepted,5,3,B,,"FAILED TO YIELD RIGHT OF WAY, MISJUDGE CLEARANCE",,2022,1
4383,29659878,0510100,HENDERSON POLICE DEPARTMENT,Accepted,HENDERSON,,,2ND,ST,,US0041A,GREEN,,,,,37.83949358,-87.58850168,0.002,2022-01-28,726,2,2,0,0,CLOUDY,DRY,False,OTHER INTERSECTION COLLISIONS,REAR END,STRAIGHT & LEVEL,DAYLIGHT,,,44596.32134,False,32,Accepted,5,5,O,GLARE (SUN),INATTENTION,,2022,1
4384,29659881,0510100,HENDERSON POLICE DEPARTMENT,Accepted,HENDERSON,US0041,,,,,,,,,,,37.85752692,-87.57369953,0.169,2022-02-02,1551,1,1,0,0,RAINING,WET,False,OTHER RAMP RELATED COLLISIONS NOT LISTED ABOVE,SINGLE VEHICLE,CURVE & GRADE,DAYLIGHT,US0041,US0041,44596.32146,False,48,Accepted,5,5,O,SLIPPERY SURFACE,NOT UNDER PROPER CONTROL,,2022,1
4385,29659882,0510100,HENDERSON POLICE DEPARTMENT,Accepted,HENDERSON,US0041,,US41,,N,,,,RACETRACK,,STRATMAN,37.88318108,-87.56335071,17.986,2022-01-31,1722,2,2,0,0,CLEAR,DRY,False,1 VEHICLE ENTERING/LEAVING ENTRANCE,ANGLE,STRAIGHT & LEVEL,DARK-HWY NOT LIGHTED,,,44596.3215,False,67,Accepted,5,5,O,,OTHER,,2022,1
4386,29659883,0510100,HENDERSON POLICE DEPARTMENT,Accepted,HENDERSON,,,AUDUBON,ST,,,MAIN,,,,,37.83243191,-87.59921105,0.002,2022-01-31,1452,2,2,0,0,CLEAR,DRY,False,SIDESWIPE-SAME DIRECTION,SIDESWIPE-SAME DIRECTION,STRAIGHT & LEVEL,DAYLIGHT,,,44596.32154,False,34,Accepted,5,5,O,,OTHER,,2022,1