OBJECTID,IncidentID,AgencyORI,AgencyName,IncidentStatusDesc,County,RdwyNumber,Street,RoadwayName,StreetSfx,StreetDir,IntersectionRdwy,IntersectionRdwyName,BetweenStRdwy1,BetweenStRdwyName1,BetweenStRdwy2,BetweenStRdwyName2,Latitude,Longitude,Milepoint,CollisionDate,CollisionTime,UnitsInvolved,MotorVehiclesInvolved,NumberKilled,NumberInjured,Weather,RdwyConditionCode,HitandRun,DirAnalysisCode,MannerofCollision,RdwyCharacter,LightCondition,RampFromRdwyId,RampToRdwyId,AcceptedDate,IsSecondaryCollision,OwnerBadge,IncidentStatus,InjurySeverityCde,KABCO_Code,KABCO,Environmental_Factors,Human_Factors,Vehicular_Factors,CollisionYear,CityCrash
4387,29659884,0510100,HENDERSON POLICE DEPARTMENT,Accepted,HENDERSON,US0041,,US41,,N,,,,ZION,,HWY 2084,37.82761614,-87.5669513,,2022-02-03,1100,1,1,0,0,"SLEET, HAIL, FREEZING RAIN",ICE,False,COLLISION WITH FIXED OBJECT NON - INTERSECTION - FIRST EVENT COLLISION 09 - 32 EXCLUDING 16,SINGLE VEHICLE,CURVE & LEVEL,DAYLIGHT,,,44596.32158,False,73,Accepted,5,5,O,SLIPPERY SURFACE,,,2022,1
4388,29659885,0510100,HENDERSON POLICE DEPARTMENT,Accepted,HENDERSON,,,RICHARDSON,AVE,,,GREEN,,,,,37.8554681,-87.57705802,0.326,2022-02-03,1155,2,2,0,0,"SLEET, HAIL, FREEZING RAIN",ICE,False,COLLISION WITH PARKED VEHICLE,ANGLE,STRAIGHT & LEVEL,DAYLIGHT,,,44596.32163,False,67,Accepted,5,5,O,SLIPPERY SURFACE,TOO FAST FOR CONDITIONS,,2022,1
4389,29659886,0510100,HENDERSON POLICE DEPARTMENT,Accepted,HENDERSON,,,1ST,ST,,,INGRAM,,,,,37.83762681,-87.58776507,0.383,2022-01-29,1452,3,3,0,2,CLEAR,DRY,False,ANGLE COLLISION - OTHER,ANGLE,STRAIGHT & LEVEL,DAYLIGHT,,,44596.32168,False,26,Accepted,5,4,C,,MISJUDGE CLEARANCE,,2022,1
4390,29659887,0510100,HENDERSON POLICE DEPARTMENT,Accepted,HENDERSON,US0041A,1000,GREEN,ST,N,,,,,,,37.84965409,-87.58193254,16.708,2022-01-30,1034,2,2,0,0,CLEAR,DRY,False,VEHICLE BACKING NON INTERSECTION,BACKING,STRAIGHT & LEVEL,DAYLIGHT,,,44596.32172,False,26,Accepted,5,5,O,,MISJUDGE CLEARANCE,,2022,1
4391,29659888,0510100,HENDERSON POLICE DEPARTMENT,Accepted,HENDERSON,US0041A,,GREEN,ST,N,,12TH,,,,,37.85217012,-87.58029521,16.897,2022-01-30,1604,2,2,0,0,CLOUDY,DRY,False,OPPOSING LEFT TURN,OPPOSING LEFT TURN,STRAIGHT & LEVEL,DAYLIGHT,,,44596.32176,False,26,Accepted,5,5,O,,MISJUDGE CLEARANCE,,2022,1
4392,29659889,0510100,HENDERSON POLICE DEPARTMENT,Accepted,HENDERSON,US0041A,,GREEN,ST,N,KY0351,2ND,,,,,37.83948594,-87.58846611,15.922,2022-01-31,848,2,2,0,0,CLEAR,DRY,False,ANGLE COLLISION - OTHER,ANGLE,STRAIGHT & LEVEL,DAYLIGHT,,,44596.3218,False,26,Accepted,5,5,O,,"DISREGARD TRAFFIC CONTROL, INATTENTION",,2022,1
4394,29661131,0510100,HENDERSON POLICE DEPARTMENT,Accepted,HENDERSON,,,US 60,,,,KY 425,,,,,37.79988439,-87.64789017,,2022-02-04,1130,2,2,0,0,CLOUDY,ICE,False,OTHER INTERSECTION COLLISIONS,REAR END,STRAIGHT & LEVEL,DAYLIGHT,,,44596.67324,False,73,Accepted,5,5,O,SLIPPERY SURFACE,OTHER,,2022,1
4395,29665086,0510100,HENDERSON POLICE DEPARTMENT,Accepted,HENDERSON,,1818,ELM,ST,N,,,,,,,37.8619153,-87.57596785,1.857,2022-02-02,1133,2,2,0,0,RAINING,WET,False,1 VEHICLE ENTERING/LEAVING ENTRANCE,ANGLE,STRAIGHT & LEVEL,DAYLIGHT,,,44598.53109,False,17,Accepted,5,5,O,,INATTENTION,,2022,1
4396,29665090,0510100,HENDERSON POLICE DEPARTMENT,Accepted,HENDERSON,,,10TH,ST,,,BOOK,,,,,37.84851955,-87.58000773,0.322,2022-02-05,850,1,1,0,0,CLEAR,ICE,False,COLLISION WITH FIXED OBJECT IN INTERSECTION - FIRST EVENT COLLISION 09 - 32,SINGLE VEHICLE,STRAIGHT & LEVEL,DAYLIGHT,,,44598.5312,False,32,Accepted,5,5,O,SLIPPERY SURFACE,"NOT UNDER PROPER CONTROL, TOO FAST FOR CONDITIONS",,2022,1
4397,29665091,0510100,HENDERSON POLICE DEPARTMENT,Accepted,HENDERSON,,,VINE,ST,,,ALVES,,,,,37.82909608,-87.59231953,0.237,2022-02-01,1555,2,2,0,0,CLEAR,DRY,False,ANGLE COLLISION - OTHER,ANGLE,STRAIGHT & LEVEL,DAYLIGHT,,,44598.53129,False,17,Accepted,5,5,O,,INATTENTION,,2022,1
4398,29665092,0510100,HENDERSON POLICE DEPARTMENT,Accepted,HENDERSON,,925,MADISON,ST,,,,,,,,37.82359733,-87.59041947,0.097,2022-02-01,1626,2,2,0,0,CLEAR,DRY,True,1 VEHICLE PARKED POSITION (NOT PARKING LOT/DRIVEWAY),BACKING,STRAIGHT & LEVEL,DAYLIGHT,,,44598.53133,False,17,Accepted,5,5,O,,INATTENTION,,2022,1
4401,29668531,0510100,HENDERSON POLICE DEPARTMENT,Accepted,HENDERSON,US0041,,US41,,N,,,,CINEMA,,PARK,37.86279913,-87.57460638,16.469,2022-02-06,1041,2,2,0,0,CLEAR,ICE,False,VEHICLE BACKING NON INTERSECTION,BACKING,STRAIGHT & LEVEL,DAYLIGHT,,,44599.47496,False,32,Accepted,5,5,O,SLIPPERY SURFACE,"IMPROPER BACKING, INATTENTION",,2022,1
4402,29668534,0510100,HENDERSON POLICE DEPARTMENT,Accepted,HENDERSON,,,SHELBY,ST,,,PRINGLE,,,,,37.82096009,-87.58270502,0.24,2022-01-28,735,2,2,0,0,CLEAR,DRY,True,ANGLE COLLISION - OTHER,ANGLE,STRAIGHT & LEVEL,DAYLIGHT,,,44599.47504,False,65,Accepted,5,5,O,,"FAILED TO YIELD RIGHT OF WAY, INATTENTION",,2022,1
4403,29668537,0510100,HENDERSON POLICE DEPARTMENT,Accepted,HENDERSON,,,ATKINSON,ST,,,,,CUMNOCK,,CLAY,37.82455505,-87.57754416,0.248,2022-01-28,1713,2,2,0,0,CLOUDY,ICE,False,OTHER ROADWAY OR MID-BLOCK COLLISION,REAR END,STRAIGHT & LEVEL,DARK-HWY LIGHTED/ON,,,44599.47512,False,65,Accepted,5,5,O,SLIPPERY SURFACE,INATTENTION,,2022,1
4404,29668541,0510100,HENDERSON POLICE DEPARTMENT,Accepted,HENDERSON,US0060,,GREEN,ST,S,,,,OHIO,,COMMUNITY,37.80515658,-87.63405693,9.539,2022-02-03,1140,2,2,0,0,"SLEET, HAIL, FREEZING RAIN",SNOW/SLUSH,False,OTHER ROADWAY OR MID-BLOCK COLLISION,REAR END,STRAIGHT & LEVEL,DAYLIGHT,,,44599.47526,False,44,Accepted,5,5,O,SLIPPERY SURFACE,"INATTENTION, MISJUDGE CLEARANCE, NOT UNDER PROPER CONTROL",,2022,1
4405,29670274,0510100,HENDERSON POLICE DEPARTMENT,Accepted,HENDERSON,,639,5TH,ST,,,,,,,,37.84140527,-87.58137837,0.67,2022-01-29,1620,2,2,0,0,CLEAR,DRY,True,1 VEHICLE PARKED POSITION (NOT PARKING LOT/DRIVEWAY),SIDESWIPE-SAME DIRECTION,STRAIGHT & LEVEL,DAYLIGHT,,,44599.74547,False,66,Accepted,5,5,O,,INATTENTION,,2022,1
4408,29672768,0510000,HENDERSON COUNTY SHERIFF DEPT.,Accepted,HENDERSON,,,OHIO,DR,,,,,,,,37.80574946,-87.63244024,,2022-01-31,1539,2,2,0,0,CLEAR,DRY,False,REAR END IN TRAFFIC LANES BOTH VEHICLES MOVING,REAR END,STRAIGHT & LEVEL,DAYLIGHT,,,44600.4398,False,130,Accepted,5,5,O,,INATTENTION,,2022,1
4409,29672769,0510000,HENDERSON COUNTY SHERIFF DEPT.,Accepted,HENDERSON,AU9005,,,,,,,,,,,37.81011437,-87.5653854,0.236,2022-01-28,1710,2,2,0,0,SNOWING,ICE,False,OTHER RAMP RELATED COLLISIONS NOT LISTED ABOVE,REAR END,CURVE & GRADE,DARK-HWY LIGHTED/ON,AU9005,US0041,44600.43984,False,133,Accepted,5,5,O,SLIPPERY SURFACE,TOO FAST FOR CONDITIONS,,2022,1
4417,29675146,0510100,HENDERSON POLICE DEPARTMENT,Accepted,HENDERSON,,,CENTER,ST,,,ELM,,,,,37.83799463,-87.59149918,0.942,2022-02-06,848,2,2,0,0,CLEAR,ICE,False,OTHER INTERSECTION COLLISIONS,REAR END,STRAIGHT & LEVEL,DAYLIGHT,,,44600.79186,False,3,Accepted,5,5,O,SLIPPERY SURFACE,,,2022,1
4418,29677295,0510100,HENDERSON POLICE DEPARTMENT,Accepted,HENDERSON,US0060,,US60,,E,,BARRET,,,,,37.85992167,-87.56775429,10.599,2022-01-26,1648,2,2,0,0,CLEAR,DRY,False,ANGLE COLLISION - OTHER,ANGLE,STRAIGHT & LEVEL,DAYLIGHT,,,44601.4038,False,67,Accepted,5,5,O,,INATTENTION,,2022,1
4419,29677297,0510100,HENDERSON POLICE DEPARTMENT,Accepted,HENDERSON,,1417,BAILEY,ST,,,,,SHELBY,,LETCHER,37.82262463,-87.58187444,0.118,2022-01-30,840,2,2,0,0,CLEAR,DRY,True,1 VEHICLE PARKED POSITION (NOT PARKING LOT/DRIVEWAY),REAR END,STRAIGHT & LEVEL,DAYLIGHT,,,44601.40391,False,34,Accepted,5,5,O,,,,2022,1
4420,29677369,0510100,HENDERSON POLICE DEPARTMENT,Accepted,HENDERSON,,,GREEN,ST,S,,CANOE CREEK,,,,,37.82041313,-87.60797526,,2022-02-08,720,2,2,0,0,CLEAR,DRY,True,OPPOSITE DIRECTION - BOTH VEHICLES GOING STRAIGHT AHEAD,SIDESWIPE-OPPOSITE DIRECTION,STRAIGHT & LEVEL,DAYLIGHT,,,44601.42003,False,73,Accepted,5,5,O,,INATTENTION,,2022,1
4422,29681705,0510100,HENDERSON POLICE DEPARTMENT,Accepted,HENDERSON,,200,MAIN,ST,N,,,,,,,37.84177073,-87.59097225,0.181,2022-02-08,1607,2,2,0,0,CLEAR,DRY,False,1 VEHICLE PARKED POSITION (NOT PARKING LOT/DRIVEWAY),SIDESWIPE-SAME DIRECTION,STRAIGHT & LEVEL,DAYLIGHT,,,44602.38198,False,66,Accepted,5,5,O,,INATTENTION,,2022,1
4423,29681706,0510100,HENDERSON POLICE DEPARTMENT,Accepted,HENDERSON,KY0351,,2ND,ST,,,KLUTEY PARK PLAZA,,,,,37.83237522,-87.57163726,1.042,2022-02-09,747,3,3,0,3,CLEAR,DRY,False,OTHER INTERSECTION COLLISIONS,REAR END,STRAIGHT & LEVEL,DAWN,,,44602.38203,False,34,Accepted,5,4,C,GLARE (SUN),,,2022,1
4424,29681707,0510100,HENDERSON POLICE DEPARTMENT,Accepted,HENDERSON,US0041A,,GREEN,ST,N,,,,9TH,,10TH,37.84909123,-87.58228252,,2022-02-09,1120,1,1,0,1,CLOUDY,DRY,False,COLLISION WITH FIXED OBJECT NON - INTERSECTION - FIRST EVENT COLLISION 09 - 32 EXCLUDING 16,SINGLE VEHICLE,STRAIGHT & GRADE,DAYLIGHT,,,44602.38213,False,73,Accepted,5,4,C,,"INATTENTION, NOT UNDER PROPER CONTROL",,2022,1
4425,29681708,0510100,HENDERSON POLICE DEPARTMENT,Accepted,HENDERSON,KY2084,,KY2084,,S,KY0812,AIRLINE,,,,,37.82023784,-87.5693665,2.131,2022-02-09,1036,2,2,0,2,CLOUDY,DRY,False,ANGLE COLLISION - OTHER,ANGLE,STRAIGHT & LEVEL,DAYLIGHT,,,44602.38218,False,67,Accepted,5,3,B,,OTHER,,2022,1
4426,29681709,0510100,HENDERSON POLICE DEPARTMENT,Accepted,HENDERSON,,,CHESTNUT,ST,,,,,ALVES,,ADAMS,37.82595018,-87.59561312,,2022-02-09,1500,2,2,0,0,CLEAR,DRY,False,VEHICLE BACKING NON INTERSECTION,BACKING,STRAIGHT & LEVEL,DAYLIGHT,,,44602.38224,False,73,Accepted,5,5,O,IMPROPERLY PARKED VEHICLE(S),INATTENTION,,2022,1
4429,29682526,0510100,HENDERSON POLICE DEPARTMENT,Accepted,HENDERSON,,,ATKINSON,ST,,,,,CUMNOCK,,CLAY,37.82455242,-87.5775466,0.248,2022-01-28,1734,3,3,0,0,CLOUDY,ICE,False,OTHER ROADWAY OR MID-BLOCK COLLISION,REAR END,STRAIGHT & LEVEL,DARK-HWY LIGHTED/ON,,,44602.523,False,65,Accepted,5,5,O,SLIPPERY SURFACE,INATTENTION,,2022,1
4430,29682665,0510100,HENDERSON POLICE DEPARTMENT,Accepted,HENDERSON,KY0136,,MADISON,ST,,,,KY2084,KY2084,,HENDERSON COMMUNITY,37.80176686,-87.57210046,22.065,2022-01-28,603,2,2,0,0,CLEAR,DRY,False,REAR END IN TRAFFIC LANES BOTH VEHICLES MOVING,REAR END,STRAIGHT & LEVEL,DARK-HWY LIGHTED/ON,,,44602.54888,False,65,Accepted,5,5,O,,INATTENTION,,2022,1
4431,29684721,0510100,HENDERSON POLICE DEPARTMENT,Accepted,HENDERSON,,,MARYWOOD,DR,,US0041,US41,,,,,37.86727693,-87.57214106,0.604,2022-02-06,1822,2,2,0,0,CLEAR,DRY,False,OTHER INTERSECTION COLLISIONS,REAR END,STRAIGHT & LEVEL,DAYLIGHT,,,44602.93614,False,22,Accepted,5,5,O,,INATTENTION,,2022,1
4432,29684722,0510100,HENDERSON POLICE DEPARTMENT,Accepted,HENDERSON,US0041,2910,US41,,N,,,,,,,37.87808036,-87.56616184,17.616,2022-02-02,1805,1,1,0,0,RAINING,WET,False,COLLISION WITH FIXED OBJECT NON - INTERSECTION - FIRST EVENT COLLISION 09 - 32 EXCLUDING 16,SINGLE VEHICLE,STRAIGHT & LEVEL,DARK-HWY LIGHTED/ON,,,44602.93618,False,22,Accepted,5,5,O,,MISJUDGE CLEARANCE,,2022,1
4433,29686325,0510100,HENDERSON POLICE DEPARTMENT,Accepted,HENDERSON,,,INGRAM,ST,N,,,,,,,37.84131534,-87.58539803,0.293,2022-02-10,1444,1,1,0,0,CLEAR,DRY,False,OTHER ROADWAY OR MID-BLOCK COLLISION,SINGLE VEHICLE,STRAIGHT & LEVEL,DAYLIGHT,,,44603.35897,False,19,Accepted,5,5,O,,INATTENTION,,2022,1
4434,29688824,0510100,HENDERSON POLICE DEPARTMENT,Accepted,HENDERSON,US0041,,US41,,N,,,,,,,37.86729338,-87.57225489,16.806,2022-02-10,2029,2,2,0,0,CLEAR,DRY,False,REAR END IN TRAFFIC LANES BOTH VEHICLES MOVING,REAR END,STRAIGHT & LEVEL,DARK-HWY LIGHTED/ON,,,44603.80942,False,24,Accepted,5,5,O,,INATTENTION,,2022,1
4435,29688997,0510100,HENDERSON POLICE DEPARTMENT,Accepted,HENDERSON,US0060,,US60,,E,,BARRET,,,,,37.85990585,-87.56774729,10.6,2021-11-23,1100,2,1,0,0,CLEAR,DRY,True,COLLISION WITH PEDESTRIAN IN INTERSECTION,SINGLE VEHICLE,STRAIGHT & LEVEL,DAYLIGHT,,,44603.87331,False,22,Accepted,5,5,O,,FAILED TO YIELD RIGHT OF WAY,,2021,1
4436,29696613,0510100,HENDERSON POLICE DEPARTMENT,Accepted,HENDERSON,,,5TH,ST,,,ALVASIA,,,,,37.8413297,-87.58121594,0.659,2022-02-10,1504,2,2,0,0,CLEAR,DRY,False,COLLISION WITH PARKED VEHICLE,BACKING,STRAIGHT & LEVEL,DAYLIGHT,,,44606.36607,False,32,Accepted,5,5,O,,"IMPROPER BACKING, MISJUDGE CLEARANCE",,2022,1
4437,29696760,0510100,HENDERSON POLICE DEPARTMENT,Accepted,HENDERSON,,,ADAMS,ST,N,,8TH,,,,,37.84593382,-87.5807649,0.757,2022-02-11,1453,2,2,0,1,CLEAR,DRY,False,COLLISION WITH PARKED VEHICLE,REAR END,STRAIGHT & LEVEL,DAYLIGHT,,,44606.39195,False,65,Accepted,5,4,C,,INATTENTION,,2022,1
4438,29696762,0510100,HENDERSON POLICE DEPARTMENT,Accepted,HENDERSON,US0060,2130,US60,,E,,,,,,,37.86022851,-87.56673875,10.663,2022-02-10,1431,2,2,0,0,CLEAR,DRY,False,1 VEHICLE ENTERING/LEAVING ENTRANCE,ANGLE,STRAIGHT & LEVEL,DAYLIGHT,,,44606.39201,False,17,Accepted,5,5,O,,INATTENTION,,2022,1
4439,29696763,0510100,HENDERSON POLICE DEPARTMENT,Accepted,HENDERSON,US0041A,,GREEN,ST,N,,,,RAY,,8TH,37.84734976,-87.58337805,16.539,2022-02-11,1327,2,2,0,0,CLEAR,DRY,False,SIDESWIPE COLLISION - SAME DIRECTION,SIDESWIPE-SAME DIRECTION,STRAIGHT & LEVEL,DAYLIGHT,,,44606.39206,False,32,Accepted,5,5,O,,"FAILED TO KEEP PROPER LANE, INATTENTION",,2022,1
4440,29696787,0510100,HENDERSON POLICE DEPARTMENT,Accepted,HENDERSON,US0041A,1700,GREEN,ST,S,,,,,,,37.81592811,-87.6150375,13.655,2022-02-10,1412,2,2,0,0,CLEAR,DRY,True,SIDESWIPE COLLISION - SAME DIRECTION,SIDESWIPE-SAME DIRECTION,STRAIGHT & LEVEL,DAYLIGHT,,,44606.39838,False,19,Accepted,5,5,O,,INATTENTION,,2022,1
4441,29696961,0510100,HENDERSON POLICE DEPARTMENT,Accepted,HENDERSON,,,5TH,ST,,,,,INGRAM,US0041A,GREEN,37.84329017,-87.58598114,0.953,2022-02-10,1317,2,2,0,0,CLEAR,DRY,False,OTHER ROADWAY OR MID-BLOCK COLLISION,REAR END,STRAIGHT & LEVEL,DAYLIGHT,,,44606.43049,False,65,Accepted,5,5,O,,INATTENTION,,2022,1
4442,29696963,0510100,HENDERSON POLICE DEPARTMENT,Accepted,HENDERSON,US0041,,US41,,N,,,US0041,US41 N EXIT81 OFF RAMP TO US60 E,US0041,US41 N EXIT81 OFF RAMP TO US60 W,37.85718599,-87.57317132,16.038,2022-02-11,1730,2,2,0,0,RAINING,WET,False,OTHER ROADWAY OR MID-BLOCK COLLISION,REAR END,STRAIGHT & LEVEL,DARK-HWY LIGHTED/ON,,,44606.43058,False,48,Accepted,5,5,O,SLIPPERY SURFACE,INATTENTION,,2022,1
4443,29696965,0510100,HENDERSON POLICE DEPARTMENT,Accepted,HENDERSON,US0060,,GREEN,ST,S,,,,COMMUNITY,,DANA,37.80209691,-87.64198705,9.056,2022-02-09,1700,2,2,0,0,CLEAR,DRY,False,REAR END IN TRAFFIC LANES BOTH VEHICLES MOVING,REAR END,STRAIGHT & LEVEL,DUSK,,,44606.4307,False,34,Accepted,5,5,O,GLARE (SUN),INATTENTION,,2022,1
4446,29699515,0510100,HENDERSON POLICE DEPARTMENT,Accepted,HENDERSON,,,SHELBY,ST,,,PRINGLE,,,,,37.82096438,-87.58269493,0.239,2022-02-11,1857,2,2,0,0,RAINING,WET,False,COLLISION WITH PARKED VEHICLE,ANGLE,STRAIGHT & LEVEL,UNKNOWN,,,44606.8707,False,24,Accepted,5,5,O,,"INATTENTION, TOO FAST FOR CONDITIONS",,2022,1
4447,29701440,0510100,HENDERSON POLICE DEPARTMENT,Accepted,HENDERSON,,,US 60,,,,KY 425,,,,,37.79997834,-87.64768598,,2022-02-14,1135,2,2,0,0,CLEAR,DRY,False,ANGLE COLLISION - OTHER,ANGLE,STRAIGHT & LEVEL,DAYLIGHT,,,44607.38398,False,73,Accepted,5,5,O,,"DISTRACTION, FAILED TO YIELD RIGHT OF WAY, INATTENTION",,2022,1
4448,29701443,0510100,HENDERSON POLICE DEPARTMENT,Accepted,HENDERSON,,,GREEN,ST,N,,2ND,,,,,37.83942762,-87.58851035,,2022-02-14,1420,2,2,0,0,CLEAR,DRY,False,ANGLE COLLISION - OTHER,ANGLE,STRAIGHT & LEVEL,DAYLIGHT,,,44607.38404,False,73,Accepted,5,5,O,,"DISREGARD TRAFFIC CONTROL, DISTRACTION, INATTENTION",,2022,1
4449,29701445,0510100,HENDERSON POLICE DEPARTMENT,Accepted,HENDERSON,,,ADAMS,ST,,,,,RAY,,NINTH,37.84674156,-87.58023206,,2022-02-14,1445,2,2,0,0,CLEAR,DRY,False,1 VEHICLE ENTERING/LEAVING ENTRANCE,ANGLE,STRAIGHT & LEVEL,DAYLIGHT,,,44607.38418,False,73,Accepted,5,5,O,,"FAILED TO YIELD RIGHT OF WAY, INATTENTION",,2022,1
4450,29701448,0510100,HENDERSON POLICE DEPARTMENT,Accepted,HENDERSON,US0041,2000,US41,,N,,,,,,,37.86473304,-87.57349736,16.613,2022-02-13,1030,2,2,0,0,CLEAR,DRY,False,REAR END IN TRAFFIC LANES BOTH VEHICLES MOVING,REAR END,STRAIGHT & LEVEL,DAYLIGHT,,,44607.38435,False,36,Accepted,5,5,O,,INATTENTION,,2022,1
4451,29704121,0510100,HENDERSON POLICE DEPARTMENT,Accepted,HENDERSON,,2364,GREEN RIVER,RD,,,,,,,,37.86446039,-87.56394002,0.262,2022-02-12,515,2,2,0,0,CLEAR,DRY,True,1 VEHICLE PARKED POSITION (NOT PARKING LOT/DRIVEWAY),ANGLE,STRAIGHT & LEVEL,DARK-HWY NOT LIGHTED,,,44607.82745,False,22,Accepted,5,5,O,,,,2022,1
4452,29704122,0510100,HENDERSON POLICE DEPARTMENT,Accepted,HENDERSON,,,GARDEN MILE,RD,N,,,,,,,37.82827459,-87.55774275,,2022-02-11,2021,2,2,0,0,CLEAR,DRY,True,REAR END IN TRAFFIC LANES BOTH VEHICLES MOVING,REAR END,STRAIGHT & LEVEL,DARK-HWY LIGHTED/ON,,,44607.82749,False,22,Accepted,5,5,O,,,,2022,1
4453,29704177,0510100,HENDERSON POLICE DEPARTMENT,Accepted,HENDERSON,,1810,ELM,ST,N,,,,,,,37.86181854,-87.57608133,1.848,2022-02-14,2108,1,1,0,0,CLEAR,DRY,False,COLLISION WITH FIXED OBJECT NON - INTERSECTION - FIRST EVENT COLLISION 09 - 32 EXCLUDING 16,SINGLE VEHICLE,STRAIGHT & LEVEL,DARK-HWY LIGHTED/OFF,,,44607.8424,False,31,Accepted,5,5,O,OTHER,OVERCORRECTING/OVERSTEERING,,2022,1
4454,29704184,0510100,HENDERSON POLICE DEPARTMENT,Accepted,HENDERSON,US0041A,,GREEN,ST,S,,SAND,,,,,37.82379872,-87.60321739,14.517,2022-02-14,1849,2,2,0,0,CLEAR,DRY,False,SIDESWIPE-SAME DIRECTION,SIDESWIPE-SAME DIRECTION,STRAIGHT & LEVEL,DARK-HWY LIGHTED/ON,,,44607.84572,False,59,Accepted,5,5,O,,FAILED TO KEEP PROPER LANE,,2022,1
4455,29706138,0510100,HENDERSON POLICE DEPARTMENT,Accepted,HENDERSON,US0041,2201,US41,,N,,,,,,,37.86857758,-87.57155257,16.892,2022-02-15,1413,2,2,0,1,CLEAR,DRY,False,REAR END IN TRAFFIC LANES BOTH VEHICLES MOVING,REAR END,STRAIGHT & LEVEL,DAYLIGHT,,,44608.37164,False,51,Accepted,4,4,C,,DISTRACTION,,2022,1
4457,29708994,0510100,HENDERSON POLICE DEPARTMENT,Accepted,HENDERSON,US0041A,,GREEN,ST,N,,13TH,,,,,37.85314213,-87.5796732,16.994,2022-02-15,1640,2,2,0,0,CLEAR,DRY,False,OTHER INTERSECTION COLLISIONS,REAR END,STRAIGHT & LEVEL,DAYLIGHT,,,44608.77503,False,38,Accepted,5,5,O,,INATTENTION,,2022,1
4458,29708995,0510100,HENDERSON POLICE DEPARTMENT,Accepted,HENDERSON,US0041A,,GREEN,ST,S,,CLAY,,,,,37.83403881,-87.59313009,15.461,2022-02-15,1305,2,2,0,0,CLEAR,DRY,False,ANGLE COLLISION - OTHER,ANGLE,STRAIGHT & LEVEL,DAYLIGHT,,,44608.7751,False,33,Accepted,5,5,O,,"FAILED TO YIELD RIGHT OF WAY, INATTENTION, TURNING IMPROPERLY",,2022,1
4459,29711334,0510100,HENDERSON POLICE DEPARTMENT,Accepted,HENDERSON,KY0812,,AIRLINE,RD,,,GARDEN MILE,,,,,37.81497483,-87.56035901,6.758,2022-02-16,757,3,3,0,1,CLEAR,DRY,False,OPPOSITE DIRECTION - BOTH VEHICLES GOING STRAIGHT AHEAD,SIDESWIPE-OPPOSITE DIRECTION,STRAIGHT & HILLCREST,DAYLIGHT,,,44609.39705,False,49,Accepted,5,3,B,,LOST CONSCIOUSNESS/FAINTED,,2022,1
4460,29711335,0510100,HENDERSON POLICE DEPARTMENT,Accepted,HENDERSON,KY0812,,AIRLINE,RD,,,,,,,,37.81652008,-87.56306086,6.974,2022-02-16,1453,2,2,0,0,CLEAR,DRY,False,REAR END IN TRAFFIC LANES BOTH VEHICLES MOVING,REAR END,STRAIGHT & HILLCREST,DAYLIGHT,,,44609.39711,False,49,Accepted,5,5,O,,"FOLLOWING TOO CLOSE, MISJUDGE CLEARANCE",,2022,1
4461,29711337,0510100,HENDERSON POLICE DEPARTMENT,Accepted,HENDERSON,US0041A,,GREEN,ST,N,,1ST,,,,,37.83822253,-87.58921276,15.822,2022-02-16,820,2,2,0,0,CLEAR,DRY,False,ANGLE COLLISION - OTHER,ANGLE,STRAIGHT & LEVEL,DAYLIGHT,,,44609.39722,False,36,Accepted,5,5,O,,INATTENTION,,2022,1
4462,29711338,0510100,HENDERSON POLICE DEPARTMENT,Accepted,HENDERSON,,,LAMONT,LN,,,,,,,,37.86797315,-87.55878504,0.002,2022-02-16,725,2,2,0,0,CLEAR,DRY,False,1 VEHICLE ENTERING/LEAVING ENTRANCE,ANGLE,STRAIGHT & LEVEL,DAYLIGHT,,,44609.39729,False,51,Accepted,5,5,O,,,,2022,1
4464,29711396,0510100,HENDERSON POLICE DEPARTMENT,Accepted,HENDERSON,US0041A,,GREEN,ST,N,,5TH,,,,,37.84329882,-87.58597773,16.217,2022-02-16,1505,2,2,0,0,CLEAR,DRY,False,SIDESWIPE-SAME DIRECTION,SIDESWIPE-SAME DIRECTION,STRAIGHT & LEVEL,DAYLIGHT,,,44609.41417,False,36,Accepted,5,5,O,,INATTENTION,,2022,1
4465,29711398,0510100,HENDERSON POLICE DEPARTMENT,Accepted,HENDERSON,US0041A,,GREEN,ST,N,,,,10TH,,CRESTVIEW,37.84979862,-87.58181066,16.732,2022-02-14,1211,2,2,0,0,CLEAR,DRY,False,1 VEHICLE ENTERING/LEAVING ENTRANCE,ANGLE,STRAIGHT & LEVEL,DAYLIGHT,,,44609.41428,False,67,Accepted,5,5,O,,INATTENTION,,2022,1
4466,29711399,0510100,HENDERSON POLICE DEPARTMENT,Accepted,HENDERSON,US0041A,,GREEN,ST,N,,1ST,,,,,37.83823324,-87.5892596,15.823,2022-02-14,1350,2,2,0,2,CLEAR,DRY,False,ANGLE COLLISION - ONE VEHICLE TURNING RIGHT,ANGLE,STRAIGHT & LEVEL,DAYLIGHT,,,44609.41433,False,67,Accepted,4,3,B,,INATTENTION,,2022,1
4469,29711553,0510100,HENDERSON POLICE DEPARTMENT,Accepted,HENDERSON,US0041,,US41,,N,,,,KIMSEY,,VAN WYK,37.84816178,-87.56705329,15.337,2022-02-16,1507,2,2,0,0,CLOUDY,DRY,False,REAR END IN TRAFFIC LANES BOTH VEHICLES MOVING,REAR END,STRAIGHT & LEVEL,DAYLIGHT,,,44609.43541,False,32,Accepted,5,5,O,"NON-HIGHWAY WORK: WORK ZONE (Utility, Tree, etc.)","IMPROPER PASSING, MISJUDGE CLEARANCE",,2022,1