OBJECTID,IncidentID,AgencyORI,AgencyName,IncidentStatusDesc,County,RdwyNumber,Street,RoadwayName,StreetSfx,StreetDir,IntersectionRdwy,IntersectionRdwyName,BetweenStRdwy1,BetweenStRdwyName1,BetweenStRdwy2,BetweenStRdwyName2,Latitude,Longitude,Milepoint,CollisionDate,CollisionTime,UnitsInvolved,MotorVehiclesInvolved,NumberKilled,NumberInjured,Weather,RdwyConditionCode,HitandRun,DirAnalysisCode,MannerofCollision,RdwyCharacter,LightCondition,RampFromRdwyId,RampToRdwyId,AcceptedDate,IsSecondaryCollision,OwnerBadge,IncidentStatus,InjurySeverityCde,KABCO_Code,KABCO,Environmental_Factors,Human_Factors,Vehicular_Factors,CollisionYear,CityCrash
4470,29716324,0510100,HENDERSON POLICE DEPARTMENT,Accepted,HENDERSON,,,ALVES,ST,N,,1ST,,,,,37.83649918,-87.58492084,0.104,2022-02-17,747,2,2,0,0,RAINING,WET,False,OPPOSING LEFT TURN,OPPOSING LEFT TURN,STRAIGHT & LEVEL,DAWN,,,44610.59898,False,47,Accepted,5,5,O,"OTHER, SLIPPERY SURFACE",INATTENTION,,2022,1
4471,29716415,0510100,HENDERSON POLICE DEPARTMENT,Accepted,HENDERSON,US0041,2611,US41,,N,,,,WATSON,,PAUL,37.87477393,-87.56818884,17.363,2022-02-17,1519,1,1,0,1,RAINING,WET,False,COLLISION WITH FIXED OBJECT NON - INTERSECTION - FIRST EVENT COLLISION 09 - 32 EXCLUDING 16,SINGLE VEHICLE,STRAIGHT & LEVEL,DAYLIGHT,,,44610.60887,False,32,Accepted,5,3,B,SLIPPERY SURFACE,"ALCOHOL INVOLVEMENT, NOT UNDER PROPER CONTROL, OVERCORRECTING/OVERSTEERING",,2022,1
4472,29717191,0510100,HENDERSON POLICE DEPARTMENT,Accepted,HENDERSON,US0041,2900,US41,,N,,,,,,,37.87644495,-87.56725185,17.489,2022-02-17,1935,2,2,0,0,CLEAR,WET,False,REAR END IN TRAFFIC LANES BOTH VEHICLES MOVING,REAR END,STRAIGHT & LEVEL,DARK-HWY LIGHTED/ON,,,44610.71416,False,63,Accepted,5,5,O,SLIPPERY SURFACE,TOO FAST FOR CONDITIONS,,2022,1
4473,29717192,0510100,HENDERSON POLICE DEPARTMENT,Accepted,HENDERSON,US0041A,,GREEN,ST,N,,,,,,,37.85296213,-87.57974589,16.961,2022-02-17,1900,1,1,0,0,CLOUDY,WET,False,COLLISION WITH FIXED OBJECT NON - INTERSECTION - FIRST EVENT COLLISION 09 - 32 EXCLUDING 16,SINGLE VEHICLE,STRAIGHT & LEVEL,DARK-HWY LIGHTED/ON,,,44610.7142,False,58,Accepted,5,5,O,DEBRIS IN ROADWAY,,,2022,1
4474,29717193,0510100,HENDERSON POLICE DEPARTMENT,Accepted,HENDERSON,,886,HONEYLARK,LN,,,,,,,,37.87066017,-87.55583256,0.029,2022-02-18,25,2,2,0,0,CLEAR,WET,False,1 VEHICLE PARKED POSITION (NOT PARKING LOT/DRIVEWAY),BACKING,STRAIGHT & LEVEL,DARK-HWY NOT LIGHTED,,,44610.71424,False,63,Accepted,5,5,O,,INATTENTION,,2022,1
4477,29725598,0510100,HENDERSON POLICE DEPARTMENT,Accepted,HENDERSON,,,2ND,ST,,,WATER,,,,,37.8412769,-87.5930373,0.278,2022-02-19,1139,2,2,0,0,CLEAR,DRY,False,COLLISION WITH PARKED VEHICLE,BACKING,STRAIGHT & LEVEL,DAYLIGHT,,,44613.35747,False,51,Accepted,5,5,O,,INATTENTION,,2022,1
4478,29725600,0510100,HENDERSON POLICE DEPARTMENT,Accepted,HENDERSON,,2740,BROWNS,DR,,,,,,,,37.87362196,-87.55850549,0.098,2022-02-19,708,2,2,0,0,CLEAR,DRY,True,1 VEHICLE PARKED POSITION (NOT PARKING LOT/DRIVEWAY),ANGLE,STRAIGHT & LEVEL,DAYLIGHT,,,44613.35752,False,51,Accepted,5,5,O,,,,2022,1
4479,29726686,0510100,HENDERSON POLICE DEPARTMENT,Accepted,HENDERSON,US0041A,,GREEN,ST,N,,,,,,,37.85025058,-87.5815144,16.767,2022-02-19,1411,2,2,0,0,CLEAR,DRY,False,SIDESWIPE COLLISION - SAME DIRECTION,SIDESWIPE-SAME DIRECTION,STRAIGHT & LEVEL,DAYLIGHT,,,44613.46237,False,19,Accepted,5,5,O,,INATTENTION,,2022,1
4481,29726910,0510000,HENDERSON COUNTY SHERIFF DEPT.,Accepted,HENDERSON,,,HERRON,AVE,,,,,,,,37.85484504,-87.57787359,0.095,2022-02-20,349,2,2,0,0,CLEAR,DRY,False,REAR END IN TRAFFIC LANES BOTH VEHICLES MOVING,REAR END,STRAIGHT & LEVEL,DARK-HWY LIGHTED/ON,,,44613.50509,False,133,Accepted,5,5,O,,ALCOHOL INVOLVEMENT,,2022,1
4482,29729110,0510100,HENDERSON POLICE DEPARTMENT,Accepted,HENDERSON,,300,ALVASIA,ST,S,,,,,,,37.83018324,-87.58899567,0.384,2022-02-18,1806,1,1,0,1,CLEAR,DRY,False,COLLISION WITH FIXED OBJECT NON - INTERSECTION - FIRST EVENT COLLISION 09 - 32 EXCLUDING 16,SINGLE VEHICLE,STRAIGHT & LEVEL,DARK-HWY LIGHTED/ON,,,44613.93296,False,59,Accepted,5,4,C,,LOST CONSCIOUSNESS/FAINTED,,2022,1
4483,29731307,0510100,HENDERSON POLICE DEPARTMENT,Accepted,HENDERSON,US0041,2855,US41,,N,,,,,,,37.87910582,-87.56577958,17.688,2022-02-21,1512,2,2,0,1,CLOUDY,DRY,False,OTHER ROADWAY OR MID-BLOCK COLLISION,REAR END,STRAIGHT & LEVEL,DAYLIGHT,,,44614.47281,False,37,Accepted,5,3,B,,INATTENTION,,2022,1
4484,29731605,0510100,HENDERSON POLICE DEPARTMENT,Accepted,HENDERSON,US0041A,,GREEN,ST,S,,VINE,,,,,37.83156639,-87.59539429,15.22,2022-02-22,743,2,2,0,1,RAINING,WET,False,OTHER INTERSECTION COLLISIONS,REAR END,STRAIGHT & LEVEL,DAYLIGHT,,,44614.53426,False,64,Accepted,3,3,B,SLIPPERY SURFACE,NOT UNDER PROPER CONTROL,,2022,1
4485,29732457,0510100,HENDERSON POLICE DEPARTMENT,Accepted,HENDERSON,,,BARRET,BLVD,,US0041,US41,,,,,37.86417285,-87.57332563,0.876,2022-02-21,1755,2,2,0,0,CLOUDY,DRY,False,OTHER INTERSECTION COLLISIONS,REAR END,STRAIGHT & LEVEL,DARK-HWY LIGHTED/ON,,,44614.68598,False,32,Accepted,5,5,O,,"INATTENTION, MISJUDGE CLEARANCE",,2022,1
4486,29732460,0510100,HENDERSON POLICE DEPARTMENT,Accepted,HENDERSON,US0041,,US41,,N,,WATSON,,,,,37.87490829,-87.56813425,17.373,2022-02-21,1734,2,2,0,0,CLOUDY,DRY,False,OTHER INTERSECTION COLLISIONS,REAR END,STRAIGHT & LEVEL,DARK-HWY LIGHTED/ON,,,44614.68609,False,33,Accepted,5,5,O,,"DRUG INVOLVEMENT, INATTENTION",,2022,1
4487,29732707,0510100,HENDERSON POLICE DEPARTMENT,Accepted,HENDERSON,KY0351,,2ND,ST,,,PRIEST,,,,,37.83304153,-87.57288705,0.967,2022-02-22,124,2,2,0,2,CLEAR,DRY,False,ANGLE COLLISION - OTHER,ANGLE,STRAIGHT & LEVEL,DARK-HWY LIGHTED/ON,,,44614.7458,False,22,Accepted,5,4,C,,FAILED TO YIELD RIGHT OF WAY,,2022,1
4488,29732708,0510100,HENDERSON POLICE DEPARTMENT,Accepted,HENDERSON,,730,CLAY,ST,,,,,,,,37.83114221,-87.58900832,0.775,2022-02-21,2308,2,2,0,0,CLOUDY,WET,False,1 VEHICLE PARKED POSITION (NOT PARKING LOT/DRIVEWAY),HEAD ON,STRAIGHT & LEVEL,DARK-HWY LIGHTED/ON,,,44614.74585,False,33,Accepted,5,5,O,,"ALCOHOL INVOLVEMENT, OVERCORRECTING/OVERSTEERING",,2022,1
4489,29735285,0510100,HENDERSON POLICE DEPARTMENT,Accepted,HENDERSON,US0041A,,GREEN,ST,N,,7TH,,,,,37.84572695,-87.58441537,16.412,2022-02-18,1222,2,2,0,0,CLEAR,DRY,False,OPPOSING LEFT TURN,OPPOSING LEFT TURN,STRAIGHT & LEVEL,DAYLIGHT,,,44615.4402,False,26,Accepted,5,5,O,,MISJUDGE CLEARANCE,,2022,1
4490,29741844,0510100,HENDERSON POLICE DEPARTMENT,Accepted,HENDERSON,US0041,,,,,,,,,,,37.85910255,-87.57473228,0.261,2022-02-23,1930,1,1,0,0,"SLEET, HAIL, FREEZING RAIN",SNOW/SLUSH,False,OTHER RAMP RELATED COLLISIONS NOT LISTED ABOVE,SINGLE VEHICLE,CURVE & GRADE,DARK-HWY LIGHTED/ON,US0041,US0041,44616.8318,False,35,Accepted,5,5,O,SLIPPERY SURFACE,,,2022,1
4494,29745680,0510100,HENDERSON POLICE DEPARTMENT,Accepted,HENDERSON,US0041,2542,US41,,N,,,,WALKER,,BARKER,37.8701557,-87.5705434,17.02,2022-02-18,1320,2,2,0,0,CLEAR,DRY,False,REAR END IN TRAFFIC LANES BOTH VEHICLES MOVING,REAR END,STRAIGHT & LEVEL,DAYLIGHT,,,44617.83346,False,32,Accepted,5,5,O,,"INATTENTION, MISJUDGE CLEARANCE",,2022,1
4499,29756094,0510100,HENDERSON POLICE DEPARTMENT,Accepted,HENDERSON,US0041,2236,US41,,N,,,,WALKER,,BARKER,37.87013102,-87.57073319,17.013,2022-02-25,1759,2,2,0,0,CLOUDY,DRY,False,REAR END IN TRAFFIC LANES BOTH VEHICLES MOVING,REAR END,STRAIGHT & LEVEL,DARK-HWY LIGHTED/ON,,,44620.71743,False,32,Accepted,5,5,O,BACKUP DUE TO REGULAR CONGESTION,INATTENTION,,2022,1
4500,29756095,0510100,HENDERSON POLICE DEPARTMENT,Accepted,HENDERSON,US0041,2709,US41,,N,,,,WATSON,,WALNUT,37.87582057,-87.56759862,17.443,2022-02-26,138,1,1,0,0,CLOUDY,DRY,False,COLLISION WITH ANIMAL NON INTERSECTION,SINGLE VEHICLE,STRAIGHT & LEVEL,DARK-HWY LIGHTED/ON,,,44620.71747,False,32,Accepted,5,5,O,ANIMALS ACTION,,,2022,1
4501,29756395,0510100,HENDERSON POLICE DEPARTMENT,Accepted,HENDERSON,,2300,GREEN RIVER,RD,,,,,,,,37.86315231,-87.56518475,0.146,2022-02-23,1428,1,1,0,1,CLOUDY,DRY,False,OTHER COLLISIONS ON SHOULDER,SINGLE VEHICLE,CURVE & LEVEL,DAYLIGHT,,,44620.77299,False,34,Accepted,5,3,B,,ALCOHOL INVOLVEMENT,,2022,1
4502,29758314,0510100,HENDERSON POLICE DEPARTMENT,Accepted,HENDERSON,,,SHELBY,ST,,,,,LOEB,,OBYRNE,37.8235155,-87.58042769,,2022-02-27,1340,2,2,0,0,CLEAR,DRY,False,VEHICLE BACKING NON INTERSECTION,BACKING,STRAIGHT & GRADE,DAYLIGHT,,,44621.33478,False,73,Accepted,5,5,O,,"FAILED TO YIELD RIGHT OF WAY, INATTENTION",,2022,1
4505,29761335,0510100,HENDERSON POLICE DEPARTMENT,Accepted,HENDERSON,,,MCCLAIN,AVE,,,,,,,,37.81724563,-87.61311483,0.005,2022-02-28,1827,2,2,0,0,CLEAR,DRY,False,1 VEHICLE ENTERING/LEAVING ENTRANCE,ANGLE,STRAIGHT & LEVEL,DARK (UNKNOWN ROADWAY LIGHTING),,,44621.78544,False,31,Accepted,5,5,O,,INATTENTION,,2022,1
4506,29762661,0510100,HENDERSON POLICE DEPARTMENT,Accepted,HENDERSON,US0041A,629,GREEN,ST,S,,,,,,,37.82932208,-87.59764881,15.135,2022-03-01,1200,2,2,0,0,CLEAR,DRY,False,SIDESWIPE COLLISION - OPPOSITE DIRECTION,SIDESWIPE-OPPOSITE DIRECTION,STRAIGHT & LEVEL,DAYLIGHT,,,44622.1698,False,36,Accepted,5,5,O,,MISJUDGE CLEARANCE,,2022,1
4507,29764709,0510100,HENDERSON POLICE DEPARTMENT,Accepted,HENDERSON,US0041A,,GREEN,ST,S,KY0136,SAND,,,,,37.82373237,-87.60314598,14.521,2022-02-18,1445,2,2,0,2,CLEAR,DRY,False,ANGLE COLLISION - ONE VEHICLE TURNING LEFT,ANGLE,STRAIGHT & LEVEL,DAYLIGHT,,,44622.574,False,32,Accepted,5,3,B,,"DISTRACTION, INATTENTION, OTHER",,2022,1
4508,29764713,0510100,HENDERSON POLICE DEPARTMENT,Accepted,HENDERSON,,,WATSON,LN,,,CLAYTON,,,,,37.87467162,-87.56463172,0.921,2022-03-01,1641,2,2,0,0,CLEAR,DRY,False,OTHER INTERSECTION COLLISIONS,REAR END,STRAIGHT & LEVEL,DAYLIGHT,,,44622.57424,False,17,Accepted,5,5,O,,INATTENTION,,2022,1
4509,29764714,0510100,HENDERSON POLICE DEPARTMENT,Accepted,HENDERSON,US0041,2202,US41,,N,,,,,,,37.86780569,-87.57176854,16.842,2022-03-01,1713,2,2,0,0,CLEAR,DRY,False,SIDESWIPE COLLISION - SAME DIRECTION,SIDESWIPE-SAME DIRECTION,STRAIGHT & LEVEL,DAYLIGHT,,,44622.57434,False,17,Accepted,5,5,O,,INATTENTION,,2022,1
4510,29764716,0510100,HENDERSON POLICE DEPARTMENT,Accepted,HENDERSON,US0041,,,,,KY0351,ZION,,,,,37.83093902,-87.56718195,0.205,2022-02-24,744,2,2,0,2,CLOUDY,DRY,False,ANGLE COLLISION - OTHER,ANGLE,STRAIGHT & LEVEL,DAYLIGHT,,,44622.57445,False,65,Accepted,5,4,C,,"FAILED TO YIELD RIGHT OF WAY, INATTENTION",,2022,1
4511,29766115,0510100,HENDERSON POLICE DEPARTMENT,Accepted,HENDERSON,US0041A,1555,GREEN,ST,S,,,,,,,37.82079911,-87.60747561,14.205,2022-02-25,58,1,1,0,2,CLEAR,WET,False,OTHER COLLISIONS ON SHOULDER,SINGLE VEHICLE,STRAIGHT & LEVEL,DARK-HWY LIGHTED/ON,,,44622.79589,False,33,Accepted,5,4,C,SLIPPERY SURFACE,DRUG INVOLVEMENT,,2022,1
4512,29766116,0510100,HENDERSON POLICE DEPARTMENT,Accepted,HENDERSON,KY0136,,MADISON,ST,,KY0285,OLD MADISONVILLE,,,,,37.81733099,-87.58378463,20.751,2022-02-24,1914,2,2,0,0,RAINING,WET,False,SIDESWIPE-SAME DIRECTION,SIDESWIPE-SAME DIRECTION,STRAIGHT & LEVEL,DARK-HWY LIGHTED/ON,,,44622.79592,False,33,Accepted,5,5,O,,"FAILED TO KEEP PROPER LANE, IMPROPER PASSING, INATTENTION, TURNING IMPROPERLY",,2022,1
4513,29766117,0510100,HENDERSON POLICE DEPARTMENT,Accepted,HENDERSON,US0041A,,GREEN,ST,S,,,,,,,37.8292783,-87.59766868,15.134,2022-02-28,1825,1,1,0,0,CLEAR,DRY,False,OTHER ROADWAY OR MID-BLOCK COLLISION,SINGLE VEHICLE,STRAIGHT & LEVEL,DARK-HWY LIGHTED/ON,,,44622.79596,False,58,Accepted,5,5,O,,,,2022,1
4514,29768445,0510100,HENDERSON POLICE DEPARTMENT,Accepted,HENDERSON,US0060,,US60,,E,,,,MANOR,,BARRET,37.86014255,-87.56709235,10.642,2022-02-28,1149,2,2,0,0,CLEAR,DRY,False,REAR END IN TRAFFIC LANES BOTH VEHICLES MOVING,REAR END,STRAIGHT & LEVEL,DAYLIGHT,,,44623.36475,False,34,Accepted,5,5,O,,"DISTRACTION, INATTENTION",,2022,1
4516,29770292,0510100,HENDERSON POLICE DEPARTMENT,Accepted,HENDERSON,US0041,,US41,,N,,PAUL,,,,,37.87422353,-87.56831637,17.324,2022-03-02,1936,2,2,0,0,CLEAR,DRY,False,ANGLE COLLISION - ONE VEHICLE TURNING LEFT,ANGLE,STRAIGHT & LEVEL,DARK-HWY LIGHTED/ON,,,44623.67695,False,32,Accepted,5,5,O,,"FAILED TO YIELD RIGHT OF WAY, INATTENTION, MISJUDGE CLEARANCE",,2022,1
4517,29774298,0510100,HENDERSON POLICE DEPARTMENT,Accepted,HENDERSON,,111,MAIN,ST,N,,,,,,,37.84005696,-87.59219633,0.045,2022-03-03,941,1,1,0,0,CLEAR,DRY,False,COLLISION WITH FIXED OBJECT NON - INTERSECTION - FIRST EVENT COLLISION 09 - 32 EXCLUDING 16,SINGLE VEHICLE,STRAIGHT & LEVEL,DAYLIGHT,,,44624.53439,False,34,Accepted,5,5,O,,OTHER,,2022,1
4518,29774299,0510100,HENDERSON POLICE DEPARTMENT,Accepted,HENDERSON,KY0351,,2ND,ST,,,KLUTEY PARK PLAZA,,,,,37.83241202,-87.57156718,1.043,2022-03-03,721,2,2,0,0,CLEAR,DRY,False,OPPOSING LEFT TURN,OPPOSING LEFT TURN,STRAIGHT & LEVEL,DAYLIGHT,,,44624.53444,False,34,Accepted,5,5,O,,"DISREGARD TRAFFIC CONTROL, DISTRACTION, INATTENTION",,2022,1
4519,29774305,0510100,HENDERSON POLICE DEPARTMENT,Accepted,HENDERSON,US0060,,US60,,E,,,,,,,37.8591389,-87.56968724,10.492,2022-03-03,1629,2,2,0,0,CLEAR,DRY,False,REAR END IN TRAFFIC LANES BOTH VEHICLES MOVING,REAR END,STRAIGHT & LEVEL,DAYLIGHT,,,44624.53456,False,17,Accepted,5,5,O,,INATTENTION,,2022,1
4520,29774307,0510100,HENDERSON POLICE DEPARTMENT,Accepted,HENDERSON,US0041,2530,US41,,N,,,,,,,37.87098362,-87.57017888,17.079,2022-03-03,1115,2,2,0,0,CLEAR,DRY,False,REAR END IN TRAFFIC LANES BOTH VEHICLES MOVING,REAR END,STRAIGHT & LEVEL,DAYLIGHT,,,44624.53464,False,17,Accepted,5,5,O,,,OTHER,2022,1
4521,29774308,0510100,HENDERSON POLICE DEPARTMENT,Accepted,HENDERSON,US0041,,US41,,N,,RETTIG,,,,,37.86730153,-87.57230401,16.797,2022-03-02,1206,2,2,0,0,CLEAR,DRY,False,SIDESWIPE-SAME DIRECTION,SIDESWIPE-SAME DIRECTION,STRAIGHT & LEVEL,DAYLIGHT,,,44624.53468,False,17,Accepted,5,5,O,,INATTENTION,,2022,1
4522,29780568,0510100,HENDERSON POLICE DEPARTMENT,Accepted,HENDERSON,,,MEADOW,ST,,,CLAY,,,,,37.82852602,-87.58419383,0.374,2022-03-03,1644,2,2,0,0,CLEAR,DRY,True,OTHER INTERSECTION COLLISIONS,REAR END,STRAIGHT & LEVEL,DAYLIGHT,,,44626.41871,False,34,Accepted,5,5,O,,ALCOHOL INVOLVEMENT,,2022,1
4523,29780609,0510100,HENDERSON POLICE DEPARTMENT,Accepted,HENDERSON,,,WATSON,LN,,US0041,US41,,,,,37.87540059,-87.5680771,1.098,2022-03-04,1000,2,2,0,0,CLEAR,DRY,False,ANGLE COLLISION - OTHER,ANGLE,STRAIGHT & LEVEL,DAYLIGHT,,,44626.42731,False,36,Accepted,5,5,O,,MISJUDGE CLEARANCE,,2022,1
4524,29780610,0510100,HENDERSON POLICE DEPARTMENT,Accepted,HENDERSON,US0060,,US60,,E,,BARRET,,,,,37.85984983,-87.56793641,10.59,2022-03-04,1106,2,2,0,0,CLEAR,DRY,False,OTHER INTERSECTION COLLISIONS,REAR END,STRAIGHT & LEVEL,DAYLIGHT,,,44626.42735,False,36,Accepted,5,5,O,,"INATTENTION, MISJUDGE CLEARANCE",,2022,1
4525,29780612,0510100,HENDERSON POLICE DEPARTMENT,Accepted,HENDERSON,US0060,,US60,,E,,,,,,,37.85963924,-87.56846962,10.56,2022-03-03,1256,2,2,0,0,CLEAR,DRY,False,REAR END IN TRAFFIC LANES BOTH VEHICLES MOVING,REAR END,STRAIGHT & GRADE,DAYLIGHT,,,44626.42739,False,26,Accepted,5,5,O,,MISJUDGE CLEARANCE,,2022,1
4526,29780613,0510100,HENDERSON POLICE DEPARTMENT,Accepted,HENDERSON,,,PRIEST,ST,,KY0351,2ND,,,,,37.83307309,-87.57315449,0.333,2022-03-04,730,2,2,0,0,CLEAR,DRY,False,REAR END - ONE VEHICLE TURNING RIGHT,REAR END,STRAIGHT & LEVEL,DAYLIGHT,,,44626.42743,False,26,Accepted,5,5,O,,INATTENTION,,2022,1
4527,29780614,0510100,HENDERSON POLICE DEPARTMENT,Accepted,HENDERSON,KY0136,,SAND,LN,,,,,,,,37.82124399,-87.59934749,19.813,2022-03-05,1338,2,2,0,0,CLEAR,DRY,False,1 VEHICLE ENTERING/LEAVING ENTRANCE,ANGLE,STRAIGHT & LEVEL,DAYLIGHT,,,44626.42747,False,19,Accepted,5,5,O,,INATTENTION,,2022,1
4528,29783125,0510100,HENDERSON POLICE DEPARTMENT,Accepted,HENDERSON,,,WALNUT,LN,,US0041,US41,,,,,37.87990026,-87.56546086,0.325,2022-03-05,1745,2,2,0,0,CLOUDY,DRY,False,VEHICLE BACKING IN INTERSECTION,BACKING,STRAIGHT & LEVEL,DARK-HWY LIGHTED/ON,,,44627.24066,False,32,Accepted,5,5,O,,MISJUDGE CLEARANCE,,2022,1
4529,29783127,0510100,HENDERSON POLICE DEPARTMENT,Accepted,HENDERSON,,,ILEX,DR,,,,,,,,37.80547804,-87.5890556,0.066,2022-03-05,1919,2,2,0,0,CLEAR,DRY,False,VEHICLE BACKING NON INTERSECTION,BACKING,STRAIGHT & LEVEL,DARK-HWY LIGHTED/ON,,,44627.24073,False,50,Accepted,5,5,O,,INATTENTION,,2022,1
4533,29791490,0510100,HENDERSON POLICE DEPARTMENT,Accepted,HENDERSON,KY0812,,AIRLINE,RD,,,,,,,,37.82364679,-87.57593281,7.827,2022-03-03,2218,1,1,0,0,CLEAR,DRY,False,OTHER ROADWAY OR MID-BLOCK COLLISION,SINGLE VEHICLE,STRAIGHT & LEVEL,DARK (UNKNOWN ROADWAY LIGHTING),,,44628.85985,False,31,Accepted,5,5,O,,DRUG INVOLVEMENT,,2022,1
4534,29793186,0510100,HENDERSON POLICE DEPARTMENT,Accepted,HENDERSON,KY2099,,ADAMS,LN,,KY0812,AIRLINE,,,,,37.80892046,-87.55213837,1.227,2022-03-06,1324,1,1,0,0,CLEAR,DRY,False,COLLISION WITH FIXED OBJECT IN INTERSECTION - FIRST EVENT COLLISION 09 - 32,SINGLE VEHICLE,STRAIGHT & LEVEL,DAYLIGHT,,,44629.34686,False,51,Accepted,5,5,O,,DISTRACTION,,2022,1
4535,29793666,0510100,HENDERSON POLICE DEPARTMENT,Accepted,HENDERSON,US0041,2749,US41,,N,,,,,,,37.87586426,-87.56754775,17.447,2022-03-07,1610,2,2,0,0,CLOUDY,DRY,False,OTHER ROADWAY OR MID-BLOCK COLLISION,REAR END,STRAIGHT & LEVEL,DAYLIGHT,,,44629.43562,False,26,Accepted,5,5,O,,INATTENTION,,2022,1
4536,29793902,0510100,HENDERSON POLICE DEPARTMENT,Accepted,HENDERSON,US0041A,,GREEN,ST,N,,,,9TH,,10TH,37.84899258,-87.58232989,16.668,2022-03-07,1222,2,2,0,0,CLOUDY,DRY,False,1 VEHICLE ENTERING/LEAVING ENTRANCE,ANGLE,STRAIGHT & LEVEL,DAYLIGHT,,,44629.47898,False,49,Accepted,5,5,O,,MISJUDGE CLEARANCE,,2022,1
4537,29793905,0510100,HENDERSON POLICE DEPARTMENT,Accepted,HENDERSON,,,2ND,ST,,,,,WATER,,MAIN,37.84123058,-87.59290859,0.271,2022-03-09,747,2,2,0,0,CLEAR,DRY,False,1 VEHICLE ENTERING OR LEAVING PARKED POSITION (NOT PARKING LOT),BACKING,STRAIGHT & LEVEL,DAYLIGHT,,,44629.47913,False,34,Accepted,5,5,O,,INATTENTION,,2022,1
4539,29796113,0510100,HENDERSON POLICE DEPARTMENT,Accepted,HENDERSON,US0041A,1700,GREEN,ST,S,,,,,,,37.82336138,-87.60375435,14.48,2022-03-09,1453,2,2,0,1,CLEAR,DRY,False,OTHER ROADWAY OR MID-BLOCK COLLISION,REAR END,STRAIGHT & LEVEL,DAYLIGHT,,,44629.88221,False,64,Accepted,5,3,B,,INATTENTION,,2022,1
4540,29796137,0510100,HENDERSON POLICE DEPARTMENT,Accepted,HENDERSON,US0041A,300,GREEN,ST,S,,CLAY,,,,,37.83377268,-87.59328407,15.444,2022-03-08,1812,2,2,0,0,CLEAR,DRY,False,OPPOSING LEFT TURN,OPPOSING LEFT TURN,STRAIGHT & LEVEL,DARK-HWY LIGHTED/ON,,,44629.88775,False,59,Accepted,5,5,O,,"FAILED TO YIELD RIGHT OF WAY, INATTENTION",,2022,1
4541,29799539,0510100,HENDERSON POLICE DEPARTMENT,Accepted,HENDERSON,,,MAIN,ST,N,,2ND,,,,,37.83981292,-87.59221543,0.029,2022-02-15,1147,2,2,0,0,CLEAR,DRY,True,COLLISION WITH PARKED VEHICLE,ANGLE,STRAIGHT & LEVEL,DAYLIGHT,,,44630.62717,False,37,Accepted,5,5,O,,"DISTRACTION, INATTENTION",,2022,1
4542,29803019,0510100,HENDERSON POLICE DEPARTMENT,Accepted,HENDERSON,US0060,,US60 TURN LANE,,,KY0425,KY425,,,,,37.79979946,-87.64804101,0.017,2022-03-10,1305,2,2,0,0,CLEAR,DRY,False,ANGLE COLLISION - ONE VEHICLE TURNING RIGHT,ANGLE,STRAIGHT & LEVEL,DAYLIGHT,,,44631.45798,False,36,Accepted,5,5,O,,"INATTENTION, MISJUDGE CLEARANCE",,2022,1
4543,29803153,0510100,HENDERSON POLICE DEPARTMENT,Accepted,HENDERSON,,,POWELL,ST,,,INGRAM,,,,,37.83434711,-87.59065008,0.377,2022-03-10,1735,2,2,0,0,CLEAR,DRY,False,ANGLE COLLISION - OTHER,ANGLE,STRAIGHT & LEVEL,DAYLIGHT,,,44631.47431,False,37,Accepted,5,5,O,,MISJUDGE CLEARANCE,,2022,1
4546,29812367,0510000,HENDERSON COUNTY SHERIFF DEPT.,Accepted,HENDERSON,AU9005,,AU9005 E,,,,,,,,,37.80986495,-87.56031244,0.135,2022-03-11,1805,1,1,0,0,"SMOG, SMOKE",WET,False,COLLISION WITH FIXED OBJECT NON - INTERSECTION - FIRST EVENT COLLISION 09 - 32 EXCLUDING 16,SINGLE VEHICLE,CURVE & GRADE,DARK-HWY LIGHTED/ON,,,44634.4436,False,141,Accepted,5,5,O,SLIPPERY SURFACE,TOO FAST FOR CONDITIONS,,2022,1
4550,29819502,0510100,HENDERSON POLICE DEPARTMENT,Accepted,HENDERSON,,1200,ELM,ST,S,,,,,,,37.82487416,-87.60430732,0.108,2022-03-09,1100,1,1,0,0,CLEAR,DRY,True,RAN OFF ROADWAY (1 VEHICLE WITH/EARTH EMBANKMENT/DITCH),SINGLE VEHICLE,STRAIGHT & GRADE,DAYLIGHT,,,44635.80023,False,7,Accepted,5,5,O,,,,2022,1
4551,29819503,0510100,HENDERSON POLICE DEPARTMENT,Accepted,HENDERSON,,,MARYWOOD,DR,,US0041,US41,,,,,37.86726393,-87.57198786,0.597,2022-03-10,1700,2,2,0,0,CLEAR,DRY,False,OTHER INTERSECTION COLLISIONS,REAR END,STRAIGHT & LEVEL,DAYLIGHT,,,44635.80029,False,26,Accepted,5,5,O,,MISJUDGE CLEARANCE,,2022,1
4552,29819504,0510100,HENDERSON POLICE DEPARTMENT,Accepted,HENDERSON,KY0812,,AIRLINE,RD,,,,,,,,37.81793923,-87.56541122,7.135,2022-03-10,650,2,2,0,0,CLEAR,DRY,False,SIDESWIPE COLLISION - OPPOSITE DIRECTION,SIDESWIPE-OPPOSITE DIRECTION,STRAIGHT & GRADE,DAYLIGHT,,,44635.80034,False,44,Accepted,5,5,O,,NOT UNDER PROPER CONTROL,,2022,1