OBJECTID,IncidentID,AgencyORI,AgencyName,IncidentStatusDesc,County,RdwyNumber,Street,RoadwayName,StreetSfx,StreetDir,IntersectionRdwy,IntersectionRdwyName,BetweenStRdwy1,BetweenStRdwyName1,BetweenStRdwy2,BetweenStRdwyName2,Latitude,Longitude,Milepoint,CollisionDate,CollisionTime,UnitsInvolved,MotorVehiclesInvolved,NumberKilled,NumberInjured,Weather,RdwyConditionCode,HitandRun,DirAnalysisCode,MannerofCollision,RdwyCharacter,LightCondition,RampFromRdwyId,RampToRdwyId,AcceptedDate,IsSecondaryCollision,OwnerBadge,IncidentStatus,InjurySeverityCde,KABCO_Code,KABCO,Environmental_Factors,Human_Factors,Vehicular_Factors,CollisionYear,CityCrash
4553,29819505,0510100,HENDERSON POLICE DEPARTMENT,Accepted,HENDERSON,,,12TH,ST,,,ELM,,,,,37.85282837,-87.58190142,0.178,2022-03-11,1712,2,2,0,0,"SLEET, HAIL, FREEZING RAIN",WET,False,ANGLE COLLISION - OTHER,ANGLE,STRAIGHT & LEVEL,DUSK,,,44635.80038,False,37,Accepted,5,5,O,SLIPPERY SURFACE,MISJUDGE CLEARANCE,,2022,1
4554,29819506,0510100,HENDERSON POLICE DEPARTMENT,Accepted,HENDERSON,US0041,,US41,,N,,PAUL,,,,,37.8742762,-87.56845423,17.324,2022-03-11,1126,2,2,0,0,CLOUDY,DRY,False,OPPOSING LEFT TURN,OPPOSING LEFT TURN,STRAIGHT & LEVEL,DAYLIGHT,,,44635.80043,False,49,Accepted,5,5,O,,INATTENTION,,2022,1
4555,29819507,0510100,HENDERSON POLICE DEPARTMENT,Accepted,HENDERSON,US0041A,,GREEN,ST,N,,CENTER,,,,,37.83721375,-87.58995724,15.748,2022-03-09,1235,2,2,0,1,CLEAR,DRY,False,OTHER INTERSECTION COLLISIONS,REAR END,STRAIGHT & LEVEL,DAYLIGHT,,,44635.80047,False,34,Accepted,3,3,B,,OTHER,,2022,1
4556,29819508,0510100,HENDERSON POLICE DEPARTMENT,Accepted,HENDERSON,,,GREEN,ST,S,,,,MCLAIN,,DRURY,37.8145455,-87.61729928,,2022-03-14,1445,2,2,0,0,CLEAR,DRY,False,1 VEHICLE ENTERING/LEAVING ENTRANCE,ANGLE,STRAIGHT & LEVEL,DAYLIGHT,,,44635.80052,False,73,Accepted,5,5,O,,INATTENTION,,2022,1
4557,29819509,0510100,HENDERSON POLICE DEPARTMENT,Accepted,HENDERSON,US0041A,,GREEN,ST,S,,,,DRURY,,BORAX,37.81312642,-87.61932132,,2022-03-14,1510,2,2,0,0,CLEAR,DRY,False,REAR END IN TRAFFIC LANES BOTH VEHICLES MOVING,REAR END,STRAIGHT & LEVEL,DAYLIGHT,,,44635.80056,False,73,Accepted,5,5,O,OTHER,INATTENTION,,2022,1
4558,29819510,0510100,HENDERSON POLICE DEPARTMENT,Accepted,HENDERSON,,,INGRAM,ST,N,,3RD,,,,,37.84134147,-87.5853718,0.291,2022-03-14,1251,1,1,0,0,CLEAR,DRY,False,OTHER INTERSECTION COLLISIONS,SINGLE VEHICLE,STRAIGHT & LEVEL,DAYLIGHT,,,44635.8006,False,17,Accepted,5,5,O,,INATTENTION,,2022,1
4559,29819511,0510100,HENDERSON POLICE DEPARTMENT,Accepted,HENDERSON,,,MARYWOOD,DR,,US0041,US41,,,,,37.86717253,-87.571946,0.592,2022-03-14,1340,2,2,0,0,CLEAR,DRY,False,ANGLE COLLISION - OTHER,ANGLE,STRAIGHT & LEVEL,DAYLIGHT,,,44635.80065,False,17,Accepted,5,5,O,,FAILED TO YIELD RIGHT OF WAY,,2022,1
4560,29819512,0510100,HENDERSON POLICE DEPARTMENT,Accepted,HENDERSON,US0041,2480,US41,,N,,,,,,,37.86925211,-87.57109771,16.95,2022-03-08,703,3,3,0,0,CLEAR,DRY,False,REAR END IN TRAFFIC LANES BOTH VEHICLES MOVING,REAR END,STRAIGHT & LEVEL,DAYLIGHT,,,44635.80069,True,51,Accepted,5,5,O,,INATTENTION,BRAKES DEFECTIVE,2022,1
4561,29819513,0510100,HENDERSON POLICE DEPARTMENT,Accepted,HENDERSON,US0041A,,GREEN,ST,S,,,,,,,37.83631864,-87.59077551,15.666,2022-03-15,1229,2,2,0,0,CLEAR,DRY,False,1 VEHICLE ENTERING/LEAVING ENTRANCE,ANGLE,STRAIGHT & LEVEL,DAYLIGHT,,,44635.80074,False,19,Accepted,5,5,O,,INATTENTION,,2022,1
4562,29819564,0510100,HENDERSON POLICE DEPARTMENT,Accepted,HENDERSON,US0041A,,GREEN,ST,S,,WASHINGTON,,,,,37.83633556,-87.59082125,15.667,2022-03-15,1226,2,2,0,2,CLEAR,DRY,False,ANGLE COLLISION - OTHER,ANGLE,STRAIGHT & GRADE,DAYLIGHT,,,44635.80935,False,37,Accepted,4,3,B,,INATTENTION,,2022,1
4566,29824570,0510100,HENDERSON POLICE DEPARTMENT,Accepted,HENDERSON,US0041A,,GREEN,ST,N,,3RD,,,,,37.84010647,-87.5880525,15.972,2022-03-16,1536,2,2,0,0,CLEAR,DRY,False,SIDESWIPE-SAME DIRECTION,SIDESWIPE-SAME DIRECTION,STRAIGHT & LEVEL,DAYLIGHT,,,44636.82229,False,37,Accepted,5,5,O,,MISJUDGE CLEARANCE,,2022,1
4567,29824571,0510100,HENDERSON POLICE DEPARTMENT,Accepted,HENDERSON,,,4TH,ST,,,,,,,,37.83849931,-87.57982352,0.467,2022-03-16,1039,2,2,0,0,CLEAR,DRY,False,1 VEHICLE PARKED POSITION (NOT PARKING LOT/DRIVEWAY),BACKING,STRAIGHT & LEVEL,DAYLIGHT,,,44636.82234,False,51,Accepted,5,5,O,,INATTENTION,,2022,1
4573,29833290,0510100,HENDERSON POLICE DEPARTMENT,Accepted,HENDERSON,,,WATHEN,LN,,,WOLF HILLS,,,,,37.87111507,-87.5316239,0.559,2022-03-17,647,2,2,0,2,FOG,DRY,False,OPPOSING LEFT TURN,OPPOSING LEFT TURN,STRAIGHT & HILLCREST,DAYLIGHT,,,44638.78048,False,67,Accepted,5,3,B,,INATTENTION,,2022,1
4574,29835293,0510100,HENDERSON POLICE DEPARTMENT,Accepted,HENDERSON,,,WATHEN,LN,,,HILLMONT,,,,,37.86673902,-87.53578708,0.169,2022-03-18,1451,2,2,0,1,CLEAR,DRY,False,COLLISION WITH FIXED OBJECT IN INTERSECTION - FIRST EVENT COLLISION 09 - 32,REAR END,STRAIGHT & LEVEL,DAYLIGHT,,,44639.64083,False,17,Accepted,5,4,C,,INATTENTION,BRAKES DEFECTIVE,2022,1
4575,29837320,0510100,HENDERSON POLICE DEPARTMENT,Accepted,HENDERSON,,,2ND,ST,,,ALVASIA ,,,,,37.837158,-87.58265999,,2022-03-18,1630,2,2,0,1,CLOUDY,WET,False,ANGLE COLLISION - OTHER,ANGLE,STRAIGHT & LEVEL,DAYLIGHT,,,44640.41219,False,73,Accepted,5,4,C,,"FAILED TO YIELD RIGHT OF WAY, INATTENTION",,2022,1
4576,29837321,0510100,HENDERSON POLICE DEPARTMENT,Accepted,HENDERSON,,3137,GREEN RIVER,RD,,,,,,,,37.87357934,-87.54735784,1.373,2022-03-15,658,1,1,0,0,CLEAR,DRY,False,COLLISION WITH ANIMAL NON INTERSECTION,SINGLE VEHICLE,STRAIGHT & LEVEL,DAYLIGHT,,,44640.41224,False,26,Accepted,5,5,O,ANIMALS ACTION,,,2022,1
4577,29837323,0510100,HENDERSON POLICE DEPARTMENT,Accepted,HENDERSON,US0041A,700,GREEN,ST,S,,,,,,,37.82969942,-87.5971911,15.155,2022-03-19,939,1,1,0,0,CLOUDY,DRY,False,COLLISION WITH FIXED OBJECT NON - INTERSECTION - FIRST EVENT COLLISION 09 - 32 EXCLUDING 16,SINGLE VEHICLE,STRAIGHT & LEVEL,DAYLIGHT,,,44640.41232,False,36,Accepted,5,5,O,,DISTRACTION,,2022,1
4578,29840924,0510100,HENDERSON POLICE DEPARTMENT,Accepted,HENDERSON,,,WASHINGTON,ST,,,,,,,,37.82776638,-87.57643849,0.227,2022-03-20,1719,2,2,0,0,CLEAR,DRY,False,REAR END IN TRAFFIC LANES BOTH VEHICLES MOVING,REAR END,STRAIGHT & GRADE,DAYLIGHT,,,44641.40629,False,19,Accepted,5,5,O,GLARE (SUN),INATTENTION,,2022,1
4584,29844145,0510100,HENDERSON POLICE DEPARTMENT,Accepted,HENDERSON,KY0136,,SAND,LN,,,,,,,,37.82161074,-87.59954914,19.79,2022-03-17,1913,1,1,0,0,CLEAR,DRY,False,OTHER COLLISIONS ON SHOULDER,SINGLE VEHICLE,STRAIGHT & LEVEL,DARK-HWY LIGHTED/ON,,,44641.93172,False,58,Accepted,5,5,O,,,STEERING FAILURE,2022,1
4585,29844151,0510100,HENDERSON POLICE DEPARTMENT,Accepted,HENDERSON,,723,POWELL,ST,,,,,,,,37.83266786,-87.58761829,0.586,2022-03-13,1845,2,2,0,0,CLEAR,DRY,True,1 VEHICLE PARKED POSITION (NOT PARKING LOT/DRIVEWAY),SIDESWIPE-OPPOSITE DIRECTION,STRAIGHT & LEVEL,DARK-HWY LIGHTED/ON,,,44641.93445,False,58,Accepted,5,5,O,,,,2022,1
4586,29844965,0510100,HENDERSON POLICE DEPARTMENT,Accepted,HENDERSON,,714,LIEBER,ST,,,,,,,,37.82322511,-87.58364059,0.095,2022-03-10,27,2,1,0,0,CLEAR,DRY,True,OTHER ROADWAY OR MID-BLOCK COLLISION,SINGLE VEHICLE,STRAIGHT & LEVEL,DARK-HWY LIGHTED/ON,,,44642.10558,False,22,Accepted,5,5,O,,,,2022,1
4588,29846374,0510100,HENDERSON POLICE DEPARTMENT,Accepted,HENDERSON,US0041,2000,US41,,N,,,,,,,37.86402743,-87.57378684,16.562,2022-03-19,1033,2,2,0,0,CLOUDY,DRY,False,VEHICLE BACKING NON INTERSECTION,BACKING,STRAIGHT & LEVEL,DAYLIGHT,,,44642.41752,False,26,Accepted,5,5,O,,"INATTENTION, MISJUDGE CLEARANCE",,2022,1
4589,29846379,0510100,HENDERSON POLICE DEPARTMENT,Accepted,HENDERSON,US0041,2000,US41,,N,,,,,,,37.86397545,-87.57388307,16.556,2022-03-20,1046,2,2,0,0,CLEAR,DRY,False,REAR END IN TRAFFIC LANES BOTH VEHICLES MOVING,REAR END,STRAIGHT & LEVEL,DAYLIGHT,,,44642.41765,False,26,Accepted,5,5,O,,MISJUDGE CLEARANCE,,2022,1
4590,29846382,0510100,HENDERSON POLICE DEPARTMENT,Accepted,HENDERSON,US0060,,US60,,E,,BARRET,,,,,37.85978624,-87.5681663,10.578,2022-03-20,1249,2,2,0,0,CLEAR,DRY,False,SIDESWIPE-SAME DIRECTION,SIDESWIPE-SAME DIRECTION,STRAIGHT & GRADE,DAYLIGHT,,,44642.41773,False,26,Accepted,5,5,O,,MISJUDGE CLEARANCE,,2022,1
4591,29846385,0510100,HENDERSON POLICE DEPARTMENT,Accepted,HENDERSON,,,MERRITT,DR,,,,,,,,37.85057092,-87.58739499,0.414,2022-03-20,1454,2,2,0,2,CLEAR,DRY,False,HEAD-ON COLLISION,HEAD ON,STRAIGHT & HILLCREST,DAYLIGHT,,,44642.41781,False,37,Accepted,5,4,C,,"FAILED TO KEEP PROPER LANE, FATIGUE, LOST CONSCIOUSNESS/FAINTED",,2022,1
4592,29846391,0510100,HENDERSON POLICE DEPARTMENT,Accepted,HENDERSON,,316,SAND,LN,,,,,,,,37.82428778,-87.6039307,0.056,2022-03-21,841,1,1,0,0,CLEAR,DRY,True,COLLISION WITH FIXED OBJECT NON - INTERSECTION - FIRST EVENT COLLISION 09 - 32 EXCLUDING 16,SINGLE VEHICLE,STRAIGHT & LEVEL,DAYLIGHT,,,44642.41792,False,19,Accepted,5,5,O,,OTHER,OTHER,2022,1
4594,29849504,0510100,HENDERSON POLICE DEPARTMENT,Accepted,HENDERSON,US0041,,US41,,N,,,,,,,37.86569505,-87.5731837,16.682,2022-03-21,1902,2,2,0,0,CLEAR,DRY,True,REAR END IN TRAFFIC LANES BOTH VEHICLES MOVING,REAR END,STRAIGHT & LEVEL,DAYLIGHT,,,44643.04958,False,50,Accepted,5,5,O,,INATTENTION,,2022,1
4595,29849545,0510100,HENDERSON POLICE DEPARTMENT,Accepted,HENDERSON,US0041,,US41,,N,,WATSON,,,,,37.87555422,-87.56767573,17.424,2022-03-22,1828,2,2,0,0,RAINING,WET,False,OTHER INTERSECTION COLLISIONS,REAR END,STRAIGHT & LEVEL,DARK-HWY LIGHTED/ON,,,44643.06836,False,63,Accepted,5,5,O,,INATTENTION,,2022,1
4599,29854950,0510100,HENDERSON POLICE DEPARTMENT,Accepted,HENDERSON,,,BARRET,BLVD,,,,,,,,37.85999269,-87.56782567,0.356,2022-03-22,1404,2,2,0,0,RAINING,WET,False,VEHICLE BACKING NON INTERSECTION,BACKING,STRAIGHT & LEVEL,DAYLIGHT,,,44644.34938,False,19,Accepted,5,5,O,,INATTENTION,,2022,1
4600,29855225,0510100,HENDERSON POLICE DEPARTMENT,Accepted,HENDERSON,US0041A,,US41 ALT,,,,,,,,,37.85713063,-87.57354729,17.42,2022-03-21,1542,6,6,0,2,CLEAR,DRY,False,REAR END IN TRAFFIC LANES BOTH VEHICLES MOVING,REAR END,STRAIGHT & LEVEL,DAYLIGHT,,,44644.38581,True,37,Accepted,3,3,B,,INATTENTION,,2022,1
4601,29857582,0510100,HENDERSON POLICE DEPARTMENT,Accepted,HENDERSON,US0041,,US41,,N,,,,,,,37.85733129,-87.57320228,16.046,2022-03-23,2047,2,2,0,0,RAINING,WET,False,SIDESWIPE COLLISION - SAME DIRECTION,SIDESWIPE-SAME DIRECTION,STRAIGHT & LEVEL,DARK-HWY LIGHTED/ON,,,44644.81241,False,25,Accepted,5,5,O,,"FAILED TO YIELD RIGHT OF WAY, INATTENTION",,2022,1
4602,29859817,0510100,HENDERSON POLICE DEPARTMENT,Accepted,HENDERSON,,,ELM,ST,N,,,,,,,37.86514617,-87.57551986,2.084,2022-03-21,1715,1,1,0,1,CLEAR,DRY,False,COLLISION WITH FIXED OBJECT NON - INTERSECTION - FIRST EVENT COLLISION 09 - 32 EXCLUDING 16,SINGLE VEHICLE,STRAIGHT & HILLCREST,DAYLIGHT,,,44645.45329,False,37,Accepted,5,3,B,,FATIGUE,,2022,1
4603,29859819,0510100,HENDERSON POLICE DEPARTMENT,Accepted,HENDERSON,US0041,,US41,,N,,WATSON,,,,,37.87531106,-87.56768533,17.416,2022-03-21,1307,2,2,0,0,CLEAR,DRY,False,ANGLE COLLISION - OTHER,ANGLE,STRAIGHT & LEVEL,DAYLIGHT,,,44645.45336,False,26,Accepted,5,5,O,,"INATTENTION, MISJUDGE CLEARANCE",,2022,1
4604,29859820,0510100,HENDERSON POLICE DEPARTMENT,Accepted,HENDERSON,KY0351,,2ND,ST,,KY2084,KY2084,,,,,37.8312753,-87.56892168,1.208,2022-03-21,1650,2,2,0,0,CLEAR,DRY,False,ANGLE COLLISION - OTHER,ANGLE,STRAIGHT & LEVEL,DAYLIGHT,,,44645.45341,False,26,Accepted,5,5,O,,"INATTENTION, MISJUDGE CLEARANCE",,2022,1
4605,29859824,0510100,HENDERSON POLICE DEPARTMENT,Accepted,HENDERSON,,3024,BRIARCLIFF,TRL,,,,,,,,37.868887,-87.5494869,0.12,2022-03-24,858,2,2,0,0,CLEAR,DRY,False,VEHICLE BACKING NON INTERSECTION,BACKING,STRAIGHT & LEVEL,DAYLIGHT,,,44645.45356,False,26,Accepted,5,5,O,,INATTENTION,,2022,1
4606,29859967,0510000,HENDERSON COUNTY SHERIFF DEPT.,Accepted,HENDERSON,,3055,OHIO,DR,,,,,,,,37.80678722,-87.63438207,0.129,2022-03-25,500,2,2,0,0,CLEAR,DRY,False,1 VEHICLE PARKED POSITION (NOT PARKING LOT/DRIVEWAY),BACKING,STRAIGHT & LEVEL,DARK (UNKNOWN ROADWAY LIGHTING),,,44645.46571,False,132,Accepted,5,5,O,OTHER,INATTENTION,,2022,1
4607,29869299,0510100,HENDERSON POLICE DEPARTMENT,Accepted,HENDERSON,US0041,,US41,,N,,,,WALNUT,,WATSON,37.87843253,-87.56622801,17.636,2022-03-26,1706,2,2,0,0,CLEAR,DRY,False,1 VEHICLE ENTERING/LEAVING ENTRANCE,ANGLE,STRAIGHT & LEVEL,DAYLIGHT,,,44648.39841,False,67,Accepted,5,5,O,,INATTENTION,,2022,1
4608,29869446,0510100,HENDERSON POLICE DEPARTMENT,Accepted,HENDERSON,US0041,,US41,,N,,,,WALNUT,,WATSON,37.87896828,-87.56568093,17.681,2022-03-26,1624,1,1,0,0,CLEAR,DRY,False,COLLISION WITH FIXED OBJECT NON - INTERSECTION - FIRST EVENT COLLISION 09 - 32 EXCLUDING 16,SINGLE VEHICLE,STRAIGHT & LEVEL,DAYLIGHT,,,44648.41614,False,67,Accepted,5,5,O,,OTHER,,2022,1
4609,29869621,0510100,HENDERSON POLICE DEPARTMENT,Accepted,HENDERSON,,,GREEN RIVER,RD,,,WATSON,,,,,37.86859989,-87.55752934,0.714,2022-03-24,1600,2,2,0,0,CLOUDY,DRY,False,ANGLE COLLISION - OTHER,ANGLE,STRAIGHT & LEVEL,DAYLIGHT,,,44648.43803,False,26,Accepted,5,5,O,,INATTENTION,,2022,1
4610,29869625,0510100,HENDERSON POLICE DEPARTMENT,Accepted,HENDERSON,,,ATKINSON,ST,,,CLAY,,,,,37.82455169,-87.57753669,0.248,2022-03-25,1210,2,2,0,0,CLEAR,DRY,False,ANGLE COLLISION - OTHER,ANGLE,STRAIGHT & LEVEL,DAYLIGHT,,,44648.43817,False,51,Accepted,5,5,O,,INATTENTION,,2022,1
4614,29870027,0510100,HENDERSON POLICE DEPARTMENT,Accepted,HENDERSON,,1018,MAIN,ST,N,,,,10TH,,11TH,37.85142502,-87.58472399,0.93,2022-03-26,1533,2,2,0,0,CLEAR,DRY,False,1 VEHICLE PARKED POSITION (NOT PARKING LOT/DRIVEWAY),BACKING,STRAIGHT & LEVEL,DAYLIGHT,,,44648.49568,False,34,Accepted,5,5,O,,INATTENTION,,2022,1
4618,29877210,0510100,HENDERSON POLICE DEPARTMENT,Accepted,HENDERSON,US0041,,US41,,N,,,,,,,37.85733012,-87.57356664,16.047,2022-03-21,1727,2,2,0,0,CLEAR,DRY,False,REAR END IN TRAFFIC LANES BOTH VEHICLES MOVING,REAR END,CURVE & GRADE,DAYLIGHT,,,44650.00718,False,33,Accepted,5,5,O,,FOLLOWING TOO CLOSE,,2022,1
4619,29877229,0510100,HENDERSON POLICE DEPARTMENT,Accepted,HENDERSON,US0041,,US41,,N,,,,,,,37.85003648,-87.5674035,15.465,2022-03-29,423,1,1,0,0,CLEAR,DRY,False,COLLISION WITH ANIMAL NON INTERSECTION,SINGLE VEHICLE,STRAIGHT & LEVEL,DARK-HWY NOT LIGHTED,,,44650.01388,False,47,Accepted,5,5,O,ANIMALS ACTION,,,2022,1
4622,29878854,0510100,HENDERSON POLICE DEPARTMENT,Accepted,HENDERSON,,200,2ND,ST,,,,,,,,37.83972517,-87.58905617,0.037,2022-03-29,1539,2,2,0,0,CLEAR,DRY,False,VEHICLE BACKING NON INTERSECTION,BACKING,STRAIGHT & LEVEL,DAYLIGHT,,,44650.44538,False,37,Accepted,5,5,O,,"INATTENTION, MISJUDGE CLEARANCE",,2022,1
4623,29878957,0510100,HENDERSON POLICE DEPARTMENT,Accepted,HENDERSON,US0041A,,US41 ALT,,,US0041A,GREEN,,,,,37.81087171,-87.62247898,13.073,2022-03-25,645,2,2,0,0,CLEAR,DRY,False,OTHER INTERSECTION COLLISIONS,REAR END,STRAIGHT & LEVEL,DAYLIGHT,,,44650.46193,False,36,Accepted,5,5,O,,INATTENTION,,2022,1
4624,29878959,0510100,HENDERSON POLICE DEPARTMENT,Accepted,HENDERSON,KY0136,,SAND,LN,,,MCCLURE,,,,,37.82027691,-87.59416865,20.113,2022-03-16,1502,2,2,0,0,CLEAR,DRY,False,OPPOSING LEFT TURN,OPPOSING LEFT TURN,CURVE & LEVEL,DAYLIGHT,,,44650.462,False,51,Accepted,5,5,O,,"FAILED TO YIELD RIGHT OF WAY, INATTENTION, MISJUDGE CLEARANCE",,2022,1
4625,29879107,0510100,HENDERSON POLICE DEPARTMENT,Accepted,HENDERSON,,,INGRAM,ST,N,,,,,,,37.83980949,-87.5863827,0.41,2022-03-16,1502,2,2,0,0,CLEAR,DRY,False,1 VEHICLE ENTERING/LEAVING ENTRANCE,ANGLE,STRAIGHT & LEVEL,DAYLIGHT,,,44650.50839,False,51,Accepted,5,5,O,,INATTENTION,,2022,1
4626,29879415,0510100,HENDERSON POLICE DEPARTMENT,Accepted,HENDERSON,KY0136,,SAND,LN,,,,,,,,37.82357096,-87.60286995,19.568,2022-03-29,1717,2,2,0,0,CLEAR,DRY,False,OTHER ROADWAY OR MID-BLOCK COLLISION,REAR END,STRAIGHT & LEVEL,DAYLIGHT,,,44650.57866,False,19,Accepted,5,5,O,,INATTENTION,,2022,1
4627,29880967,0510100,HENDERSON POLICE DEPARTMENT,Accepted,HENDERSON,KY2084,,KY2084,,S,KY0812,AIRLINE,,,,,37.82009482,-87.5693737,2.135,2022-02-16,746,2,2,0,0,CLEAR,DRY,False,SIDESWIPE-SAME DIRECTION,SIDESWIPE-SAME DIRECTION,STRAIGHT & LEVEL,DAYLIGHT,,,44650.93264,False,49,Accepted,5,5,O,,MISJUDGE CLEARANCE,,2022,1
4628,29883920,0510100,HENDERSON POLICE DEPARTMENT,Accepted,HENDERSON,US0041A,,GREEN,ST,N,,HERRON,,,,,37.85475238,-87.57791869,17.146,2022-03-30,1642,1,1,0,0,CLOUDY,DRY,False,COLLISION WITH FIXED OBJECT IN INTERSECTION - FIRST EVENT COLLISION 09 - 32,SINGLE VEHICLE,STRAIGHT & LEVEL,DAYLIGHT,,,44651.63218,False,37,Accepted,5,5,O,,"FATIGUE, FELL ASLEEP, OVERCORRECTING/OVERSTEERING",,2022,1
4630,29887112,0510100,HENDERSON POLICE DEPARTMENT,Accepted,HENDERSON,,,CANOE CREEK,DR,,,,,KAYAK,,SIOUX,37.81781506,-87.60593327,,2022-04-01,800,2,1,0,1,CLOUDY,DRY,False,COLLISION WITH PEDESTRIAN NON - INTERSECTION,SINGLE VEHICLE,STRAIGHT & LEVEL,DAYLIGHT,,,44652.42284,False,73,Accepted,5,3,B,,,MIRRORS,2022,1
4631,29889247,0510100,HENDERSON POLICE DEPARTMENT,Accepted,HENDERSON,US0041,,,,,,,,,,,37.83071051,-87.56735139,0.045,2022-03-22,1809,2,2,0,0,RAINING,WET,False,OTHER RAMP RELATED COLLISIONS NOT LISTED ABOVE,ANGLE,CURVE & HILLCREST,DAYLIGHT,KY0351,US0041,44652.84907,False,25,Accepted,5,5,O,,"FAILED TO YIELD RIGHT OF WAY, INATTENTION",,2022,1
4632,29892704,0510100,HENDERSON POLICE DEPARTMENT,Accepted,HENDERSON,US0060,2150,US60,,E,,,,,,,37.86043844,-87.56624901,10.695,2022-03-16,1554,2,1,0,0,CLEAR,DRY,False,1 VEHICLE ENTERING/LEAVING ENTRANCE,ANGLE,STRAIGHT & LEVEL,DAYLIGHT,,,44654.12805,False,26,Accepted,5,5,O,,MISJUDGE CLEARANCE,,2022,1
4633,29896583,0510100,HENDERSON POLICE DEPARTMENT,Accepted,HENDERSON,,,2ND,ST,,,,US0041A,GREEN,,ELM,37.84012764,-87.59001145,0.096,2022-03-30,1117,2,2,0,0,CLEAR,DRY,False,VEHICLE BACKING NON INTERSECTION,BACKING,STRAIGHT & LEVEL,DAYLIGHT,,,44655.40984,False,65,Accepted,5,5,O,,INATTENTION,,2022,1
4636,29896729,0510100,HENDERSON POLICE DEPARTMENT,Accepted,HENDERSON,,,POWELL,ST,,,MILL,,,,,37.82835429,-87.58026408,1.086,2022-04-01,1600,2,2,0,0,CLEAR,DRY,False,ANGLE COLLISION - OTHER,ANGLE,STRAIGHT & LEVEL,DAYLIGHT,,,44655.4315,False,64,Accepted,5,5,O,,INATTENTION,,2022,1
4637,29896730,0510100,HENDERSON POLICE DEPARTMENT,Accepted,HENDERSON,US0041,,US41,,N,,,,WALNUT,,WATSON,37.87910538,-87.56578934,17.688,2022-04-01,1319,3,3,0,0,CLEAR,DRY,False,OTHER ROADWAY OR MID-BLOCK COLLISION,REAR END,STRAIGHT & LEVEL,DAYLIGHT,,,44655.43156,False,67,Accepted,5,5,O,,INATTENTION,,2022,1
4638,29896737,0510100,HENDERSON POLICE DEPARTMENT,Accepted,HENDERSON,US0041,2452,US41,,N,,,,,,,37.87135268,-87.56987479,17.109,2022-04-02,1418,3,3,0,0,CLEAR,DRY,True,OTHER ROADWAY OR MID-BLOCK COLLISION,REAR TO REAR,STRAIGHT & LEVEL,DAYLIGHT,,,44655.43176,False,36,Accepted,5,5,O,,INATTENTION,,2022,1
4639,29899348,0510100,HENDERSON POLICE DEPARTMENT,Accepted,HENDERSON,,,MARYWOOD,DR,,US0060,US60,,,,,37.86103035,-87.5648027,0.002,2022-04-01,1821,2,2,0,0,CLEAR,DRY,False,OTHER INTERSECTION COLLISIONS,REAR END,STRAIGHT & HILLCREST,DAYLIGHT,,,44655.85456,False,25,Accepted,5,5,O,,"FOLLOWING TOO CLOSE, INATTENTION",,2022,1
4641,29900953,0510100,HENDERSON POLICE DEPARTMENT,Accepted,HENDERSON,,,BURDETTE,ST,,,WASHINGTON,,,,,37.82642553,-87.57416443,0.212,2022-04-03,829,2,2,0,1,CLEAR,DRY,False,ANGLE COLLISION - OTHER,ANGLE,STRAIGHT & LEVEL,DAYLIGHT,,,44656.32607,False,65,Accepted,5,4,C,,INATTENTION,,2022,1
4642,29900954,0510100,HENDERSON POLICE DEPARTMENT,Accepted,HENDERSON,US0041A,,GREEN,ST,S,,,,POWELL,,CLAY,37.83476542,-87.59236396,15.529,2022-04-04,1619,2,2,0,0,CLEAR,DRY,False,REAR END IN TRAFFIC LANES BOTH VEHICLES MOVING,REAR END,STRAIGHT & LEVEL,DAYLIGHT,,,44656.32611,False,51,Accepted,5,5,O,,INATTENTION,,2022,1
4644,29904788,0510100,HENDERSON POLICE DEPARTMENT,Accepted,HENDERSON,US0041,2900,US41,,N,,,,,,,37.88189311,-87.56424362,17.883,2022-04-05,1837,2,2,0,0,CLEAR,DRY,False,SIDESWIPE COLLISION - SAME DIRECTION,SIDESWIPE-SAME DIRECTION,STRAIGHT & LEVEL,DAYLIGHT,,,44657.10932,False,63,Accepted,5,5,O,,INATTENTION,,2022,1
4645,29905569,0510100,HENDERSON POLICE DEPARTMENT,Accepted,HENDERSON,US0041A,,GREEN,ST,S,,SMITH,,,,,37.82005458,-87.60861659,14.109,2022-04-01,1400,2,2,0,0,CLOUDY,DRY,False,OPPOSITE DIRECTION - BOTH VEHICLES GOING STRAIGHT AHEAD,SIDESWIPE-OPPOSITE DIRECTION,STRAIGHT & LEVEL,DAYLIGHT,,,44657.36342,False,34,Accepted,5,5,O,,FAILED TO KEEP PROPER LANE,MIRRORS,2022,1
4646,29909870,0510100,HENDERSON POLICE DEPARTMENT,Accepted,HENDERSON,,300,9TH,ST,,,,,,,,37.8488409,-87.58399032,0.248,2022-04-05,1514,2,2,0,0,CLEAR,DRY,True,1 VEHICLE PARKED POSITION (NOT PARKING LOT/DRIVEWAY),BACKING,STRAIGHT & LEVEL,DAYLIGHT,,,44658.40044,False,17,Accepted,5,5,O,,,,2022,1