OBJECTID,IncidentID,AgencyORI,AgencyName,IncidentStatusDesc,County,RdwyNumber,Street,RoadwayName,StreetSfx,StreetDir,IntersectionRdwy,IntersectionRdwyName,BetweenStRdwy1,BetweenStRdwyName1,BetweenStRdwy2,BetweenStRdwyName2,Latitude,Longitude,Milepoint,CollisionDate,CollisionTime,UnitsInvolved,MotorVehiclesInvolved,NumberKilled,NumberInjured,Weather,RdwyConditionCode,HitandRun,DirAnalysisCode,MannerofCollision,RdwyCharacter,LightCondition,RampFromRdwyId,RampToRdwyId,AcceptedDate,IsSecondaryCollision,OwnerBadge,IncidentStatus,InjurySeverityCde,KABCO_Code,KABCO,Environmental_Factors,Human_Factors,Vehicular_Factors,CollisionYear,CityCrash
4647,29909871,0510100,HENDERSON POLICE DEPARTMENT,Accepted,HENDERSON,,,ELM,ST,N,,2ND,,,,,37.84033988,-87.58988804,0.184,2022-04-06,1430,2,2,0,0,CLEAR,DRY,False,VEHICLE BACKING IN INTERSECTION,BACKING,STRAIGHT & LEVEL,DAYLIGHT,,,44658.40048,False,17,Accepted,5,5,O,,INATTENTION,,2022,1
4648,29909927,0510100,HENDERSON POLICE DEPARTMENT,Accepted,HENDERSON,US0041A,,GREEN,ST,S,,,,CLAY,,DIXON,37.83298729,-87.59403958,,2022-04-06,1700,2,2,0,0,CLEAR,DRY,False,OTHER ROADWAY OR MID-BLOCK COLLISION,REAR END,STRAIGHT & LEVEL,DAYLIGHT,,,44658.41376,False,73,Accepted,5,5,O,,INATTENTION,,2022,1
4649,29911970,0510100,HENDERSON POLICE DEPARTMENT,Accepted,HENDERSON,US0041,1900,US41,,N,,,,,,,37.86058369,-87.57541643,16.314,2022-04-06,1827,2,2,0,1,CLEAR,DRY,False,OTHER ROADWAY OR MID-BLOCK COLLISION,REAR TO REAR,STRAIGHT & LEVEL,DAYLIGHT,,,44658.77529,False,47,Accepted,5,2,A,,"OTHER, FAILED TO KEEP PROPER LANE, IMPROPER PASSING",,2022,1
4650,29913829,0510100,HENDERSON POLICE DEPARTMENT,Accepted,HENDERSON,,2013,WESLEY,DR,,,,,,,,37.85922813,-87.54666752,0.15,2022-04-04,525,2,2,0,0,CLEAR,DRY,False,1 VEHICLE PARKED POSITION (NOT PARKING LOT/DRIVEWAY),SIDESWIPE-SAME DIRECTION,STRAIGHT & GRADE,DARK-HWY NOT LIGHTED,,,44659.33419,False,44,Accepted,5,5,O,,"DISTRACTION, INATTENTION",,2022,1
4651,29913831,0510100,HENDERSON POLICE DEPARTMENT,Accepted,HENDERSON,,,WATER,ST,N,,,,,,,37.84091593,-87.593497,0.331,2022-04-07,1104,2,2,0,0,CLEAR,DRY,False,SIDESWIPE COLLISION - SAME DIRECTION,SIDESWIPE-SAME DIRECTION,STRAIGHT & LEVEL,DAYLIGHT,,,44659.33431,False,51,Accepted,5,5,O,,INATTENTION,,2022,1
4652,29915786,0510100,HENDERSON POLICE DEPARTMENT,Accepted,HENDERSON,US0041,,US41,,N,,,,,,,37.85738613,-87.57356024,16.049,2022-04-07,2308,1,1,0,0,CLEAR,WET,False,COLLISION WITH FIXED OBJECT NON - INTERSECTION - FIRST EVENT COLLISION 09 - 32 EXCLUDING 16,SINGLE VEHICLE,CURVE & LEVEL,DARK-HWY NOT LIGHTED,,,44659.79708,False,49,Accepted,5,5,O,,"MISJUDGE CLEARANCE, OVERCORRECTING/OVERSTEERING",,2022,1
4653,29915787,0510100,HENDERSON POLICE DEPARTMENT,Accepted,HENDERSON,,300,INGRAM,ST,N,,,,,,,37.83986249,-87.58632029,0.405,2022-04-07,1749,1,1,0,0,CLEAR,DRY,False,COLLISION WITH FIXED OBJECT NON - INTERSECTION - FIRST EVENT COLLISION 09 - 32 EXCLUDING 16,SINGLE VEHICLE,STRAIGHT & LEVEL,DAYLIGHT,,,44659.79711,False,50,Accepted,5,5,O,,INATTENTION,,2022,1
4654,29920902,0510100,HENDERSON POLICE DEPARTMENT,Accepted,HENDERSON,US0041,,US41,,N,,,,,,,37.83465909,-87.56562646,14.377,2022-04-09,220,1,1,0,0,CLEAR,WET,False,OTHER COLLISIONS ON SHOULDER,SINGLE VEHICLE,CURVE & LEVEL,DARK-HWY NOT LIGHTED,,,44661.78742,False,49,Accepted,5,5,O,,ALCOHOL INVOLVEMENT,,2022,1
4655,29922298,0510100,HENDERSON POLICE DEPARTMENT,Accepted,HENDERSON,US0041,,US41,,N,,WATSON,,,,,37.87530662,-87.56778824,17.411,2022-04-10,2255,2,2,0,0,CLEAR,DRY,False,OTHER INTERSECTION COLLISIONS,REAR END,STRAIGHT & LEVEL,DARK-HWY LIGHTED/ON,,,44662.20276,False,31,Accepted,5,5,O,,NOT UNDER PROPER CONTROL,,2022,1
4656,29923148,0510100,HENDERSON POLICE DEPARTMENT,Accepted,HENDERSON,,,BEND GATE,RD,,,GREEN RIVER,,,,,37.86797383,-87.55881002,,2022-04-09,1526,2,2,0,1,CLEAR,DRY,False,ANGLE COLLISION - OTHER,ANGLE,STRAIGHT & LEVEL,DAYLIGHT,,,44662.37505,False,17,Accepted,5,4,C,,INATTENTION,,2022,1
4657,29923150,0510100,HENDERSON POLICE DEPARTMENT,Accepted,HENDERSON,,,9TH,ST,,US0041A,GREEN,,,,,37.84832262,-87.58282785,0.167,2022-04-10,1531,2,2,0,0,CLEAR,DRY,False,OPPOSING LEFT TURN,OPPOSING LEFT TURN,STRAIGHT & LEVEL,DAYLIGHT,,,44662.37525,False,17,Accepted,5,5,O,,INATTENTION,,2022,1
4658,29924202,0510100,HENDERSON POLICE DEPARTMENT,Accepted,HENDERSON,,2339,GREEN RIVER,RD,,,,,,,,37.86318577,-87.56531106,0.146,2022-04-08,642,2,2,0,1,CLOUDY,WET,False,SIDESWIPE COLLISION - OPPOSITE DIRECTION,SIDESWIPE-OPPOSITE DIRECTION,CURVE & LEVEL,DAYLIGHT,,,44662.47659,False,51,Accepted,3,3,B,,NOT UNDER PROPER CONTROL,,2022,1
4659,29924203,0510100,HENDERSON POLICE DEPARTMENT,Accepted,HENDERSON,US0041,2530,US41,,N,,,,,,,37.87211021,-87.56946886,17.181,2022-04-08,1207,2,2,0,0,RAINING,WET,False,REAR END IN TRAFFIC LANES BOTH VEHICLES MOVING,REAR END,STRAIGHT & LEVEL,DAYLIGHT,,,44662.47666,False,51,Accepted,5,5,O,,INATTENTION,,2022,1
4660,29924206,0510100,HENDERSON POLICE DEPARTMENT,Accepted,HENDERSON,,2520,SUNSET,LN,,,,,,,,37.87444594,-87.57419148,0.403,2022-04-06,1638,1,1,0,0,CLEAR,DRY,False,COLLISION WITH FIXED OBJECT NON - INTERSECTION - FIRST EVENT COLLISION 09 - 32 EXCLUDING 16,SINGLE VEHICLE,STRAIGHT & LEVEL,DAYLIGHT,,,44662.4768,False,67,Accepted,5,5,O,,INATTENTION,,2022,1
4661,29927873,0510100,HENDERSON POLICE DEPARTMENT,Accepted,HENDERSON,US0060,,GREEN,ST,S,,,,DANA,,COMMUNITY,37.80267924,-87.64046207,,2022-04-11,1140,2,2,0,0,CLOUDY,DRY,False,1 VEHICLE ENTERING/LEAVING ENTRANCE,ANGLE,STRAIGHT & LEVEL,DAYLIGHT,,,44663.38879,False,73,Accepted,5,5,O,,"FAILED TO YIELD RIGHT OF WAY, INATTENTION",,2022,1
4662,29927874,0510100,HENDERSON POLICE DEPARTMENT,Accepted,HENDERSON,US0041A,,GREEN,ST,S,KY0136,SAND,,,,,37.82373563,-87.60316641,14.521,2022-04-11,1111,2,2,0,0,CLOUDY,WET,False,ANGLE COLLISION - OTHER,ANGLE,STRAIGHT & LEVEL,DAYLIGHT,,,44663.38884,False,34,Accepted,5,5,O,SLIPPERY SURFACE,"DISREGARD TRAFFIC CONTROL, INATTENTION",,2022,1
4664,29928479,0510100,HENDERSON POLICE DEPARTMENT,Accepted,HENDERSON,KY2084,,KY2084,,S,KY0812,AIRLINE,,,,,37.82013315,-87.56938517,2.137,2022-03-21,1120,2,2,0,0,CLEAR,DRY,False,ANGLE COLLISION - OTHER,ANGLE,STRAIGHT & LEVEL,DAYLIGHT,,,44663.46508,False,44,Accepted,5,5,O,,"FAILED TO YIELD RIGHT OF WAY, INATTENTION",,2022,1
4665,29932711,0510100,HENDERSON POLICE DEPARTMENT,Accepted,HENDERSON,,,LOEB,ST,,,POND,,,,,37.82563519,-87.5844812,0.078,2022-04-12,,2,2,0,0,OTHER,OTHER,True,COLLISION WITH PARKED VEHICLE,ANGLE,STRAIGHT & LEVEL,DARK-HWY NOT LIGHTED,,,44664.35881,False,44,Accepted,5,5,O,,,,2022,1
4666,29932712,0510100,HENDERSON POLICE DEPARTMENT,Accepted,HENDERSON,,,LETCHER,ST,,,,,CLAY,,HELM,37.82631931,-87.57982653,0.187,2022-04-12,1105,2,2,0,0,CLOUDY,DRY,False,1 VEHICLE PARKED POSITION (NOT PARKING LOT/DRIVEWAY),BACKING,STRAIGHT & LEVEL,DAYLIGHT,,,44664.35887,False,44,Accepted,5,5,O,,INATTENTION,,2022,1
4668,29934986,0510100,HENDERSON POLICE DEPARTMENT,Accepted,HENDERSON,,600,7TH,ST,,,,,,,,37.84423303,-87.5803628,0.542,2022-04-12,2006,2,2,0,0,CLEAR,DRY,False,1 VEHICLE PARKED POSITION (NOT PARKING LOT/DRIVEWAY),SIDESWIPE-OPPOSITE DIRECTION,CURVE & LEVEL,DARK-HWY LIGHTED/OFF,,,44664.75567,False,63,Accepted,5,5,O,,MISJUDGE CLEARANCE,,2022,1
4669,29936640,0510100,HENDERSON POLICE DEPARTMENT,Accepted,HENDERSON,US0060,,US60,,E,,MARYWOOD,,,,,37.86108521,-87.56469988,10.785,2022-04-12,1601,2,2,0,1,CLEAR,DRY,False,ANGLE COLLISION - OTHER,ANGLE,STRAIGHT & LEVEL,DAYLIGHT,,,44665.34695,False,36,Accepted,5,3,B,,MISJUDGE CLEARANCE,,2022,1
4670,29936642,0510100,HENDERSON POLICE DEPARTMENT,Accepted,HENDERSON,,,ELM,ST,N,,WATSON,,,,,37.87557246,-87.56899819,2.896,2022-04-12,1635,2,2,0,0,CLEAR,DRY,False,VEHICLE BACKING IN INTERSECTION,BACKING,STRAIGHT & LEVEL,DAYLIGHT,,,44665.34701,False,36,Accepted,5,5,O,,INATTENTION,,2022,1
4671,29936658,0510100,HENDERSON POLICE DEPARTMENT,Accepted,HENDERSON,US0041,,US41,,,,,,,US0041,US41 TURN AROUND,37.82224139,-87.56291969,2.248,2022-03-20,1727,2,2,0,2,CLEAR,DRY,False,SIDESWIPE COLLISION - SAME DIRECTION,SIDESWIPE-SAME DIRECTION,CURVE & GRADE,DAYLIGHT,,,44665.35169,False,48,Accepted,5,3,B,GLARE (SUN),INATTENTION,,2022,1
4672,29936659,0510100,HENDERSON POLICE DEPARTMENT,Accepted,HENDERSON,US0041A,,GREEN,ST,N,,RICHARDSON,,,,,37.85546215,-87.57665178,17.23,2022-04-13,1152,3,3,0,0,RAINING,WET,False,OTHER INTERSECTION COLLISIONS,REAR END,STRAIGHT & LEVEL,DAYLIGHT,,,44665.35175,False,48,Accepted,5,5,O,"SLIPPERY SURFACE, OTHER",INATTENTION,BRAKES DEFECTIVE,2022,1
4674,29938069,0510100,HENDERSON POLICE DEPARTMENT,Accepted,HENDERSON,US0041,1905,US41,,N,,,US0041,US41 S EXIT81 OFF RAMP TO US60 W,,CINEMA,37.86175825,-87.575265,16.39,2022-04-13,2003,2,2,0,0,RAINING,WET,False,SIDESWIPE COLLISION - SAME DIRECTION,SIDESWIPE-SAME DIRECTION,STRAIGHT & LEVEL,DARK-HWY LIGHTED/ON,,,44665.58639,False,32,Accepted,5,5,O,"VIEW OBSTRUCTED, LIMITED DUE TO WEATHER CONDITIONS",MISJUDGE CLEARANCE,WIPERS,2022,1
4675,29942392,0510100,HENDERSON POLICE DEPARTMENT,Accepted,HENDERSON,,,RICHARDSON,AVE,,,GREEN,,,,,37.85546443,-87.57679223,0.318,2022-04-14,1801,2,2,0,0,CLEAR,DRY,False,SIDESWIPE-SAME DIRECTION,SIDESWIPE-SAME DIRECTION,STRAIGHT & LEVEL,DAYLIGHT,,,44666.56745,False,31,Accepted,5,5,O,,INATTENTION,,2022,1
4676,29950795,0510100,HENDERSON POLICE DEPARTMENT,Accepted,HENDERSON,US0041A,,GREEN,ST,N,,,,,,,37.85421139,-87.57874563,17.086,2022-04-15,1051,2,2,0,0,CLEAR,DRY,False,REAR END IN TRAFFIC LANES BOTH VEHICLES MOVING,REAR END,STRAIGHT & LEVEL,DAYLIGHT,,,44669.36442,False,49,Accepted,5,5,O,,MISJUDGE CLEARANCE,,2022,1
4677,29950796,0510100,HENDERSON POLICE DEPARTMENT,Accepted,HENDERSON,,,CARRIAGE HOMES,PARK,,,,,,,,37.80503568,-87.56780503,0.026,2022-04-15,1540,2,1,0,0,CLEAR,DRY,False,COLLISION WITH PEDESTRIAN NON - INTERSECTION,SINGLE VEHICLE,STRAIGHT & LEVEL,DAYLIGHT,,,44669.36448,False,49,Accepted,5,5,O,ANIMALS ACTION,MISJUDGE CLEARANCE,,2022,1
4678,29950797,0510100,HENDERSON POLICE DEPARTMENT,Accepted,HENDERSON,US0041,2400,US41,,N,,,,,,,37.86632415,-87.57269224,16.733,2022-04-15,1606,2,2,0,0,CLEAR,DRY,True,REAR END IN TRAFFIC LANES BOTH VEHICLES MOVING,REAR END,STRAIGHT & LEVEL,DAYLIGHT,,,44669.36456,False,64,Accepted,5,5,O,,INATTENTION,,2022,1
4682,29954084,0510100,HENDERSON POLICE DEPARTMENT,Accepted,HENDERSON,,,H AND H,AVE,,,PRIEST,,,,,37.8353444,-87.57193326,0.001,2022-04-15,2323,1,1,0,0,RAINING,WET,False,OTHER INTERSECTION COLLISIONS,SINGLE VEHICLE,CURVE & HILLCREST,DARK-HWY LIGHTED/ON,,,44669.8547,False,25,Accepted,5,5,O,,"INATTENTION, TOO FAST FOR CONDITIONS",,2022,1
4683,29954086,0510100,HENDERSON POLICE DEPARTMENT,Accepted,HENDERSON,US0041,,US41,,N,,,,,,,37.87097567,-87.57023945,17.077,2022-04-15,2248,1,1,0,0,RAINING,WET,False,COLLISION WITH FIXED OBJECT NON - INTERSECTION - FIRST EVENT COLLISION 09 - 32 EXCLUDING 16,SINGLE VEHICLE,STRAIGHT & LEVEL,DARK-HWY LIGHTED/ON,,,44669.85475,False,31,Accepted,5,5,O,,FAILED TO KEEP PROPER LANE,,2022,1
4684,29955617,0510100,HENDERSON POLICE DEPARTMENT,Accepted,HENDERSON,US0041A,,GREEN,ST,N,,14TH,,,,,37.85417223,-87.57883835,17.069,2022-04-14,832,2,2,0,0,CLEAR,DRY,False,SIDESWIPE-SAME DIRECTION,SIDESWIPE-SAME DIRECTION,STRAIGHT & LEVEL,DAYLIGHT,,,44670.32562,False,49,Accepted,5,5,O,,"INATTENTION, MISJUDGE CLEARANCE",,2022,1
4685,29956029,0510100,HENDERSON POLICE DEPARTMENT,Accepted,HENDERSON,US0041A,,GREEN,ST,N,,RAY,,,,,37.84746545,-87.58319234,16.548,2022-04-18,928,2,2,0,0,CLEAR,DRY,False,OTHER INTERSECTION COLLISIONS,REAR END,STRAIGHT & LEVEL,DAYLIGHT,,,44670.40195,False,49,Accepted,5,5,O,,"FOLLOWING TOO CLOSE, MISJUDGE CLEARANCE",,2022,1
4686,29956063,0510100,HENDERSON POLICE DEPARTMENT,Accepted,HENDERSON,US0060,,US60,,E,,,,BARETT,,GREEN,37.85945406,-87.56882742,,2022-04-15,1430,2,2,0,0,CLOUDY,DRY,True,OTHER ROADWAY OR MID-BLOCK COLLISION,REAR END,STRAIGHT & LEVEL,DAYLIGHT,,,44670.41186,False,73,Accepted,5,5,O,,,,2022,1
4687,29956066,0510100,HENDERSON POLICE DEPARTMENT,Accepted,HENDERSON,,,13TH,ST,,US0041A,GREEN,,,,,37.853267,-87.58002108,0.022,2022-04-16,1659,2,2,0,0,CLEAR,DRY,False,SIDESWIPE-SAME DIRECTION,SIDESWIPE-SAME DIRECTION,STRAIGHT & LEVEL,DAYLIGHT,,,44670.41207,False,37,Accepted,5,5,O,,MISJUDGE CLEARANCE,,2022,1
4688,29956069,0510100,HENDERSON POLICE DEPARTMENT,Accepted,HENDERSON,KY0351,,ZION,RD,,,,,ARLINGTON,KY1539,LARUE,37.82845444,-87.55871378,1.805,2022-04-18,740,2,2,0,0,CLOUDY,WET,False,OTHER ROADWAY OR MID-BLOCK COLLISION,REAR END,STRAIGHT & LEVEL,DAYLIGHT,,,44670.41216,False,43,Accepted,5,5,O,SLIPPERY SURFACE,INATTENTION,,2022,1
4690,29959050,0510100,HENDERSON POLICE DEPARTMENT,Accepted,HENDERSON,,1650,GREEN,ST,N,,,,,,,37.85548894,-87.57640804,0.009,2022-04-19,1644,2,2,0,0,CLEAR,DRY,False,REAR END IN TRAFFIC LANES BOTH VEHICLES MOVING,REAR END,CURVE & LEVEL,OTHER,,,44670.97405,False,8,Accepted,5,5,O,,"IMPROPER BACKING, INATTENTION",,2022,1
4691,29962534,0510100,HENDERSON POLICE DEPARTMENT,Accepted,HENDERSON,,,ATKINSON,ST,,,POWELL,,,,,37.82675646,-87.57749324,0.096,2022-04-19,1815,2,2,0,0,CLEAR,DRY,False,ANGLE COLLISION - OTHER,ANGLE,STRAIGHT & LEVEL,DAYLIGHT,,,44671.67618,False,25,Accepted,5,5,O,GLARE (SUN),"DISREGARD TRAFFIC CONTROL, FAILED TO YIELD RIGHT OF WAY, INATTENTION",,2022,1
4694,29971335,0510100,HENDERSON POLICE DEPARTMENT,Accepted,HENDERSON,,,ATKINSON,ST,,,POWELL,,,,,37.82673072,-87.57749415,0.098,2022-04-19,1731,2,2,0,0,CLEAR,DRY,False,ANGLE COLLISION - OTHER,ANGLE,STRAIGHT & LEVEL,DAYLIGHT,,,44673.6299,False,67,Accepted,5,5,O,,INATTENTION,,2022,1
4696,29980641,0510100,HENDERSON POLICE DEPARTMENT,Accepted,HENDERSON,US0041A,,GREEN,ST,S,,FAIR,,,,,37.82245043,-87.6044389,14.391,2022-04-14,811,2,2,0,0,CLEAR,DRY,False,REAR END - ONE VEHICLE TURNING LEFT,REAR END,STRAIGHT & LEVEL,DAYLIGHT,,,44676.47906,False,49,Accepted,5,5,O,,DISTRACTION,,2022,1
4697,29980642,0510100,HENDERSON POLICE DEPARTMENT,Accepted,HENDERSON,US0041,,US41,,N,,,,,,,37.83934787,-87.56465363,14.709,2022-04-19,1322,2,2,0,0,CLEAR,DRY,False,SIDESWIPE COLLISION - SAME DIRECTION,SIDESWIPE-SAME DIRECTION,CURVE & LEVEL,DAYLIGHT,,,44676.47915,False,82,Accepted,5,5,O,,"INATTENTION, MISJUDGE CLEARANCE",,2022,1
4698,29980644,0510100,HENDERSON POLICE DEPARTMENT,Accepted,HENDERSON,US0041A,325,GREEN,ST,S,,,,,,,37.833259,-87.59381906,15.394,2022-04-21,1228,2,2,0,0,RAINING,WET,False,SIDESWIPE COLLISION - SAME DIRECTION,SIDESWIPE-SAME DIRECTION,STRAIGHT & LEVEL,DAYLIGHT,,,44676.47924,False,82,Accepted,5,5,O,,INATTENTION,,2022,1
4699,29980650,0510100,HENDERSON POLICE DEPARTMENT,Accepted,HENDERSON,,,HENDERSON COMMUNITY COLLEGE,,,,,,,,,37.79831707,-87.65096822,0.199,2022-04-21,725,2,2,0,0,RAINING,WET,False,1 VEHICLE ENTERING/LEAVING ENTRANCE,ANGLE,STRAIGHT & GRADE,DAYLIGHT,,,44676.47959,False,72,Accepted,5,5,O,,,BRAKES DEFECTIVE,2022,1
4703,29982005,0510100,HENDERSON POLICE DEPARTMENT,Accepted,HENDERSON,US0041A,1435,GREEN,ST,S,,,,,,,37.82150516,-87.60593736,14.303,2022-04-16,1454,1,1,0,0,CLEAR,DRY,False,COLLISION WITH ANIMAL NON INTERSECTION,SINGLE VEHICLE,STRAIGHT & LEVEL,DAYLIGHT,,,44676.68888,False,37,Accepted,5,5,O,,,,2022,1
4704,29982006,0510100,HENDERSON POLICE DEPARTMENT,Accepted,HENDERSON,,,PRINGLE,ST,,,POND,,,,,37.82335599,-87.58676961,0.445,2022-04-17,1415,2,2,0,0,CLOUDY,DRY,False,OPPOSITE DIRECTION - BOTH VEHICLES GOING STRAIGHT AHEAD,SIDESWIPE-OPPOSITE DIRECTION,STRAIGHT & LEVEL,DAYLIGHT,,,44676.68894,False,36,Accepted,5,5,O,,MISJUDGE CLEARANCE,,2022,1
4705,29982009,0510100,HENDERSON POLICE DEPARTMENT,Accepted,HENDERSON,US0041,,US41,,N,,PAUL,,,,,37.87423679,-87.56834826,17.319,2022-04-20,1708,2,2,0,0,CLEAR,DRY,False,ANGLE COLLISION - OTHER,ANGLE,STRAIGHT & LEVEL,DAYLIGHT,,,44676.68902,False,67,Accepted,5,5,O,,INATTENTION,,2022,1
4706,29982011,0510100,HENDERSON POLICE DEPARTMENT,Accepted,HENDERSON,US0041A,1126,GREEN,ST,S,,,,,,,37.82443544,-87.6023617,14.604,2022-04-22,1514,2,2,0,0,CLEAR,DRY,False,REAR END IN TRAFFIC LANES BOTH VEHICLES MOVING,REAR END,STRAIGHT & LEVEL,DAYLIGHT,,,44676.68907,False,82,Accepted,5,5,O,,INATTENTION,,2022,1
4707,29982015,0510100,HENDERSON POLICE DEPARTMENT,Accepted,HENDERSON,,,MADISON,ST,,,SHELBY ,,,,,37.81811028,-87.58532194,,2022-04-24,1630,2,2,0,0,CLEAR,DRY,False,ANGLE COLLISION - OTHER,ANGLE,STRAIGHT & LEVEL,DAYLIGHT,,,44676.68921,False,73,Accepted,5,5,O,,"FAILED TO YIELD RIGHT OF WAY, INATTENTION",,2022,1
4708,29982016,0510100,HENDERSON POLICE DEPARTMENT,Accepted,HENDERSON,KY0425,,KY425,,,,,,OLD CORYDON ,,US 41A,37.79125728,-87.63998005,,2022-04-25,650,2,2,0,0,RAINING,WATER (STANDING OR MOVING),False,REAR END IN TRAFFIC LANES BOTH VEHICLES MOVING,REAR END,STRAIGHT & GRADE,DAYLIGHT,,,44676.68926,False,73,Accepted,5,5,O,,INATTENTION,BRAKES DEFECTIVE,2022,1
4709,29982803,0510100,HENDERSON POLICE DEPARTMENT,Accepted,HENDERSON,,,WATER,ST,N,,1ST,,,,,37.84006656,-87.59406262,0.397,2022-04-20,1950,2,2,0,0,RAINING,WET,False,ANGLE COLLISION - OTHER,ANGLE,STRAIGHT & LEVEL,DARK-HWY LIGHTED/ON,,,44676.85571,False,58,Accepted,5,5,O,,INATTENTION,,2022,1
4710,29982804,0510100,HENDERSON POLICE DEPARTMENT,Accepted,HENDERSON,US0060,,US60,,E,,MANOR,,,,,37.86050605,-87.56573089,10.714,2022-04-22,1746,2,2,0,0,CLEAR,DRY,True,OTHER INTERSECTION COLLISIONS,REAR END,STRAIGHT & LEVEL,DAYLIGHT,,,44676.85577,False,24,Accepted,5,5,O,,INATTENTION,,2022,1
4711,29982805,0510100,HENDERSON POLICE DEPARTMENT,Accepted,HENDERSON,,,3RD,ST,,,MAIN,,,,,37.84196281,-87.59081887,0.095,2022-04-23,1740,2,2,0,0,CLEAR,DRY,False,ANGLE COLLISION - OTHER,ANGLE,STRAIGHT & LEVEL,DAYLIGHT,,,44676.85583,False,24,Accepted,5,5,O,,"INATTENTION, TURNING IMPROPERLY",,2022,1
4712,29982806,0510100,HENDERSON POLICE DEPARTMENT,Accepted,HENDERSON,,,WATER,ST,N,,3RD,,,,,37.84263326,-87.59236964,0.197,2022-04-22,2100,2,2,0,0,CLEAR,DRY,False,VEHICLE BACKING IN INTERSECTION,BACKING,STRAIGHT & LEVEL,DARK-HWY LIGHTED/ON,,,44676.85589,False,25,Accepted,5,5,O,,INATTENTION,,2022,1
4713,29982807,0510100,HENDERSON POLICE DEPARTMENT,Accepted,HENDERSON,US0041,,US41,,N,,,,,,,37.86264875,-87.57467113,16.473,2022-04-23,2225,2,2,0,0,CLEAR,DRY,False,SIDESWIPE COLLISION - SAME DIRECTION,SIDESWIPE-SAME DIRECTION,STRAIGHT & LEVEL,DARK-HWY LIGHTED/ON,,,44676.85596,False,31,Accepted,5,5,O,,INATTENTION,,2022,1
4715,29989220,0510100,HENDERSON POLICE DEPARTMENT,Accepted,HENDERSON,,,ELM,ST,N,,10TH,,,,,37.85039005,-87.58341448,0.963,2022-04-23,1657,1,1,0,0,CLEAR,DRY,False,COLLISION WITH FIXED OBJECT IN INTERSECTION - FIRST EVENT COLLISION 09 - 32,SINGLE VEHICLE,STRAIGHT & LEVEL,DAYLIGHT,,,44678.43279,False,49,Accepted,5,5,O,,,,2022,1
4716,29989723,0510100,HENDERSON POLICE DEPARTMENT,Accepted,HENDERSON,US0041A,,GREEN,ST,N,,,,,,,37.83880983,-87.58890717,15.872,2022-04-25,1152,3,3,0,0,CLOUDY,DRY,False,REAR END IN TRAFFIC LANES BOTH VEHICLES MOVING,REAR END,STRAIGHT & LEVEL,DAYLIGHT,,,44678.54114,False,49,Accepted,5,5,O,,"FOLLOWING TOO CLOSE, INATTENTION",,2022,1
4719,29992842,0510100,HENDERSON POLICE DEPARTMENT,Accepted,HENDERSON,,799,LAKEVIEW,DR,,,,,,,,37.86781313,-87.56505224,0.095,2022-04-18,1145,2,2,0,0,CLEAR,DRY,True,1 VEHICLE PARKED POSITION (NOT PARKING LOT/DRIVEWAY),BACKING,STRAIGHT & GRADE,DAYLIGHT,,,44679.27041,False,33,Accepted,5,5,O,,,,2022,1
4720,29995806,0510100,HENDERSON POLICE DEPARTMENT,Accepted,HENDERSON,,,MILL,ST,,,,,,,,37.8260908,-87.58210821,0.547,2022-04-27,1933,2,2,0,1,CLEAR,DRY,False,1 VEHICLE PARKED POSITION (NOT PARKING LOT/DRIVEWAY),ANGLE,STRAIGHT & LEVEL,DAYLIGHT,,,44679.84265,False,24,Accepted,4,4,C,,NOT UNDER PROPER CONTROL,,2022,1
4722,29999660,0510100,HENDERSON POLICE DEPARTMENT,Accepted,HENDERSON,,511,MAIN,ST,S,,,,,,,37.83302217,-87.5985448,1.669,2022-04-21,905,2,2,0,0,CLEAR,DRY,False,1 VEHICLE ENTERING/LEAVING ENTRANCE,ANGLE,STRAIGHT & LEVEL,DAYLIGHT,,,44680.78457,False,36,Accepted,5,5,O,,"INATTENTION, MISJUDGE CLEARANCE",,2022,1
4723,29999663,0510100,HENDERSON POLICE DEPARTMENT,Accepted,HENDERSON,US0060,2336,GREEN,ST,S,,,,,,,37.80249636,-87.64099473,9.117,2022-04-28,720,2,2,0,2,CLEAR,DRY,False,OTHER ROADWAY OR MID-BLOCK COLLISION,OPPOSING LEFT TURN,STRAIGHT & LEVEL,DAYLIGHT,,,44680.7847,False,49,Accepted,4,4,C,,"FAILED TO YIELD RIGHT OF WAY, INATTENTION",,2022,1
4724,29999664,0510100,HENDERSON POLICE DEPARTMENT,Accepted,HENDERSON,KY0351,,ZION,RD,,,ARLINGTON,,,,,37.82941768,-87.56182692,1.629,2022-04-28,721,2,2,0,0,CLEAR,DRY,False,ANGLE COLLISION - OTHER,ANGLE,STRAIGHT & LEVEL,DAYLIGHT,,,44680.78475,False,64,Accepted,5,5,O,BACKUP DUE TO REGULAR CONGESTION,INATTENTION,,2022,1