OBJECTID,IncidentID,AgencyORI,AgencyName,IncidentStatusDesc,County,RdwyNumber,Street,RoadwayName,StreetSfx,StreetDir,IntersectionRdwy,IntersectionRdwyName,BetweenStRdwy1,BetweenStRdwyName1,BetweenStRdwy2,BetweenStRdwyName2,Latitude,Longitude,Milepoint,CollisionDate,CollisionTime,UnitsInvolved,MotorVehiclesInvolved,NumberKilled,NumberInjured,Weather,RdwyConditionCode,HitandRun,DirAnalysisCode,MannerofCollision,RdwyCharacter,LightCondition,RampFromRdwyId,RampToRdwyId,AcceptedDate,IsSecondaryCollision,OwnerBadge,IncidentStatus,InjurySeverityCde,KABCO_Code,KABCO,Environmental_Factors,Human_Factors,Vehicular_Factors,CollisionYear,CityCrash
4726,30010285,0510100,HENDERSON POLICE DEPARTMENT,Accepted,HENDERSON,KY0351,,2ND,ST,,,ALVASIA,,,,,37.83716022,-87.5825593,0.355,2022-04-29,2038,2,2,0,0,CLOUDY,DRY,False,ANGLE COLLISION - OTHER,ANGLE,STRAIGHT & LEVEL,DARK-HWY LIGHTED/ON,,,44683.86598,False,31,Accepted,5,5,O,,INATTENTION,,2022,1
4727,30010429,0510100,HENDERSON POLICE DEPARTMENT,Accepted,HENDERSON,US0041A,,GREEN,ST,N,,2ND,,,,,37.83954393,-87.58845989,15.919,2022-04-28,2318,2,2,0,0,CLOUDY,DRY,False,OTHER INTERSECTION COLLISIONS,REAR END,STRAIGHT & LEVEL,DARK-HWY LIGHTED/ON,,,44683.91627,False,58,Accepted,5,5,O,,,BRAKES DEFECTIVE,2022,1
4728,30010431,0510100,HENDERSON POLICE DEPARTMENT,Accepted,HENDERSON,,,LETCHER,ST,,,CUMNOCK,,,,,37.82529613,-87.58074421,0.271,2022-04-30,214,2,2,0,0,CLOUDY,DRY,True,ANGLE COLLISION - OTHER,ANGLE,STRAIGHT & LEVEL,DARK-HWY LIGHTED/ON,,,44683.91638,False,58,Accepted,5,5,O,,DISREGARD TRAFFIC CONTROL,,2022,1
4729,30013324,0510100,HENDERSON POLICE DEPARTMENT,Accepted,HENDERSON,,,ELM,ST,N,,2ND,,,,,37.84011964,-87.59003625,0.167,2022-04-29,1237,2,2,0,0,CLEAR,DRY,False,VEHICLE BACKING IN INTERSECTION,BACKING,STRAIGHT & LEVEL,DAYLIGHT,,,44684.62414,False,49,Accepted,5,5,O,,FAILED TO YIELD RIGHT OF WAY,,2022,1
4730,30013441,0510100,HENDERSON POLICE DEPARTMENT,Accepted,HENDERSON,US0041,,US41,,N,,MARYWOOD,,,,,37.86733449,-87.57207444,16.803,2022-05-01,1635,2,2,0,0,CLEAR,DRY,False,ANGLE COLLISION - ONE VEHICLE TURNING LEFT,ANGLE,STRAIGHT & LEVEL,DAYLIGHT,,,44684.63858,False,36,Accepted,5,5,O,,"DISREGARD TRAFFIC CONTROL, INATTENTION",,2022,1
4731,30013859,0510100,HENDERSON POLICE DEPARTMENT,Accepted,HENDERSON,KY0351,,ZION,RD,,,,,ARLINGTON,KY1539,LARUE,37.82906262,-87.5605316,1.7,2022-04-18,725,2,2,0,0,CLEAR,DRY,False,REAR END IN TRAFFIC LANES BOTH VEHICLES MOVING,REAR END,STRAIGHT & LEVEL,DAYLIGHT,,,44684.69366,False,65,Accepted,5,5,O,,INATTENTION,,2022,1
4732,30013863,0510100,HENDERSON POLICE DEPARTMENT,Accepted,HENDERSON,US0060,1900,US60,,E,,,,,,,37.85972255,-87.56819465,10.575,2022-04-29,1540,3,3,0,0,CLEAR,DRY,False,REAR END IN TRAFFIC LANES BOTH VEHICLES MOVING,REAR END,STRAIGHT & LEVEL,DAYLIGHT,,,44684.69374,False,18,Accepted,5,5,O,,INATTENTION,,2022,1
4733,30016896,0510100,HENDERSON POLICE DEPARTMENT,Accepted,HENDERSON,,,12TH,ST,,,,,,,,37.8526024,-87.58286979,0.151,2022-04-28,1701,2,2,0,0,CLEAR,DRY,True,1 VEHICLE PARKED POSITION (NOT PARKING LOT/DRIVEWAY),SIDESWIPE-OPPOSITE DIRECTION,STRAIGHT & LEVEL,DAYLIGHT,,,44685.45734,False,49,Accepted,5,5,O,,,,2022,1
4734,30016899,0510100,HENDERSON POLICE DEPARTMENT,Accepted,HENDERSON,US0041A,,GREEN,ST,S,,WASHINGTON,,,,,37.83627506,-87.59077381,15.665,2022-04-30,1538,2,2,0,0,CLEAR,DRY,False,OTHER INTERSECTION COLLISIONS,REAR END,STRAIGHT & GRADE,DAYLIGHT,,,44685.45744,False,48,Accepted,5,5,O,,INATTENTION,,2022,1
4735,30016901,0510100,HENDERSON POLICE DEPARTMENT,Accepted,HENDERSON,KY0136,,SAND,LN,,US0041A,GREEN,,,,,37.82373382,-87.60309167,19.551,2022-05-01,1152,2,2,0,0,CLEAR,DRY,False,OTHER INTERSECTION COLLISIONS,REAR END,STRAIGHT & LEVEL,DAYLIGHT,,,44685.45751,False,48,Accepted,5,5,O,,INATTENTION,,2022,1
4736,30016903,0510100,HENDERSON POLICE DEPARTMENT,Accepted,HENDERSON,US0041A,,GREEN,ST,S,,,,CLAY,,DIXON,37.83329714,-87.59378221,15.398,2022-05-01,1242,2,2,0,1,CLEAR,DRY,False,OTHER ROADWAY OR MID-BLOCK COLLISION,OPPOSING LEFT TURN,STRAIGHT & LEVEL,DAYLIGHT,,,44685.45756,False,48,Accepted,5,3,B,VIEW OBSTRUCTED/LIMITED DUE TO RDWY,"FAILED TO YIELD RIGHT OF WAY, INATTENTION",,2022,1
4737,30020697,0510100,HENDERSON POLICE DEPARTMENT,Accepted,HENDERSON,US0060,,GREEN,ST,S,,,,BORAX,,OLD CORYDON,37.80595743,-87.63168585,9.68,2022-05-04,617,1,1,0,0,CLOUDY,DRY,False,OTHER COLLISIONS ON SHOULDER,SINGLE VEHICLE,STRAIGHT & LEVEL,DAWN,,,44686.35538,False,34,Accepted,5,5,O,,INATTENTION,,2022,1
4738,30020850,0510100,HENDERSON POLICE DEPARTMENT,Accepted,HENDERSON,,,DR MARTIN LUTHER KING JR,AVE,,US0041A,GREEN,,,,,37.83273051,-87.59428216,0.001,2022-04-27,1725,2,2,0,0,CLEAR,DRY,True,OTHER INTERSECTION COLLISIONS,REAR END,STRAIGHT & LEVEL,DAYLIGHT,,,44686.37967,False,44,Accepted,5,5,O,,INATTENTION,,2022,1
4742,30028385,0510100,HENDERSON POLICE DEPARTMENT,Accepted,HENDERSON,US0041A,1700,GREEN,ST,S,,,,,,,37.81524802,-87.61618012,13.569,2022-05-01,351,1,1,0,0,CLEAR,DRY,False,RAN OFF ROADWAY (1 VEHICLE WITH/EARTH EMBANKMENT/DITCH),SINGLE VEHICLE,STRAIGHT & LEVEL,DARK-HWY LIGHTED/ON,,,44688.28761,False,33,Accepted,5,5,O,,FELL ASLEEP,,2022,1
4743,30034594,0510100,HENDERSON POLICE DEPARTMENT,Accepted,HENDERSON,US0041,2044,US41,,N,,,,,,,37.86628218,-87.5727054,16.73,2022-05-02,1440,2,2,0,0,CLEAR,DRY,False,1 VEHICLE ENTERING/LEAVING ENTRANCE,ANGLE,STRAIGHT & LEVEL,DAYLIGHT,,,44690.40094,False,37,Accepted,5,5,O,,MISJUDGE CLEARANCE,BRAKES DEFECTIVE,2022,1
4744,30034595,0510100,HENDERSON POLICE DEPARTMENT,Accepted,HENDERSON,,,5TH,ST,,,ALVES,,,,,37.84164861,-87.58201731,0.709,2022-05-05,1335,2,2,0,0,RAINING,WET,False,ANGLE COLLISION - OTHER,ANGLE,STRAIGHT & LEVEL,DAYLIGHT,,,44690.40104,False,37,Accepted,5,5,O,,MISJUDGE CLEARANCE,,2022,1
4745,30034596,0510100,HENDERSON POLICE DEPARTMENT,Accepted,HENDERSON,US0041,,,,,,,,,,,37.85756631,-87.57377196,0.149,2022-05-05,1531,1,1,0,0,CLOUDY,WET,False,COLLISION WITH FIXED OBJECT NOT IN GORE ,SINGLE VEHICLE,CURVE & HILLCREST,DAYLIGHT,US0041,US0041,44690.40112,False,37,Accepted,5,5,O,SLIPPERY SURFACE,NOT UNDER PROPER CONTROL,,2022,1
4746,30034597,0510100,HENDERSON POLICE DEPARTMENT,Accepted,HENDERSON,US0041,2236,US41,,N,,,,,,,37.8699889,-87.57063418,17.008,2022-05-05,1500,3,3,0,0,CLOUDY,WET,False,REAR END IN TRAFFIC LANES BOTH VEHICLES MOVING,REAR END,STRAIGHT & LEVEL,DAYLIGHT,,,44690.40119,False,36,Accepted,5,5,O,SLIPPERY SURFACE,INATTENTION,,2022,1
4747,30037170,0510100,HENDERSON POLICE DEPARTMENT,Accepted,HENDERSON,US0041A,1200,GREEN,ST,N,,,,,,,37.85219846,-87.58024516,16.917,2022-05-07,144,2,2,0,0,CLEAR,DRY,False,1 VEHICLE ENTERING/LEAVING ENTRANCE,ANGLE,STRAIGHT & LEVEL,DARK-HWY LIGHTED/ON,,,44690.88497,False,50,Accepted,5,5,O,,DISTRACTION,,2022,1
4748,30037171,0510100,HENDERSON POLICE DEPARTMENT,Accepted,HENDERSON,,805,POND,ST,,,,,,,,37.82399067,-87.5860237,0.141,2022-05-08,351,2,2,0,0,CLEAR,DRY,True,1 VEHICLE PARKED POSITION (NOT PARKING LOT/DRIVEWAY),SIDESWIPE-OPPOSITE DIRECTION,STRAIGHT & LEVEL,DARK-HWY LIGHTED/ON,,,44690.88502,False,25,Accepted,5,5,O,,,,2022,1
4749,30037172,0510100,HENDERSON POLICE DEPARTMENT,Accepted,HENDERSON,US0041A,,GREEN,ST,S,,,,,,,37.83525726,-87.59182124,15.574,2022-05-07,2136,2,2,0,0,CLOUDY,DRY,False,1 VEHICLE ENTERING/LEAVING ENTRANCE,ANGLE,STRAIGHT & LEVEL,DARK-HWY LIGHTED/ON,,,44690.88506,False,58,Accepted,5,5,O,,FAILED TO YIELD RIGHT OF WAY,,2022,1
4753,30046051,0510100,HENDERSON POLICE DEPARTMENT,Accepted,HENDERSON,US0060,,US60,,E,,BARRET,,,,,37.85964322,-87.56828393,10.569,2022-05-10,1220,4,4,0,2,CLEAR,DRY,False,OTHER INTERSECTION COLLISIONS,REAR END,STRAIGHT & LEVEL,DAYLIGHT,,,44692.48375,False,36,Accepted,5,2,A,,DISTRACTION,,2022,1
4754,30046254,0510100,HENDERSON POLICE DEPARTMENT,Accepted,HENDERSON,,,MAIN,ST,S,,,,YEAMAN,,FAIRVIEW,37.82077358,-87.6110037,,2022-05-08,1625,1,1,0,1,CLEAR,DRY,False,COLLISION WITH FIXED OBJECT NON - INTERSECTION - FIRST EVENT COLLISION 09 - 32 EXCLUDING 16,SINGLE VEHICLE,STRAIGHT & LEVEL,DAYLIGHT,,,44692.53797,False,73,Accepted,5,4,C,,"EMOTIONAL, INATTENTION, NOT UNDER PROPER CONTROL",,2022,1
4755,30046256,0510100,HENDERSON POLICE DEPARTMENT,Accepted,HENDERSON,US0041A,,GREEN,ST,S,,POWELL,,,,,37.83584945,-87.59117175,15.627,2022-05-10,1232,2,2,0,0,CLEAR,DRY,False,OTHER INTERSECTION COLLISIONS,REAR END,STRAIGHT & LEVEL,DAYLIGHT,,,44692.53807,False,37,Accepted,5,5,O,,MISJUDGE CLEARANCE,,2022,1
4756,30053940,0510100,HENDERSON POLICE DEPARTMENT,Accepted,HENDERSON,US0041,,US41,,N,,BARRET,,,,,37.86441597,-87.57367738,16.577,2022-05-11,1532,2,2,0,0,CLEAR,DRY,False,SIDESWIPE-SAME DIRECTION,SIDESWIPE-SAME DIRECTION,STRAIGHT & LEVEL,DAYLIGHT,,,44694.33056,False,49,Accepted,5,5,O,,"FAILED TO KEEP PROPER LANE, INATTENTION",,2022,1
4757,30053948,0510100,HENDERSON POLICE DEPARTMENT,Accepted,HENDERSON,,,INGRAM,ST,N,KY0351,2ND,,,,,37.83898584,-87.58688857,0.473,2022-05-12,1018,2,2,0,0,CLEAR,DRY,True,ANGLE COLLISION - OTHER,ANGLE,STRAIGHT & LEVEL,DAYLIGHT,,,44694.33079,False,49,Accepted,5,5,O,,"FAILED TO YIELD RIGHT OF WAY, INATTENTION",,2022,1
4758,30059918,0510100,HENDERSON POLICE DEPARTMENT,Accepted,HENDERSON,,,WASHINGTON,ST,,,MAIN,,,,,37.83807802,-87.59365547,1.406,2022-04-26,941,2,1,0,1,CLEAR,DRY,False,ANGLE COLLISION - OTHER,ANGLE,STRAIGHT & LEVEL,DAYLIGHT,,,44696.12685,False,82,Accepted,5,4,C,,"INATTENTION, MISJUDGE CLEARANCE",,2022,1
4759,30063361,0510100,HENDERSON POLICE DEPARTMENT,Accepted,HENDERSON,,300,2ND,ST,,,,,,,,37.84000754,-87.58969477,0.077,2022-05-12,1233,2,2,0,0,CLEAR,DRY,False,VEHICLE BACKING NON INTERSECTION,BACKING,STRAIGHT & LEVEL,DAYLIGHT,,,44697.32199,False,66,Accepted,5,5,O,,INATTENTION,,2022,1
4760,30065104,0510100,HENDERSON POLICE DEPARTMENT,Accepted,HENDERSON,US0041A,1725,GREEN,ST,S,,KRESGE,,,,,37.81627834,-87.61457424,13.66,2022-05-12,2023,2,2,0,1,CLEAR,DRY,False,OTHER INTERSECTION COLLISIONS,REAR END,STRAIGHT & LEVEL,DARK-HWY LIGHTED/ON,,,44697.5546,False,51,Accepted,5,3,B,,INATTENTION,,2022,1
4766,30070627,0510100,HENDERSON POLICE DEPARTMENT,Accepted,HENDERSON,US0060,,US60,,E,,BARRET,,,,,37.85993108,-87.56782161,10.596,2022-05-12,1529,2,2,0,0,CLEAR,DRY,True,SIDESWIPE-SAME DIRECTION,SIDESWIPE-SAME DIRECTION,STRAIGHT & HILLCREST,DAYLIGHT,,,44698.73807,False,67,Accepted,5,5,O,,INATTENTION,,2022,1
4767,30070628,0510100,HENDERSON POLICE DEPARTMENT,Accepted,HENDERSON,US0041,2757,US41,,N,,,,,,,37.87311087,-87.56910615,17.237,2022-05-12,1658,2,2,0,0,CLEAR,DRY,False,1 VEHICLE ENTERING/LEAVING ENTRANCE,ANGLE,STRAIGHT & LEVEL,DAYLIGHT,,,44698.73811,False,17,Accepted,5,5,O,,INATTENTION,,2022,1
4768,30070629,0510100,HENDERSON POLICE DEPARTMENT,Accepted,HENDERSON,KY0351,2424,ZION,RD,,,,,,,,37.82802326,-87.55649287,1.929,2022-05-12,1733,2,2,0,0,CLEAR,DRY,False,SIDESWIPE COLLISION - SAME DIRECTION,SIDESWIPE-SAME DIRECTION,STRAIGHT & LEVEL,DAYLIGHT,,,44698.73815,False,17,Accepted,5,5,O,,INATTENTION,,2022,1
4769,30070630,0510100,HENDERSON POLICE DEPARTMENT,Accepted,HENDERSON,,,SHENANDOAH,PL,,,,,,,,37.87523593,-87.57363277,0.006,2022-05-13,1000,2,2,0,0,CLEAR,DRY,False,1 VEHICLE PARKED POSITION (NOT PARKING LOT/DRIVEWAY),SIDESWIPE-SAME DIRECTION,STRAIGHT & LEVEL,DAYLIGHT,,,44698.73819,False,67,Accepted,5,5,O,,INATTENTION,,2022,1
4770,30070634,0510100,HENDERSON POLICE DEPARTMENT,Accepted,HENDERSON,US0041A,,GREEN,ST,S,,DR MARTIN LUTHER KING JR,,,,,37.83271456,-87.59426555,15.335,2022-05-13,1340,2,2,0,0,CLEAR,DRY,False,OTHER INTERSECTION COLLISIONS,REAR END,STRAIGHT & LEVEL,DAYLIGHT,,,44698.73827,False,17,Accepted,5,5,O,,INATTENTION,,2022,1
4771,30070635,0510100,HENDERSON POLICE DEPARTMENT,Accepted,HENDERSON,US0041,2400,US41,,N,,,,,,,37.87809211,-87.56646512,17.61,2022-05-13,1425,2,2,0,0,CLEAR,DRY,False,OTHER ROADWAY OR MID-BLOCK COLLISION,REAR END,STRAIGHT & LEVEL,DAYLIGHT,,,44698.73831,False,64,Accepted,5,5,O,,INATTENTION,,2022,1
4772,30074864,0510100,HENDERSON POLICE DEPARTMENT,Accepted,HENDERSON,US0041A,,GREEN,ST,N,,14TH,,,,,37.85409098,-87.57884301,17.074,2022-05-11,938,2,2,0,0,CLEAR,DRY,False,SIDESWIPE-SAME DIRECTION,SIDESWIPE-SAME DIRECTION,STRAIGHT & LEVEL,DAYLIGHT,,,44699.63812,False,48,Accepted,5,5,O,,INATTENTION,,2022,1
4773,30074868,0510100,HENDERSON POLICE DEPARTMENT,Accepted,HENDERSON,,,CLAY,ST,,,,,MILL,,LETCHER,37.82640394,-87.5808928,0.224,2022-05-16,646,2,2,0,0,CLEAR,DRY,True,1 VEHICLE PARKED POSITION (NOT PARKING LOT/DRIVEWAY),SIDESWIPE-SAME DIRECTION,STRAIGHT & LEVEL,DAYLIGHT,,,44699.63819,False,65,Accepted,5,5,O,,INATTENTION,,2022,1
4774,30074872,0510100,HENDERSON POLICE DEPARTMENT,Accepted,HENDERSON,US0041,2400,US41,,N,,,,,,,37.87068649,-87.57039523,17.055,2022-05-17,1457,3,3,0,0,CLEAR,DRY,False,REAR END IN TRAFFIC LANES BOTH VEHICLES MOVING,REAR END,STRAIGHT & LEVEL,DAYLIGHT,,,44699.63826,False,64,Accepted,5,5,O,,INATTENTION,,2022,1
4777,30079401,0510100,HENDERSON POLICE DEPARTMENT,Accepted,HENDERSON,US0041A,,GREEN,ST,S,,DR MARTIN LUTHER KING JR,,,,,37.83293246,-87.59407239,15.356,2022-05-16,1317,2,2,0,0,CLEAR,DRY,False,OTHER INTERSECTION COLLISIONS,REAR END,STRAIGHT & LEVEL,DAYLIGHT,,,44700.68901,False,37,Accepted,5,5,O,,MISJUDGE CLEARANCE,,2022,1
4778,30079405,0510100,HENDERSON POLICE DEPARTMENT,Accepted,HENDERSON,US0041A,,GREEN,ST,N,,12TH,,,,,37.85197593,-87.58038715,16.904,2022-05-17,1545,2,2,0,0,CLEAR,DRY,False,SIDESWIPE-SAME DIRECTION,SIDESWIPE-SAME DIRECTION,STRAIGHT & HILLCREST,DAYLIGHT,,,44700.68907,False,34,Accepted,5,5,O,,INATTENTION,,2022,1
4779,30079407,0510100,HENDERSON POLICE DEPARTMENT,Accepted,HENDERSON,,,BARRET,BLVD,,US0041,US41,,,,,37.86435716,-87.57372447,0.899,2022-05-18,1020,2,2,0,0,CLOUDY,WET,False,SIDESWIPE-SAME DIRECTION,SIDESWIPE-SAME DIRECTION,STRAIGHT & LEVEL,DAYLIGHT,,,44700.68913,False,67,Accepted,5,5,O,,INATTENTION,,2022,1
4780,30079408,0510100,HENDERSON POLICE DEPARTMENT,Accepted,HENDERSON,,,GREEN RIVER,RD,,,WATSON,,,,,37.86864124,-87.55757218,0.717,2022-05-18,1509,2,2,0,0,CLOUDY,DRY,False,ANGLE COLLISION - OTHER,ANGLE,STRAIGHT & LEVEL,DAYLIGHT,,,44700.68922,False,67,Accepted,5,5,O,,INATTENTION,,2022,1
4783,30082563,0510100,HENDERSON POLICE DEPARTMENT,Accepted,HENDERSON,KY0136,,SAND,LN,,,,,,,,37.82127952,-87.59934838,19.814,2022-05-16,1727,2,1,0,0,CLEAR,DRY,False,COLLISION WITH BICYCLIST NON INTERSECTION,SINGLE VEHICLE,STRAIGHT & LEVEL,DAYLIGHT,,,44701.5325,False,19,Accepted,5,5,O,,,,2022,1
4784,30091041,0510100,HENDERSON POLICE DEPARTMENT,Accepted,HENDERSON,US0041A,301,GREEN,ST,S,,,,,,,37.83342014,-87.59364272,15.41,2022-05-20,730,2,2,0,0,CLEAR,DRY,False,1 VEHICLE ENTERING/LEAVING ENTRANCE,ANGLE,STRAIGHT & LEVEL,DAYLIGHT,,,44704.36975,False,51,Accepted,5,5,O,,INATTENTION,,2022,1
4785,30091045,0510100,HENDERSON POLICE DEPARTMENT,Accepted,HENDERSON,US0041,,US41,,N,,,,,,,37.86343772,-87.57439996,16.511,2022-05-20,1254,2,2,0,0,CLEAR,DRY,False,1 VEHICLE ENTERING/LEAVING ENTRANCE,ANGLE,STRAIGHT & LEVEL,DAYLIGHT,,,44704.36981,False,37,Accepted,5,5,O,,"INATTENTION, MISJUDGE CLEARANCE",,2022,1
4786,30091047,0510100,HENDERSON POLICE DEPARTMENT,Accepted,HENDERSON,,959,VILLAGEBROOK,DR,,,,,,,,37.86800247,-87.54133027,0.151,2022-05-16,1249,2,2,0,0,CLEAR,DRY,False,1 VEHICLE PARKED POSITION (NOT PARKING LOT/DRIVEWAY),SIDESWIPE-OPPOSITE DIRECTION,STRAIGHT & LEVEL,DAYLIGHT,,,44704.36986,False,36,Accepted,5,5,O,,OTHER,,2022,1
4787,30091049,0510100,HENDERSON POLICE DEPARTMENT,Accepted,HENDERSON,US0041,,US41,,N,,PAUL,,,,,37.87422458,-87.56831433,17.324,2022-05-18,1736,2,2,0,2,CLEAR,DRY,False,ANGLE COLLISION - OTHER,ANGLE,STRAIGHT & LEVEL,DAYLIGHT,,,44704.36992,False,67,Accepted,4,4,C,,INATTENTION,,2022,1
4788,30091050,0510100,HENDERSON POLICE DEPARTMENT,Accepted,HENDERSON,,1957,SPRINGFIELD,DR,,,,,,,,37.80363809,-87.61949405,0.109,2022-05-18,811,2,2,0,0,CLEAR,DRY,True,1 VEHICLE PARKED POSITION (NOT PARKING LOT/DRIVEWAY),SIDESWIPE-SAME DIRECTION,STRAIGHT & LEVEL,DARK (UNKNOWN ROADWAY LIGHTING),,,44704.37,False,66,Accepted,5,5,O,,,,2022,1
4791,30093512,0510100,HENDERSON POLICE DEPARTMENT,Accepted,HENDERSON,US0041,,US41,,N,,WATSON,,,,,37.87535808,-87.56787787,17.409,2022-05-20,1900,3,3,0,4,CLEAR,DRY,False,ANGLE COLLISION - OTHER,ANGLE,STRAIGHT & LEVEL,DAYLIGHT,,,44704.7083,False,32,Accepted,5,3,B,,"DISTRACTION, INATTENTION",,2022,1
4792,30093518,0510100,HENDERSON POLICE DEPARTMENT,Accepted,HENDERSON,US0041,,US41,,N,,,,,,,37.85663911,-87.57273755,15.994,2022-05-19,1511,2,2,0,0,CLEAR,DRY,False,SIDESWIPE COLLISION - SAME DIRECTION,SIDESWIPE-SAME DIRECTION,STRAIGHT & LEVEL,DAYLIGHT,,,44704.70844,False,47,Accepted,5,5,O,,"IMPROPER PASSING, MISJUDGE CLEARANCE",,2022,1
4793,30093804,0510100,HENDERSON POLICE DEPARTMENT,Accepted,HENDERSON,,1114,ATKINSON,ST,,,,,,,,37.81874821,-87.58271877,0.739,2022-05-20,1832,2,2,0,0,CLEAR,DRY,False,1 VEHICLE PARKED POSITION (NOT PARKING LOT/DRIVEWAY),REAR TO REAR,STRAIGHT & LEVEL,DAYLIGHT,,,44704.76358,False,25,Accepted,5,5,O,,INATTENTION,,2022,1
4794,30094357,0510100,HENDERSON POLICE DEPARTMENT,Accepted,HENDERSON,,,ATKINSON,ST,,,POWELL,,,,,37.82673436,-87.57749978,0.098,2022-05-22,1756,2,2,0,0,CLEAR,DRY,True,OPPOSING LEFT TURN,OPPOSING LEFT TURN,STRAIGHT & LEVEL,DAYLIGHT,,,44704.90536,False,31,Accepted,5,5,O,,INATTENTION,,2022,1
4796,30104639,0510100,HENDERSON POLICE DEPARTMENT,Accepted,HENDERSON,,,VINE,ST,,,,,INGRAM,,ADAMS,37.82996509,-87.59389032,0.133,2022-05-14,1744,1,1,0,0,CLEAR,DRY,True,OTHER COLLISIONS ON SHOULDER,SINGLE VEHICLE,STRAIGHT & LEVEL,DAYLIGHT,,,44707.18075,False,33,Accepted,5,5,O,,,,2022,1
4797,30105076,0510100,HENDERSON POLICE DEPARTMENT,Accepted,HENDERSON,,,12TH,ST,,US0041A,GREEN,,,,,37.85194027,-87.58044361,0.302,2022-05-25,1301,2,2,0,0,CLOUDY,WET,False,ANGLE COLLISION - OTHER,ANGLE,STRAIGHT & LEVEL,DAYLIGHT,,,44707.3286,False,37,Accepted,5,5,O,,MISJUDGE CLEARANCE,,2022,1
4798,30105077,0510100,HENDERSON POLICE DEPARTMENT,Accepted,HENDERSON,US0041A,,GREEN,ST,S,,WASHINGTON,,,,,37.8362396,-87.59080613,15.666,2022-05-25,1527,2,2,0,2,CLOUDY,DRY,False,ANGLE COLLISION - OTHER,ANGLE,STRAIGHT & GRADE,DAYLIGHT,,,44707.32864,False,37,Accepted,5,4,C,,MISJUDGE CLEARANCE,BRAKES DEFECTIVE,2022,1
4800,30108051,0510100,HENDERSON POLICE DEPARTMENT,Accepted,HENDERSON,AU9005,12,US 41 SOUTH,,,,,,,,,37.81453381,-87.56353117,0.195,2022-05-23,2003,1,1,0,0,CLEAR,DRY,False,OTHER RAMP RELATED COLLISIONS NOT LISTED ABOVE,SINGLE VEHICLE,STRAIGHT & LEVEL,DARK-HWY LIGHTED/ON,US0041,AU9005,44707.9874,False,25,Accepted,5,5,O,DEBRIS IN ROADWAY,,,2022,1
4801,30108052,0510100,HENDERSON POLICE DEPARTMENT,Accepted,HENDERSON,,1000,PEBBLE CREEK,DR,,,,,,,,37.86413426,-87.54924299,0.04,2022-05-24,2321,2,2,0,0,RAINING,WET,False,1 VEHICLE PARKED POSITION (NOT PARKING LOT/DRIVEWAY),REAR END,STRAIGHT & HILLCREST,DARK-HWY LIGHTED/ON,,,44707.98745,False,38,Accepted,5,5,O,"VIEW OBSTRUCTED, LIMITED DUE TO WEATHER CONDITIONS",INATTENTION,,2022,1
4803,30119060,0510100,HENDERSON POLICE DEPARTMENT,Accepted,HENDERSON,,,ELM,ST,N,,10TH,,,,,37.8502146,-87.58359212,0.947,2022-05-10,1155,2,2,0,1,CLEAR,DRY,False,COLLISION WITH FIXED OBJECT IN INTERSECTION - FIRST EVENT COLLISION 09 - 32,SIDESWIPE-SAME DIRECTION,STRAIGHT & LEVEL,DAYLIGHT,,,44711.42627,False,44,Accepted,5,2,A,,"TURNING IMPROPERLY, FAILED TO YIELD RIGHT OF WAY",,2022,1
4804,30119135,0510100,HENDERSON POLICE DEPARTMENT,Accepted,HENDERSON,US0041,2530,US41,,N,,,,,,,37.87311982,-87.56876999,17.245,2022-05-26,1353,2,2,0,0,RAINING,WET,False,REAR END IN TRAFFIC LANES BOTH VEHICLES MOVING,REAR END,STRAIGHT & LEVEL,DAYLIGHT,,,44711.46117,False,17,Accepted,5,5,O,,INATTENTION,,2022,1
4805,30119136,0510100,HENDERSON POLICE DEPARTMENT,Accepted,HENDERSON,US0041A,,GREEN,ST,N,,5TH,,,,,37.84331299,-87.58591196,16.214,2022-05-27,1628,2,2,0,0,CLEAR,DRY,False,OTHER INTERSECTION COLLISIONS,REAR END,STRAIGHT & LEVEL,DAYLIGHT,,,44711.46122,False,17,Accepted,5,5,O,,INATTENTION,,2022,1
4806,30119137,0510100,HENDERSON POLICE DEPARTMENT,Accepted,HENDERSON,,1817,ELM,ST,N,,,,,,,37.86074107,-87.57684567,1.763,2022-05-23,1726,2,2,0,0,CLEAR,DRY,False,REAR END IN TRAFFIC LANES BOTH VEHICLES MOVING,REAR END,STRAIGHT & LEVEL,DAYLIGHT,,,44711.46127,False,17,Accepted,5,5,O,,INATTENTION,,2022,1
4807,30119139,0510100,HENDERSON POLICE DEPARTMENT,Accepted,HENDERSON,,400,INGRAM,ST,S,,,,,,,37.83047781,-87.59452318,0.285,2022-05-28,620,2,2,0,2,CLOUDY,DRY,False,1 VEHICLE ENTERING/LEAVING ENTRANCE,ANGLE,STRAIGHT & LEVEL,DAYLIGHT,,,44711.46132,False,19,Accepted,5,3,B,,ALCOHOL INVOLVEMENT,,2022,1
4808,30119141,0510100,HENDERSON POLICE DEPARTMENT,Accepted,HENDERSON,US0041,,US41,,N,,,,,,,37.85207331,-87.56850855,15.617,2022-05-29,1455,2,2,0,0,CLEAR,DRY,True,SIDESWIPE COLLISION - SAME DIRECTION,SIDESWIPE-SAME DIRECTION,CURVE & LEVEL,DAYLIGHT,,,44711.46138,False,44,Accepted,5,5,O,,,,2022,1