OBJECTID,IncidentID,AgencyORI,AgencyName,IncidentStatusDesc,County,RdwyNumber,Street,RoadwayName,StreetSfx,StreetDir,IntersectionRdwy,IntersectionRdwyName,BetweenStRdwy1,BetweenStRdwyName1,BetweenStRdwy2,BetweenStRdwyName2,Latitude,Longitude,Milepoint,CollisionDate,CollisionTime,UnitsInvolved,MotorVehiclesInvolved,NumberKilled,NumberInjured,Weather,RdwyConditionCode,HitandRun,DirAnalysisCode,MannerofCollision,RdwyCharacter,LightCondition,RampFromRdwyId,RampToRdwyId,AcceptedDate,IsSecondaryCollision,OwnerBadge,IncidentStatus,InjurySeverityCde,KABCO_Code,KABCO,Environmental_Factors,Human_Factors,Vehicular_Factors,CollisionYear,CityCrash
4809,30119204,0510100,HENDERSON POLICE DEPARTMENT,Accepted,HENDERSON,,,ADAMS,ST,N,,,,5TH,,6TH,37.84269325,-87.58304832,0.441,2022-05-26,1023,2,2,0,0,CLOUDY,DRY,False,1 VEHICLE ENTERING/LEAVING ENTRANCE,ANGLE,STRAIGHT & LEVEL,DAYLIGHT,,,44711.48563,False,71,Accepted,5,5,O,,INATTENTION,,2022,1
4810,30119205,0510100,HENDERSON POLICE DEPARTMENT,Accepted,HENDERSON,,,COUNTRY,DR,,,ILEX,,,,,37.80548297,-87.58901164,,2022-05-27,1300,2,2,0,0,CLOUDY,DRY,False,ANGLE COLLISION - OTHER,ANGLE,STRAIGHT & LEVEL,DAYLIGHT,,,44711.4857,False,73,Accepted,5,5,O,,"FAILED TO YIELD RIGHT OF WAY, INATTENTION",,2022,1
4811,30119206,0510100,HENDERSON POLICE DEPARTMENT,Accepted,HENDERSON,US0041,,US41,,N,,WATSON,,,,,37.87585638,-87.56756453,17.446,2022-05-24,1539,2,2,0,0,CLEAR,DRY,False,OTHER INTERSECTION COLLISIONS,REAR END,STRAIGHT & LEVEL,DAYLIGHT,,,44711.48575,False,37,Accepted,5,5,O,,"INATTENTION, MISJUDGE CLEARANCE",,2022,1
4812,30122575,0510100,HENDERSON POLICE DEPARTMENT,Accepted,HENDERSON,,,WASHINGTON,ST,,,HOLLOWAY,,,,,37.83249979,-87.58466224,0.784,2022-05-30,1614,2,2,0,0,CLEAR,DRY,False,ANGLE COLLISION - OTHER,ANGLE,STRAIGHT & GRADE,DAYLIGHT,,,44712.33733,False,48,Accepted,5,5,O,,INATTENTION,,2022,1
4813,30122625,0510100,HENDERSON POLICE DEPARTMENT,Accepted,HENDERSON,US0060,,US60,,E,,BEND GATE,,,,,37.864673,-87.55645416,11.303,2022-05-23,1512,2,2,0,2,CLEAR,DRY,False,ANGLE COLLISION - OTHER,ANGLE,STRAIGHT & GRADE,DAYLIGHT,,,44712.34731,False,34,Accepted,3,3,B,,INATTENTION,,2022,1
4816,30126473,0510100,HENDERSON POLICE DEPARTMENT,Accepted,HENDERSON,US0041A,,GREEN,ST,N,,14TH,,,,,37.85408302,-87.57886427,17.075,2022-05-28,1425,2,2,0,0,CLEAR,DRY,False,ANGLE COLLISION - ONE VEHICLE TURNING LEFT,ANGLE,STRAIGHT & LEVEL,DAYLIGHT,,,44712.83062,False,47,Accepted,5,5,O,,INATTENTION,,2022,1
4818,30130622,0510100,HENDERSON POLICE DEPARTMENT,Accepted,HENDERSON,,356,RACETRACK,RD,,,,,,,,37.88422255,-87.56578366,0.164,2022-05-31,2116,1,1,0,0,CLEAR,DRY,False,COLLISION WITH FIXED OBJECT NON - INTERSECTION - FIRST EVENT COLLISION 09 - 32 EXCLUDING 16,SINGLE VEHICLE,STRAIGHT & LEVEL,DARK (UNKNOWN ROADWAY LIGHTING),,,44713.70388,False,63,Accepted,5,5,O,,INATTENTION,,2022,1
4819,30131241,0510100,HENDERSON POLICE DEPARTMENT,Accepted,HENDERSON,,,ADAMS,ST,N,,10TH,,,,,37.8481913,-87.57931309,0.932,2022-05-31,1529,2,2,0,0,CLEAR,DRY,False,ANGLE COLLISION - OTHER,ANGLE,STRAIGHT & LEVEL,DAYLIGHT,,,44713.8161,False,64,Accepted,5,5,O,,"INATTENTION, MISJUDGE CLEARANCE",MIRRORS,2022,1
4821,30135103,0510100,HENDERSON POLICE DEPARTMENT,Accepted,HENDERSON,,,WATSON,LN,,,,,BROWNS,,PARK,37.87258331,-87.55965358,0.609,2022-05-31,1730,1,1,0,0,CLEAR,DRY,False,COLLISION WITH ANIMAL NON INTERSECTION,SINGLE VEHICLE,STRAIGHT & LEVEL,DAYLIGHT,,,44714.6307,False,49,Accepted,5,5,O,ANIMALS ACTION,,,2022,1
4822,30135111,0510100,HENDERSON POLICE DEPARTMENT,Accepted,HENDERSON,,,CANOE CREEK,DR,,US0041A,GREEN,,,,,37.82040547,-87.6079404,0.003,2022-06-01,1229,2,2,0,0,CLEAR,DRY,False,OTHER INTERSECTION COLLISIONS,REAR END,STRAIGHT & LEVEL,DAYLIGHT,,,44714.6309,False,17,Accepted,5,5,O,,INATTENTION,,2022,1
4823,30135112,0510100,HENDERSON POLICE DEPARTMENT,Accepted,HENDERSON,US0041,2214,US41,,N,,,,,,,37.86807324,-87.57155218,16.864,2022-06-01,939,3,3,0,1,CLEAR,DRY,True,REAR END IN TRAFFIC LANES BOTH VEHICLES MOVING,REAR END,STRAIGHT & LEVEL,DAYLIGHT,,,44714.63099,False,49,Accepted,5,4,C,,INATTENTION,,2022,1
4824,30135326,0510100,HENDERSON POLICE DEPARTMENT,Accepted,HENDERSON,,,MADISON,ST,,,COMMONWEALTH,,,,,37.82071981,-87.59015567,,2022-05-31,1535,2,2,0,0,CLEAR,DRY,False,ANGLE COLLISION - OTHER,ANGLE,CURVE & LEVEL,DAYLIGHT,,,44714.65356,False,73,Accepted,5,5,O,,"FAILED TO YIELD RIGHT OF WAY, INATTENTION",,2022,1
4825,30135327,0510100,HENDERSON POLICE DEPARTMENT,Accepted,HENDERSON,,285,FOX HOLLOW,RUN,E,,,,,,,37.81815844,-87.5646791,0.075,2022-06-02,540,2,2,0,0,CLEAR,DRY,False,1 VEHICLE PARKED POSITION (NOT PARKING LOT/DRIVEWAY),SIDESWIPE-SAME DIRECTION,STRAIGHT & LEVEL,DAWN,,,44714.65363,False,66,Accepted,5,5,O,,INATTENTION,,2022,1
4826,30135719,0510100,HENDERSON POLICE DEPARTMENT,Accepted,HENDERSON,US0041A,,GREEN,ST,N,,12TH,,,,,37.85192365,-87.58041728,16.9,2022-05-25,1713,2,2,0,1,CLOUDY,DRY,False,ANGLE COLLISION - ONE VEHICLE TURNING LEFT,ANGLE,STRAIGHT & LEVEL,DAYLIGHT,,,44714.70656,False,37,Accepted,5,4,C,,INATTENTION,,2022,1
4827,30138634,0510100,HENDERSON POLICE DEPARTMENT,Accepted,HENDERSON,,,CENTER,ST,,US0041A,GREEN,,,,,37.83718152,-87.58985628,0.836,2022-06-02,843,2,2,0,0,CLOUDY,DRY,True,VEHICLE BACKING IN INTERSECTION,BACKING,STRAIGHT & LEVEL,DAYLIGHT,,,44715.39937,False,37,Accepted,5,5,O,,NOT UNDER PROPER CONTROL,,2022,1
4828,30138636,0510100,HENDERSON POLICE DEPARTMENT,Accepted,HENDERSON,,,MAIN,ST,N,,5TH,,,,,37.84451681,-87.58921911,0.393,2022-06-02,1323,2,2,0,0,CLEAR,DRY,False,ANGLE COLLISION - OTHER,ANGLE,STRAIGHT & LEVEL,DAYLIGHT,,,44715.39944,False,37,Accepted,5,5,O,,MISJUDGE CLEARANCE,,2022,1
4829,30138637,0510100,HENDERSON POLICE DEPARTMENT,Accepted,HENDERSON,KY0351,2400,ZION,RD,,,,,,,,37.82911311,-87.5606963,1.69,2022-05-23,1534,2,2,0,0,CLOUDY,DRY,False,OTHER ROADWAY OR MID-BLOCK COLLISION,REAR END,STRAIGHT & LEVEL,DAYLIGHT,,,44715.39949,False,66,Accepted,5,5,O,,,BRAKES DEFECTIVE,2022,1
4832,30149557,0510100,HENDERSON POLICE DEPARTMENT,Accepted,HENDERSON,US0041,2709,US41,,N,,WATSON,,,,,37.87534714,-87.56788538,17.409,2022-06-04,34,2,2,0,0,CLEAR,DRY,False,OTHER INTERSECTION COLLISIONS,REAR END,STRAIGHT & LEVEL,DAYLIGHT,,,44718.49626,False,51,Accepted,5,5,O,,INATTENTION,,2022,1
4833,30149559,0510100,HENDERSON POLICE DEPARTMENT,Accepted,HENDERSON,US0041A,,GREEN,ST,N,,2ND,,,,,37.83963169,-87.58847238,15.914,2022-06-03,2042,2,2,0,0,CLEAR,DRY,False,OPPOSING LEFT TURN,OPPOSING LEFT TURN,STRAIGHT & LEVEL,DARK-HWY LIGHTED/ON,,,44718.49634,False,38,Accepted,5,5,O,,DISREGARD TRAFFIC CONTROL,,2022,1
4834,30149792,0510100,HENDERSON POLICE DEPARTMENT,Accepted,HENDERSON,US0060,,GREEN,ST,S,KY0136,KY136,,,,,37.79997274,-87.64771138,8.715,2022-06-04,340,2,2,0,0,CLEAR,DRY,False,ANGLE COLLISION - OTHER,ANGLE,STRAIGHT & LEVEL,DARK-HWY NOT LIGHTED,,,44718.53965,False,58,Accepted,5,5,O,,FAILED TO YIELD RIGHT OF WAY,,2022,1
4841,30155749,0510100,HENDERSON POLICE DEPARTMENT,Accepted,HENDERSON,,1126,WASHINGTON,ST,,,,,,,,37.8306199,-87.58155657,0.552,2022-06-06,2004,2,2,0,0,CLOUDY,WET,True,1 VEHICLE PARKED POSITION (NOT PARKING LOT/DRIVEWAY),SIDESWIPE-SAME DIRECTION,STRAIGHT & HILLCREST,DARK-HWY LIGHTED/ON,,,44719.73027,False,25,Accepted,5,5,O,,,,2022,1
4842,30155750,0510100,HENDERSON POLICE DEPARTMENT,Accepted,HENDERSON,US0041,2700,US41,,N,,,,,,,37.87546806,-87.56758774,17.423,2022-06-06,2022,2,2,0,0,CLEAR,DRY,False,SIDESWIPE COLLISION - SAME DIRECTION,SIDESWIPE-SAME DIRECTION,STRAIGHT & LEVEL,DUSK,,,44719.73039,False,63,Accepted,5,5,O,,INATTENTION,,2022,1
4845,30161020,0510100,HENDERSON POLICE DEPARTMENT,Accepted,HENDERSON,US0041,1950,US41,,N,,PARK,,,,,37.86478325,-87.5735071,16.57,2022-06-03,2257,1,1,0,0,CLEAR,DRY,False,COLLISION WITH FIXED OBJECT IN INTERSECTION - FIRST EVENT COLLISION 09 - 32,SINGLE VEHICLE,STRAIGHT & LEVEL,DARK-HWY LIGHTED/ON,,,44720.82896,False,51,Accepted,5,5,O,,ALCOHOL INVOLVEMENT,,2022,1
4846,30161693,0510100,HENDERSON POLICE DEPARTMENT,Accepted,HENDERSON,US0041,2810,US41,,N,,,,,,,37.87506331,-87.56784339,17.424,2022-06-07,1840,2,2,0,0,RAINING,WET,True,1 VEHICLE ENTERING/LEAVING ENTRANCE,ANGLE,STRAIGHT & LEVEL,DAYLIGHT,,,44721.03133,False,51,Accepted,5,5,O,,"FAILED TO YIELD RIGHT OF WAY, INATTENTION",,2022,1
4852,30164405,0510100,HENDERSON POLICE DEPARTMENT,Accepted,HENDERSON,,,DR MARTIN LUTHER KING JR,AVE,,,,,LETT,,LETT,37.82762389,-87.58601275,0.574,2022-06-05,130,2,2,0,0,CLEAR,DRY,True,1 VEHICLE PARKED POSITION (NOT PARKING LOT/DRIVEWAY),SIDESWIPE-SAME DIRECTION,STRAIGHT & LEVEL,UNKNOWN,,,44721.68332,False,49,Accepted,5,5,O,,,,2022,1
4853,30165076,0510100,HENDERSON POLICE DEPARTMENT,Accepted,HENDERSON,US0041A,,GREEN,ST,N,,2ND,,,,,37.83951897,-87.58846363,15.92,2022-06-07,849,2,2,0,0,CLEAR,DRY,False,OTHER INTERSECTION COLLISIONS,REAR END,STRAIGHT & LEVEL,DAYLIGHT,,,44721.79518,False,48,Accepted,5,5,O,,,,2022,1
4854,30165077,0510100,HENDERSON POLICE DEPARTMENT,Accepted,HENDERSON,US0060,,US60,,E,,,US0041,US41 N EXIT81 OFF RAMP TO US60 E,,BARRET,37.85969274,-87.56842835,10.564,2022-06-06,1652,2,2,0,0,RAINING,WET,False,OTHER ROADWAY OR MID-BLOCK COLLISION,REAR END,STRAIGHT & GRADE,DAYLIGHT,,,44721.79523,False,67,Accepted,5,5,O,SLIPPERY SURFACE,INATTENTION,,2022,1
4855,30165079,0510100,HENDERSON POLICE DEPARTMENT,Accepted,HENDERSON,US0041,2746,US41,,N,,,,,,,37.87340013,-87.56873265,17.264,2022-06-07,1355,2,2,0,0,CLEAR,DRY,False,1 VEHICLE ENTERING/LEAVING ENTRANCE,ANGLE,STRAIGHT & LEVEL,DAYLIGHT,,,44721.79527,False,36,Accepted,5,5,O,,INATTENTION,,2022,1
4856,30165082,0510100,HENDERSON POLICE DEPARTMENT,Accepted,HENDERSON,,466,CRESTVIEW,DR,,,,,,,,37.85038217,-87.57892059,0.051,2022-06-07,1245,2,2,0,0,CLEAR,DRY,False,1 VEHICLE PARKED POSITION (NOT PARKING LOT/DRIVEWAY),BACKING,STRAIGHT & LEVEL,DAYLIGHT,,,44721.79542,False,36,Accepted,5,5,O,,MISJUDGE CLEARANCE,,2022,1
4857,30165084,0510100,HENDERSON POLICE DEPARTMENT,Accepted,HENDERSON,,213,MAIN,ST,N,,,,2ND,,3RD,37.84143829,-87.59116594,0.155,2022-06-07,1121,2,2,0,0,CLEAR,DRY,False,1 VEHICLE PARKED POSITION (NOT PARKING LOT/DRIVEWAY),BACKING,STRAIGHT & LEVEL,DAYLIGHT,,,44721.79551,False,49,Accepted,5,5,O,,"IMPROPER BACKING, MISJUDGE CLEARANCE",,2022,1
4858,30165157,0510100,HENDERSON POLICE DEPARTMENT,Accepted,HENDERSON,,,WATHEN,LN,,,HILLMONT,,,,,37.86672907,-87.53574567,0.169,2022-06-02,1916,2,1,0,1,CLEAR,DRY,False,COLLISION WITH PEDESTRIAN IN INTERSECTION,SINGLE VEHICLE,STRAIGHT & LEVEL,DAYLIGHT,,,44721.8178,False,51,Accepted,5,4,C,,,,2022,1
4859,30165408,0510100,HENDERSON POLICE DEPARTMENT,Accepted,HENDERSON,,,CENTER,ST,,,,,,,,37.83438665,-87.58438197,0.479,2022-06-05,2057,1,1,0,0,CLEAR,DRY,True,COLLISION WITH FIXED OBJECT NON - INTERSECTION - FIRST EVENT COLLISION 09 - 32 EXCLUDING 16,SINGLE VEHICLE,STRAIGHT & LEVEL,DARK-HWY LIGHTED/ON,,,44721.88636,False,31,Accepted,5,5,O,,INATTENTION,,2022,1
4860,30166169,0510100,HENDERSON POLICE DEPARTMENT,Accepted,HENDERSON,US0041A,,GREEN,ST,N,,1ST,,,,,37.83823011,-87.58924978,15.829,2022-06-09,1731,4,4,0,0,CLEAR,DRY,False,OTHER INTERSECTION COLLISIONS,REAR END,STRAIGHT & LEVEL,DAYLIGHT,,,44722.09791,False,47,Accepted,5,5,O,,INATTENTION,,2022,1
4861,30175569,0510100,HENDERSON POLICE DEPARTMENT,Accepted,HENDERSON,US0041,,US41,,N,,,,MARYWOOD,,BARRET,37.86472578,-87.57369882,16.609,2022-06-10,1242,2,2,0,0,CLOUDY,DRY,False,REAR END IN TRAFFIC LANES BOTH VEHICLES MOVING,REAR END,STRAIGHT & LEVEL,DAYLIGHT,,,44725.08066,False,32,Accepted,5,5,O,BACKUP DUE TO REGULAR CONGESTION,TOO FAST FOR CONDITIONS,BRAKES DEFECTIVE,2022,1
4862,30175570,0510100,HENDERSON POLICE DEPARTMENT,Accepted,HENDERSON,,,1ST,ST,,,ELM,,,,,37.83892252,-87.59114125,0.18,2022-06-10,911,2,2,0,0,CLOUDY,DRY,False,ANGLE COLLISION - OTHER,ANGLE,STRAIGHT & LEVEL,DAYLIGHT,,,44725.08071,False,32,Accepted,5,5,O,,,,2022,1
4863,30175571,0510100,HENDERSON POLICE DEPARTMENT,Accepted,HENDERSON,,3100,GREEN RIVER,RD,,,,,,,,37.87359522,-87.54735767,1.373,2022-06-10,1442,2,2,0,0,CLEAR,DRY,False,SIDESWIPE COLLISION - OPPOSITE DIRECTION,SIDESWIPE-OPPOSITE DIRECTION,STRAIGHT & LEVEL,DAYLIGHT,,,44725.08075,False,67,Accepted,5,5,O,,INATTENTION,,2022,1
4864,30175572,0510100,HENDERSON POLICE DEPARTMENT,Accepted,HENDERSON,,132,CHEANEY,DR,,,,,,,,37.82312554,-87.56654219,0.041,2022-06-09,1353,2,2,0,0,CLEAR,DRY,False,1 VEHICLE PARKED POSITION (NOT PARKING LOT/DRIVEWAY),BACKING,STRAIGHT & LEVEL,DAYLIGHT,,,44725.08079,False,32,Accepted,5,5,O,,IMPROPER BACKING,,2022,1
4865,30175573,0510100,HENDERSON POLICE DEPARTMENT,Accepted,HENDERSON,US0041A,,GREEN,ST,S,,,,WASHINGTON,,POWELL,37.83539149,-87.59146202,15.594,2022-06-05,1300,2,2,0,0,CLEAR,DRY,False,COLLISION WITH FIXED OBJECT NON - INTERSECTION - FIRST EVENT COLLISION 09 - 32 EXCLUDING 16,REAR END,STRAIGHT & LEVEL,DAYLIGHT,,,44725.08083,False,34,Accepted,5,5,O,,INATTENTION,,2022,1
4866,30175574,0510100,HENDERSON POLICE DEPARTMENT,Accepted,HENDERSON,,1226,OBYRNE,ST,,,,,,,,37.82420633,-87.58074188,0.302,2022-06-09,1221,2,2,0,0,CLEAR,DRY,False,VEHICLE BACKING NON INTERSECTION,BACKING,STRAIGHT & LEVEL,DAYLIGHT,,,44725.08089,False,64,Accepted,5,5,O,,INATTENTION,,2022,1
4874,30178194,0510100,HENDERSON POLICE DEPARTMENT,Accepted,HENDERSON,,416,HERRON,AVE,,,,,,,,37.85445965,-87.57689664,0.088,2022-06-11,2338,1,1,0,0,CLEAR,DRY,False,RAN OFF ROADWAY (1 VEHICLE WITH/EARTH EMBANKMENT/DITCH),SINGLE VEHICLE,STRAIGHT & LEVEL,DARK-HWY NOT LIGHTED,,,44725.66936,False,22,Accepted,5,5,O,,NOT UNDER PROPER CONTROL,,2022,1
4875,30178365,0510100,HENDERSON POLICE DEPARTMENT,Accepted,HENDERSON,,,ATKINSON,ST,,,POWELL,,,,,37.82673245,-87.57749872,0.098,2022-06-11,1908,2,2,0,1,CLEAR,DRY,False,ANGLE COLLISION - OTHER,ANGLE,STRAIGHT & LEVEL,DAYLIGHT,,,44725.69151,False,47,Accepted,5,3,B,,"DISREGARD TRAFFIC CONTROL, INATTENTION",,2022,1
4876,30178558,0510100,HENDERSON POLICE DEPARTMENT,Accepted,HENDERSON,,,8TH,ST,,,,,,,,37.84351917,-87.57538004,0.061,2022-06-11,257,1,1,0,0,CLEAR,DRY,False,OTHER ROADWAY OR MID-BLOCK COLLISION,SINGLE VEHICLE,STRAIGHT & LEVEL,DARK-HWY LIGHTED/OFF,,,44725.72708,False,31,Accepted,5,5,O,,INATTENTION,,2022,1
4883,30188589,0510100,HENDERSON POLICE DEPARTMENT,Accepted,HENDERSON,US0041A,400,US41 ALT,,,,,,,,,37.80988575,-87.62230038,13.003,2022-06-12,1751,2,2,0,0,CLEAR,DRY,False,SIDESWIPE COLLISION - OPPOSITE DIRECTION,SIDESWIPE-OPPOSITE DIRECTION,STRAIGHT & LEVEL,DAYLIGHT,,,44727.91725,False,50,Accepted,5,5,O,,FELL ASLEEP,,2022,1
4885,30189186,0510100,HENDERSON POLICE DEPARTMENT,Accepted,HENDERSON,US0041,,US41,,N,,,,,,,37.87891799,-87.56562473,17.679,2022-06-14,1929,2,2,0,0,CLEAR,DRY,False,1 VEHICLE ENTERING/LEAVING ENTRANCE,ANGLE,STRAIGHT & LEVEL,DAYLIGHT,,,44728.06743,False,58,Accepted,5,5,O,,INATTENTION,,2022,1
4886,30190541,0510100,HENDERSON POLICE DEPARTMENT,Accepted,HENDERSON,US0060,,US60,,E,,WATSON,,,,,37.86470414,-87.55504128,11.395,2022-06-08,1130,2,2,0,0,CLEAR,DRY,False,SIDESWIPE-SAME DIRECTION,SIDESWIPE-SAME DIRECTION,STRAIGHT & LEVEL,DAYLIGHT,,,44728.39642,False,49,Accepted,5,5,O,,"FAILED TO KEEP PROPER LANE, TURNING IMPROPERLY",,2022,1
4890,30190803,0510100,HENDERSON POLICE DEPARTMENT,Accepted,HENDERSON,,318,2ND,ST,,,,,,,,37.83977779,-87.58922794,0.047,2022-06-15,1238,2,2,0,0,CLEAR,DRY,False,1 VEHICLE ENTERING OR LEAVING PARKED POSITION (NOT PARKING LOT),SIDESWIPE-SAME DIRECTION,STRAIGHT & LEVEL,DAYLIGHT,,,44728.44979,False,49,Accepted,5,5,O,,IMPROPER PASSING,,2022,1
4891,30192496,0510100,HENDERSON POLICE DEPARTMENT,Accepted,HENDERSON,US0041A,,GREEN,ST,S,,CLAY,,,,,37.83401317,-87.59306814,15.464,2022-06-15,1752,2,2,0,0,CLEAR,DRY,False,OPPOSING LEFT TURN,OPPOSING LEFT TURN,STRAIGHT & LEVEL,DAYLIGHT,,,44728.76145,False,47,Accepted,5,5,O,,"FAILED TO YIELD RIGHT OF WAY, INATTENTION, MISJUDGE CLEARANCE",,2022,1
4892,30192499,0510100,HENDERSON POLICE DEPARTMENT,Accepted,HENDERSON,KY0351,,2ND,ST,,US0041A,GREEN,,,,,37.83945777,-87.58845795,0.001,2022-06-10,1828,3,3,0,2,CLEAR,DRY,False,ANGLE COLLISION - OTHER,ANGLE,STRAIGHT & LEVEL,DAYLIGHT,,,44728.76159,False,33,Accepted,5,3,B,,"DISREGARD TRAFFIC CONTROL, INATTENTION",,2022,1
4893,30192536,0510100,HENDERSON POLICE DEPARTMENT,Accepted,HENDERSON,US0041A,1700,GREEN,ST,S,,KRESGE,,,,,37.81609071,-87.61476114,13.676,2022-06-16,1425,2,2,0,0,CLEAR,DRY,False,ANGLE COLLISION - ONE VEHICLE TURNING LEFT,ANGLE,STRAIGHT & LEVEL,DAYLIGHT,,,44728.76651,False,47,Accepted,5,5,O,,"FAILED TO YIELD RIGHT OF WAY, INATTENTION",,2022,1
4894,30196413,0510100,HENDERSON POLICE DEPARTMENT,Accepted,HENDERSON,US0041,,US41,,N,,WATSON,,,,,37.87534155,-87.56779771,17.409,2022-06-13,2352,2,2,0,0,CLEAR,DRY,True,ANGLE COLLISION - OTHER,ANGLE,STRAIGHT & LEVEL,DARK-HWY LIGHTED/ON,,,44729.7687,False,51,Accepted,5,5,O,,DISREGARD TRAFFIC CONTROL,,2022,1
4895,30204069,0510100,HENDERSON POLICE DEPARTMENT,Accepted,HENDERSON,US0041A,,GREEN,ST,N,,12TH,,,,,37.85214586,-87.58030022,16.917,2022-06-16,842,2,2,0,0,CLEAR,DRY,False,ANGLE COLLISION - ONE VEHICLE TURNING LEFT,ANGLE,STRAIGHT & LEVEL,DAYLIGHT,,,44732.42602,False,36,Accepted,5,5,O,,INATTENTION,,2022,1
4896,30204075,0510100,HENDERSON POLICE DEPARTMENT,Accepted,HENDERSON,US0060,,US60,,E,,KILLIECRANKIE,,,,,37.86240399,-87.56217718,10.957,2022-06-07,1207,2,2,0,0,CLEAR,DRY,False,ANGLE COLLISION - ONE VEHICLE TURNING LEFT,ANGLE,STRAIGHT & GRADE,DAYLIGHT,,,44732.42617,False,36,Accepted,5,5,O,,INATTENTION,,2022,1
4897,30205622,0510100,HENDERSON POLICE DEPARTMENT,Accepted,HENDERSON,,7760,WATHEN,LN,,,,,,,,37.87554748,-87.52739946,0.942,2022-06-15,1523,2,2,0,2,CLEAR,DRY,False,OTHER ROADWAY OR MID-BLOCK COLLISION,OPPOSING LEFT TURN,STRAIGHT & LEVEL,DAYLIGHT,,,44732.69719,False,47,Accepted,5,2,A,,"FAILED TO YIELD RIGHT OF WAY, OTHER",,2022,1
4898,30205624,0510100,HENDERSON POLICE DEPARTMENT,Accepted,HENDERSON,US0041A,500,GREEN,ST,S,,,,,,,37.83123356,-87.59574741,15.227,2022-06-19,1645,2,2,0,0,CLEAR,DRY,False,SIDESWIPE COLLISION - SAME DIRECTION,SIDESWIPE-SAME DIRECTION,STRAIGHT & LEVEL,DAYLIGHT,,,44732.69723,False,47,Accepted,5,5,O,,INATTENTION,,2022,1
4899,30205648,0510100,HENDERSON POLICE DEPARTMENT,Accepted,HENDERSON,US0041,,US41,,N,,,,,,,37.86568386,-87.57303656,16.684,2022-06-19,2034,2,2,0,0,CLEAR,DRY,False,SIDESWIPE COLLISION - SAME DIRECTION,SIDESWIPE-SAME DIRECTION,STRAIGHT & LEVEL,DARK-HWY LIGHTED/ON,,,44732.70229,False,58,Accepted,5,5,O,,INATTENTION,,2022,1
4900,30208275,0510100,HENDERSON POLICE DEPARTMENT,Accepted,HENDERSON,,,WASHINGTON,ST,,,ELM,,,,,37.8371842,-87.59211589,1.302,2022-06-18,1310,2,2,0,0,CLEAR,DRY,False,COLLISION WITH PARKED VEHICLE,BACKING,STRAIGHT & LEVEL,DAYLIGHT,,,44733.38971,False,49,Accepted,5,5,O,,"IMPROPER BACKING, MISJUDGE CLEARANCE",,2022,1
4901,30208279,0510100,HENDERSON POLICE DEPARTMENT,Accepted,HENDERSON,US0041,2005,US41,,N,,,,,,,37.86159209,-87.57555954,16.376,2022-06-19,1629,2,2,0,1,CLEAR,DRY,False,1 VEHICLE ENTERING/LEAVING ENTRANCE,ANGLE,STRAIGHT & LEVEL,DAYLIGHT,,,44733.38979,False,49,Accepted,5,3,B,,MISJUDGE CLEARANCE,,2022,1
4904,30209315,0510100,HENDERSON POLICE DEPARTMENT,Accepted,HENDERSON,US0041,,US41,,N,,PARK,,,,,37.86384046,-87.57395461,16.548,2022-06-13,1239,2,2,0,0,CLEAR,DRY,False,ANGLE COLLISION - ONE VEHICLE TURNING LEFT,ANGLE,STRAIGHT & LEVEL,DAYLIGHT,,,44733.59037,False,48,Accepted,5,5,O,,INATTENTION,,2022,1
4905,30209316,0510100,HENDERSON POLICE DEPARTMENT,Accepted,HENDERSON,US0041A,,GREEN,ST,N,,,,9TH,,10TH,37.84922245,-87.58212842,16.687,2022-06-13,1522,2,2,0,0,CLEAR,DRY,False,1 VEHICLE ENTERING/LEAVING ENTRANCE,ANGLE,STRAIGHT & LEVEL,DAYLIGHT,,,44733.59046,False,48,Accepted,5,5,O,,INATTENTION,,2022,1
4906,30209317,0510100,HENDERSON POLICE DEPARTMENT,Accepted,HENDERSON,US0060,,GREEN,ST,S,,,,COMMUNITY,,OHIO,37.80464607,-87.6353291,9.461,2022-06-13,845,2,2,0,0,CLEAR,DRY,False,REAR END IN TRAFFIC LANES BOTH VEHICLES MOVING,REAR END,STRAIGHT & LEVEL,DAYLIGHT,,,44733.59053,False,65,Accepted,5,5,O,,INATTENTION,,2022,1
4907,30209318,0510100,HENDERSON POLICE DEPARTMENT,Accepted,HENDERSON,US0041,1700,US41,,N,,,,,,,37.85885571,-87.57490913,16.186,2022-06-16,945,2,2,0,0,CLEAR,DRY,False,SIDESWIPE COLLISION - SAME DIRECTION,SIDESWIPE-SAME DIRECTION,STRAIGHT & LEVEL,DAYLIGHT,,,44733.59061,False,36,Accepted,5,5,O,,MISJUDGE CLEARANCE,,2022,1
4908,30209347,0510100,HENDERSON POLICE DEPARTMENT,Accepted,HENDERSON,US0041A,,GREEN,ST,N,,5TH,,,,,37.84327432,-87.58599622,16.217,2022-06-16,1436,2,2,0,0,CLEAR,DRY,False,ANGLE COLLISION - OTHER,ANGLE,STRAIGHT & LEVEL,DAYLIGHT,,,44733.60156,False,71,Accepted,5,5,O,,FAILED TO YIELD RIGHT OF WAY,,2022,1
4909,30209349,0510100,HENDERSON POLICE DEPARTMENT,Accepted,HENDERSON,,,WATSON,LN,,,GREEN RIVER,,,,,37.86862957,-87.55757879,0.308,2022-06-17,1036,2,2,0,0,RAINING,WET,False,ANGLE COLLISION - OTHER,ANGLE,STRAIGHT & LEVEL,DAYLIGHT,,,44733.60168,False,48,Accepted,5,5,O,,INATTENTION,,2022,1