OBJECTID,IncidentID,AgencyORI,AgencyName,IncidentStatusDesc,County,RdwyNumber,Street,RoadwayName,StreetSfx,StreetDir,IntersectionRdwy,IntersectionRdwyName,BetweenStRdwy1,BetweenStRdwyName1,BetweenStRdwy2,BetweenStRdwyName2,Latitude,Longitude,Milepoint,CollisionDate,CollisionTime,UnitsInvolved,MotorVehiclesInvolved,NumberKilled,NumberInjured,Weather,RdwyConditionCode,HitandRun,DirAnalysisCode,MannerofCollision,RdwyCharacter,LightCondition,RampFromRdwyId,RampToRdwyId,AcceptedDate,IsSecondaryCollision,OwnerBadge,IncidentStatus,InjurySeverityCde,KABCO_Code,KABCO,Environmental_Factors,Human_Factors,Vehicular_Factors,CollisionYear,CityCrash
4910,30212766,0510100,HENDERSON POLICE DEPARTMENT,Accepted,HENDERSON,US0041,,US41,,N,US0041,US41 S EXIT81 OFF RAMP TO US60 E,,,,,37.85716143,-87.57328423,16.039,2022-06-17,1509,3,3,0,0,CLEAR,DRY,False,OTHER INTERSECTION COLLISIONS,REAR END,STRAIGHT & LEVEL,DAYLIGHT,,,44734.32971,False,71,Accepted,5,5,O,OTHER,MISJUDGE CLEARANCE,,2022,1
4911,30212958,0510100,HENDERSON POLICE DEPARTMENT,Accepted,HENDERSON,,1035,ELM,ST,N,,,,,,,37.85148356,-87.58275069,1.045,2022-06-17,1010,2,2,0,0,CLOUDY,WET,False,1 VEHICLE ENTERING/LEAVING ENTRANCE,ANGLE,STRAIGHT & LEVEL,DAYLIGHT,,,44734.36939,False,36,Accepted,5,5,O,,INATTENTION,,2022,1
4912,30212959,0510100,HENDERSON POLICE DEPARTMENT,Accepted,HENDERSON,KY0351,,2ND,ST,,,,,KLUTEY PARK PLAZA,,PRIEST,37.83282085,-87.57243449,0.994,2022-06-16,1111,2,2,0,1,CLEAR,DRY,False,1 VEHICLE ENTERING/LEAVING ENTRANCE,ANGLE,STRAIGHT & LEVEL,DAYLIGHT,,,44734.36946,False,65,Accepted,5,4,C,BACKUP DUE TO REGULAR CONGESTION,INATTENTION,,2022,1
4913,30212960,0510100,HENDERSON POLICE DEPARTMENT,Accepted,HENDERSON,,219,ALVASIA,ST,S,,,,,,,37.83189197,-87.58748435,0.241,2022-06-21,1709,2,2,0,0,CLEAR,DRY,False,1 VEHICLE PARKED POSITION (NOT PARKING LOT/DRIVEWAY),SIDESWIPE-SAME DIRECTION,STRAIGHT & LEVEL,DAYLIGHT,,,44734.36952,False,37,Accepted,5,5,O,,"FATIGUE, INATTENTION",,2022,1
4916,30215820,0510100,HENDERSON POLICE DEPARTMENT,Accepted,HENDERSON,,914,OAKCREST,CT,,,,,,,,37.8696349,-87.53789016,0.277,2022-06-17,200,2,2,0,0,CLEAR,DRY,True,1 VEHICLE PARKED POSITION (NOT PARKING LOT/DRIVEWAY),SIDESWIPE-SAME DIRECTION,STRAIGHT & LEVEL,DARK-HWY LIGHTED/ON,,,44734.84862,False,51,Accepted,5,5,O,,OTHER,,2022,1
4917,30215899,0510100,HENDERSON POLICE DEPARTMENT,Accepted,HENDERSON,,100,WATER,ST,N,,,,,,,37.84135338,-87.59311369,0.29,2022-06-17,2245,2,2,0,0,CLEAR,DRY,False,1 VEHICLE PARKED POSITION (NOT PARKING LOT/DRIVEWAY),SIDESWIPE-SAME DIRECTION,STRAIGHT & GRADE,DARK-HWY LIGHTED/ON,,,44734.86842,False,50,Accepted,5,5,O,,ALCOHOL INVOLVEMENT,,2022,1
4920,30219183,0510100,HENDERSON POLICE DEPARTMENT,Accepted,HENDERSON,KY0351,,ZION,RD,,US0041,US41 RAMP KY351,,,,,37.83094718,-87.56718566,1.307,2022-06-21,2205,2,2,0,0,CLEAR,DRY,True,OTHER INTERSECTION COLLISIONS,REAR END,STRAIGHT & GRADE,DARK-HWY LIGHTED/ON,,,44735.64573,False,22,Accepted,5,5,O,,,,2022,1
4921,30222777,0510100,HENDERSON POLICE DEPARTMENT,Accepted,HENDERSON,US0060,,US60,,E,,KILLIECRANKIE,,,,,37.86251285,-87.56215269,10.962,2022-06-21,926,2,2,0,2,CLEAR,DRY,False,ANGLE COLLISION - ONE VEHICLE TURNING LEFT,ANGLE,CURVE & HILLCREST,DAYLIGHT,,,44736.45404,False,66,Accepted,3,3,B,,"DISREGARD TRAFFIC CONTROL, FOLLOWING TOO CLOSE, INATTENTION",,2022,1
4922,30222778,0510100,HENDERSON POLICE DEPARTMENT,Accepted,HENDERSON,US0060,,US60,,E,,BARRET,,,,,37.85992176,-87.56775137,10.599,2022-06-22,1232,2,2,0,0,CLEAR,DRY,False,OTHER INTERSECTION COLLISIONS,REAR END,STRAIGHT & GRADE,DAYLIGHT,,,44736.45409,False,66,Accepted,5,5,O,,INATTENTION,,2022,1
4923,30225280,0510100,HENDERSON POLICE DEPARTMENT,Accepted,HENDERSON,US0041,,US41,,N,,WATSON,,,,,37.87538983,-87.5678164,17.411,2022-06-17,2025,1,1,0,0,CLEAR,DRY,False,COLLISION WITH FIXED OBJECT IN INTERSECTION - FIRST EVENT COLLISION 09 - 32,SINGLE VEHICLE,STRAIGHT & LEVEL,DARK-HWY LIGHTED/ON,,,44737.06349,False,51,Accepted,5,5,O,,,,2022,1
4924,30230889,0510100,HENDERSON POLICE DEPARTMENT,Accepted,HENDERSON,US0041,2301,US41,,N,,,,,,,37.8685936,-87.57156185,16.892,2022-06-02,1125,1,1,0,0,CLEAR,DRY,False,OTHER ROADWAY OR MID-BLOCK COLLISION,SINGLE VEHICLE,STRAIGHT & LEVEL,DAYLIGHT,,,44739.12665,False,48,Accepted,5,5,O,,MISJUDGE CLEARANCE,,2022,1
4927,30233043,0510100,HENDERSON POLICE DEPARTMENT,Accepted,HENDERSON,US0041A,,GREEN,ST,S,KY0136,SAND,,,,,37.82369953,-87.60312744,14.518,2022-06-22,1430,2,2,0,0,CLEAR,DRY,False,OTHER INTERSECTION COLLISIONS,REAR END,STRAIGHT & LEVEL,DAYLIGHT,,,44739.56469,False,41,Accepted,5,5,O,,INATTENTION,,2022,1
4928,30233045,0510100,HENDERSON POLICE DEPARTMENT,Accepted,HENDERSON,KY0351,,ZION,RD,,,GARDEN MILE,,,,,37.82844781,-87.55861558,1.81,2022-06-25,1246,2,2,0,0,CLEAR,DRY,False,OPPOSING LEFT TURN,OPPOSING LEFT TURN,STRAIGHT & LEVEL,DAYLIGHT,,,44739.56478,False,41,Accepted,5,5,O,,DISREGARD TRAFFIC CONTROL,,2022,1
4929,30233046,0510100,HENDERSON POLICE DEPARTMENT,Accepted,HENDERSON,,1118,ELM,ST,N,,,,,,,37.85195141,-87.58255866,1.079,2022-06-25,1258,2,2,0,0,CLEAR,DRY,False,1 VEHICLE PARKED POSITION (NOT PARKING LOT/DRIVEWAY),SIDESWIPE-SAME DIRECTION,STRAIGHT & LEVEL,DAYLIGHT,,,44739.56482,False,36,Accepted,5,5,O,,MISJUDGE CLEARANCE,,2022,1
4931,30235298,0510100,HENDERSON POLICE DEPARTMENT,Accepted,HENDERSON,US0041,,US41,,N,,,,,,,37.87624791,-87.56721015,17.478,2022-06-24,1834,2,2,0,0,CLEAR,DRY,False,SIDESWIPE COLLISION - SAME DIRECTION,SIDESWIPE-SAME DIRECTION,STRAIGHT & LEVEL,DAYLIGHT,,,44740.05433,False,58,Accepted,5,5,O,,INATTENTION,,2022,1
4932,30235299,0510100,HENDERSON POLICE DEPARTMENT,Accepted,HENDERSON,,,INGRAM,ST,S,,POWELL,,,,,37.83442618,-87.59070527,0.623,2022-06-25,1300,2,2,0,0,CLOUDY,DRY,False,SIDESWIPE-SAME DIRECTION,SIDESWIPE-SAME DIRECTION,STRAIGHT & LEVEL,DAYLIGHT,,,44740.05437,False,47,Accepted,5,5,O,OTHER,,,2022,1
4935,30237941,0510100,HENDERSON POLICE DEPARTMENT,Accepted,HENDERSON,KY0136,,SAND,LN,,,,,,,,37.82127419,-87.59935296,19.815,2022-06-27,2054,2,2,1,0,CLEAR,DRY,False,1 VEHICLE ENTERING/LEAVING ENTRANCE,ANGLE,STRAIGHT & LEVEL,DARK-HWY LIGHTED/ON,,,44740.66066,False,50,Accepted,5,1,K,,INATTENTION,,2022,1
4936,30238800,0510100,HENDERSON POLICE DEPARTMENT,Accepted,HENDERSON,,1417,BAILEY,ST,,,,,,,,37.82289327,-87.58230953,0.148,2022-06-22,210,2,2,0,0,CLEAR,DRY,True,1 VEHICLE PARKED POSITION (NOT PARKING LOT/DRIVEWAY),SIDESWIPE-OPPOSITE DIRECTION,STRAIGHT & LEVEL,DARK-HWY LIGHTED/ON,,,44740.77566,False,24,Accepted,5,5,O,,INATTENTION,MIRRORS,2022,1
4942,30245521,0510100,HENDERSON POLICE DEPARTMENT,Accepted,HENDERSON,US0041,,US41,,N,US0041,US41 N EXIT81 OFF RAMP TO US60 W,,,,,37.85776097,-87.57370634,16.087,2022-06-28,1226,2,2,0,0,CLEAR,DRY,False,OTHER INTERSECTION COLLISIONS,REAR END,STRAIGHT & LEVEL,DAYLIGHT,,,44742.354,False,64,Accepted,5,5,O,,MISJUDGE CLEARANCE,BRAKES DEFECTIVE,2022,1
4943,30245522,0510100,HENDERSON POLICE DEPARTMENT,Accepted,HENDERSON,,,MAIN,ST,S,,ELM,,,,,37.82773026,-87.60385634,1.202,2022-06-29,848,2,2,0,0,CLEAR,DRY,False,OTHER INTERSECTION COLLISIONS,REAR END,STRAIGHT & LEVEL,DAYLIGHT,,,44742.35405,False,49,Accepted,5,5,O,,DISTRACTION,,2022,1
4944,30246052,0510100,HENDERSON POLICE DEPARTMENT,Accepted,HENDERSON,,,8TH,ST,,,,,,,,37.8458808,-87.5830798,0.381,2022-06-24,1236,1,1,0,0,CLEAR,DRY,False,COLLISION WITH FIXED OBJECT NON - INTERSECTION - FIRST EVENT COLLISION 09 - 32 EXCLUDING 16,SINGLE VEHICLE,STRAIGHT & LEVEL,DAYLIGHT,,,44742.45455,False,17,Accepted,5,5,O,,NOT UNDER PROPER CONTROL,,2022,1
4945,30247622,0510100,HENDERSON POLICE DEPARTMENT,Accepted,HENDERSON,,,8TH,ST,,,ELM,,,,,37.84776572,-87.58540767,0.653,2022-06-27,1218,1,1,0,1,CLEAR,DRY,False,COLLISION WITH FIXED OBJECT IN INTERSECTION - FIRST EVENT COLLISION 09 - 32,SINGLE VEHICLE,STRAIGHT & LEVEL,DAYLIGHT,,,44742.69355,False,71,Accepted,5,4,C,OTHER,,,2022,1
4946,30247623,0510100,HENDERSON POLICE DEPARTMENT,Accepted,HENDERSON,,927,1ST,ST,,,,,,,,37.83507193,-87.58117236,0.786,2022-06-27,1644,2,2,0,0,CLEAR,DRY,True,1 VEHICLE PARKED POSITION (NOT PARKING LOT/DRIVEWAY),SIDESWIPE-SAME DIRECTION,STRAIGHT & LEVEL,DAYLIGHT,,,44742.6936,False,37,Accepted,5,5,O,,INATTENTION,,2022,1
4947,30247624,0510100,HENDERSON POLICE DEPARTMENT,Accepted,HENDERSON,US0041A,,GREEN,ST,N,,1ST,,,,,37.83820514,-87.58927349,15.825,2022-06-06,711,3,3,0,2,CLEAR,DRY,False,ANGLE COLLISION - OTHER,ANGLE,STRAIGHT & LEVEL,DAYLIGHT,,,44742.69365,False,34,Accepted,5,4,C,,"DISREGARD TRAFFIC CONTROL, EXCEEDED STATED SPEED LIMIT, INATTENTION",,2022,1
4948,30247625,0510100,HENDERSON POLICE DEPARTMENT,Accepted,HENDERSON,US0041A,,GREEN,ST,S,,WASHINGTON,,,,,37.83631456,-87.59078094,15.665,2022-06-30,846,2,2,0,0,CLEAR,DRY,False,SIDESWIPE-SAME DIRECTION,SIDESWIPE-SAME DIRECTION,STRAIGHT & HILLCREST,DAYLIGHT,,,44742.69369,False,37,Accepted,5,5,O,,MISJUDGE CLEARANCE,,2022,1
4949,30247626,0510100,HENDERSON POLICE DEPARTMENT,Accepted,HENDERSON,US0041,2530,US41,,N,,,,,,,37.8730822,-87.56891225,17.24,2022-06-30,933,2,2,0,0,CLEAR,DRY,False,REAR END IN TRAFFIC LANES BOTH VEHICLES MOVING,REAR END,STRAIGHT & LEVEL,DAYLIGHT,,,44742.69374,False,37,Accepted,5,5,O,,MISJUDGE CLEARANCE,,2022,1
4950,30247878,0510100,HENDERSON POLICE DEPARTMENT,Accepted,HENDERSON,US0041A,,GREEN,ST,N,,10TH,,,,,37.84898215,-87.58230338,16.668,2022-06-22,1643,4,4,0,3,CLEAR,DRY,False,SIDESWIPE-SAME DIRECTION,SIDESWIPE-SAME DIRECTION,STRAIGHT & LEVEL,DAYLIGHT,,,44742.7229,False,37,Accepted,5,3,B,,"FATIGUE, LOST CONSCIOUSNESS/FAINTED",,2022,1
4951,30247879,0510100,HENDERSON POLICE DEPARTMENT,Accepted,HENDERSON,US0041A,,GREEN,ST,S,,VINE,,,,,37.83123683,-87.59573022,15.228,2022-06-21,1203,2,1,0,1,CLEAR,DRY,True,COLLISION WITH BICYCLE IN INTERSECTION,SINGLE VEHICLE,STRAIGHT & LEVEL,DAYLIGHT,,,44742.72297,False,65,Accepted,4,4,C,,INATTENTION,,2022,1
4952,30247930,0510100,HENDERSON POLICE DEPARTMENT,Accepted,HENDERSON,US0041A,,GREEN,ST,S,,,,CHESTNUT,,HANCOCK,37.82805315,-87.5987946,14.995,2022-06-15,1315,1,1,0,0,CLEAR,DRY,False,OTHER COLLISIONS ON SHOULDER,SINGLE VEHICLE,STRAIGHT & LEVEL,DAYLIGHT,,,44742.73195,False,34,Accepted,5,5,O,,"ALCOHOL INVOLVEMENT, NOT UNDER PROPER CONTROL",,2022,1
4953,30250268,0510100,HENDERSON POLICE DEPARTMENT,Accepted,HENDERSON,,,GREEN,ST,S,,KRESGE,,,,,37.81606268,-87.61480823,,2022-06-29,1245,2,2,0,1,CLEAR,DRY,False,ANGLE COLLISION - OTHER,ANGLE,STRAIGHT & LEVEL,DAYLIGHT,,,44743.32552,False,73,Accepted,5,4,C,,"FAILED TO YIELD RIGHT OF WAY, INATTENTION",,2022,1
4955,30251472,0510100,HENDERSON POLICE DEPARTMENT,Accepted,HENDERSON,US0060,,US60,,E,,KILLIECRANKIE,,,,,37.86250785,-87.56213944,10.962,2022-06-30,1716,3,3,0,4,CLEAR,DRY,False,OPPOSING LEFT TURN,OPPOSING LEFT TURN,STRAIGHT & LEVEL,DAYLIGHT,,,44743.61558,False,59,Accepted,2,2,A,,"DISREGARD TRAFFIC CONTROL, INATTENTION",,2022,1
4956,30251476,0510100,HENDERSON POLICE DEPARTMENT,Accepted,HENDERSON,US0041A,,GREEN,ST,N,,13TH,,,,,37.85306066,-87.57959087,16.99,2022-06-25,1450,2,2,0,0,CLEAR,DRY,True,SIDESWIPE-SAME DIRECTION,SIDESWIPE-SAME DIRECTION,STRAIGHT & LEVEL,DAYLIGHT,,,44743.6158,False,37,Accepted,5,5,O,,"IMPROPER PASSING, INATTENTION",,2022,1
4957,30251478,0510100,HENDERSON POLICE DEPARTMENT,Accepted,HENDERSON,,425,3RD,ST,,,,,,,,37.84031461,-87.58698182,0.337,2022-06-24,1152,2,2,0,0,CLEAR,DRY,False,1 VEHICLE ENTERING/LEAVING ENTRANCE,ANGLE,STRAIGHT & LEVEL,DAYLIGHT,,,44743.61595,False,17,Accepted,5,5,O,,"FAILED TO YIELD RIGHT OF WAY, DISTRACTION",OTHER,2022,1
4958,30252637,0510100,HENDERSON POLICE DEPARTMENT,Accepted,HENDERSON,US0041,,US41,,N,,PARK,,,,,37.86439413,-87.573636,16.577,2022-06-25,1053,2,2,0,0,CLEAR,DRY,False,ANGLE COLLISION - OTHER,ANGLE,STRAIGHT & LEVEL,DAYLIGHT,,,44743.93543,False,33,Accepted,5,5,O,,MISJUDGE CLEARANCE,,2022,1
4959,30252641,0510100,HENDERSON POLICE DEPARTMENT,Accepted,HENDERSON,US0041,,US41,,N,,WATSON,,,,,37.87531516,-87.56770953,17.414,2022-07-01,1350,2,2,0,0,CLEAR,DRY,False,OTHER INTERSECTION COLLISIONS,REAR END,STRAIGHT & LEVEL,DAYLIGHT,,,44743.93986,False,47,Accepted,5,5,O,,INATTENTION,,2022,1
4964,30264067,0510000,HENDERSON COUNTY SHERIFF DEPT.,Accepted,HENDERSON,AU9005,,AU9005 W,,,,,,,,,37.81037339,-87.54554549,0.986,2022-07-01,2343,1,1,0,0,CLEAR,DRY,False,COLLISION WITH ANIMAL NON INTERSECTION,SINGLE VEHICLE,STRAIGHT & LEVEL,DARK-HWY NOT LIGHTED,,,44747.46727,False,144,Accepted,5,5,O,ANIMALS ACTION,,,2022,1
4966,30264160,0510100,HENDERSON POLICE DEPARTMENT,Accepted,HENDERSON,,,PARTRIDGE,RUN,S,,BROOMSAGE,,,,,37.8214866,-87.55085998,0.01,2022-07-01,1856,1,1,0,0,CLEAR,DRY,False,OTHER INTERSECTION COLLISIONS,SINGLE VEHICLE,STRAIGHT & LEVEL,DAYLIGHT,,,44747.48865,False,24,Accepted,5,5,O,,DISTRACTION,,2022,1
4967,30264392,0510100,HENDERSON POLICE DEPARTMENT,Accepted,HENDERSON,US0041,,US41,,N,,,,,,,37.8675269,-87.57200799,16.822,2022-07-03,2211,2,2,0,0,CLEAR,DRY,False,SIDESWIPE COLLISION - SAME DIRECTION,SIDESWIPE-SAME DIRECTION,STRAIGHT & LEVEL,DARK-HWY LIGHTED/ON,,,44747.51979,False,63,Accepted,5,5,O,,INATTENTION,,2022,1
4968,30264477,0510100,HENDERSON POLICE DEPARTMENT,Accepted,HENDERSON,,,ELM,ST,N,,5TH,,,,,37.8457501,-87.58829759,0.424,2022-07-05,1059,2,2,0,0,CLEAR,DRY,False,ANGLE COLLISION - OTHER,ANGLE,STRAIGHT & LEVEL,DAYLIGHT,,,44747.54686,False,71,Accepted,5,5,O,,DISREGARD TRAFFIC CONTROL,,2022,1
4969,30264583,0510100,HENDERSON POLICE DEPARTMENT,Accepted,HENDERSON,KY2084,,KY2084,,S,,,,,,,37.81438931,-87.57095023,1.732,2022-07-01,1710,2,2,0,0,CLEAR,DRY,False,SIDESWIPE COLLISION - OPPOSITE DIRECTION,SIDESWIPE-OPPOSITE DIRECTION,STRAIGHT & LEVEL,DAYLIGHT,,,44747.57325,False,41,Accepted,5,5,O,,MISJUDGE CLEARANCE,,2022,1
4970,30264874,0510100,HENDERSON POLICE DEPARTMENT,Accepted,HENDERSON,US0041A,1700,GREEN,ST,S,,,,,,,37.81500138,-87.61652868,13.54,2022-06-28,1502,2,2,0,3,CLEAR,DRY,False,1 VEHICLE ENTERING/LEAVING ENTRANCE,ANGLE,STRAIGHT & LEVEL,DAYLIGHT,,,44747.60009,False,49,Accepted,4,3,B,,"FAILED TO YIELD RIGHT OF WAY, INATTENTION",,2022,1
4971,30264879,0510100,HENDERSON POLICE DEPARTMENT,Accepted,HENDERSON,US0041,,US41,,N,,,,,,,37.84821396,-87.56704985,15.34,2022-07-03,1317,2,2,0,0,CLEAR,DRY,False,REAR END IN TRAFFIC LANES BOTH VEHICLES MOVING,REAR END,STRAIGHT & LEVEL,DAYLIGHT,,,44747.60023,False,49,Accepted,5,5,O,,OTHER,,2022,1
4973,30268052,0510100,HENDERSON POLICE DEPARTMENT,Accepted,HENDERSON,US0060,,US60,,E,,PEBBLE CREEK,,,,,37.86470592,-87.54922729,11.711,2022-07-05,1329,2,2,0,0,CLEAR,DRY,True,OPPOSING LEFT TURN,OPPOSING LEFT TURN,STRAIGHT & GRADE,DAYLIGHT,,,44748.33102,False,59,Accepted,5,5,O,,,,2022,1
4974,30268256,0510100,HENDERSON POLICE DEPARTMENT,Accepted,HENDERSON,,,WATSON,LN,,,WILDERNESS,,,,,37.86528936,-87.55503366,0.038,2022-07-05,1205,2,2,0,0,CLEAR,DRY,False,ANGLE COLLISION - OTHER,ANGLE,CURVE & GRADE,DAYLIGHT,,,44748.36874,False,44,Accepted,5,5,O,,INATTENTION,,2022,1
4975,30268259,0510100,HENDERSON POLICE DEPARTMENT,Accepted,HENDERSON,,,6TH,ST,,,,,,,,37.84647412,-87.58999655,0.389,2022-07-05,1700,2,2,0,0,CLEAR,DRY,False,HEAD-ON COLLISION,HEAD ON,STRAIGHT & GRADE,DAYLIGHT,,,44748.36885,False,44,Accepted,5,5,O,,"INATTENTION, MISJUDGE CLEARANCE",,2022,1
4976,30268557,0510100,HENDERSON POLICE DEPARTMENT,Accepted,HENDERSON,,115,INGRAM,ST,N,,,,,,,37.83805733,-87.58745567,0.545,2022-07-05,1033,2,2,0,0,CLEAR,DRY,False,1 VEHICLE PARKED POSITION (NOT PARKING LOT/DRIVEWAY),BACKING,STRAIGHT & LEVEL,DAYLIGHT,,,44748.41573,False,41,Accepted,5,5,O,,INATTENTION,,2022,1
4978,30269626,0510100,HENDERSON POLICE DEPARTMENT,Accepted,HENDERSON,,607,MARTIN,DR,,,,,,,,37.79728334,-87.64026715,0.06,2022-07-01,1355,2,2,0,0,CLEAR,DRY,False,1 VEHICLE PARKED POSITION (NOT PARKING LOT/DRIVEWAY),BACKING,STRAIGHT & GRADE,DAYLIGHT,,,44748.56087,False,71,Accepted,5,5,O,,INATTENTION,,2022,1
4979,30269627,0510100,HENDERSON POLICE DEPARTMENT,Accepted,HENDERSON,KY2084,,KY2084,,S,,,KY2099,ADAMS,,CRESLINE,37.80749802,-87.57272573,1.245,2022-07-01,1432,2,2,0,0,CLEAR,DRY,False,VEHICLE BACKING NON INTERSECTION,BACKING,CURVE & LEVEL,DAYLIGHT,,,44748.56094,False,71,Accepted,5,5,O,,NOT UNDER PROPER CONTROL,BRAKES DEFECTIVE,2022,1
4980,30269628,0510100,HENDERSON POLICE DEPARTMENT,Accepted,HENDERSON,US0041A,900,GREEN,ST,S,,,,,,,37.82807607,-87.59881675,15.018,2022-07-05,1124,2,2,0,0,CLEAR,DRY,False,OTHER ROADWAY OR MID-BLOCK COLLISION,REAR END,STRAIGHT & LEVEL,DAYLIGHT,,,44748.561,False,19,Accepted,5,5,O,,INATTENTION,,2022,1
4981,30277964,0510100,HENDERSON POLICE DEPARTMENT,Accepted,HENDERSON,,,WASHINGTON,ST,,,MILL,,,,,37.82935289,-87.5792861,0.416,2022-06-27,1658,2,2,0,0,CLEAR,DRY,False,ANGLE COLLISION - OTHER,ANGLE,STRAIGHT & LEVEL,DAYLIGHT,,,44750.4178,False,66,Accepted,5,5,O,,"CELL PHONE, INATTENTION",,2022,1
4982,30278661,0510100,HENDERSON POLICE DEPARTMENT,Accepted,HENDERSON,KY0812,,AIRLINE,RD,,KY2099,ADAMS,,,,,37.80961186,-87.55137353,6.169,2022-07-06,1558,2,2,0,0,CLEAR,DRY,False,ANGLE COLLISION - OTHER,ANGLE,STRAIGHT & HILLCREST,DAYLIGHT,,,44750.5684,False,64,Accepted,5,5,O,,INATTENTION,,2022,1
4983,30278787,0510100,HENDERSON POLICE DEPARTMENT,Accepted,HENDERSON,,,WATSON,LN,,US0041,US41,,,,,37.87531011,-87.56788744,1.099,2022-07-05,1312,2,2,0,0,CLEAR,DRY,False,OTHER INTERSECTION COLLISIONS,REAR END,STRAIGHT & LEVEL,DAYLIGHT,,,44750.6043,False,41,Accepted,5,5,O,,FELL ASLEEP,,2022,1
4984,30278864,0510100,HENDERSON POLICE DEPARTMENT,Accepted,HENDERSON,US0041A,,GREEN,ST,N,,5TH,,,,,37.84335041,-87.58602871,16.214,2022-07-07,1158,2,2,0,0,CLEAR,DRY,False,ANGLE COLLISION - OTHER,ANGLE,STRAIGHT & LEVEL,DAYLIGHT,,,44750.61783,False,64,Accepted,5,5,O,,"DISREGARD TRAFFIC CONTROL, INATTENTION",,2022,1
4985,30282491,0510100,HENDERSON POLICE DEPARTMENT,Accepted,HENDERSON,,,WOODLAND,DR,,,,,,,,37.82021737,-87.59638784,0.003,2022-07-06,2139,2,2,0,0,CLEAR,DRY,False,SIDESWIPE COLLISION - OPPOSITE DIRECTION,SIDESWIPE-OPPOSITE DIRECTION,STRAIGHT & LEVEL,DARK-HWY LIGHTED/ON,,,44751.7751,False,50,Accepted,5,5,O,,INATTENTION,,2022,1
4986,30282674,0510100,HENDERSON POLICE DEPARTMENT,Accepted,HENDERSON,,320,MAIN,ST,N,,,,,,,37.84234106,-87.59060513,0.225,2022-07-02,1544,2,2,0,0,CLEAR,DRY,True,1 VEHICLE PARKED POSITION (NOT PARKING LOT/DRIVEWAY),REAR END,STRAIGHT & LEVEL,DAYLIGHT,,,44751.8472,False,47,Accepted,5,5,O,,"INATTENTION, MISJUDGE CLEARANCE, NOT UNDER PROPER CONTROL",,2022,1
4987,30286719,0510100,HENDERSON POLICE DEPARTMENT,Accepted,HENDERSON,US0041A,,GREEN,ST,S,,,,,,,37.81446396,-87.61741475,13.473,2022-07-06,1438,2,2,0,0,CLEAR,DRY,False,SIDESWIPE COLLISION - OPPOSITE DIRECTION,SIDESWIPE-OPPOSITE DIRECTION,STRAIGHT & LEVEL,DAYLIGHT,,,44753.23187,False,66,Accepted,5,5,O,,INATTENTION,,2022,1
4993,30290221,0510100,HENDERSON POLICE DEPARTMENT,Accepted,HENDERSON,,1600,LEE,DR,,,,,,,,37.81548346,-87.58475969,0.005,2022-07-10,1745,2,2,0,0,CLEAR,DRY,False,VEHICLE BACKING NON INTERSECTION,BACKING,STRAIGHT & LEVEL,DAYLIGHT,,,44753.82078,False,50,Accepted,5,5,O,,INATTENTION,,2022,1
4995,30298973,0510100,HENDERSON POLICE DEPARTMENT,Accepted,HENDERSON,KY0351,,ZION,RD,,KY1539,LARUE,,,,,37.8285593,-87.55860608,1.809,2022-07-12,428,1,1,0,0,CLEAR,DRY,False,COLLISION WITH FIXED OBJECT IN INTERSECTION - FIRST EVENT COLLISION 09 - 32,SINGLE VEHICLE,STRAIGHT & LEVEL,DARK-HWY LIGHTED/ON,,,44755.85887,False,31,Accepted,5,5,O,,DRUG INVOLVEMENT,,2022,1
4996,30298996,0510100,HENDERSON POLICE DEPARTMENT,Accepted,HENDERSON,,1122,POWELL,ST,,,,,,,,37.82938861,-87.58206948,0.965,2022-07-11,1643,2,2,0,0,CLEAR,DRY,True,1 VEHICLE ENTERING/LEAVING ENTRANCE,ANGLE,STRAIGHT & LEVEL,DAYLIGHT,,,44755.87133,False,24,Accepted,5,5,O,,"ALCOHOL INVOLVEMENT, INATTENTION",,2022,1
4997,30300955,0510100,HENDERSON POLICE DEPARTMENT,Accepted,HENDERSON,,,WATHEN,LN,,,,,,,,37.86877341,-87.53379973,0.358,2022-07-10,1012,1,1,1,2,CLEAR,DRY,False,COLLISION WITH FIXED OBJECT NON - INTERSECTION - FIRST EVENT COLLISION 09 - 32 EXCLUDING 16,SINGLE VEHICLE,STRAIGHT & HILLCREST,DAYLIGHT,,,44756.43142,True,41,Accepted,5,1,K,,FAILED TO KEEP PROPER LANE,,2022,1
5003,30305048,0510100,HENDERSON POLICE DEPARTMENT,Accepted,HENDERSON,US0041A,,GREEN,ST,N,,4TH,,,,,37.84194208,-87.58687792,16.113,2022-07-08,1618,2,2,0,0,CLEAR,DRY,False,OTHER INTERSECTION COLLISIONS,REAR END,STRAIGHT & GRADE,DAYLIGHT,,,44757.37618,False,44,Accepted,5,5,O,BACKUP DUE TO REGULAR CONGESTION,"FOLLOWING TOO CLOSE, INATTENTION",,2022,1
5004,30305050,0510100,HENDERSON POLICE DEPARTMENT,Accepted,HENDERSON,KY0425,,KY425,,,,OLD HENDERSON CORYDON,,,,,37.79466103,-87.64388291,0.434,2022-07-12,1234,2,2,0,0,CLEAR,DRY,False,REAR END - ONE VEHICLE TURNING LEFT,REAR END,STRAIGHT & LEVEL,DAYLIGHT,,,44757.37631,False,71,Accepted,5,5,O,,NOT UNDER PROPER CONTROL,,2022,1