OBJECTID,IncidentID,AgencyORI,AgencyName,IncidentStatusDesc,County,RdwyNumber,Street,RoadwayName,StreetSfx,StreetDir,IntersectionRdwy,IntersectionRdwyName,BetweenStRdwy1,BetweenStRdwyName1,BetweenStRdwy2,BetweenStRdwyName2,Latitude,Longitude,Milepoint,CollisionDate,CollisionTime,UnitsInvolved,MotorVehiclesInvolved,NumberKilled,NumberInjured,Weather,RdwyConditionCode,HitandRun,DirAnalysisCode,MannerofCollision,RdwyCharacter,LightCondition,RampFromRdwyId,RampToRdwyId,AcceptedDate,IsSecondaryCollision,OwnerBadge,IncidentStatus,InjurySeverityCde,KABCO_Code,KABCO,Environmental_Factors,Human_Factors,Vehicular_Factors,CollisionYear,CityCrash
5005,30305051,0510100,HENDERSON POLICE DEPARTMENT,Accepted,HENDERSON,,,GARDENGATE,DR,N,KY0351,ZION,,,,,37.8267736,-87.55232285,0.01,2022-07-14,719,2,1,0,0,CLEAR,DRY,False,COLLISION WITH BICYCLE IN INTERSECTION,SINGLE VEHICLE,STRAIGHT & LEVEL,DAYLIGHT,,,44757.37639,False,44,Accepted,5,5,O,,,,2022,1
5009,30306471,0510100,HENDERSON POLICE DEPARTMENT,Accepted,HENDERSON,,506,LETCHER,ST,,,,,,,,37.82577401,-87.58031552,0.233,2022-07-11,1639,2,2,0,0,CLEAR,DRY,False,1 VEHICLE PARKED POSITION (NOT PARKING LOT/DRIVEWAY),REAR END,STRAIGHT & LEVEL,DAYLIGHT,,,44757.65793,False,37,Accepted,5,5,O,,INATTENTION,,2022,1
5010,30306474,0510100,HENDERSON POLICE DEPARTMENT,Accepted,HENDERSON,US0041,,US41,,N,,BARKER,,,,,37.87226334,-87.56943762,17.179,2022-07-12,732,2,2,0,0,CLEAR,DRY,False,OTHER INTERSECTION COLLISIONS,REAR END,STRAIGHT & LEVEL,DAYLIGHT,,,44757.65798,False,67,Accepted,5,5,O,,INATTENTION,,2022,1
5011,30306475,0510100,HENDERSON POLICE DEPARTMENT,Accepted,HENDERSON,US0041,,US41,,N,,PAUL,,,,,37.87426789,-87.5683351,17.319,2022-07-12,1129,2,2,0,0,CLEAR,DRY,False,ANGLE COLLISION - OTHER,ANGLE,STRAIGHT & LEVEL,DAYLIGHT,,,44757.65804,False,67,Accepted,5,5,O,,INATTENTION,,2022,1
5012,30306476,0510100,HENDERSON POLICE DEPARTMENT,Accepted,HENDERSON,US0041,2041,US41,,N,,,,,,,37.86549116,-87.57327074,16.667,2022-07-12,937,2,2,0,0,CLEAR,DRY,False,SIDESWIPE COLLISION - SAME DIRECTION,SIDESWIPE-SAME DIRECTION,STRAIGHT & LEVEL,DAYLIGHT,,,44757.65814,False,66,Accepted,5,5,O,,INATTENTION,,2022,1
5013,30307320,0510100,HENDERSON POLICE DEPARTMENT,Accepted,HENDERSON,,,WASHINGTON,ST,,,INGRAM,,,,,37.83560207,-87.58944527,1.017,2022-07-11,919,2,2,0,0,CLEAR,DRY,False,ANGLE COLLISION - OTHER,ANGLE,STRAIGHT & LEVEL,DAYLIGHT,,,44757.81517,False,71,Accepted,5,5,O,,NOT UNDER PROPER CONTROL,,2022,1
5014,30307321,0510100,HENDERSON POLICE DEPARTMENT,Accepted,HENDERSON,,,GARDEN MILE,RD,N,KY0351,ZION,,,,,37.82822109,-87.55770829,0.004,2022-07-08,1609,2,2,0,0,CLEAR,DRY,False,OTHER INTERSECTION COLLISIONS,REAR END,STRAIGHT & LEVEL,DAYLIGHT,,,44757.81522,False,17,Accepted,5,5,O,,INATTENTION,,2022,1
5015,30307322,0510100,HENDERSON POLICE DEPARTMENT,Accepted,HENDERSON,KY0425,,KY425,,,,,,,,,37.79462759,-87.64382787,0.43,2022-07-15,805,2,2,1,1,CLEAR,DRY,True,1 VEHICLE ENTERING/LEAVING ENTRANCE,ANGLE,STRAIGHT & LEVEL,DAYLIGHT,,,44757.81528,False,19,Accepted,2,1,K,,ALCOHOL INVOLVEMENT,,2022,1
5016,30307387,0510100,HENDERSON POLICE DEPARTMENT,Accepted,HENDERSON,,300,ELM,ST,N,,,,,,,37.84237743,-87.58854304,0.341,2022-07-12,1149,2,2,0,0,CLEAR,DRY,False,1 VEHICLE ENTERING/LEAVING ENTRANCE,ANGLE,STRAIGHT & GRADE,DAYLIGHT,,,44757.82675,False,71,Accepted,5,5,O,,FAILED TO YIELD RIGHT OF WAY,,2022,1
5017,30307390,0510100,HENDERSON POLICE DEPARTMENT,Accepted,HENDERSON,KY0351,2718,ZION,RD,,,,,,,,37.82725012,-87.5536495,2.09,2022-07-14,1600,2,2,0,1,CLEAR,DRY,False,1 VEHICLE ENTERING/LEAVING ENTRANCE,ANGLE,STRAIGHT & LEVEL,DAYLIGHT,,,44757.82719,False,47,Accepted,3,3,B,,MISJUDGE CLEARANCE,,2022,1
5018,30308087,0510100,HENDERSON POLICE DEPARTMENT,Accepted,HENDERSON,US0060,1900,US60,,E,,BARRET,,,,,37.85993883,-87.56776929,10.598,2022-07-15,1646,2,2,0,0,CLEAR,DRY,False,REAR END - ONE VEHICLE TURNING RIGHT,REAR END,STRAIGHT & LEVEL,DAYLIGHT,,,44758.06498,False,47,Accepted,5,5,O,,"FAILED TO KEEP PROPER LANE, INATTENTION",,2022,1
5019,30314754,0510100,HENDERSON POLICE DEPARTMENT,Accepted,HENDERSON,US0041,,US41,,N,,,,MARYWOOD,,BARRET,37.86625637,-87.57269446,16.728,2022-07-13,1725,2,2,0,2,CLEAR,DRY,False,OTHER ROADWAY OR MID-BLOCK COLLISION,REAR END,STRAIGHT & LEVEL,DAYLIGHT,,,44760.38634,False,67,Accepted,5,4,C,,INATTENTION,,2022,1
5020,30319114,0510100,HENDERSON POLICE DEPARTMENT,Accepted,HENDERSON,US0041,2900,US41,,N,,,,,,,37.88364616,-87.56276324,18.031,2022-07-09,1525,2,2,0,0,CLOUDY,WET,False,REAR END IN TRAFFIC LANES BOTH VEHICLES MOVING,REAR END,STRAIGHT & LEVEL,DAYLIGHT,,,44761.37448,False,18,Accepted,5,5,O,SLIPPERY SURFACE,FOLLOWING TOO CLOSE,,2022,1
5021,30319115,0510100,HENDERSON POLICE DEPARTMENT,Accepted,HENDERSON,US0041A,,GREEN,ST,S,,FAIR,,,,,37.82237676,-87.60451133,14.397,2022-07-15,1442,2,2,0,0,CLEAR,DRY,False,ANGLE COLLISION - ONE VEHICLE TURNING LEFT,ANGLE,STRAIGHT & LEVEL,DAYLIGHT,,,44761.37468,False,71,Accepted,5,5,O,,INATTENTION,,2022,1
5022,30319116,0510100,HENDERSON POLICE DEPARTMENT,Accepted,HENDERSON,US0041A,,GREEN,ST,N,,10TH,,,,,37.84959758,-87.58201694,16.709,2022-07-18,1051,2,2,0,1,CLEAR,DRY,False,OPPOSING LEFT TURN,OPPOSING LEFT TURN,STRAIGHT & LEVEL,DAYLIGHT,,,44761.37477,False,49,Accepted,5,4,C,,"FAILED TO YIELD RIGHT OF WAY, TURNING IMPROPERLY",,2022,1
5023,30319118,0510100,HENDERSON POLICE DEPARTMENT,Accepted,HENDERSON,US0041,,US41,,N,,,,WALKER,,HARMONY,37.86959131,-87.5710588,16.971,2022-07-18,1455,2,2,0,0,CLEAR,DRY,False,OTHER ROADWAY OR MID-BLOCK COLLISION,REAR TO REAR,STRAIGHT & LEVEL,DAYLIGHT,,,44761.37486,False,49,Accepted,5,5,O,,"FOLLOWING TOO CLOSE, INATTENTION",,2022,1
5024,30319119,0510100,HENDERSON POLICE DEPARTMENT,Accepted,HENDERSON,,,BARRET,BLVD,,US0041,US41,,,,,37.86435215,-87.57371799,0.899,2022-07-18,1448,2,2,0,0,CLEAR,DRY,False,OTHER INTERSECTION COLLISIONS,REAR END,STRAIGHT & LEVEL,DAYLIGHT,,,44761.37494,False,17,Accepted,5,5,O,,INATTENTION,,2022,1
5025,30319121,0510100,HENDERSON POLICE DEPARTMENT,Accepted,HENDERSON,US0041,2746,US41,,N,,,,,,,37.87619545,-87.56718316,17.476,2022-07-18,1515,2,2,0,0,CLEAR,DRY,False,SIDESWIPE COLLISION - SAME DIRECTION,SIDESWIPE-SAME DIRECTION,STRAIGHT & LEVEL,DAYLIGHT,,,44761.37509,False,17,Accepted,5,5,O,,INATTENTION,,2022,1
5026,30319847,0510100,HENDERSON POLICE DEPARTMENT,Accepted,HENDERSON,US0041,,US41,,N,,,,KIMSEY,,VAN WYK,37.84958836,-87.56721749,15.433,2022-07-17,1426,2,2,0,0,RAINING,WET,False,OTHER ROADWAY OR MID-BLOCK COLLISION,REAR END,STRAIGHT & LEVEL,DAYLIGHT,,,44761.5008,False,67,Accepted,5,5,O,SLIPPERY SURFACE,INATTENTION,,2022,1
5027,30319848,0510100,HENDERSON POLICE DEPARTMENT,Accepted,HENDERSON,US0041,15,US41,,N,,,,,,,37.85723211,-87.57319738,16.041,2022-07-17,1354,3,3,0,1,RAINING,WET,False,REAR END IN TRAFFIC LANES BOTH VEHICLES MOVING,REAR END,STRAIGHT & LEVEL,DAYLIGHT,,,44761.50104,False,49,Accepted,5,4,C,,FOLLOWING TOO CLOSE,,2022,1
5028,30320382,0510100,HENDERSON POLICE DEPARTMENT,Accepted,HENDERSON,,,ELM,ST,N,,1ST,,,,,37.83876611,-87.59092108,0.061,2022-07-06,1235,2,2,0,0,CLEAR,DRY,False,ANGLE COLLISION - OTHER,ANGLE,STRAIGHT & LEVEL,DAYLIGHT,,,44761.59912,False,37,Accepted,5,5,O,,DISREGARD TRAFFIC CONTROL,,2022,1
5029,30321375,0510100,HENDERSON POLICE DEPARTMENT,Accepted,HENDERSON,US0041A,1725,GREEN,ST,S,,KRESGE,,,,,37.81607574,-87.61477973,13.674,2022-07-17,142,1,1,0,2,CLEAR,DRY,False,NON-COLLISION OBJECT COLLISION,SINGLE VEHICLE,STRAIGHT & LEVEL,DARK-HWY LIGHTED/ON,,,44761.68294,False,51,Accepted,3,3,B,,MEDICATION,,2022,1
5030,30321376,0510100,HENDERSON POLICE DEPARTMENT,Accepted,HENDERSON,US0041A,,GREEN,ST,N,,,,,,,37.84197929,-87.58689792,16.115,2022-07-16,1804,3,3,0,0,CLEAR,DRY,False,REAR END IN TRAFFIC LANES BOTH VEHICLES MOVING,REAR END,STRAIGHT & LEVEL,DAYLIGHT,,,44761.683,True,31,Accepted,5,5,O,,DISTRACTION,,2022,1
5031,30321377,0510100,HENDERSON POLICE DEPARTMENT,Accepted,HENDERSON,KY0351,1850,2ND,ST,,,,,,,,37.83145781,-87.56942481,1.178,2022-07-13,2310,1,1,0,2,CLEAR,DRY,False,RAN OFF ROADWAY (1 VEHICLE WITH/EARTH EMBANKMENT/DITCH),SINGLE VEHICLE,CURVE & LEVEL,DARK-HWY LIGHTED/ON,,,44761.68305,False,25,Accepted,2,2,A,,"ALCOHOL INVOLVEMENT, INATTENTION, TOO FAST FOR CONDITIONS",,2022,1
5032,30321996,0510100,HENDERSON POLICE DEPARTMENT,Accepted,HENDERSON,,,3RD,ST,,,,,ELM,US0041A,GREEN,37.84107159,-87.58842634,0.242,2022-07-19,1310,2,2,0,0,CLEAR,DRY,False,1 VEHICLE PARKED POSITION (NOT PARKING LOT/DRIVEWAY),BACKING,STRAIGHT & LEVEL,DAYLIGHT,,,44761.77605,False,71,Accepted,5,5,O,,INATTENTION,,2022,1
5033,30324357,0510100,HENDERSON POLICE DEPARTMENT,Accepted,HENDERSON,US0041,,US41,,N,,,,PAUL,,WATSON,37.87457182,-87.56809195,17.353,2022-07-19,1145,2,2,0,0,CLEAR,DRY,False,OTHER ROADWAY OR MID-BLOCK COLLISION,REAR END,STRAIGHT & LEVEL,DAYLIGHT,,,44762.39253,False,48,Accepted,5,5,O,,INATTENTION,,2022,1
5034,30329614,0510100,HENDERSON POLICE DEPARTMENT,Accepted,HENDERSON,US0041A,301,GREEN,ST,S,,,,,,,37.83386114,-87.59321158,15.452,2022-07-19,1649,2,2,0,0,CLEAR,DRY,False,1 VEHICLE ENTERING/LEAVING ENTRANCE,ANGLE,STRAIGHT & LEVEL,DAYLIGHT,,,44763.42615,False,48,Accepted,5,5,O,,INATTENTION,,2022,1
5035,30329970,0510100,HENDERSON POLICE DEPARTMENT,Accepted,HENDERSON,US0060,,US60,,E,,PEBBLE CREEK,,,,,37.86469501,-87.55029308,11.654,2022-07-19,1543,2,1,0,1,CLEAR,DRY,False,COLLISION WITH PEDESTRIAN IN INTERSECTION,SINGLE VEHICLE,STRAIGHT & HILLCREST,DAYLIGHT,,,44763.48145,False,37,Accepted,5,2,A,,,,2022,1
5036,30332118,0510100,HENDERSON POLICE DEPARTMENT,Accepted,HENDERSON,US0041,,US41,,N,,,,,,,37.86172831,-87.5752748,16.388,2022-07-20,1825,2,2,0,0,CLEAR,DRY,False,SIDESWIPE COLLISION - SAME DIRECTION,SIDESWIPE-SAME DIRECTION,CURVE & LEVEL,DAYLIGHT,,,44763.9184,False,24,Accepted,5,5,O,,MISJUDGE CLEARANCE,,2022,1
5037,30344780,0510100,HENDERSON POLICE DEPARTMENT,Accepted,HENDERSON,US0041,,US41,,N,,PAUL,,,,,37.87425066,-87.5683486,17.32,2022-07-21,1648,4,4,0,1,CLEAR,DRY,True,ANGLE COLLISION - OTHER,ANGLE,STRAIGHT & LEVEL,DAYLIGHT,,,44767.45335,False,67,Accepted,5,4,C,,"INATTENTION, OTHER",,2022,1
5038,30344781,0510100,HENDERSON POLICE DEPARTMENT,Accepted,HENDERSON,US0041A,,GREEN,ST,N,,10TH,,,,,37.84951691,-87.58208701,16.685,2022-07-22,1422,2,2,0,0,CLEAR,DRY,False,SIDESWIPE-SAME DIRECTION,SIDESWIPE-SAME DIRECTION,STRAIGHT & LEVEL,DAYLIGHT,,,44767.45348,False,49,Accepted,5,5,O,,MISJUDGE CLEARANCE,,2022,1
5039,30344783,0510100,HENDERSON POLICE DEPARTMENT,Accepted,HENDERSON,US0041,,US41,,N,,,,WALNUT,,JOHN JAMES AUDUBON STATE,37.88026615,-87.56520507,17.772,2022-07-22,1440,2,2,0,0,CLEAR,DRY,True,1 VEHICLE ENTERING/LEAVING ENTRANCE,ANGLE,STRAIGHT & LEVEL,DAYLIGHT,,,44767.45354,False,67,Accepted,5,5,O,,INATTENTION,,2022,1
5040,30344788,0510100,HENDERSON POLICE DEPARTMENT,Accepted,HENDERSON,,,SUTTON,DR,,,WILSON,,,,,37.80315701,-87.59337881,0.207,2022-07-20,1219,2,2,0,0,CLEAR,DRY,False,VEHICLE BACKING IN INTERSECTION,BACKING,STRAIGHT & LEVEL,DAYLIGHT,,,44767.4536,False,66,Accepted,5,5,O,,INATTENTION,,2022,1
5041,30344791,0510100,HENDERSON POLICE DEPARTMENT,Accepted,HENDERSON,,2100,SONIC,DR,,,,,,,,37.85951109,-87.56558845,,2022-07-23,919,2,2,0,0,CLEAR,DRY,False,1 VEHICLE ENTERING/LEAVING ENTRANCE,ANGLE,STRAIGHT & LEVEL,DAYLIGHT,,,44767.45366,False,41,Accepted,5,5,O,,,,2022,1
5042,30344796,0510100,HENDERSON POLICE DEPARTMENT,Accepted,HENDERSON,US0041A,300,GREEN,ST,S,,,,,,,37.83382391,-87.59325369,15.442,2022-07-23,1124,2,2,0,2,CLEAR,DRY,False,1 VEHICLE ENTERING/LEAVING ENTRANCE,ANGLE,STRAIGHT & LEVEL,DAYLIGHT,,,44767.45382,False,19,Accepted,3,3,B,,INATTENTION,,2022,1
5043,30344802,0510100,HENDERSON POLICE DEPARTMENT,Accepted,HENDERSON,,,2ND,ST,,US0041A,GREEN,,,,,37.83941682,-87.58843899,0.004,2022-07-22,1544,2,2,0,0,CLEAR,DRY,False,OTHER INTERSECTION COLLISIONS,REAR END,STRAIGHT & LEVEL,DAYLIGHT,,,44767.45398,False,17,Accepted,5,5,O,,"OTHER, INATTENTION",,2022,1
5050,30348895,0510100,HENDERSON POLICE DEPARTMENT,Accepted,HENDERSON,US0060,,US60,,E,,BARRET,,,,,37.85991581,-87.56773399,10.599,2022-07-23,1310,2,2,0,0,CLEAR,DRY,False,OTHER INTERSECTION COLLISIONS,REAR END,STRAIGHT & LEVEL,DAYLIGHT,,,44768.33604,False,48,Accepted,5,5,O,,"INATTENTION, MISJUDGE CLEARANCE",,2022,1
5051,30348896,0510100,HENDERSON POLICE DEPARTMENT,Accepted,HENDERSON,,,ELM,ST,N,,,,12TH,,11TH,37.85273781,-87.58193388,1.143,2022-07-19,1553,2,2,0,0,CLEAR,DRY,False,REAR END IN TRAFFIC LANES BOTH VEHICLES MOVING,REAR END,STRAIGHT & LEVEL,DAYLIGHT,,,44768.3361,False,65,Accepted,5,5,O,,INATTENTION,,2022,1
5052,30350944,0510100,HENDERSON POLICE DEPARTMENT,Accepted,HENDERSON,US0041,14,US41,,N,,,,,,,37.84387141,-87.56567298,15.025,2022-07-26,955,1,1,0,0,RAINING,WET,False,COLLISION WITH FIXED OBJECT NON - INTERSECTION - FIRST EVENT COLLISION 09 - 32 EXCLUDING 16,SINGLE VEHICLE,STRAIGHT & LEVEL,DAYLIGHT,,,44768.68504,False,49,Accepted,5,5,O,,,TIRES,2022,1
5053,30351086,0510100,HENDERSON POLICE DEPARTMENT,Accepted,HENDERSON,US0041,,US41,,N,,,,WATSON,,WALNUT,37.87900963,-87.56569945,17.684,2022-07-26,946,2,2,0,0,RAINING,WET,False,OTHER ROADWAY OR MID-BLOCK COLLISION,REAR END,STRAIGHT & LEVEL,DAYLIGHT,,,44768.705,False,67,Accepted,5,5,O,SLIPPERY SURFACE,INATTENTION,,2022,1
5054,30351198,0510100,HENDERSON POLICE DEPARTMENT,Accepted,HENDERSON,KY0351,,2ND,ST,,,KLUTEY PARK PLAZA,,,,,37.83240588,-87.57159805,1.045,2022-07-23,1003,2,2,0,0,CLEAR,DRY,False,ANGLE COLLISION - OTHER,ANGLE,STRAIGHT & LEVEL,DAYLIGHT,,,44768.71907,False,65,Accepted,5,5,O,,"FAILED TO YIELD RIGHT OF WAY, INATTENTION",,2022,1
5055,30354103,KSP1600,"KY STATE POLICE, POST 16",Accepted,HENDERSON,KY2099,,ADAMS,LN,,,,,,,,37.80461483,-87.57239691,0.012,2022-07-25,746,2,2,0,0,CLOUDY,DRY,False,VEHICLE BACKING NON INTERSECTION,BACKING,STRAIGHT & LEVEL,DAYLIGHT,,,44769.41177,False,1000,Accepted,5,5,O,,INATTENTION,,2022,1
5056,30354985,0510100,HENDERSON POLICE DEPARTMENT,Accepted,HENDERSON,KY0351,,2ND,ST,,,KLUTEY PARK PLAZA,,,,,37.83238185,-87.57165896,1.042,2022-07-27,1017,2,2,0,0,CLEAR,DRY,True,ANGLE COLLISION - ONE VEHICLE TURNING LEFT,ANGLE,STRAIGHT & LEVEL,DAYLIGHT,,,44769.55407,False,71,Accepted,5,5,O,,DISREGARD TRAFFIC CONTROL,,2022,1
5057,30355495,0510000,HENDERSON COUNTY SHERIFF DEPT.,Accepted,HENDERSON,,,PRIEST,ST,,,,,,,,37.83569075,-87.57170541,0.108,2022-07-18,238,1,1,0,0,CLOUDY,DRY,False,OTHER COLLISIONS ON SHOULDER,SINGLE VEHICLE,CURVE & LEVEL,DARK-HWY NOT LIGHTED,,,44769.64058,False,134,Accepted,5,5,O,HOLES/DEEP RUTS/BUMPS,"FAILED TO KEEP PROPER LANE, MISJUDGE CLEARANCE",,2022,1
5062,30355913,0510100,HENDERSON POLICE DEPARTMENT,Accepted,HENDERSON,US0041,1900,U S HIGHWAY 41 NORTH,,,,,,,,,37.85817383,-87.571979,0.223,2022-07-27,1400,2,2,0,0,CLEAR,DRY,False,OTHER RAMP RELATED COLLISIONS NOT LISTED ABOVE,REAR END,STRAIGHT & LEVEL,DAYLIGHT,US0041,US0041,44769.70147,False,47,Accepted,5,5,O,,INATTENTION,,2022,1
5063,30358506,0510100,HENDERSON POLICE DEPARTMENT,Accepted,HENDERSON,KY0351,,ZION,RD,,,GARDEN MILE,,,,,37.82827668,-87.55773527,1.86,2022-07-27,1224,2,2,0,2,CLEAR,DRY,False,ANGLE COLLISION - ONE VEHICLE TURNING LEFT,ANGLE,STRAIGHT & LEVEL,DAYLIGHT,,,44770.38875,False,49,Accepted,4,4,C,,DISREGARD TRAFFIC CONTROL,BRAKES DEFECTIVE,2022,1
5064,30358507,0510100,HENDERSON POLICE DEPARTMENT,Accepted,HENDERSON,US0060,,US60,,E,,,,BARRET,,MANOR,37.86018266,-87.56703141,10.646,2022-07-27,1351,2,2,0,0,CLEAR,DRY,False,REAR END IN TRAFFIC LANES BOTH VEHICLES MOVING,REAR END,STRAIGHT & LEVEL,DAYLIGHT,,,44770.38889,False,67,Accepted,5,5,O,,INATTENTION,,2022,1
5066,30364485,0510100,HENDERSON POLICE DEPARTMENT,Accepted,HENDERSON,,,ELM,ST,N,,WATSON,,,,,37.87559009,-87.56900695,2.896,2022-07-28,1830,2,2,0,0,CLOUDY,DRY,False,OTHER INTERSECTION COLLISIONS,REAR END,STRAIGHT & LEVEL,DAWN,,,44771.82687,False,32,Accepted,5,5,O,,DISTRACTION,,2022,1
5067,30372157,0510100,HENDERSON POLICE DEPARTMENT,Accepted,HENDERSON,US0041A,,US41 ALT,,,,SPRINGFIELD,,,,,37.80321592,-87.62137414,12.539,2022-07-28,1055,2,2,0,1,CLEAR,DRY,False,OTHER INTERSECTION COLLISIONS,REAR END,STRAIGHT & LEVEL,DAYLIGHT,,,44774.38352,False,71,Accepted,5,3,B,,INATTENTION,,2022,1
5068,30372159,0510100,HENDERSON POLICE DEPARTMENT,Accepted,HENDERSON,,2442,GREEN RIVER,RD,,,,,,,,37.86543475,-87.56288041,0.351,2022-07-28,1617,1,1,0,0,CLEAR,DRY,True,COLLISION WITH NON-FIXED OBJECT ,SINGLE VEHICLE,STRAIGHT & LEVEL,DAYLIGHT,,,44774.38371,False,10,Accepted,5,5,O,,MISJUDGE CLEARANCE,,2022,1
5069,30372161,0510100,HENDERSON POLICE DEPARTMENT,Accepted,HENDERSON,US0041A,,GREEN,ST,N,,5TH,,,,,37.84327774,-87.58605287,16.214,2022-07-22,840,2,2,0,0,CLOUDY,DRY,False,SIDESWIPE-SAME DIRECTION,SIDESWIPE-SAME DIRECTION,STRAIGHT & LEVEL,DAYLIGHT,,,44774.38399,False,34,Accepted,5,5,O,,MISJUDGE CLEARANCE,,2022,1
5070,30372164,0510100,HENDERSON POLICE DEPARTMENT,Accepted,HENDERSON,US0041,,US41,,N,US0041,US41 E RAMP TO US41 S,,,,,37.85764217,-87.57384836,16.097,2022-07-26,930,2,2,0,0,RAINING,WET,False,SIDESWIPE-SAME DIRECTION,SIDESWIPE-SAME DIRECTION,STRAIGHT & LEVEL,DAYLIGHT,,,44774.38451,False,34,Accepted,5,5,O,,"INATTENTION, MISJUDGE CLEARANCE",,2022,1
5074,30377258,0510100,HENDERSON POLICE DEPARTMENT,Accepted,HENDERSON,,790,WOLF HILLS,RD,,,,,,,,37.88776995,-87.53502811,0.316,2022-07-29,700,1,1,0,0,CLOUDY,WET,False,COLLISION WITH ANIMAL NON INTERSECTION,SINGLE VEHICLE,STRAIGHT & LEVEL,DAYLIGHT,,,44775.4648,False,41,Accepted,5,5,O,ANIMALS ACTION,,,2022,1
5075,30386276,0510100,HENDERSON POLICE DEPARTMENT,Accepted,HENDERSON,KY0351,,2ND,ST,,,KLUTEY PARK PLAZA,,,,,37.83240945,-87.57162571,1.044,2022-07-30,1459,2,2,0,1,CLEAR,DRY,False,ANGLE COLLISION - ONE VEHICLE TURNING LEFT,ANGLE,STRAIGHT & LEVEL,DAYLIGHT,,,44777.42976,False,17,Accepted,5,4,C,,FAILED TO YIELD RIGHT OF WAY,,2022,1
5076,30386472,0510100,HENDERSON POLICE DEPARTMENT,Accepted,HENDERSON,,1347,WASHINGTON,ST,,,,,,,,37.82854989,-87.57782009,0.317,2022-07-30,844,2,1,0,0,CLEAR,DRY,True,1 VEHICLE PARKED POSITION (NOT PARKING LOT/DRIVEWAY),SIDESWIPE-SAME DIRECTION,STRAIGHT & LEVEL,DAYLIGHT,,,44777.42929,False,17,Accepted,5,5,O,,,,2022,1
5077,30386533,0510100,HENDERSON POLICE DEPARTMENT,Accepted,HENDERSON,US0041,,US41,,N,,,,,,,37.87066541,-87.57024732,17.058,2022-07-29,1440,2,2,0,0,CLEAR,DRY,True,OTHER ROADWAY OR MID-BLOCK COLLISION,REAR END,STRAIGHT & LEVEL,DAYLIGHT,,,44777.46394,False,41,Accepted,5,5,O,,FOLLOWING TOO CLOSE,,2022,1
5078,30386534,0510100,HENDERSON POLICE DEPARTMENT,Accepted,HENDERSON,US0041,,US41,,,,,,,,,37.82093359,-87.56283332,2.164,2022-08-02,1655,2,2,0,0,CLEAR,DRY,False,HEAD-ON COLLISION,HEAD ON,CURVE & GRADE,DAYLIGHT,,,44777.46401,False,44,Accepted,5,5,O,,,TIRE FAILURE,2022,1
5079,30386731,0510100,HENDERSON POLICE DEPARTMENT,Accepted,HENDERSON,US0041A,,GREEN,ST,S,,CLAY,,,,,37.83371191,-87.59317757,15.438,2022-08-01,1218,2,2,0,0,CLEAR,DRY,False,ANGLE COLLISION - OTHER,ANGLE,STRAIGHT & LEVEL,DAYLIGHT,,,44777.50268,False,71,Accepted,5,5,O,,FAILED TO YIELD RIGHT OF WAY,,2022,1
5080,30387275,0510100,HENDERSON POLICE DEPARTMENT,Accepted,HENDERSON,,,ELM,ST,N,,,,2ND,,3RD,37.84123443,-87.58935052,0.252,2022-08-01,1241,2,2,0,0,CLEAR,DRY,False,OTHER ROADWAY OR MID-BLOCK COLLISION,REAR END,STRAIGHT & LEVEL,DAYLIGHT,,,44777.60509,False,67,Accepted,5,5,O,,INATTENTION,,2022,1
5081,30387353,0510100,HENDERSON POLICE DEPARTMENT,Accepted,HENDERSON,,,INGRAM,ST,S,,,,POWELL,,CLAY,37.83381194,-87.59122043,0.577,2022-08-01,1255,2,2,0,0,CLEAR,DRY,True,1 VEHICLE PARKED POSITION (NOT PARKING LOT/DRIVEWAY),BACKING,STRAIGHT & GRADE,DAYLIGHT,,,44777.61247,False,71,Accepted,5,5,O,,INATTENTION,,2022,1
5083,30399957,0510100,HENDERSON POLICE DEPARTMENT,Accepted,HENDERSON,,1130,POWELL,ST,,,,,,,,37.82935049,-87.58200067,0.969,2022-08-03,2242,2,2,0,0,CLEAR,DRY,False,1 VEHICLE PARKED POSITION (NOT PARKING LOT/DRIVEWAY),SIDESWIPE-OPPOSITE DIRECTION,STRAIGHT & LEVEL,DARK-HWY LIGHTED/OFF,,,44781.2328,False,24,Accepted,5,5,O,,"DISTRACTION, INATTENTION",,2022,1
5087,30402893,0510100,HENDERSON POLICE DEPARTMENT,Accepted,HENDERSON,,,ELM,ST,,,,,1ST,,2ND,37.83959971,-87.59034891,,2022-08-05,1345,2,2,0,0,CLOUDY,DRY,False,1 VEHICLE ENTERING/LEAVING ENTRANCE,ANGLE,STRAIGHT & LEVEL,DAYLIGHT,,,44781.68556,False,73,Accepted,5,5,O,,"OTHER, INATTENTION",,2022,1
5088,30402894,0510100,HENDERSON POLICE DEPARTMENT,Accepted,HENDERSON,KY2084,,KY2084,,S,KY0812,AIRLINE,,,,,37.82013503,-87.56934182,2.137,2022-08-04,646,3,2,0,1,CLEAR,DRY,False,ANGLE COLLISION - OTHER,ANGLE,STRAIGHT & LEVEL,DAYLIGHT,,,44781.68566,False,17,Accepted,5,4,C,CONSTRUCTION WORK ZONE,"INATTENTION, TOO FAST FOR CONDITIONS",,2022,1