OBJECTID,IncidentID,AgencyORI,AgencyName,IncidentStatusDesc,County,RdwyNumber,Street,RoadwayName,StreetSfx,StreetDir,IntersectionRdwy,IntersectionRdwyName,BetweenStRdwy1,BetweenStRdwyName1,BetweenStRdwy2,BetweenStRdwyName2,Latitude,Longitude,Milepoint,CollisionDate,CollisionTime,UnitsInvolved,MotorVehiclesInvolved,NumberKilled,NumberInjured,Weather,RdwyConditionCode,HitandRun,DirAnalysisCode,MannerofCollision,RdwyCharacter,LightCondition,RampFromRdwyId,RampToRdwyId,AcceptedDate,IsSecondaryCollision,OwnerBadge,IncidentStatus,InjurySeverityCde,KABCO_Code,KABCO,Environmental_Factors,Human_Factors,Vehicular_Factors,CollisionYear,CityCrash
5089,30403464,0510100,HENDERSON POLICE DEPARTMENT,Accepted,HENDERSON,,,CANOE CREEK,DR,,US0041A,GREEN,,,,,37.8204181,-87.60787738,0.006,2022-08-05,1448,3,3,0,0,RAINING,WATER (STANDING OR MOVING),False,OTHER INTERSECTION COLLISIONS,REAR END,STRAIGHT & LEVEL,DAYLIGHT,,,44781.74514,False,17,Accepted,5,5,O,SLIPPERY SURFACE,TOO FAST FOR CONDITIONS,,2022,1
5090,30403611,0510100,HENDERSON POLICE DEPARTMENT,Accepted,HENDERSON,US0041,,US41,,N,,,,,,,37.82782624,-87.56693344,13.811,2022-08-07,1254,1,1,0,0,RAINING,WATER (STANDING OR MOVING),False,COLLISION WITH FIXED OBJECT NON - INTERSECTION - FIRST EVENT COLLISION 09 - 32 EXCLUDING 16,SINGLE VEHICLE,CURVE & GRADE,DAYLIGHT,,,44781.77803,False,44,Accepted,5,5,O,WATER POOLING,,,2022,1
5091,30404056,0510100,HENDERSON POLICE DEPARTMENT,Accepted,HENDERSON,,428,INGRAM,ST,S,,,,,,,37.83156647,-87.59349278,0.379,2022-08-06,2226,2,2,0,1,CLEAR,DRY,True,1 VEHICLE PARKED POSITION (NOT PARKING LOT/DRIVEWAY),HEAD ON,STRAIGHT & LEVEL,DARK-HWY NOT LIGHTED,,,44781.89221,False,50,Accepted,5,4,C,,ALCOHOL INVOLVEMENT,,2022,1
5092,30404057,0510100,HENDERSON POLICE DEPARTMENT,Accepted,HENDERSON,US0060,2900,US60,,E,,,,,,,37.86473558,-87.54774019,11.793,2022-08-01,1605,2,2,0,0,CLEAR,DRY,False,1 VEHICLE ENTERING/LEAVING ENTRANCE,ANGLE,STRAIGHT & LEVEL,DAYLIGHT,,,44781.89227,False,47,Accepted,5,5,O,,MISJUDGE CLEARANCE,,2022,1
5093,30407933,0510100,HENDERSON POLICE DEPARTMENT,Accepted,HENDERSON,,,ELM,ST,N,,,,,,,37.83954905,-87.59037051,0.123,2022-07-28,1037,2,2,0,1,CLEAR,DRY,False,1 VEHICLE ENTERING/LEAVING ENTRANCE,ANGLE,STRAIGHT & LEVEL,DAYLIGHT,,,44782.62532,False,37,Accepted,5,4,C,,MISJUDGE CLEARANCE,,2022,1
5094,30407935,0510100,HENDERSON POLICE DEPARTMENT,Accepted,HENDERSON,,,12TH,ST,,,ELM,,,,,37.85277198,-87.5819422,0.198,2022-07-27,1717,2,2,0,0,CLEAR,DRY,False,ANGLE COLLISION - OTHER,ANGLE,STRAIGHT & LEVEL,DAYLIGHT,,,44782.62549,False,34,Accepted,5,5,O,,INATTENTION,,2022,1
5095,30409679,0510100,HENDERSON POLICE DEPARTMENT,Accepted,HENDERSON,US0041,,US41,,N,,,,,,,37.83411068,-87.56538683,14.343,2022-08-08,22,1,1,0,0,CLEAR,DRY,False,COLLISION WITH FIXED OBJECT NON - INTERSECTION - FIRST EVENT COLLISION 09 - 32 EXCLUDING 16,SINGLE VEHICLE,STRAIGHT & LEVEL,DARK-HWY LIGHTED/ON,,,44782.97259,False,24,Accepted,5,5,O,,INATTENTION,,2022,1
5096,30415107,0510100,HENDERSON POLICE DEPARTMENT,Accepted,HENDERSON,,1934,ELM,ST,N,,,,,,,37.87170646,-87.57134953,2.599,2022-06-12,2029,1,1,0,0,CLEAR,DRY,True,COLLISION WITH FIXED OBJECT NON - INTERSECTION - FIRST EVENT COLLISION 09 - 32 EXCLUDING 16,SINGLE VEHICLE,STRAIGHT & LEVEL,DARK-HWY LIGHTED/ON,,,44784.11075,False,51,Accepted,5,5,O,,"FAILED TO KEEP PROPER LANE, FATIGUE, FELL ASLEEP",,2022,1
5097,30416171,0510100,HENDERSON POLICE DEPARTMENT,Accepted,HENDERSON,,,DRURY,LN,,US0041A,GREEN,,,,,37.81414885,-87.61802583,0.006,2022-08-09,741,2,2,0,0,CLEAR,DRY,False,OTHER INTERSECTION COLLISIONS,REAR END,STRAIGHT & LEVEL,DAYLIGHT,,,44784.37647,False,49,Accepted,5,5,O,,FOLLOWING TOO CLOSE,,2022,1
5098,30416172,0510100,HENDERSON POLICE DEPARTMENT,Accepted,HENDERSON,KY0351,,2ND,ST,,,ALVASIA,,,,,37.83710698,-87.58256771,0.355,2022-07-27,1213,2,2,0,0,CLEAR,DRY,False,OTHER INTERSECTION COLLISIONS,REAR END,STRAIGHT & LEVEL,DAYLIGHT,,,44784.37655,False,34,Accepted,5,5,O,,TURNING IMPROPERLY,,2022,1
5099,30416551,0510100,HENDERSON POLICE DEPARTMENT,Accepted,HENDERSON,US0041,,US41,,N,,,,WALNUT,,WATSON,37.87739794,-87.56672781,17.561,2022-08-10,1002,2,2,0,0,CLOUDY,DRY,False,1 VEHICLE ENTERING/LEAVING ENTRANCE,ANGLE,STRAIGHT & LEVEL,DAYLIGHT,,,44784.41584,False,67,Accepted,5,5,O,,INATTENTION,,2022,1
5100,30416942,0510100,HENDERSON POLICE DEPARTMENT,Accepted,HENDERSON,US0060,,US60,,E,,,,MANOR,,BARRET,37.86034966,-87.56655171,10.676,2022-08-08,1455,2,2,0,0,CLEAR,DRY,False,OTHER ROADWAY OR MID-BLOCK COLLISION,REAR END,STRAIGHT & LEVEL,DAYLIGHT,,,44784.4661,False,65,Accepted,5,5,O,,INATTENTION,,2022,1
5101,30417157,0510100,HENDERSON POLICE DEPARTMENT,Accepted,HENDERSON,,422,ALVASIA,ST,S,,,,,,,37.82881882,-87.59038292,0.505,2022-08-07,1413,2,2,0,0,CLEAR,DRY,False,1 VEHICLE PARKED POSITION (NOT PARKING LOT/DRIVEWAY),SIDESWIPE-SAME DIRECTION,STRAIGHT & LEVEL,DAYLIGHT,,,44784.50634,False,37,Accepted,5,5,O,,MISJUDGE CLEARANCE,,2022,1
5102,30418766,0510100,HENDERSON POLICE DEPARTMENT,Accepted,HENDERSON,,100,ALVASIA,ST,N,,,,,,,37.83705629,-87.58273616,0.29,2022-08-11,825,2,2,0,0,CLEAR,DRY,False,VEHICLE BACKING NON INTERSECTION,BACKING,STRAIGHT & LEVEL,DAYLIGHT,,,44784.73706,False,47,Accepted,5,5,O,,"DISTRACTION, INATTENTION",,2022,1
5103,30421228,0510100,HENDERSON POLICE DEPARTMENT,Accepted,HENDERSON,,,GREEN,ST,S,,CANOE CREEK,,,,,37.82041419,-87.60801906,,2022-08-10,1545,2,2,0,0,CLOUDY,DRY,False,SIDESWIPE-SAME DIRECTION,SIDESWIPE-SAME DIRECTION,STRAIGHT & LEVEL,DAYLIGHT,,,44785.36617,False,73,Accepted,5,5,O,,INATTENTION,,2022,1
5104,30421229,0510100,HENDERSON POLICE DEPARTMENT,Accepted,HENDERSON,US0060,,US60,,E,,BARRET,,,,,37.85990756,-87.56776276,10.599,2022-08-10,1643,2,2,0,0,CLEAR,DRY,False,ANGLE COLLISION - ONE VEHICLE TURNING RIGHT,ANGLE,STRAIGHT & LEVEL,DAYLIGHT,,,44785.36629,False,67,Accepted,5,5,O,,INATTENTION,,2022,1
5105,30421230,0510100,HENDERSON POLICE DEPARTMENT,Accepted,HENDERSON,US0041A,,GREEN,ST,S,,WASHINGTON,,,,,37.83629864,-87.59078494,15.664,2022-08-09,1453,2,2,0,2,CLOUDY,DRY,False,ANGLE COLLISION - ONE VEHICLE TURNING LEFT,ANGLE,STRAIGHT & LEVEL,DAYLIGHT,,,44785.36641,False,34,Accepted,3,3,B,,DISREGARD TRAFFIC CONTROL,,2022,1
5106,30421232,0510100,HENDERSON POLICE DEPARTMENT,Accepted,HENDERSON,US0041,,US41,,N,,BARRET,,,,,37.86444158,-87.57364438,16.591,2022-08-11,1338,2,2,0,0,CLEAR,DRY,True,ANGLE COLLISION - OTHER,ANGLE,STRAIGHT & LEVEL,DAYLIGHT,,,44785.36659,False,37,Accepted,5,5,O,,"INATTENTION, MISJUDGE CLEARANCE",,2022,1
5107,30421234,0510100,HENDERSON POLICE DEPARTMENT,Accepted,HENDERSON,US0060,2900,US60,,E,,,,,,,37.86478576,-87.54627108,11.872,2022-08-11,1629,2,2,0,0,CLEAR,DRY,False,COLLISION WITH ANIMAL NON INTERSECTION,SIDESWIPE-SAME DIRECTION,STRAIGHT & LEVEL,DAYLIGHT,,,44785.36673,False,59,Accepted,5,5,O,ANIMALS ACTION,INATTENTION,,2022,1
5108,30421266,0510100,HENDERSON POLICE DEPARTMENT,Accepted,HENDERSON,US0041A,,GREEN,ST,N,,12TH,,,,,37.85191486,-87.58042796,16.899,2022-08-11,1653,2,2,0,0,CLEAR,DRY,False,OTHER INTERSECTION COLLISIONS,REAR END,STRAIGHT & LEVEL,DAYLIGHT,,,44785.37426,False,37,Accepted,5,5,O,,"INATTENTION, MISJUDGE CLEARANCE",,2022,1
5110,30422709,0510100,HENDERSON POLICE DEPARTMENT,Accepted,HENDERSON,US0041,,US41,,N,,,,VAN WYK,,KIMSEY,37.83934907,-87.564595,14.709,2022-08-08,2008,1,1,0,0,CLEAR,DRY,False,COLLISION WITH ANIMAL NON INTERSECTION,SINGLE VEHICLE,STRAIGHT & LEVEL,DARK-HWY NOT LIGHTED,,,44785.642,False,22,Accepted,5,5,O,ANIMALS ACTION,,,2022,1
5112,30431604,0510100,HENDERSON POLICE DEPARTMENT,Accepted,HENDERSON,,900,TRAIL,DR,,,,,,,,37.86917204,-87.55344958,0.017,2022-08-12,557,2,2,0,0,CLEAR,DRY,False,1 VEHICLE PARKED POSITION (NOT PARKING LOT/DRIVEWAY),REAR END,CURVE & GRADE,DAWN,,,44788.34788,False,59,Accepted,5,5,O,,"EXCEEDED STATED SPEED LIMIT, INATTENTION, NOT UNDER PROPER CONTROL",,2022,1
5113,30431606,0510100,HENDERSON POLICE DEPARTMENT,Accepted,HENDERSON,,2700,SUNSET,LN,,,,,,,,37.87839769,-87.57207454,0.153,2022-08-12,709,2,2,0,0,CLEAR,DRY,False,VEHICLE BACKING NON INTERSECTION,BACKING,STRAIGHT & LEVEL,DAYLIGHT,,,44788.34795,False,59,Accepted,5,5,O,,"FAILED TO YIELD RIGHT OF WAY, INATTENTION",,2022,1
5114,30431607,0510100,HENDERSON POLICE DEPARTMENT,Accepted,HENDERSON,KY0351,,2ND,ST,,,,,HEILMAN,,CLARK,37.83350989,-87.57382601,0.906,2022-08-10,757,2,2,0,0,CLEAR,DRY,False,SIDESWIPE COLLISION - SAME DIRECTION,SIDESWIPE-SAME DIRECTION,STRAIGHT & LEVEL,DAYLIGHT,,,44788.34802,False,65,Accepted,5,5,O,,INATTENTION,,2022,1
5115,30431608,0510100,HENDERSON POLICE DEPARTMENT,Accepted,HENDERSON,US0060,,US60,,E,,,,,,,37.85748037,-87.57275842,10.314,2022-08-12,735,2,2,0,0,CLEAR,DRY,False,REAR END IN TRAFFIC LANES BOTH VEHICLES MOVING,REAR END,STRAIGHT & HILLCREST,DAYLIGHT,,,44788.34807,False,37,Accepted,5,5,O,,INATTENTION,,2022,1
5116,30431609,0510100,HENDERSON POLICE DEPARTMENT,Accepted,HENDERSON,US0041,2000,US41,,N,,MARYWOOD,,,,,37.86729404,-87.57222115,16.802,2022-08-12,1220,2,2,0,0,CLEAR,DRY,False,OPPOSING LEFT TURN,OPPOSING LEFT TURN,STRAIGHT & LEVEL,DAYLIGHT,,,44788.34814,False,59,Accepted,5,5,O,,"DISREGARD TRAFFIC CONTROL, INATTENTION",,2022,1
5117,30431610,0510100,HENDERSON POLICE DEPARTMENT,Accepted,HENDERSON,US0060,,US60,,E,,BARRET,,,,,37.85989722,-87.56776827,10.599,2022-08-11,1316,3,3,0,0,CLEAR,DRY,False,SIDESWIPE-SAME DIRECTION,SIDESWIPE-SAME DIRECTION,STRAIGHT & LEVEL,DAYLIGHT,,,44788.3482,False,59,Accepted,5,5,O,,MISJUDGE CLEARANCE,,2022,1
5118,30431611,0510100,HENDERSON POLICE DEPARTMENT,Accepted,HENDERSON,US0041A,,GREEN,ST,N,,HERRON,,,,,37.85482211,-87.57781282,17.151,2022-08-13,1445,2,2,0,0,CLEAR,DRY,False,ANGLE COLLISION - OTHER,ANGLE,STRAIGHT & LEVEL,DAYLIGHT,,,44788.34829,False,34,Accepted,5,5,O,,INATTENTION,,2022,1
5119,30431613,0510100,HENDERSON POLICE DEPARTMENT,Accepted,HENDERSON,,,GREEN,ST,S,,VINE,,,,,37.83118983,-87.59571476,,2022-08-14,1000,2,2,0,0,CLEAR,DRY,False,OTHER INTERSECTION COLLISIONS,REAR END,STRAIGHT & LEVEL,DAYLIGHT,,,44788.34838,False,73,Accepted,5,5,O,OTHER,INATTENTION,,2022,1
5120,30432590,0510100,HENDERSON POLICE DEPARTMENT,Accepted,HENDERSON,,,MEADOW,ST,,,CLAY,,,,,37.82811878,-87.58386188,0.361,2022-08-12,1843,2,2,0,0,CLEAR,DRY,False,ANGLE COLLISION - OTHER,ANGLE,STRAIGHT & LEVEL,DAYLIGHT,,,44788.50316,False,24,Accepted,5,5,O,,DISTRACTION,,2022,1
5121,30432962,0510100,HENDERSON POLICE DEPARTMENT,Accepted,HENDERSON,US0060,1900,US60,,E,,BARRET,,,,,37.85990672,-87.56775293,10.6,2022-08-12,1640,4,4,0,1,CLEAR,DRY,False,OPPOSING LEFT TURN,OPPOSING LEFT TURN,STRAIGHT & LEVEL,DAYLIGHT,,,44788.55363,False,47,Accepted,5,2,A,,MISJUDGE CLEARANCE,,2022,1
5123,30437627,0510100,HENDERSON POLICE DEPARTMENT,Accepted,HENDERSON,,307,RETTIG,RD,,,,,,,,37.86771841,-87.57318879,0.066,2022-08-15,1859,2,2,0,0,CLOUDY,DRY,False,VEHICLE BACKING NON INTERSECTION,BACKING,STRAIGHT & LEVEL,DAYLIGHT,,,44789.48501,False,58,Accepted,5,5,O,,INATTENTION,,2022,1
5125,30441515,0510100,HENDERSON POLICE DEPARTMENT,Accepted,HENDERSON,,,BARRET,BLVD,,,,,BARRET,US0041,US41,37.86410274,-87.57323344,0.869,2022-08-15,1347,2,2,0,0,CLEAR,DRY,False,REAR END IN TRAFFIC LANES BOTH VEHICLES MOVING,REAR END,STRAIGHT & LEVEL,DAYLIGHT,,,44790.33423,False,67,Accepted,5,5,O,,INATTENTION,,2022,1
5126,30441516,0510100,HENDERSON POLICE DEPARTMENT,Accepted,HENDERSON,US0041,,US41,,N,,WATSON,,,,,37.87525849,-87.56774692,17.414,2022-08-15,1416,2,2,0,0,CLEAR,DRY,False,OTHER INTERSECTION COLLISIONS,REAR END,STRAIGHT & LEVEL,DAYLIGHT,,,44790.33443,False,49,Accepted,5,5,O,,FOLLOWING TOO CLOSE,,2022,1
5127,30441517,0510100,HENDERSON POLICE DEPARTMENT,Accepted,HENDERSON,KY2084,,KY2084,,S,KY2099,ADAMS,,,,,37.80466502,-87.57265283,1.036,2022-08-15,1328,2,2,0,0,CLEAR,DRY,False,OTHER INTERSECTION COLLISIONS,REAR END,STRAIGHT & LEVEL,DAYLIGHT,,,44790.33448,False,64,Accepted,5,5,O,,"INATTENTION, NOT UNDER PROPER CONTROL",,2022,1
5128,30441518,0510100,HENDERSON POLICE DEPARTMENT,Accepted,HENDERSON,KY0136,,MADISON,ST,,,ATKINSON,,,,,37.81737334,-87.58399637,20.741,2022-08-15,752,2,2,0,0,CLEAR,DRY,False,OPPOSING LEFT TURN,OPPOSING LEFT TURN,STRAIGHT & LEVEL,DAYLIGHT,,,44790.33452,False,17,Accepted,5,5,O,,INATTENTION,,2022,1
5130,30442642,0510100,HENDERSON POLICE DEPARTMENT,Accepted,HENDERSON,US0041A,,GREEN,ST,N,,,,HARDING,,13TH,37.8528363,-87.5797362,16.976,2022-08-14,1504,2,2,0,0,CLEAR,DRY,True,REAR END IN TRAFFIC LANES BOTH VEHICLES MOVING,REAR END,STRAIGHT & LEVEL,DAYLIGHT,,,44790.52186,False,34,Accepted,5,5,O,,,,2022,1
5131,30442644,0510100,HENDERSON POLICE DEPARTMENT,Accepted,HENDERSON,,230,WATER,ST,S,,,,,,,37.83818612,-87.59582053,0.161,2022-08-16,1639,2,2,0,0,CLEAR,DRY,False,1 VEHICLE PARKED POSITION (NOT PARKING LOT/DRIVEWAY),SIDESWIPE-SAME DIRECTION,STRAIGHT & LEVEL,DAYLIGHT,,,44790.52194,False,37,Accepted,5,5,O,,MISJUDGE CLEARANCE,,2022,1
5132,30450651,0510100,HENDERSON POLICE DEPARTMENT,Accepted,HENDERSON,US0041,2800,US41,,N,,,,,,,37.87808991,-87.56630703,17.613,2022-08-18,1818,2,2,0,0,CLEAR,DRY,False,1 VEHICLE ENTERING/LEAVING ENTRANCE,ANGLE,STRAIGHT & LEVEL,DAYLIGHT,,,44792.12419,False,63,Accepted,5,5,O,,INATTENTION,,2022,1
5133,30451300,0510100,HENDERSON POLICE DEPARTMENT,Accepted,HENDERSON,US0041A,200,GREEN,ST,N,,2ND,,,,,37.8394838,-87.5884604,15.922,2022-08-17,744,2,2,0,0,CLEAR,DRY,False,SIDESWIPE-SAME DIRECTION,SIDESWIPE-SAME DIRECTION,STRAIGHT & LEVEL,DAYLIGHT,,,44792.34061,False,59,Accepted,5,5,O,,"FAILED TO KEEP PROPER LANE, FAILED TO YIELD RIGHT OF WAY, INATTENTION",,2022,1
5134,30451302,0510100,HENDERSON POLICE DEPARTMENT,Accepted,HENDERSON,,300,WATSON,LN,,,,,,,,37.8755625,-87.568766,1.171,2022-08-17,1533,2,2,0,0,CLEAR,DRY,False,OTHER ROADWAY OR MID-BLOCK COLLISION,OPPOSING LEFT TURN,STRAIGHT & LEVEL,DAYLIGHT,,,44792.34071,False,59,Accepted,5,5,O,OTHER,"FAILED TO YIELD RIGHT OF WAY, INATTENTION",,2022,1
5135,30451377,0510100,HENDERSON POLICE DEPARTMENT,Accepted,HENDERSON,US0060,,US60,,E,,,,,,,37.85966061,-87.56829416,10.569,2022-08-16,1528,4,4,0,1,CLEAR,DRY,False,REAR END IN TRAFFIC LANES BOTH VEHICLES MOVING,REAR END,STRAIGHT & HILLCREST,DAYLIGHT,,,44792.36298,False,37,Accepted,4,4,C,,"INATTENTION, MISJUDGE CLEARANCE",,2022,1
5136,30451378,0510100,HENDERSON POLICE DEPARTMENT,Accepted,HENDERSON,,232,SAND,LN,,,,,,,,37.82496339,-87.60483041,0.124,2022-08-18,600,1,1,0,0,CLEAR,DRY,True,OTHER ROADWAY OR MID-BLOCK COLLISION,SINGLE VEHICLE,STRAIGHT & LEVEL,DARK-HWY LIGHTED/ON,,,44792.36306,False,73,Accepted,5,5,O,,,,2022,1
5139,30456271,0510100,HENDERSON POLICE DEPARTMENT,Accepted,HENDERSON,US0041,2800,US41,,N,,,,,,,37.8749612,-87.56796953,17.43,2022-08-19,1518,2,2,0,0,CLEAR,DRY,False,OTHER ROADWAY OR MID-BLOCK COLLISION,REAR END,STRAIGHT & LEVEL,DAYLIGHT,,,44793.86356,False,63,Accepted,5,5,O,,INATTENTION,,2022,1
5140,30457951,0510100,HENDERSON POLICE DEPARTMENT,Accepted,HENDERSON,,,2ND,ST,,US0041A,GREEN,,,,,37.83953177,-87.58864744,0.011,2022-08-15,1543,2,2,0,0,CLEAR,DRY,False,SIDESWIPE-SAME DIRECTION,SIDESWIPE-SAME DIRECTION,STRAIGHT & LEVEL,DAYLIGHT,,,44794.52078,False,34,Accepted,5,5,O,,"FAILED TO KEEP PROPER LANE, INATTENTION",,2022,1
5141,30457952,0510100,HENDERSON POLICE DEPARTMENT,Accepted,HENDERSON,US0041,,US41,,N,,,,RACETRACK,,STRATMAN,37.88382571,-87.56249109,18.05,2022-08-19,801,1,1,0,0,CLEAR,DRY,False,COLLISION WITH FIXED OBJECT NON - INTERSECTION - FIRST EVENT COLLISION 09 - 32 EXCLUDING 16,SINGLE VEHICLE,STRAIGHT & LEVEL,DAYLIGHT,,,44794.52083,False,67,Accepted,5,5,O,,OTHER,,2022,1
5142,30457956,0510100,HENDERSON POLICE DEPARTMENT,Accepted,HENDERSON,US0041,2000,US41,,N,,,,,,,37.86621007,-87.57277208,16.724,2022-08-20,1117,2,2,0,3,CLEAR,DRY,False,1 VEHICLE ENTERING/LEAVING ENTRANCE,ANGLE,STRAIGHT & LEVEL,DAYLIGHT,,,44794.52111,False,59,Accepted,4,3,B,,"FAILED TO YIELD RIGHT OF WAY, INATTENTION",,2022,1
5143,30462017,0510100,HENDERSON POLICE DEPARTMENT,Accepted,HENDERSON,US0041,2800,US41,,N,,,,,,,37.87919851,-87.56559904,17.698,2022-08-21,1605,2,2,0,0,CLEAR,DRY,False,1 VEHICLE ENTERING/LEAVING ENTRANCE,ANGLE,STRAIGHT & LEVEL,DAYLIGHT,,,44795.40033,False,59,Accepted,5,5,O,,"FAILED TO YIELD RIGHT OF WAY, INATTENTION",,2022,1
5144,30466916,0510100,HENDERSON POLICE DEPARTMENT,Accepted,HENDERSON,US0060,2120,GREEN,ST,S,,,,,,,37.80686463,-87.62951029,9.814,2022-08-22,715,2,2,0,0,CLEAR,DRY,False,1 VEHICLE ENTERING/LEAVING ENTRANCE,ANGLE,STRAIGHT & LEVEL,DAYLIGHT,,,44796.36967,False,49,Accepted,5,5,O,,"FAILED TO YIELD RIGHT OF WAY, MISJUDGE CLEARANCE",,2022,1
5147,30472135,0510100,HENDERSON POLICE DEPARTMENT,Accepted,HENDERSON,US0041A,1700,GREEN,ST,S,,,,,,,37.81428833,-87.61762398,13.455,2022-08-23,621,2,2,0,0,CLEAR,DRY,False,SIDESWIPE COLLISION - SAME DIRECTION,SIDESWIPE-SAME DIRECTION,STRAIGHT & LEVEL,DAYLIGHT,,,44797.44795,False,49,Accepted,5,5,O,,FOLLOWING TOO CLOSE,,2022,1
5149,30474278,0510100,HENDERSON POLICE DEPARTMENT,Accepted,HENDERSON,US0041,,US41,,N,US0060,US60,,,,,37.85683412,-87.57291988,16.01,2022-08-21,1628,4,4,0,0,CLEAR,DRY,False,OTHER INTERSECTION COLLISIONS,REAR END,STRAIGHT & LEVEL,DAYLIGHT,,,44797.7422,True,32,Accepted,5,5,O,BACKUP DUE TO REGULAR CONGESTION,MISJUDGE CLEARANCE,,2022,1
5150,30474279,0510100,HENDERSON POLICE DEPARTMENT,Accepted,HENDERSON,US0041A,34,GREEN,ST,N,,,,,,,37.83774327,-87.58962382,15.788,2022-08-20,1515,2,2,0,0,CLEAR,DRY,False,REAR END IN TRAFFIC LANES BOTH VEHICLES MOVING,REAR END,STRAIGHT & LEVEL,DAYLIGHT,,,44797.74226,False,36,Accepted,5,5,O,,INATTENTION,,2022,1
5151,30474280,0510100,HENDERSON POLICE DEPARTMENT,Accepted,HENDERSON,US0041A,,GREEN,ST,N,,12TH,,,,,37.85212081,-87.58027744,16.898,2022-08-22,2030,2,2,0,0,CLEAR,DRY,False,OTHER INTERSECTION COLLISIONS,REAR END,STRAIGHT & LEVEL,DARK-HWY LIGHTED/ON,,,44797.74233,False,38,Accepted,5,5,O,,INATTENTION,,2022,1
5152,30474677,0510100,HENDERSON POLICE DEPARTMENT,Accepted,HENDERSON,US0041A,,GREEN,ST,S,,DR MARTIN LUTHER KING JR,,,,,37.83274387,-87.59425195,15.336,2022-08-21,1845,3,3,0,0,CLEAR,DRY,True,ANGLE COLLISION - OTHER,ANGLE,STRAIGHT & HILLCREST,DAYLIGHT,,,44797.8155,False,24,Accepted,5,5,O,,"ALCOHOL INVOLVEMENT, INATTENTION",,2022,1
5153,30474962,0510100,HENDERSON POLICE DEPARTMENT,Accepted,HENDERSON,US0041,3113,US41,,N,,,,,,,37.88297452,-87.5634677,17.971,2022-08-23,1532,2,2,0,0,CLEAR,DRY,False,OTHER ROADWAY OR MID-BLOCK COLLISION,OPPOSING LEFT TURN,STRAIGHT & LEVEL,DAYLIGHT,,,44797.88125,False,8,Accepted,5,5,O,,OTHER,,2022,1
5154,30475021,0510100,HENDERSON POLICE DEPARTMENT,Accepted,HENDERSON,,,LETCHER,ST,,,CLAY,,,,,37.82598826,-87.5801372,0.215,2022-08-22,1936,2,2,0,0,CLEAR,DRY,False,ANGLE COLLISION - OTHER,ANGLE,STRAIGHT & LEVEL,DAYLIGHT,,,44797.89583,False,22,Accepted,5,5,O,,FAILED TO YIELD RIGHT OF WAY,,2022,1
5155,30476379,0510100,HENDERSON POLICE DEPARTMENT,Accepted,HENDERSON,KY0351,,ZION,RD,,,,US0041,US41 RAMP FROM KY351,,ARLINGTON,37.8299426,-87.56337594,1.529,2022-08-24,1437,2,2,0,1,CLEAR,DRY,False,OTHER ROADWAY OR MID-BLOCK COLLISION,REAR END,STRAIGHT & LEVEL,DAYLIGHT,,,44798.31789,False,71,Accepted,4,4,C,,NOT UNDER PROPER CONTROL,,2022,1
5156,30477905,0510100,HENDERSON POLICE DEPARTMENT,Accepted,HENDERSON,US0060,,US60,,E,,,,,,,37.85721128,-87.57342548,10.286,2022-08-17,1704,2,2,0,0,CLEAR,DRY,False,REAR END IN TRAFFIC LANES BOTH VEHICLES MOVING,REAR END,STRAIGHT & HILLCREST,DAYLIGHT,,,44798.57659,False,66,Accepted,5,5,O,,INATTENTION,,2022,1
5157,30477911,0510100,HENDERSON POLICE DEPARTMENT,Accepted,HENDERSON,US0041,,US41,,N,,,,RACETRACK,,STRATMAN,37.88326061,-87.56314256,17.997,2022-07-08,1510,2,2,0,0,CLEAR,DRY,False,REAR END IN TRAFFIC LANES BOTH VEHICLES MOVING,REAR END,STRAIGHT & LEVEL,DAYLIGHT,,,44798.57685,False,71,Accepted,5,5,O,,NOT UNDER PROPER CONTROL,,2022,1
5158,30492164,0510100,HENDERSON POLICE DEPARTMENT,Accepted,HENDERSON,,500,5TH,ST,,,,,,,,37.84251923,-87.58414012,0.839,2022-08-25,918,2,2,0,0,CLEAR,DRY,False,SIDESWIPE COLLISION - SAME DIRECTION,SIDESWIPE-SAME DIRECTION,STRAIGHT & LEVEL,DAYLIGHT,,,44802.38418,False,47,Accepted,5,5,O,,INATTENTION,,2022,1
5159,30492165,0510100,HENDERSON POLICE DEPARTMENT,Accepted,HENDERSON,,,BARRET,BLVD,,US0060,US60,,,,,37.85991082,-87.56778611,0.351,2022-08-25,1731,2,2,0,0,CLEAR,DRY,False,OTHER INTERSECTION COLLISIONS,REAR END,STRAIGHT & LEVEL,DAYLIGHT,,,44802.38426,False,59,Accepted,5,5,O,,INATTENTION,,2022,1
5160,30492166,0510100,HENDERSON POLICE DEPARTMENT,Accepted,HENDERSON,,1800,ELM,ST,N,,,,,,,37.86498067,-87.57554243,2.072,2022-08-25,1515,2,2,0,1,CLEAR,DRY,False,SIDESWIPE COLLISION - SAME DIRECTION,SIDESWIPE-SAME DIRECTION,CURVE & LEVEL,DAYLIGHT,,,44802.38433,False,59,Accepted,5,4,C,VIEW OBSTRUCTED/LIMITED DUE TO RDWY,INATTENTION,,2022,1