OBJECTID,IncidentID,AgencyORI,AgencyName,IncidentStatusDesc,County,RdwyNumber,Street,RoadwayName,StreetSfx,StreetDir,IntersectionRdwy,IntersectionRdwyName,BetweenStRdwy1,BetweenStRdwyName1,BetweenStRdwy2,BetweenStRdwyName2,Latitude,Longitude,Milepoint,CollisionDate,CollisionTime,UnitsInvolved,MotorVehiclesInvolved,NumberKilled,NumberInjured,Weather,RdwyConditionCode,HitandRun,DirAnalysisCode,MannerofCollision,RdwyCharacter,LightCondition,RampFromRdwyId,RampToRdwyId,AcceptedDate,IsSecondaryCollision,OwnerBadge,IncidentStatus,InjurySeverityCde,KABCO_Code,KABCO,Environmental_Factors,Human_Factors,Vehicular_Factors,CollisionYear,CityCrash
5161,30492168,0510100,HENDERSON POLICE DEPARTMENT,Accepted,HENDERSON,US0041,2400,US41,,N,,,,,,,37.87143789,-87.56987246,17.114,2022-08-26,1726,2,2,0,0,CLEAR,DRY,False,REAR END IN TRAFFIC LANES BOTH VEHICLES MOVING,REAR END,STRAIGHT & LEVEL,DAYLIGHT,,,44802.38449,False,59,Accepted,5,5,O,,INATTENTION,,2022,1
5162,30493068,0510100,HENDERSON POLICE DEPARTMENT,Accepted,HENDERSON,,,MARYWOOD,DR,,,HILLSIDE,,,,,37.8656992,-87.56886005,0.392,2022-08-24,1417,2,2,0,3,CLEAR,DRY,False,ANGLE COLLISION - OTHER,ANGLE,STRAIGHT & HILLCREST,DAYLIGHT,,,44802.48333,False,67,Accepted,3,3,B,,INATTENTION,,2022,1
5163,30493070,0510100,HENDERSON POLICE DEPARTMENT,Accepted,HENDERSON,,1042,PEBBLE CREEK,DR,,,,,,,,37.86139814,-87.54775942,0.25,2022-08-24,1153,1,1,0,0,CLEAR,DRY,False,COLLISION WITH FIXED OBJECT NON - INTERSECTION - FIRST EVENT COLLISION 09 - 32 EXCLUDING 16,SINGLE VEHICLE,STRAIGHT & LEVEL,DAYLIGHT,,,44802.48349,False,67,Accepted,5,5,O,,INATTENTION,,2022,1
5164,30493075,0510100,HENDERSON POLICE DEPARTMENT,Accepted,HENDERSON,,,WATSON,LN,,,,,ELM,US0041,US41,37.87538155,-87.56801099,1.098,2022-08-27,1441,2,2,0,0,CLEAR,DRY,False,OTHER ROADWAY OR MID-BLOCK COLLISION,REAR END,STRAIGHT & LEVEL,DAYLIGHT,,,44802.48368,False,67,Accepted,5,5,O,,INATTENTION,,2022,1
5166,30497024,0510100,HENDERSON POLICE DEPARTMENT,Accepted,HENDERSON,US0041,,US41,,N,,PAUL,,,,,37.87421958,-87.56831421,17.325,2022-08-28,1221,2,2,0,0,CLEAR,DRY,False,REAR END - ONE VEHICLE TURNING RIGHT,REAR END,STRAIGHT & LEVEL,DAYLIGHT,,,44803.35594,False,67,Accepted,5,5,O,,INATTENTION,,2022,1
5167,30497321,0510100,HENDERSON POLICE DEPARTMENT,Accepted,HENDERSON,US0041A,1300,GREEN,ST,S,,,,,,,37.8233669,-87.60365478,14.484,2022-08-29,1621,2,2,0,0,CLEAR,DRY,False,1 VEHICLE ENTERING/LEAVING ENTRANCE,ANGLE,STRAIGHT & LEVEL,DAYLIGHT,,,44803.4058,False,64,Accepted,5,5,O,,MISJUDGE CLEARANCE,,2022,1
5170,30497613,0510100,HENDERSON POLICE DEPARTMENT,Accepted,HENDERSON,US0041A,,GREEN,ST,S,,POWELL,,,,,37.835136,-87.59193885,15.563,2022-08-18,927,2,2,0,0,CLEAR,DRY,False,SIDESWIPE-SAME DIRECTION,SIDESWIPE-SAME DIRECTION,STRAIGHT & LEVEL,DAYLIGHT,,,44803.44234,False,34,Accepted,5,5,O,,"INATTENTION, MISJUDGE CLEARANCE",,2022,1
5171,30498091,0510100,HENDERSON POLICE DEPARTMENT,Accepted,HENDERSON,US0041A,,GREEN,ST,N,,,,7TH,,8TH,37.84606421,-87.58417549,16.495,2022-08-25,1202,2,2,0,0,CLEAR,DRY,False,1 VEHICLE ENTERING/LEAVING ENTRANCE,ANGLE,STRAIGHT & LEVEL,DAYLIGHT,,,44803.50671,False,71,Accepted,5,5,O,,INATTENTION,,2022,1
5172,30498092,0510100,HENDERSON POLICE DEPARTMENT,Accepted,HENDERSON,KY0351,,2ND,ST,,US0041A,GREEN,,,,,37.83940119,-87.58826932,0.011,2022-08-25,1618,2,2,0,0,CLEAR,DRY,False,OTHER INTERSECTION COLLISIONS,REAR END,STRAIGHT & LEVEL,DAYLIGHT,,,44803.50683,False,37,Accepted,5,5,O,,MISJUDGE CLEARANCE,,2022,1
5173,30498093,0510100,HENDERSON POLICE DEPARTMENT,Accepted,HENDERSON,,,US 60W,,,,OLD CORYDON ,,,,,37.80570141,-87.63251619,,2022-08-29,710,2,2,0,0,CLEAR,DRY,False,OTHER INTERSECTION COLLISIONS,REAR END,STRAIGHT & LEVEL,DAYLIGHT,,,44803.50692,False,73,Accepted,5,5,O,GLARE (SUN),INATTENTION,,2022,1
5176,30507522,0510100,HENDERSON POLICE DEPARTMENT,Accepted,HENDERSON,,,2ND,ST,,,PRIEST,,,,,37.83323078,-87.57324238,,2022-08-29,1030,2,2,0,0,CLEAR,DRY,False,ANGLE COLLISION - OTHER,ANGLE,STRAIGHT & GRADE,DAYLIGHT,,,44805.35859,False,73,Accepted,5,5,O,,"FAILED TO YIELD RIGHT OF WAY, INATTENTION",,2022,1
5177,30507523,0510100,HENDERSON POLICE DEPARTMENT,Accepted,HENDERSON,,,3RD,ST,,,,,ELM,US0041A,GREEN,37.84110938,-87.58867226,0.229,2022-08-30,854,2,2,0,0,CLEAR,DRY,False,VEHICLE BACKING NON INTERSECTION,BACKING,STRAIGHT & LEVEL,DAYLIGHT,,,44805.35865,False,71,Accepted,5,5,O,,INATTENTION,,2022,1
5178,30507526,0510100,HENDERSON POLICE DEPARTMENT,Accepted,HENDERSON,,400,8TH,ST,,,,,,,,37.84582154,-87.58059958,0.386,2022-08-26,1610,2,2,0,0,CLEAR,DRY,False,1 VEHICLE PARKED POSITION (NOT PARKING LOT/DRIVEWAY),SIDESWIPE-SAME DIRECTION,STRAIGHT & LEVEL,DAYLIGHT,,,44805.35873,False,59,Accepted,5,5,O,,"INATTENTION, MISJUDGE CLEARANCE",,2022,1
5180,30511993,0510100,HENDERSON POLICE DEPARTMENT,Accepted,HENDERSON,,518,FAGAN,ST,,,,,,,,37.82656399,-87.58994404,0.063,2022-09-01,2212,2,2,0,1,CLEAR,DRY,False,1 VEHICLE PARKED POSITION (NOT PARKING LOT/DRIVEWAY),HEAD ON,STRAIGHT & LEVEL,DARK-HWY LIGHTED/ON,,,44806.1233,False,51,Accepted,4,4,C,,"ALCOHOL INVOLVEMENT, INATTENTION",,2022,1
5181,30512039,0510100,HENDERSON POLICE DEPARTMENT,Accepted,HENDERSON,,1036,WASHINGTON,ST,,,,,,,,37.83127187,-87.58257854,0.64,2022-08-29,2141,2,2,0,0,CLEAR,DRY,True,1 VEHICLE PARKED POSITION (NOT PARKING LOT/DRIVEWAY),ANGLE,STRAIGHT & LEVEL,DARK-HWY LIGHTED/ON,,,44806.13206,False,51,Accepted,5,5,O,,INATTENTION,,2022,1
5182,30513124,0510100,HENDERSON POLICE DEPARTMENT,Accepted,HENDERSON,,,DR MARTIN LUTHER KING JR,AVE,,,,,FAGAN,,LAWNDALE APARTMENTS,37.82852779,-87.58742807,0.474,2022-08-29,1056,2,2,0,0,CLEAR,DRY,True,1 VEHICLE PARKED POSITION (NOT PARKING LOT/DRIVEWAY),SIDESWIPE-SAME DIRECTION,STRAIGHT & LEVEL,UNKNOWN,,,44806.41424,False,67,Accepted,5,5,O,,INATTENTION,,2022,1
5183,30513126,0510100,HENDERSON POLICE DEPARTMENT,Accepted,HENDERSON,US0041,,US41,,N,,,,WALNUT,,WATSON,37.87822608,-87.56611789,17.626,2022-09-01,1039,2,2,0,0,CLEAR,DRY,True,1 VEHICLE ENTERING/LEAVING ENTRANCE,ANGLE,STRAIGHT & LEVEL,DAYLIGHT,,,44806.41436,False,67,Accepted,5,5,O,,OTHER,,2022,1
5184,30513127,0510100,HENDERSON POLICE DEPARTMENT,Accepted,HENDERSON,US0041A,,GREEN,ST,S,,POWELL,,,,,37.83517645,-87.59181429,15.556,2022-09-01,1232,2,2,0,0,CLEAR,DRY,False,ANGLE COLLISION - OTHER,ANGLE,STRAIGHT & LEVEL,DAYLIGHT,,,44806.41446,False,71,Accepted,5,5,O,,FAILED TO YIELD RIGHT OF WAY,,2022,1
5185,30513128,0510100,HENDERSON POLICE DEPARTMENT,Accepted,HENDERSON,,,5TH,ST,,US0041A,GREEN,,,,,37.84330928,-87.58597497,0.952,2022-08-18,1500,2,2,0,0,CLEAR,DRY,False,SIDESWIPE-SAME DIRECTION,SIDESWIPE-SAME DIRECTION,STRAIGHT & LEVEL,DAYLIGHT,,,44806.41453,False,34,Accepted,5,5,O,,"INATTENTION, MISJUDGE CLEARANCE",,2022,1
5186,30521363,0510100,HENDERSON POLICE DEPARTMENT,Accepted,HENDERSON,,500,POWELL,ST,,,,,,,,37.83298854,-87.5884195,0.538,2022-08-21,2133,2,1,0,0,CLEAR,DRY,False,1 VEHICLE PARKED POSITION (NOT PARKING LOT/DRIVEWAY),REAR END,STRAIGHT & LEVEL,DARK-HWY LIGHTED/ON,,,44809.12685,False,50,Accepted,5,5,O,,ALCOHOL INVOLVEMENT,,2022,1
5187,30523026,0510100,HENDERSON POLICE DEPARTMENT,Accepted,HENDERSON,US0041,2500,US41,,N,,,,,,,37.87345881,-87.56885432,17.265,2022-09-04,1351,2,2,0,0,CLOUDY,WET,False,OTHER ROADWAY OR MID-BLOCK COLLISION,OPPOSING LEFT TURN,STRAIGHT & LEVEL,DAYLIGHT,,,44809.44202,False,59,Accepted,5,5,O,OTHER,"FAILED TO YIELD RIGHT OF WAY, INATTENTION",,2022,1
5188,30523027,0510100,HENDERSON POLICE DEPARTMENT,Accepted,HENDERSON,US0041A,700,GREEN,ST,N,,,,,,,37.84653687,-87.58389847,16.489,2022-09-04,1355,2,2,0,0,CLOUDY,WET,False,SIDESWIPE COLLISION - SAME DIRECTION,SIDESWIPE-SAME DIRECTION,STRAIGHT & LEVEL,DAYLIGHT,,,44809.44209,False,47,Accepted,5,5,O,,INATTENTION,,2022,1
5189,30523275,0510100,HENDERSON POLICE DEPARTMENT,Accepted,HENDERSON,,,WASHINGTON,ST,,,INGRAM,,,,,37.83553478,-87.58956354,1.123,2022-09-02,1330,2,2,0,0,CLEAR,DRY,False,ANGLE COLLISION - OTHER,ANGLE,STRAIGHT & LEVEL,DAYLIGHT,,,44809.48359,False,44,Accepted,5,5,O,,"DISREGARD TRAFFIC CONTROL, INATTENTION",,2022,1
5190,30523276,0510100,HENDERSON POLICE DEPARTMENT,Accepted,HENDERSON,US0041,,US41,,N,,,,,,,37.87843876,-87.56614174,17.639,2022-09-02,1510,2,2,0,0,CLEAR,DRY,False,1 VEHICLE ENTERING/LEAVING ENTRANCE,ANGLE,STRAIGHT & LEVEL,DAYLIGHT,,,44809.48364,False,44,Accepted,5,5,O,BACKUP DUE TO REGULAR CONGESTION,FAILED TO YIELD RIGHT OF WAY,,2022,1
5191,30523277,0510100,HENDERSON POLICE DEPARTMENT,Accepted,HENDERSON,US0041,,US41,,N,,PAUL,,,,,37.87423652,-87.56836576,17.32,2022-09-02,1706,2,2,0,0,CLEAR,DRY,False,ANGLE COLLISION - OTHER,ANGLE,STRAIGHT & LEVEL,DAYLIGHT,,,44809.48369,False,67,Accepted,5,5,O,,INATTENTION,,2022,1
5192,30523542,0510100,HENDERSON POLICE DEPARTMENT,Accepted,HENDERSON,KY0351,,2ND,ST,,,,,CARLISLE,,HOLLOWAY,37.83618165,-87.58022047,0.502,2022-08-23,1710,2,2,0,0,CLEAR,DRY,False,REAR END IN TRAFFIC LANES BOTH VEHICLES MOVING,REAR END,STRAIGHT & LEVEL,DAYLIGHT,,,44809.57142,False,34,Accepted,5,5,O,,INATTENTION,,2022,1
5195,30529953,0510100,HENDERSON POLICE DEPARTMENT,Accepted,HENDERSON,US0041,,US41,,N,,,,,,,37.88310528,-87.56311787,17.991,2022-09-03,1129,2,2,0,0,RAINING,WET,False,OTHER ROADWAY OR MID-BLOCK COLLISION,REAR END,STRAIGHT & LEVEL,DAYLIGHT,,,44810.88584,False,50,Accepted,5,5,O,SLIPPERY SURFACE,,BRAKES DEFECTIVE,2022,1
5196,30532415,0510100,HENDERSON POLICE DEPARTMENT,Accepted,HENDERSON,,,HIGHLAND,DR,,,TURNER,,,,,37.82634276,-87.6041977,0.071,2022-09-05,1611,2,2,0,1,CLEAR,DRY,False,OPPOSITE DIRECTION - BOTH VEHICLES GOING STRAIGHT AHEAD,SIDESWIPE-OPPOSITE DIRECTION,STRAIGHT & LEVEL,DAYLIGHT,,,44811.46517,False,49,Accepted,5,3,B,,MISJUDGE CLEARANCE,,2022,1
5197,30532416,0510100,HENDERSON POLICE DEPARTMENT,Accepted,HENDERSON,US0041,2900,US41,,N,,,,,,,37.88051322,-87.56493101,17.791,2022-09-05,1101,2,2,0,0,CLEAR,DRY,False,REAR END IN TRAFFIC LANES BOTH VEHICLES MOVING,REAR END,STRAIGHT & LEVEL,DAYLIGHT,,,44811.4653,False,59,Accepted,5,5,O,,INATTENTION,,2022,1
5198,30532419,0510100,HENDERSON POLICE DEPARTMENT,Accepted,HENDERSON,,,VILLAGE,DR,,,,,DONALDSON,,FLINTLOCK,37.86720788,-87.55348477,0.15,2022-09-06,819,2,2,0,0,CLOUDY,DRY,False,1 VEHICLE PARKED POSITION (NOT PARKING LOT/DRIVEWAY),BACKING,STRAIGHT & LEVEL,DAYLIGHT,,,44811.46552,False,67,Accepted,5,5,O,,INATTENTION,,2022,1
5199,30532511,0510100,HENDERSON POLICE DEPARTMENT,Accepted,HENDERSON,,,BARRET,BLVD,,US0060,US60,,,,,37.85978319,-87.56767157,0.356,2022-09-06,1157,2,2,0,0,CLOUDY,DRY,False,OTHER INTERSECTION COLLISIONS,REAR END,STRAIGHT & LEVEL,DAYLIGHT,,,44811.49029,False,67,Accepted,5,5,O,,INATTENTION,,2022,1
5200,30533062,0510100,HENDERSON POLICE DEPARTMENT,Accepted,HENDERSON,US0041A,,GREEN,ST,N,,12TH,,,,,37.85217311,-87.5802708,16.919,2022-09-06,1045,2,2,0,2,CLOUDY,DRY,False,ANGLE COLLISION - OTHER,ANGLE,STRAIGHT & LEVEL,DAYLIGHT,,,44811.5747,False,44,Accepted,5,4,C,BACKUP DUE TO REGULAR CONGESTION,MISJUDGE CLEARANCE,,2022,1
5201,30533063,0510100,HENDERSON POLICE DEPARTMENT,Accepted,HENDERSON,US0041,,US41,,N,,,,WALNUT,,WATSON,37.87846135,-87.56615869,17.64,2022-09-06,1235,2,2,0,0,CLOUDY,DRY,False,1 VEHICLE ENTERING/LEAVING ENTRANCE,ANGLE,STRAIGHT & LEVEL,DAYLIGHT,,,44811.57478,False,67,Accepted,5,5,O,,"INATTENTION, OTHER",,2022,1
5202,30537887,0510100,HENDERSON POLICE DEPARTMENT,Accepted,HENDERSON,US0041,,US41,,N,,,,BARKER,,PAUL,37.87263934,-87.56916946,17.205,2022-08-24,1709,2,2,0,0,CLEAR,DRY,False,OTHER ROADWAY OR MID-BLOCK COLLISION,OPPOSING LEFT TURN,STRAIGHT & LEVEL,DAYLIGHT,,,44812.58522,False,34,Accepted,5,5,O,,"INATTENTION, MISJUDGE CLEARANCE",,2022,1
5203,30537890,0510100,HENDERSON POLICE DEPARTMENT,Accepted,HENDERSON,US0041A,,GREEN,ST,N,,HERRON,,,,,37.85480564,-87.57785226,17.151,2022-08-27,1107,2,2,0,1,CLEAR,DRY,False,OTHER INTERSECTION COLLISIONS,REAR END,STRAIGHT & LEVEL,DAYLIGHT,,,44812.58528,False,34,Accepted,4,4,C,,INATTENTION,,2022,1
5205,30542724,0510100,HENDERSON POLICE DEPARTMENT,Accepted,HENDERSON,US0041A,,GREEN,ST,S,,WASHINGTON,,,,,37.83631314,-87.59082098,15.665,2022-09-08,1323,2,2,0,0,CLEAR,DRY,False,OTHER INTERSECTION COLLISIONS,REAR END,STRAIGHT & LEVEL,DAYLIGHT,,,44813.58927,False,49,Accepted,5,5,O,,FOLLOWING TOO CLOSE,,2022,1
5206,30543301,0510100,HENDERSON POLICE DEPARTMENT,Accepted,HENDERSON,US0041,,US41,,N,,,,BARKER,,WALKER,37.87097301,-87.57009734,17.08,2022-09-05,1412,2,2,0,0,CLEAR,DRY,False,OTHER ROADWAY OR MID-BLOCK COLLISION,REAR END,STRAIGHT & LEVEL,DAYLIGHT,,,44813.6854,False,71,Accepted,5,5,O,,INATTENTION,,2022,1
5207,30543302,0510100,HENDERSON POLICE DEPARTMENT,Accepted,HENDERSON,US0041,2855,US41,,N,,,,,,,37.87919955,-87.56575664,17.695,2022-08-06,1137,2,2,0,0,CLEAR,DRY,False,1 VEHICLE ENTERING/LEAVING ENTRANCE,ANGLE,STRAIGHT & LEVEL,DAYLIGHT,,,44813.68547,False,41,Accepted,5,5,O,,INATTENTION,,2022,1
5208,30543303,0510100,HENDERSON POLICE DEPARTMENT,Accepted,HENDERSON,,,SAND,LN,,,COMMONWEALTH,,,,,37.82071538,-87.59019361,,2022-09-07,1530,2,2,0,0,CLEAR,DRY,False,OTHER INTERSECTION COLLISIONS,REAR END,CURVE & GRADE,DAYLIGHT,,,44813.68557,False,73,Accepted,5,5,O,,INATTENTION,,2022,1
5209,30543337,0510100,HENDERSON POLICE DEPARTMENT,Accepted,HENDERSON,US0041,,US41,,N,,,,,,,37.8334192,-87.5655957,14.325,2022-09-09,1225,2,2,0,0,CLEAR,DRY,False,OTHER ROADWAY OR MID-BLOCK COLLISION,REAR END,STRAIGHT & LEVEL,DAYLIGHT,,,44813.69263,False,47,Accepted,5,5,O,BACKUP DUE TO REGULAR CONGESTION,"FOLLOWING TOO CLOSE, MISJUDGE CLEARANCE",,2022,1
5210,30550881,0510100,HENDERSON POLICE DEPARTMENT,Accepted,HENDERSON,US0041A,,GREEN,ST,N,,14TH,,,,,37.85375993,-87.5791813,17.046,2022-09-08,1205,2,2,0,0,CLEAR,DRY,False,OTHER INTERSECTION COLLISIONS,REAR END,STRAIGHT & LEVEL,DAYLIGHT,,,44816.36303,False,37,Accepted,5,5,O,,MISJUDGE CLEARANCE,,2022,1
5211,30550882,0510100,HENDERSON POLICE DEPARTMENT,Accepted,HENDERSON,US0060,,US60,,E,,,,,,,37.85780714,-87.57214924,10.349,2022-09-09,1555,2,2,0,0,CLEAR,DRY,False,REAR END IN TRAFFIC LANES BOTH VEHICLES MOVING,REAR END,STRAIGHT & HILLCREST,DAYLIGHT,,,44816.36308,False,37,Accepted,5,5,O,,"INATTENTION, MISJUDGE CLEARANCE",,2022,1
5212,30550884,0510100,HENDERSON POLICE DEPARTMENT,Accepted,HENDERSON,,,CLAY,ST,,,,,ADAMS,,ALVES,37.83188854,-87.59027876,0.86,2022-09-09,1325,2,2,0,0,CLEAR,DRY,True,SIDESWIPE COLLISION - OPPOSITE DIRECTION,SIDESWIPE-OPPOSITE DIRECTION,STRAIGHT & LEVEL,DAYLIGHT,,,44816.36313,False,49,Accepted,5,5,O,,,,2022,1
5213,30550886,0510100,HENDERSON POLICE DEPARTMENT,Accepted,HENDERSON,KY0351,1700,2ND,ST,,,,,,,,37.83153186,-87.56964348,1.166,2022-09-09,648,2,2,0,0,CLEAR,DRY,False,OTHER ROADWAY OR MID-BLOCK COLLISION,OPPOSING LEFT TURN,STRAIGHT & LEVEL,DAWN,,,44816.36319,False,59,Accepted,5,5,O,,"FAILED TO YIELD RIGHT OF WAY, INATTENTION",,2022,1
5214,30550888,0510100,HENDERSON POLICE DEPARTMENT,Accepted,HENDERSON,,,12TH,ST,,US0041A,GREEN,,,,,37.85200583,-87.58040566,0.285,2022-09-07,1132,2,2,0,0,CLEAR,DRY,False,SIDESWIPE-SAME DIRECTION,SIDESWIPE-SAME DIRECTION,STRAIGHT & LEVEL,DAYLIGHT,,,44816.36325,False,17,Accepted,5,5,O,,FAILED TO KEEP PROPER LANE,,2022,1
5215,30550889,0510100,HENDERSON POLICE DEPARTMENT,Accepted,HENDERSON,US0041,,US41,,N,,VAN WYK,,,,,37.8495369,-87.56717582,15.419,2022-09-10,1149,1,1,0,1,CLEAR,DRY,False,NON-COLLISION OBJECT COLLISION,SINGLE VEHICLE,STRAIGHT & LEVEL,DAYLIGHT,,,44816.3633,False,64,Accepted,3,3,B,,NOT UNDER PROPER CONTROL,,2022,1
5216,30550890,0510100,HENDERSON POLICE DEPARTMENT,Accepted,HENDERSON,US0041,,US41,,N,,WALKER,,,,,37.86979223,-87.57072749,16.992,2022-09-10,1510,2,2,0,0,CLEAR,DRY,False,REAR END - ONE VEHICLE TURNING RIGHT,REAR END,STRAIGHT & LEVEL,DAYLIGHT,,,44816.36338,False,44,Accepted,5,5,O,,"FOLLOWING TOO CLOSE, MISJUDGE CLEARANCE, TURNING IMPROPERLY",,2022,1
5217,30550892,0510100,HENDERSON POLICE DEPARTMENT,Accepted,HENDERSON,,754,COMANCHE,DR,,,,,,,,37.86401752,-87.57038039,0.247,2022-09-11,1020,2,2,0,0,RAINING,WET,False,1 VEHICLE PARKED POSITION (NOT PARKING LOT/DRIVEWAY),SIDESWIPE-SAME DIRECTION,STRAIGHT & GRADE,DAYLIGHT,,,44816.36347,False,44,Accepted,5,5,O,,MISJUDGE CLEARANCE,,2022,1
5220,30552198,0510100,HENDERSON POLICE DEPARTMENT,Accepted,HENDERSON,US0041A,,GREEN,ST,S,,BORAX,,,,,37.81107345,-87.62267039,13.099,2022-09-09,1334,2,2,0,1,CLEAR,DRY,False,ANGLE COLLISION - OTHER,ANGLE,STRAIGHT & LEVEL,DAYLIGHT,,,44816.50096,False,37,Accepted,4,4,C,,MISJUDGE CLEARANCE,,2022,1
5221,30552751,0510100,HENDERSON POLICE DEPARTMENT,Accepted,HENDERSON,,,ALVES,ST,N,,,,5TH,,6TH,37.84222328,-87.58206582,0.399,2022-09-09,500,1,1,0,0,CLEAR,GRAVEL,False,COLLISION WITH FIXED OBJECT NON - INTERSECTION - FIRST EVENT COLLISION 09 - 32 EXCLUDING 16,SINGLE VEHICLE,STRAIGHT & LEVEL,DARK-HWY LIGHTED/ON,,,44816.58657,False,11,Accepted,5,5,O,,"OTHER, TOO FAST FOR CONDITIONS",,2022,1
5227,30562254,0510100,HENDERSON POLICE DEPARTMENT,Accepted,HENDERSON,US0041A,,GREEN,ST,N,,4TH,,,,,37.84203885,-87.58677136,16.12,2022-09-13,1915,2,2,0,0,CLEAR,DRY,False,REAR END - ONE VEHICLE TURNING LEFT,REAR END,STRAIGHT & HILLCREST,DUSK,,,44818.55647,False,38,Accepted,5,5,O,,INATTENTION,,2022,1
5228,30566149,0510100,HENDERSON POLICE DEPARTMENT,Accepted,HENDERSON,US0041A,,GREEN,ST,N,,1ST,,,,,37.83823616,-87.58921636,15.822,2022-09-09,1559,2,2,0,0,CLEAR,DRY,False,OTHER INTERSECTION COLLISIONS,REAR END,STRAIGHT & LEVEL,DAYLIGHT,,,44819.32335,False,48,Accepted,5,5,O,,INATTENTION,,2022,1
5229,30566154,0510100,HENDERSON POLICE DEPARTMENT,Accepted,HENDERSON,US0041,2200,US41,,N,,,,,,,37.86963381,-87.57100091,16.975,2022-09-08,1638,2,2,0,0,CLEAR,DRY,True,REAR END IN TRAFFIC LANES BOTH VEHICLES MOVING,REAR END,STRAIGHT & LEVEL,DAYLIGHT,,,44819.32351,False,66,Accepted,5,5,O,,,,2022,1
5230,30566156,0510100,HENDERSON POLICE DEPARTMENT,Accepted,HENDERSON,,,GREEN RIVER,RD,,,BELLEWOOD,,,,,37.87999866,-87.53876878,2.029,2022-09-13,1024,2,2,0,0,CLEAR,DRY,False,OPPOSITE DIRECTION - BOTH VEHICLES GOING STRAIGHT AHEAD,SIDESWIPE-OPPOSITE DIRECTION,STRAIGHT & LEVEL,DAYLIGHT,,,44819.32359,False,66,Accepted,5,5,O,OTHER,INATTENTION,,2022,1
5231,30566273,0510100,HENDERSON POLICE DEPARTMENT,Accepted,HENDERSON,,,CLAY,ST,,,ATKINSON,,,,,37.82455865,-87.5775465,,2022-09-12,639,2,2,0,0,CLEAR,DRY,False,ANGLE COLLISION - OTHER,ANGLE,STRAIGHT & LEVEL,DAYLIGHT,,,44819.34798,False,64,Accepted,5,5,O,,INATTENTION,,2022,1
5232,30566275,0510100,HENDERSON POLICE DEPARTMENT,Accepted,HENDERSON,US0041A,,GREEN,ST,S,KY0136,SAND,,,,,37.82378658,-87.6031559,14.52,2022-09-14,1004,2,2,0,0,CLEAR,DRY,False,REAR END - ONE VEHICLE TURNING LEFT,REAR END,STRAIGHT & LEVEL,DAYLIGHT,,,44819.34809,False,49,Accepted,5,5,O,,INATTENTION,,2022,1
5233,30566340,0510100,HENDERSON POLICE DEPARTMENT,Accepted,HENDERSON,US0041A,,GREEN,ST,N,,1ST,,,,,37.83820885,-87.58928928,15.825,2022-09-11,1009,2,2,0,0,RAINING,WET,False,ANGLE COLLISION - OTHER,ANGLE,STRAIGHT & LEVEL,DAYLIGHT,,,44819.36164,False,34,Accepted,5,5,O,,"DISREGARD TRAFFIC CONTROL, INATTENTION",,2022,1
5234,30566343,0510100,HENDERSON POLICE DEPARTMENT,Accepted,HENDERSON,,,ELM,ST,N,,4TH,,,,,37.84277942,-87.58836378,0.371,2022-09-12,1143,2,2,0,2,CLEAR,DRY,False,REAR END - ONE VEHICLE TURNING LEFT,REAR END,STRAIGHT & LEVEL,DAYLIGHT,,,44819.36177,False,71,Accepted,5,3,B,,INATTENTION,,2022,1
5235,30566346,0510100,HENDERSON POLICE DEPARTMENT,Accepted,HENDERSON,,,12TH,ST,,US0041A,GREEN,,,,,37.85222866,-87.58040809,0.288,2022-09-12,1306,1,1,0,0,CLEAR,DRY,False,COLLISION WITH FIXED OBJECT IN INTERSECTION - FIRST EVENT COLLISION 09 - 32,SINGLE VEHICLE,STRAIGHT & LEVEL,DAYLIGHT,,,44819.36188,False,71,Accepted,5,5,O,,MISJUDGE CLEARANCE,,2022,1
5236,30571977,0510100,HENDERSON POLICE DEPARTMENT,Accepted,HENDERSON,,,CLAY,ST,,,ADAMS,,,,,37.83232431,-87.59095597,0.904,2022-09-15,1812,2,2,0,0,CLEAR,DRY,False,ANGLE COLLISION - OTHER,ANGLE,STRAIGHT & LEVEL,DAYLIGHT,,,44820.54146,False,51,Accepted,5,5,O,,"FAILED TO YIELD RIGHT OF WAY, INATTENTION",,2022,1
5237,30571980,0510100,HENDERSON POLICE DEPARTMENT,Accepted,HENDERSON,,,2ND,ST,,,WATER,,,,,37.84128163,-87.59310687,0.281,2022-09-15,1923,2,2,0,0,CLEAR,DRY,False,VEHICLE BACKING IN INTERSECTION,BACKING,STRAIGHT & LEVEL,DARK-HWY LIGHTED/OFF,,,44820.54159,False,31,Accepted,5,5,O,,INATTENTION,,2022,1
5238,30571982,0510100,HENDERSON POLICE DEPARTMENT,Accepted,HENDERSON,US0041,,US41,,N,,WATSON,,,,,37.8758681,-87.56757336,17.446,2022-09-15,1958,2,2,0,0,CLEAR,DRY,False,OTHER INTERSECTION COLLISIONS,REAR END,STRAIGHT & LEVEL,DARK-HWY LIGHTED/ON,,,44820.54175,False,63,Accepted,5,5,O,,INATTENTION,,2022,1
5239,30572083,0510100,HENDERSON POLICE DEPARTMENT,Accepted,HENDERSON,,1104,WASHINGTON,ST,,,,,,,,37.83073672,-87.58168652,0.579,2022-09-14,1741,2,2,0,0,CLEAR,DRY,False,1 VEHICLE PARKED POSITION (NOT PARKING LOT/DRIVEWAY),REAR END,STRAIGHT & LEVEL,DAYLIGHT,,,44820.55471,False,24,Accepted,5,5,O,,INATTENTION,,2022,1