OBJECTID,IncidentID,AgencyORI,AgencyName,IncidentStatusDesc,County,RdwyNumber,Street,RoadwayName,StreetSfx,StreetDir,IntersectionRdwy,IntersectionRdwyName,BetweenStRdwy1,BetweenStRdwyName1,BetweenStRdwy2,BetweenStRdwyName2,Latitude,Longitude,Milepoint,CollisionDate,CollisionTime,UnitsInvolved,MotorVehiclesInvolved,NumberKilled,NumberInjured,Weather,RdwyConditionCode,HitandRun,DirAnalysisCode,MannerofCollision,RdwyCharacter,LightCondition,RampFromRdwyId,RampToRdwyId,AcceptedDate,IsSecondaryCollision,OwnerBadge,IncidentStatus,InjurySeverityCde,KABCO_Code,KABCO,Environmental_Factors,Human_Factors,Vehicular_Factors,CollisionYear,CityCrash
5240,30581396,0510100,HENDERSON POLICE DEPARTMENT,Accepted,HENDERSON,US0041A,100,GREEN,ST,S,,,,,,,37.83628288,-87.59080271,15.663,2022-09-14,1400,2,2,0,1,CLEAR,DRY,False,VEHICLE BACKING NON INTERSECTION,BACKING,STRAIGHT & LEVEL,DAYLIGHT,,,44823.42507,False,47,Accepted,5,2,A,,DISREGARD TRAFFIC CONTROL,,2022,1
5241,30582398,0510100,HENDERSON POLICE DEPARTMENT,Accepted,HENDERSON,,,ATKINSON,ST,,,,,OBYRNE,,LOEB,37.82285974,-87.5789655,0.389,2022-09-17,911,2,2,0,0,CLEAR,DRY,True,SIDESWIPE COLLISION - OPPOSITE DIRECTION,SIDESWIPE-OPPOSITE DIRECTION,STRAIGHT & LEVEL,DAYLIGHT,,,44823.56542,False,48,Accepted,5,5,O,,"INATTENTION, NOT UNDER PROPER CONTROL",,2022,1
5242,30582705,0510100,HENDERSON POLICE DEPARTMENT,Accepted,HENDERSON,US0041A,300,GREEN,ST,S,,CLAY,,,,,37.83404368,-87.59303711,15.463,2022-09-17,1640,2,2,0,0,CLEAR,DRY,False,OTHER INTERSECTION COLLISIONS,REAR END,STRAIGHT & LEVEL,DAYLIGHT,,,44823.61199,False,47,Accepted,5,5,O,,INATTENTION,,2022,1
5243,30582706,0510100,HENDERSON POLICE DEPARTMENT,Accepted,HENDERSON,US0041A,1100,GREEN,ST,S,,TURNER,,,,,37.8247094,-87.60222551,14.616,2022-09-18,1255,2,2,0,0,CLEAR,DRY,False,OTHER INTERSECTION COLLISIONS,REAR END,STRAIGHT & LEVEL,DAYLIGHT,,,44823.61209,False,47,Accepted,5,5,O,,INATTENTION,,2022,1
5248,30584541,0510100,HENDERSON POLICE DEPARTMENT,Accepted,HENDERSON,,1691,BRUCE,ST,,,,,,,,37.8197894,-87.61572522,0.039,2022-09-17,1910,2,2,0,0,CLEAR,DRY,False,1 VEHICLE PARKED POSITION (NOT PARKING LOT/DRIVEWAY),ANGLE,STRAIGHT & LEVEL,DARK-HWY NOT LIGHTED,,,44823.93506,False,36,Accepted,5,5,O,,MISJUDGE CLEARANCE,,2022,1
5249,30584542,0510100,HENDERSON POLICE DEPARTMENT,Accepted,HENDERSON,,24,LAWNDALE APARTMENTS,CT,,,,,,,,37.82695087,-87.58580339,0.105,2022-09-17,1730,2,2,0,0,CLEAR,DRY,True,1 VEHICLE PARKED POSITION (NOT PARKING LOT/DRIVEWAY),ANGLE,STRAIGHT & LEVEL,DARK (UNKNOWN ROADWAY LIGHTING),,,44823.9351,False,36,Accepted,5,5,O,,MISJUDGE CLEARANCE,,2022,1
5250,30584543,0510100,HENDERSON POLICE DEPARTMENT,Accepted,HENDERSON,,110,ALVES,ST,N,,,,,,,37.83732233,-87.58462841,0.162,2022-09-17,2002,2,2,0,0,CLOUDY,DRY,False,1 VEHICLE PARKED POSITION (NOT PARKING LOT/DRIVEWAY),SIDESWIPE-OPPOSITE DIRECTION,STRAIGHT & LEVEL,UNKNOWN,,,44823.93514,False,38,Accepted,5,5,O,,INATTENTION,,2022,1
5251,30586118,0510100,HENDERSON POLICE DEPARTMENT,Accepted,HENDERSON,US0041A,,GREEN,ST,N,,,,10TH,,CRESTVIEW,37.85030446,-87.58144552,16.772,2022-09-16,1118,2,2,0,0,CLEAR,DRY,False,COLLISION WITH FIXED OBJECT NON - INTERSECTION - FIRST EVENT COLLISION 09 - 32 EXCLUDING 16,ANGLE,STRAIGHT & GRADE,DAYLIGHT,,,44824.35774,False,71,Accepted,5,5,O,,FAILED TO YIELD RIGHT OF WAY,,2022,1
5252,30586122,0510100,HENDERSON POLICE DEPARTMENT,Accepted,HENDERSON,US0041A,,GREEN,ST,N,,12TH,,,,,37.85217236,-87.58028178,16.918,2022-09-16,1400,2,2,0,0,CLEAR,DRY,False,ANGLE COLLISION - ONE VEHICLE TURNING LEFT,ANGLE,STRAIGHT & LEVEL,DAYLIGHT,,,44824.3578,False,34,Accepted,5,5,O,GLARE (SUN),DISREGARD TRAFFIC CONTROL,,2022,1
5253,30586138,0510100,HENDERSON POLICE DEPARTMENT,Accepted,HENDERSON,US0060,,US60,,E,,,US0041,US41 N EXIT81 OFF RAMP TO US60 E,,BARRET,37.85986371,-87.56791622,10.591,2022-09-16,1736,2,2,0,0,CLEAR,DRY,False,OTHER ROADWAY OR MID-BLOCK COLLISION,REAR END,STRAIGHT & LEVEL,DAYLIGHT,,,44824.35796,False,67,Accepted,5,5,O,,INATTENTION,,2022,1
5254,30586241,0510100,HENDERSON POLICE DEPARTMENT,Accepted,HENDERSON,US0060,,US60,,E,,BARRET,,,,,37.85987865,-87.56776199,10.598,2022-09-19,1444,2,2,0,0,CLEAR,DRY,False,OPPOSING LEFT TURN,OPPOSING LEFT TURN,STRAIGHT & LEVEL,DAYLIGHT,,,44824.37386,False,48,Accepted,5,5,O,,"FAILED TO YIELD RIGHT OF WAY, INATTENTION",,2022,1
5258,30593988,0510100,HENDERSON POLICE DEPARTMENT,Accepted,HENDERSON,,,DR MARTIN LUTHER KING JR,AVE,,,FAGAN,,,,,37.82868235,-87.58770218,0.456,2022-09-16,1856,2,2,0,0,CLEAR,DRY,False,ANGLE COLLISION - OTHER,ANGLE,STRAIGHT & LEVEL,DUSK,,,44825.84427,False,33,Accepted,5,5,O,,"INATTENTION, MISJUDGE CLEARANCE",,2022,1
5259,30595934,0510100,HENDERSON POLICE DEPARTMENT,Accepted,HENDERSON,US0041,,US41,,N,,,,WALNUT,,WATSON,37.8772296,-87.56684622,17.547,2022-09-20,1207,2,2,0,0,CLEAR,DRY,False,OTHER ROADWAY OR MID-BLOCK COLLISION,REAR END,STRAIGHT & LEVEL,DAYLIGHT,,,44826.37382,False,67,Accepted,5,5,O,,INATTENTION,,2022,1
5260,30595935,0510100,HENDERSON POLICE DEPARTMENT,Accepted,HENDERSON,US0041A,500,GREEN,ST,S,,AUDUBON,,,,,37.83108534,-87.59589318,15.221,2022-09-19,1550,2,2,0,0,CLEAR,DRY,False,OTHER INTERSECTION COLLISIONS,REAR TO REAR,STRAIGHT & LEVEL,DAYLIGHT,,,44826.37393,False,47,Accepted,5,5,O,,INATTENTION,,2022,1
5261,30595997,0510100,HENDERSON POLICE DEPARTMENT,Accepted,HENDERSON,US0060,,US60,,E,,,,,,,37.8589506,-87.57013282,10.466,2022-09-20,1405,2,2,0,0,CLEAR,DRY,False,SIDESWIPE COLLISION - SAME DIRECTION,SIDESWIPE-SAME DIRECTION,STRAIGHT & GRADE,DAYLIGHT,,,44826.38659,False,44,Accepted,5,5,O,,"FAILED TO YIELD RIGHT OF WAY, MISJUDGE CLEARANCE",,2022,1
5262,30596021,0510100,HENDERSON POLICE DEPARTMENT,Accepted,HENDERSON,,,GARDEN MILE,RD,N,,,,STADIUM,KY0351,ZION,37.82764719,-87.55795477,0.045,2022-09-20,1643,2,2,0,0,CLEAR,DRY,False,1 VEHICLE ENTERING/LEAVING ENTRANCE,ANGLE,STRAIGHT & LEVEL,DAYLIGHT,,,44826.38945,False,67,Accepted,5,5,O,,INATTENTION,,2022,1
5263,30596372,0510100,HENDERSON POLICE DEPARTMENT,Accepted,HENDERSON,,,ATKINSON,ST,,,OBYRNE,,,,,37.82313385,-87.57880998,0.368,2022-09-20,1430,2,2,0,0,CLEAR,DRY,True,ANGLE COLLISION - OTHER,ANGLE,STRAIGHT & LEVEL,DAYLIGHT,,,44826.4609,False,44,Accepted,5,5,O,,"FAILED TO YIELD RIGHT OF WAY, INATTENTION",,2022,1
5264,30596874,0510100,HENDERSON POLICE DEPARTMENT,Accepted,HENDERSON,,,14TH,ST,,,ELM,,,,,37.85482783,-87.58064202,0.001,2022-09-20,752,2,2,0,0,CLEAR,DRY,False,SIDESWIPE-SAME DIRECTION,SIDESWIPE-SAME DIRECTION,STRAIGHT & LEVEL,DAYLIGHT,,,44826.52076,False,34,Accepted,5,5,O,,OTHER,,2022,1
5265,30596876,0510100,HENDERSON POLICE DEPARTMENT,Accepted,HENDERSON,,,WASHINGTON,ST,,,POPE,,,,,37.83025243,-87.58073907,,2022-09-20,1500,1,1,0,0,CLEAR,DRY,True,OTHER INTERSECTION COLLISIONS,SINGLE VEHICLE,STRAIGHT & LEVEL,DAYLIGHT,,,44826.52082,False,73,Accepted,5,5,O,,,,2022,1
5266,30596879,0510100,HENDERSON POLICE DEPARTMENT,Accepted,HENDERSON,,,INGRAM,ST,S,,,,,,,37.83367595,-87.59141643,,2022-09-21,1600,2,2,0,0,CLEAR,DRY,False,1 VEHICLE PARKED POSITION (NOT PARKING LOT/DRIVEWAY),BACKING,STRAIGHT & LEVEL,DAYLIGHT,,,44826.52092,False,73,Accepted,5,5,O,,INATTENTION,,2022,1
5267,30600964,0510100,HENDERSON POLICE DEPARTMENT,Accepted,HENDERSON,US0041A,1400,GREEN,ST,N,,14TH,,,,,37.85410526,-87.57886188,17.073,2022-09-22,1227,2,2,0,0,CLEAR,DRY,False,OPPOSING LEFT TURN,OPPOSING LEFT TURN,CURVE & LEVEL,DAYLIGHT,,,44827.34894,False,59,Accepted,5,5,O,,FAILED TO YIELD RIGHT OF WAY,,2022,1
5271,30601208,0510000,HENDERSON COUNTY SHERIFF DEPT.,Accepted,HENDERSON,KY1539,,LARUE,RD,,,,,,,,37.83163945,-87.55567619,0.265,2022-09-16,1601,2,2,0,0,CLEAR,DRY,False,SIDESWIPE COLLISION - OPPOSITE DIRECTION,SIDESWIPE-OPPOSITE DIRECTION,STRAIGHT & LEVEL,DAYLIGHT,,,44827.40014,False,140,Accepted,5,5,O,,MISJUDGE CLEARANCE,,2022,1
5272,30611111,0510100,HENDERSON POLICE DEPARTMENT,Accepted,HENDERSON,US0041,,US41,,,AU9005,AU9005 W EXIT1A OFF RAMP TO US41 S,,,,,37.81424315,-87.56323624,1.693,2022-09-22,1557,2,2,0,0,CLEAR,DRY,False,SIDESWIPE-SAME DIRECTION,SIDESWIPE-SAME DIRECTION,STRAIGHT & LEVEL,DAYLIGHT,,,44830.35216,False,47,Accepted,5,5,O,,NOT UNDER PROPER CONTROL,,2022,1
5273,30611112,0510100,HENDERSON POLICE DEPARTMENT,Accepted,HENDERSON,,,ATKINSON,ST,,KY0136,MADISON,,,,,37.8173513,-87.58396527,0.854,2022-09-23,1316,2,2,0,0,CLEAR,DRY,False,OPPOSITE DIRECTION - BOTH VEHICLES GOING STRAIGHT AHEAD,SIDESWIPE-OPPOSITE DIRECTION,STRAIGHT & LEVEL,DAYLIGHT,,,44830.35223,False,49,Accepted,5,5,O,,CELL PHONE,,2022,1
5274,30611979,0510100,HENDERSON POLICE DEPARTMENT,Accepted,HENDERSON,US0060,,US60,,E,,,,FRONTIER,,WATSON,37.8647217,-87.55476765,11.411,2022-09-25,1151,2,2,0,0,CLEAR,DRY,False,OTHER ROADWAY OR MID-BLOCK COLLISION,REAR END,STRAIGHT & LEVEL,DAYLIGHT,,,44830.44898,False,67,Accepted,5,5,O,,INATTENTION,,2022,1
5275,30611982,0510100,HENDERSON POLICE DEPARTMENT,Accepted,HENDERSON,,1347,WASHINGTON,ST,,,,,,,,37.82857103,-87.57790471,0.314,2022-09-24,1734,2,2,0,0,CLEAR,DRY,True,1 VEHICLE ENTERING/LEAVING ENTRANCE,ANGLE,STRAIGHT & LEVEL,DAYLIGHT,,,44830.44907,False,64,Accepted,5,5,O,,INATTENTION,,2022,1
5278,30612125,0510100,HENDERSON POLICE DEPARTMENT,Accepted,HENDERSON,,,ELM,ST,N,,,,2ND,,1ST,37.83982548,-87.59017549,0.145,2022-09-16,1709,2,2,0,0,CLEAR,DRY,False,SIDESWIPE COLLISION - SAME DIRECTION,SIDESWIPE-SAME DIRECTION,STRAIGHT & LEVEL,DAYLIGHT,,,44830.4647,False,34,Accepted,5,5,O,,MISJUDGE CLEARANCE,,2022,1
5279,30612129,0510100,HENDERSON POLICE DEPARTMENT,Accepted,HENDERSON,,427,ADAMS,ST,N,,,,,,,37.84198233,-87.58330083,0.45,2022-09-21,648,1,1,0,0,CLEAR,DRY,True,COLLISION WITH FIXED OBJECT NON - INTERSECTION - FIRST EVENT COLLISION 09 - 32 EXCLUDING 16,SINGLE VEHICLE,STRAIGHT & LEVEL,DAYLIGHT,,,44830.46493,False,34,Accepted,5,5,O,,NOT UNDER PROPER CONTROL,,2022,1
5280,30612131,0510100,HENDERSON POLICE DEPARTMENT,Accepted,HENDERSON,US0041A,,GREEN,ST,S,,DIXON,,,,,37.83288906,-87.59413407,15.36,2022-09-16,1630,2,2,0,0,CLEAR,DRY,False,OTHER INTERSECTION COLLISIONS,REAR END,STRAIGHT & LEVEL,DAYLIGHT,,,44830.46503,False,34,Accepted,5,5,O,,OTHER,,2022,1
5281,30612135,0510100,HENDERSON POLICE DEPARTMENT,Accepted,HENDERSON,,,BARRET,BLVD,,US0060,US60,,,,,37.85988173,-87.56776283,0.351,2022-09-21,1210,2,2,0,0,CLEAR,DRY,False,OTHER INTERSECTION COLLISIONS,REAR END,STRAIGHT & LEVEL,DAYLIGHT,,,44830.46517,False,34,Accepted,5,5,O,,INATTENTION,,2022,1
5282,30612661,0510100,HENDERSON POLICE DEPARTMENT,Accepted,HENDERSON,,,GREEN,ST,S,,CLAY,,,,,37.83400039,-87.59306873,,2022-09-24,1210,2,2,0,0,CLEAR,DRY,False,REAR END - ONE VEHICLE TURNING LEFT,REAR END,STRAIGHT & LEVEL,DAYLIGHT,,,44830.5608,False,73,Accepted,5,5,O,,INATTENTION,,2022,1
5283,30612664,0510100,HENDERSON POLICE DEPARTMENT,Accepted,HENDERSON,,,CLAY,ST,,,,,GREEN,,INGRAM,37.83378499,-87.59325866,,2022-09-24,1245,2,2,0,0,CLEAR,DRY,False,VEHICLE BACKING NON INTERSECTION,BACKING,STRAIGHT & GRADE,DAYLIGHT,,,44830.56088,False,73,Accepted,5,5,O,,INATTENTION,,2022,1
5284,30612666,0510100,HENDERSON POLICE DEPARTMENT,Accepted,HENDERSON,,,MAIN,ST,N,,,,2ND,,1ST,37.84012137,-87.59196538,0.055,2022-09-24,1130,2,2,0,0,CLEAR,DRY,False,VEHICLE BACKING NON INTERSECTION,BACKING,STRAIGHT & LEVEL,DAYLIGHT,,,44830.56094,False,34,Accepted,5,5,O,,"INATTENTION, MISJUDGE CLEARANCE",,2022,1
5285,30612669,0510100,HENDERSON POLICE DEPARTMENT,Accepted,HENDERSON,,,2ND,ST,,,MAIN,,,,,37.84075509,-87.59158362,0.192,2022-09-21,1550,2,2,0,0,CLEAR,DRY,False,ANGLE COLLISION - OTHER,ANGLE,STRAIGHT & LEVEL,DAYLIGHT,,,44830.56113,False,34,Accepted,5,5,O,,"DISREGARD TRAFFIC CONTROL, INATTENTION",,2022,1
5286,30612671,0510100,HENDERSON POLICE DEPARTMENT,Accepted,HENDERSON,,,GREEN,ST,S,,DIXON ,,,,,37.83289477,-87.59412462,,2022-09-25,1245,2,2,0,0,CLEAR,DRY,False,REAR END - ONE VEHICLE TURNING LEFT,REAR END,STRAIGHT & LEVEL,DAYLIGHT,,,44830.56128,False,73,Accepted,5,5,O,,INATTENTION,,2022,1
5287,30617481,0510100,HENDERSON POLICE DEPARTMENT,Accepted,HENDERSON,,,DR MARTIN LUTHER KING JR,AVE,,,ALVES,,,,,37.83052338,-87.59085665,0.238,2022-09-24,1641,2,2,0,2,CLEAR,DRY,False,ANGLE COLLISION - OTHER,ANGLE,STRAIGHT & LEVEL,DAYLIGHT,,,44831.5637,False,17,Accepted,5,4,C,,INATTENTION,,2022,1
5288,30617484,0510100,HENDERSON POLICE DEPARTMENT,Accepted,HENDERSON,US0041A,,GREEN,ST,S,KY0136,SAND,,,,,37.82373557,-87.60312823,14.52,2022-09-26,1535,3,3,0,0,CLEAR,DRY,False,ANGLE COLLISION - OTHER,ANGLE,STRAIGHT & LEVEL,DAYLIGHT,,,44831.56387,False,44,Accepted,5,5,O,,MISJUDGE CLEARANCE,,2022,1
5289,30617485,0510100,HENDERSON POLICE DEPARTMENT,Accepted,HENDERSON,US0041,2800,US41,,N,,,,,,,37.87329019,-87.56899022,17.251,2022-09-23,1628,2,2,0,0,CLEAR,DRY,False,REAR END IN TRAFFIC LANES BOTH VEHICLES MOVING,REAR END,STRAIGHT & LEVEL,DAYLIGHT,,,44831.56395,False,59,Accepted,5,5,O,,DISTRACTION,,2022,1
5291,30620158,0510100,HENDERSON POLICE DEPARTMENT,Accepted,HENDERSON,KY0351,,2ND,ST,,,,,,,,37.83154213,-87.56972878,1.125,2022-09-22,1951,2,2,0,0,CLEAR,DRY,False,1 VEHICLE ENTERING/LEAVING ENTRANCE,ANGLE,STRAIGHT & LEVEL,DARK-HWY LIGHTED/ON,,,44832.08654,False,50,Accepted,5,5,O,,INATTENTION,,2022,1
5294,30632176,KSP1600,"KY STATE POLICE, POST 16",Accepted,HENDERSON,US0060,,US60,,E,,,,,,,37.86471458,-87.55502898,11.397,2022-09-29,1721,2,2,0,0,CLEAR,DRY,False,1 VEHICLE ENTERING/LEAVING ENTRANCE,ANGLE,STRAIGHT & LEVEL,DAYLIGHT,,,44834.53897,False,317,Accepted,5,5,O,,"ALCOHOL INVOLVEMENT, CELL PHONE, NOT UNDER PROPER CONTROL",,2022,1
5295,30634279,0510100,HENDERSON POLICE DEPARTMENT,Accepted,HENDERSON,KY2084,,KY2084,,S,KY0136,MADISON,,,,,37.80186725,-87.5720877,0.847,2022-09-29,1538,2,2,0,0,CLEAR,DRY,False,ANGLE COLLISION - OTHER,ANGLE,STRAIGHT & LEVEL,DAYLIGHT,,,44834.98336,False,63,Accepted,5,5,O,,INATTENTION,,2022,1
5296,30635454,0510100,HENDERSON POLICE DEPARTMENT,Accepted,HENDERSON,KY0425,,KY425,,,US0060,GREEN,,,,,37.79998281,-87.64770611,0.003,2022-09-28,653,2,2,0,0,CLEAR,DRY,False,ANGLE COLLISION - OTHER,ANGLE,STRAIGHT & LEVEL,DAYLIGHT,,,44835.47194,False,49,Accepted,5,5,O,,,,2022,1
5297,30635455,0510100,HENDERSON POLICE DEPARTMENT,Accepted,HENDERSON,US0041A,,GREEN,ST,N,,2ND,,,,,37.83942633,-87.5884414,15.92,2022-09-28,1444,2,2,0,0,CLEAR,DRY,False,SIDESWIPE-SAME DIRECTION,SIDESWIPE-SAME DIRECTION,STRAIGHT & LEVEL,DAYLIGHT,,,44835.47201,False,49,Accepted,5,5,O,,FOLLOWING TOO CLOSE,,2022,1
5298,30635459,0510100,HENDERSON POLICE DEPARTMENT,Accepted,HENDERSON,,,GARDEN MILE,RD,S,,,KY0812,AIRLINE,,STADIUM ,37.81716077,-87.5596139,,2022-09-29,1541,2,2,0,0,CLEAR,DRY,False,OTHER ROADWAY OR MID-BLOCK COLLISION,REAR END,STRAIGHT & LEVEL,DAYLIGHT,,,44835.47212,False,67,Accepted,5,5,O,,INATTENTION,,2022,1
5299,30637203,0510100,HENDERSON POLICE DEPARTMENT,Accepted,HENDERSON,,,WASHINGTON,ST,,,ADAMS,,,,,37.83496958,-87.58867627,1.062,2022-09-24,308,1,1,0,0,CLEAR,DRY,True,COLLISION WITH FIXED OBJECT IN INTERSECTION - FIRST EVENT COLLISION 09 - 32,SINGLE VEHICLE,STRAIGHT & LEVEL,DARK-HWY LIGHTED/ON,,,44836.11646,False,24,Accepted,5,5,O,,"ALCOHOL INVOLVEMENT, INATTENTION",,2022,1
5300,30637337,0510100,HENDERSON POLICE DEPARTMENT,Accepted,HENDERSON,US0041A,,GREEN,ST,N,,5TH,,,,,37.84330285,-87.5859825,16.217,2022-09-27,1704,2,2,0,0,CLOUDY,DRY,False,SIDESWIPE-SAME DIRECTION,SIDESWIPE-SAME DIRECTION,STRAIGHT & LEVEL,DARK-HWY LIGHTED/ON,,,44836.14809,False,38,Accepted,5,5,O,,INATTENTION,,2022,1
5302,30642929,0510000,HENDERSON COUNTY SHERIFF DEPT.,Accepted,HENDERSON,KY0425,5914,KY425,,,,,,,,,37.78885432,-87.62700245,1.468,2022-09-29,1517,1,1,0,0,CLEAR,DRY,False,COLLISION WITH FIXED OBJECT NON - INTERSECTION - FIRST EVENT COLLISION 09 - 32 EXCLUDING 16,SINGLE VEHICLE,STRAIGHT & LEVEL,DAYLIGHT,,,44837.64753,False,135,Accepted,5,5,O,,MISJUDGE CLEARANCE,,2022,1
5304,30642933,0510000,HENDERSON COUNTY SHERIFF DEPT.,Accepted,HENDERSON,US0041A,,US41 ALT,,,,,,,,,37.80414605,-87.62173104,12.608,2022-09-25,1904,3,3,0,0,CLEAR,DRY,False,1 VEHICLE PARKED POSITION (NOT PARKING LOT/DRIVEWAY),ANGLE,STRAIGHT & LEVEL,DARK (UNKNOWN ROADWAY LIGHTING),,,44837.64772,False,139,Accepted,5,5,O,,NOT UNDER PROPER CONTROL,,2022,1
5307,30643930,0510100,HENDERSON POLICE DEPARTMENT,Accepted,HENDERSON,US0060,,GREEN,ST,S,,,,,,,37.80528245,-87.63366099,9.562,2022-09-27,1526,2,2,0,0,CLEAR,DRY,False,REAR END IN TRAFFIC LANES BOTH VEHICLES MOVING,REAR END,STRAIGHT & LEVEL,DAYLIGHT,,,44837.78977,False,49,Accepted,5,5,O,,FOLLOWING TOO CLOSE,,2022,1
5308,30645007,0510100,HENDERSON POLICE DEPARTMENT,Accepted,HENDERSON,US0041A,,GREEN,ST,S,KY0136,SAND,,,,,37.82374123,-87.60313263,14.521,2022-10-01,1638,3,3,0,1,CLEAR,DRY,True,OTHER INTERSECTION COLLISIONS,REAR TO REAR,STRAIGHT & LEVEL,DAYLIGHT,,,44838.1163,False,24,Accepted,3,3,B,,INATTENTION,,2022,1
5309,30647672,0510100,HENDERSON POLICE DEPARTMENT,Accepted,HENDERSON,US0041A,,GREEN,ST,N,,14TH,,,,,37.85408051,-87.57885708,17.075,2022-09-29,1453,2,2,0,0,CLEAR,DRY,False,OPPOSING LEFT TURN,OPPOSING LEFT TURN,STRAIGHT & LEVEL,DAYLIGHT,,,44838.64971,False,34,Accepted,5,5,O,,"FAILED TO YIELD RIGHT OF WAY, INATTENTION, MISJUDGE CLEARANCE",,2022,1
5310,30647673,0510100,HENDERSON POLICE DEPARTMENT,Accepted,HENDERSON,US0060,,GREEN,ST,S,,COMMUNITY,,,,,37.80375956,-87.63754618,9.324,2022-09-30,1520,2,2,0,0,CLEAR,DRY,False,OTHER INTERSECTION COLLISIONS,REAR END,STRAIGHT & LEVEL,DAYLIGHT,,,44838.64981,False,34,Accepted,5,5,O,,INATTENTION,,2022,1
5311,30647674,0510100,HENDERSON POLICE DEPARTMENT,Accepted,HENDERSON,,,HERRON,AVE,,,,US0041A,GREEN,,ELM,37.85488632,-87.57810443,0.108,2022-09-30,1644,2,2,0,0,CLEAR,DRY,False,1 VEHICLE ENTERING/LEAVING ENTRANCE,ANGLE,STRAIGHT & LEVEL,DAYLIGHT,,,44838.64987,False,34,Accepted,5,5,O,,INATTENTION,,2022,1
5314,30648397,0510000,HENDERSON COUNTY SHERIFF DEPT.,Accepted,HENDERSON,,,WOLF HILLS,RD,,,,,,,,37.89058862,-87.54535551,0.945,2022-09-20,748,1,1,0,0,CLEAR,DRY,False,COLLISION WITH ANIMAL NON INTERSECTION,SINGLE VEHICLE,STRAIGHT & LEVEL,DAYLIGHT,,,44838.74922,False,130,Accepted,5,5,O,ANIMALS ACTION,,,2022,1
5315,30648398,0510000,HENDERSON COUNTY SHERIFF DEPT.,Accepted,HENDERSON,,,BORAX,DR,,,,,,,,37.8142103,-87.62668986,0.31,2022-09-26,1108,2,2,0,0,CLEAR,DRY,False,1 VEHICLE PARKED POSITION (NOT PARKING LOT/DRIVEWAY),BACKING,STRAIGHT & LEVEL,DAYLIGHT,,,44838.74928,False,124,Accepted,5,5,O,,INATTENTION,,2022,1
5316,30649524,0510100,HENDERSON POLICE DEPARTMENT,Accepted,HENDERSON,,826,POWELL,ST,,,,,,,,37.83170507,-87.58602547,0.696,2022-10-01,105,2,2,0,0,CLEAR,DRY,True,1 VEHICLE PARKED POSITION (NOT PARKING LOT/DRIVEWAY),SIDESWIPE-SAME DIRECTION,STRAIGHT & LEVEL,DARK-HWY NOT LIGHTED,,,44839.10544,False,33,Accepted,5,5,O,,,,2022,1
5321,30656689,0510100,HENDERSON POLICE DEPARTMENT,Accepted,HENDERSON,US0041,2600,US41,,N,,,,,,,37.87466835,-87.56801248,17.361,2022-10-05,645,2,2,0,0,CLEAR,DRY,False,OTHER ROADWAY OR MID-BLOCK COLLISION,REAR END,STRAIGHT & LEVEL,DAYLIGHT,,,44840.67056,False,44,Accepted,5,5,O,,MISJUDGE CLEARANCE,,2022,1
5322,30656691,0510100,HENDERSON POLICE DEPARTMENT,Accepted,HENDERSON,US0041,,US41,,N,,,,,,,37.87136572,-87.56987565,17.109,2022-10-05,1125,2,2,0,0,CLEAR,DRY,False,REAR END IN TRAFFIC LANES BOTH VEHICLES MOVING,REAR END,STRAIGHT & LEVEL,DAYLIGHT,,,44840.67063,False,44,Accepted,5,5,O,,FOLLOWING TOO CLOSE,BRAKES DEFECTIVE,2022,1
5323,30656694,0510100,HENDERSON POLICE DEPARTMENT,Accepted,HENDERSON,KY0351,,ZION,RD,,KY1539,LARUE,,,,,37.82856345,-87.55887837,1.796,2022-10-04,802,2,2,0,0,CLEAR,DRY,False,ANGLE COLLISION - OTHER,ANGLE,STRAIGHT & LEVEL,DAYLIGHT,,,44840.67072,False,17,Accepted,5,5,O,GLARE (SUN),INATTENTION,,2022,1
5324,30656696,0510100,HENDERSON POLICE DEPARTMENT,Accepted,HENDERSON,,,DIXON,ST,,,,US0041A,GREEN,,ELM,37.83331262,-87.59480504,0.047,2022-09-27,1107,2,2,0,3,CLEAR,DRY,False,1 VEHICLE PARKED POSITION (NOT PARKING LOT/DRIVEWAY),ANGLE,STRAIGHT & LEVEL,DAYLIGHT,,,44840.67079,False,49,Accepted,4,3,B,,NOT UNDER PROPER CONTROL,OTHER,2022,1
5325,30657309,0510100,HENDERSON POLICE DEPARTMENT,Accepted,HENDERSON,US0041,15,US41,,N,,,,,,,37.85119889,-87.56806208,15.552,2022-10-02,1638,2,2,0,0,CLEAR,DRY,False,REAR END IN TRAFFIC LANES BOTH VEHICLES MOVING,REAR END,STRAIGHT & LEVEL,DAYLIGHT,,,44840.78117,False,47,Accepted,5,5,O,,DISTRACTION,,2022,1
5326,30657314,0510100,HENDERSON POLICE DEPARTMENT,Accepted,HENDERSON,KY0351,2100,ZION,RD,,,,,,,,37.83048419,-87.56537499,1.399,2022-10-06,1010,2,2,0,1,CLEAR,DRY,False,OTHER ROADWAY OR MID-BLOCK COLLISION,OPPOSING LEFT TURN,STRAIGHT & LEVEL,DAYLIGHT,,,44840.78136,False,47,Accepted,5,3,B,,INATTENTION,,2022,1