OBJECTID,IncidentID,AgencyORI,AgencyName,IncidentStatusDesc,County,RdwyNumber,Street,RoadwayName,StreetSfx,StreetDir,IntersectionRdwy,IntersectionRdwyName,BetweenStRdwy1,BetweenStRdwyName1,BetweenStRdwy2,BetweenStRdwyName2,Latitude,Longitude,Milepoint,CollisionDate,CollisionTime,UnitsInvolved,MotorVehiclesInvolved,NumberKilled,NumberInjured,Weather,RdwyConditionCode,HitandRun,DirAnalysisCode,MannerofCollision,RdwyCharacter,LightCondition,RampFromRdwyId,RampToRdwyId,AcceptedDate,IsSecondaryCollision,OwnerBadge,IncidentStatus,InjurySeverityCde,KABCO_Code,KABCO,Environmental_Factors,Human_Factors,Vehicular_Factors,CollisionYear,CityCrash
5328,30661475,0510100,HENDERSON POLICE DEPARTMENT,Accepted,HENDERSON,US0041,2748,US41,,N,,,,WALNUT,,WATSON,37.87717604,-87.56685615,17.544,2022-10-06,1742,2,2,0,0,CLEAR,DRY,True,1 VEHICLE ENTERING/LEAVING ENTRANCE,ANGLE,STRAIGHT & LEVEL,DAYLIGHT,,,44841.7819,False,32,Accepted,5,5,O,BACKUP DUE TO REGULAR CONGESTION,"FAILED TO YIELD RIGHT OF WAY, INATTENTION, TURNING IMPROPERLY",,2022,1
5329,30661982,0510100,HENDERSON POLICE DEPARTMENT,Accepted,HENDERSON,,100,GARDEN MILE,RD,N,,,,,,,37.82646154,-87.55828712,0.129,2022-10-06,1535,2,2,0,0,CLEAR,DRY,False,OTHER ROADWAY OR MID-BLOCK COLLISION,REAR END,STRAIGHT & LEVEL,DAYLIGHT,,,44841.94525,False,47,Accepted,5,5,O,,DISTRACTION,,2022,1
5330,30661985,0510100,HENDERSON POLICE DEPARTMENT,Accepted,HENDERSON,US0041,2500,US41,,N,,,,,,,37.87342359,-87.56888846,17.262,2022-10-07,812,2,2,0,0,CLEAR,DRY,False,REAR END IN TRAFFIC LANES BOTH VEHICLES MOVING,REAR END,STRAIGHT & LEVEL,DAYLIGHT,,,44841.94546,False,59,Accepted,5,5,O,,FOLLOWING TOO CLOSE,,2022,1
5331,30662037,0510100,HENDERSON POLICE DEPARTMENT,Accepted,HENDERSON,US0041A,1800,GREEN,ST,S,,,,,,,37.81250358,-87.62048758,13.253,2022-10-01,1528,2,2,0,0,CLEAR,DRY,False,OTHER ROADWAY OR MID-BLOCK COLLISION,REAR END,STRAIGHT & LEVEL,DAYLIGHT,,,44841.96336,False,66,Accepted,5,5,O,,INATTENTION,,2022,1
5332,30662067,0510100,HENDERSON POLICE DEPARTMENT,Accepted,HENDERSON,,,SIOUX,LN,,,,,CANOE CREEK,,KAYAK,37.81853139,-87.60547029,,2022-10-02,1355,1,1,0,0,CLEAR,DRY,False,COLLISION WITH FIXED OBJECT NON - INTERSECTION - FIRST EVENT COLLISION 09 - 32 EXCLUDING 16,SINGLE VEHICLE,STRAIGHT & LEVEL,DAYLIGHT,,,44841.9712,False,73,Accepted,5,5,O,,"DISTRACTION, INATTENTION",,2022,1
5333,30662068,0510100,HENDERSON POLICE DEPARTMENT,Accepted,HENDERSON,,,GREEN,ST,S,,FAIR,,,,,37.8223279,-87.60459846,,2022-10-02,1530,2,2,0,0,CLEAR,DRY,True,REAR END - ONE VEHICLE TURNING LEFT,REAR END,STRAIGHT & LEVEL,DAYLIGHT,,,44841.97129,False,73,Accepted,5,5,O,,,,2022,1
5334,30662070,0510100,HENDERSON POLICE DEPARTMENT,Accepted,HENDERSON,,,2ND,ST,,US0041A,GREEN,,,,,37.83945892,-87.58836577,0.005,2022-10-03,824,2,2,0,0,CLEAR,DRY,False,SIDESWIPE-SAME DIRECTION,SIDESWIPE-SAME DIRECTION,STRAIGHT & LEVEL,DAYLIGHT,,,44841.97141,False,37,Accepted,5,5,O,,MISJUDGE CLEARANCE,,2022,1
5335,30662071,0510100,HENDERSON POLICE DEPARTMENT,Accepted,HENDERSON,,,GREEN,ST,S,,CLAY,,,,,37.83384776,-87.59323182,,2022-10-05,945,2,2,0,0,CLEAR,DRY,False,OTHER INTERSECTION COLLISIONS,REAR END,STRAIGHT & LEVEL,DAYLIGHT,,,44841.97149,False,73,Accepted,5,5,O,,INATTENTION,,2022,1
5336,30662072,0510100,HENDERSON POLICE DEPARTMENT,Accepted,HENDERSON,,,ADAMS,ST,N,,,,10TH,,9TH,37.84791865,-87.57946989,0.911,2022-10-05,1600,2,2,0,0,CLEAR,DRY,False,SIDESWIPE COLLISION - OPPOSITE DIRECTION,SIDESWIPE-OPPOSITE DIRECTION,STRAIGHT & LEVEL,DAYLIGHT,,,44841.97157,False,34,Accepted,5,5,O,,INATTENTION,"BRAKES DEFECTIVE, TIRES",2022,1
5337,30662073,0510100,HENDERSON POLICE DEPARTMENT,Accepted,HENDERSON,KY0351,417,2ND,ST,,,,,,,,37.83907908,-87.58756356,0.055,2022-10-07,1046,2,2,0,0,CLEAR,DRY,False,1 VEHICLE PARKED POSITION (NOT PARKING LOT/DRIVEWAY),SIDESWIPE-SAME DIRECTION,STRAIGHT & LEVEL,DAYLIGHT,,,44841.97165,False,49,Accepted,5,5,O,,MISJUDGE CLEARANCE,,2022,1
5340,30670351,0510100,HENDERSON POLICE DEPARTMENT,Accepted,HENDERSON,,102,LETCHER,ST,,,,,,,,37.82841543,-87.57791904,0.009,2022-10-08,2231,2,2,0,0,CLEAR,DRY,True,SIDESWIPE COLLISION - OPPOSITE DIRECTION,SIDESWIPE-OPPOSITE DIRECTION,STRAIGHT & LEVEL,DARK-HWY LIGHTED/ON,,,44844.49115,False,25,Accepted,5,5,O,,INATTENTION,,2022,1
5341,30670381,0510100,HENDERSON POLICE DEPARTMENT,Accepted,HENDERSON,KY2084,213,KY2084,,,,,,,,,37.82352537,-87.56843535,0.017,2022-10-08,118,1,1,0,0,CLEAR,DRY,True,OTHER ROADWAY OR MID-BLOCK COLLISION,SINGLE VEHICLE,STRAIGHT & LEVEL,DARK-HWY LIGHTED/ON,,,44844.50028,False,24,Accepted,5,5,O,,INATTENTION,,2022,1
5342,30670649,0510100,HENDERSON POLICE DEPARTMENT,Accepted,HENDERSON,,,BARKER,RD,,,,,SUNSET,,JAMESTOWN,37.87334848,-87.57433861,0.277,2022-10-07,2020,2,2,0,3,CLEAR,DRY,False,1 VEHICLE ENTERING/LEAVING ENTRANCE,ANGLE,CURVE & LEVEL,DARK (UNKNOWN ROADWAY LIGHTING),,,44844.54012,False,16,Accepted,5,4,C,,OTHER,,2022,1
5343,30671301,0510100,HENDERSON POLICE DEPARTMENT,Accepted,HENDERSON,,,BARRET,BLVD,,,PS1030,,,,,37.85905695,-87.56722158,,2022-10-05,1603,2,2,0,0,CLEAR,DRY,False,ANGLE COLLISION - OTHER,ANGLE,STRAIGHT & LEVEL,DAYLIGHT,,,44844.62592,False,67,Accepted,5,5,O,,INATTENTION,,2022,1
5344,30672219,0510100,HENDERSON POLICE DEPARTMENT,Accepted,HENDERSON,KY0136,,SAND,LN,,,,,,,,37.82061221,-87.59017246,20.325,2022-10-09,1900,2,2,0,0,CLEAR,DRY,False,1 VEHICLE ENTERING/LEAVING ENTRANCE,ANGLE,STRAIGHT & LEVEL,DARK-HWY LIGHTED/ON,,,44844.7397,False,58,Accepted,5,5,O,,INATTENTION,,2022,1
5345,30672220,0510100,HENDERSON POLICE DEPARTMENT,Accepted,HENDERSON,KY0351,,ZION,RD,,,,,,,,37.83026234,-87.56471082,1.442,2022-10-10,443,1,1,0,0,CLEAR,DRY,False,COLLISION WITH FIXED OBJECT NON - INTERSECTION - FIRST EVENT COLLISION 09 - 32 EXCLUDING 16,SINGLE VEHICLE,STRAIGHT & LEVEL,DARK-HWY LIGHTED/ON,,,44844.73975,False,58,Accepted,5,5,O,,INATTENTION,,2022,1
5347,30675133,0510100,HENDERSON POLICE DEPARTMENT,Accepted,HENDERSON,,,ARBOR,DR,,,,,KRESGE,,COLD SPRINGS,37.81339586,-87.61368237,0.008,2022-10-08,1433,2,2,0,0,CLEAR,DRY,False,REAR END IN TRAFFIC LANES BOTH VEHICLES MOVING,REAR END,STRAIGHT & LEVEL,DAYLIGHT,,,44845.42379,False,34,Accepted,5,5,O,,OTHER,,2022,1
5348,30675135,0510100,HENDERSON POLICE DEPARTMENT,Accepted,HENDERSON,KY0136,,SAND,LN,,,FAIRGROUND,,,,,37.82127132,-87.59937267,19.814,2022-10-09,1610,2,2,0,0,CLEAR,DRY,False,ANGLE COLLISION - OTHER,ANGLE,CURVE & LEVEL,DAYLIGHT,,,44845.42422,False,44,Accepted,5,5,O,,MISJUDGE CLEARANCE,,2022,1
5349,30675136,0510100,HENDERSON POLICE DEPARTMENT,Accepted,HENDERSON,,,GREEN,ST,,,FAIR,,,,,37.82230494,-87.60459789,,2022-10-09,1420,3,3,0,2,CLEAR,DRY,False,OTHER INTERSECTION COLLISIONS,REAR END,STRAIGHT & LEVEL,DAYLIGHT,,,44845.42437,False,73,Accepted,5,4,C,,INATTENTION,,2022,1
5350,30675138,0510100,HENDERSON POLICE DEPARTMENT,Accepted,HENDERSON,,,GREEN,ST,S,,,,DRURY,,BORAX,37.81335056,-87.61904042,,2022-10-10,635,1,1,0,0,CLEAR,DRY,False,COLLISION WITH ANIMAL NON INTERSECTION,SINGLE VEHICLE,STRAIGHT & LEVEL,DAWN,,,44845.42453,False,73,Accepted,5,5,O,ANIMALS ACTION,,,2022,1
5351,30675655,0510100,HENDERSON POLICE DEPARTMENT,Accepted,HENDERSON,US0041,,US41,,N,,,,WALNUT,,WATSON,37.87845472,-87.56617055,17.639,2022-10-10,427,2,2,0,0,CLEAR,DRY,False,REAR END IN TRAFFIC LANES BOTH VEHICLES MOVING,REAR END,STRAIGHT & LEVEL,DARK-HWY NOT LIGHTED,,,44845.53527,False,33,Accepted,5,5,O,OTHER,DISTRACTION,,2022,1
5352,30679534,0510100,HENDERSON POLICE DEPARTMENT,Accepted,HENDERSON,US0041,2053,US41,,N,,,,,,,37.86633753,-87.57279435,16.733,2022-10-06,1427,2,2,0,1,CLEAR,DRY,False,REAR END IN TRAFFIC LANES BOTH VEHICLES MOVING,REAR END,STRAIGHT & LEVEL,DAYLIGHT,,,44846.41149,False,49,Accepted,5,4,C,,INATTENTION,,2022,1
5353,30684299,0510100,HENDERSON POLICE DEPARTMENT,Accepted,HENDERSON,KY2084,,KY2084,,S,,CRESLINE,,,,,37.81016178,-87.57209337,1.433,2022-10-12,343,2,2,0,0,CLOUDY,DRY,False,REAR END - ONE VEHICLE TURNING RIGHT,REAR END,STRAIGHT & LEVEL,DARK-HWY NOT LIGHTED,,,44847.49014,False,24,Accepted,5,5,O,,INATTENTION,,2022,1
5354,30688412,0510100,HENDERSON POLICE DEPARTMENT,Accepted,HENDERSON,US0041,2000,US41,,N,,,,,,,37.86651524,-87.5727796,16.742,2022-10-11,1605,2,2,0,0,CLEAR,DRY,False,SIDESWIPE COLLISION - SAME DIRECTION,SIDESWIPE-SAME DIRECTION,STRAIGHT & LEVEL,DAYLIGHT,,,44848.42878,False,59,Accepted,5,5,O,,"FAILED TO YIELD RIGHT OF WAY, INATTENTION",,2022,1
5355,30698661,0510100,HENDERSON POLICE DEPARTMENT,Accepted,HENDERSON,US0041,,US41,,N,,,,ZION ,,US 60,37.85049174,-87.56759461,,2022-10-14,540,2,2,0,0,CLEAR,DRY,False,SIDESWIPE COLLISION - SAME DIRECTION,SIDESWIPE-SAME DIRECTION,STRAIGHT & LEVEL,DARK-HWY NOT LIGHTED,,,44851.4502,False,73,Accepted,5,5,O,,"FAILED TO KEEP PROPER LANE, INATTENTION",,2022,1
5356,30698668,0510100,HENDERSON POLICE DEPARTMENT,Accepted,HENDERSON,,2400,ELM,ST,N,,,,,,,37.87194498,-87.57118035,2.618,2022-10-12,1055,1,1,0,0,CLOUDY,DRY,False,COLLISION WITH FIXED OBJECT NON - INTERSECTION - FIRST EVENT COLLISION 09 - 32 EXCLUDING 16,SINGLE VEHICLE,STRAIGHT & LEVEL,DAYLIGHT,,,44851.45048,False,59,Accepted,5,5,O,,INATTENTION,,2022,1
5357,30698866,0510100,HENDERSON POLICE DEPARTMENT,Accepted,HENDERSON,US0041A,,GREEN,ST,N,,5TH,,,,,37.84313868,-87.58611488,16.205,2022-10-12,1445,2,2,0,0,CLOUDY,DRY,False,OTHER INTERSECTION COLLISIONS,REAR END,STRAIGHT & LEVEL,DAYLIGHT,,,44851.48087,False,37,Accepted,5,5,O,,MISJUDGE CLEARANCE,BRAKES DEFECTIVE,2022,1
5358,30698870,0510100,HENDERSON POLICE DEPARTMENT,Accepted,HENDERSON,KY0351,,2ND,ST,,US0041A,GREEN,,,,,37.83944953,-87.58847069,0.002,2022-10-14,1254,2,2,0,0,CLEAR,DRY,False,VEHICLE BACKING IN INTERSECTION,BACKING,STRAIGHT & LEVEL,DAYLIGHT,,,44851.4814,False,17,Accepted,5,5,O,OTHER,INATTENTION,,2022,1
5371,30705208,0510100,HENDERSON POLICE DEPARTMENT,Accepted,HENDERSON,US0041,,US41,,N,,WALKER,,,,,37.8697331,-87.57081533,17,2022-10-13,1856,2,2,0,0,CLEAR,DRY,False,ANGLE COLLISION - ONE VEHICLE TURNING LEFT,ANGLE,STRAIGHT & LEVEL,DARK-HWY LIGHTED/ON,,,44852.82554,False,33,Accepted,5,5,O,,"DISREGARD TRAFFIC CONTROL, FAILED TO YIELD RIGHT OF WAY, INATTENTION",,2022,1
5372,30705210,0510100,HENDERSON POLICE DEPARTMENT,Accepted,HENDERSON,US0041,,US HWY 41N,,,,,,,,,37.85602787,-87.57255622,0.087,2022-10-15,141,1,1,0,0,CLEAR,DRY,True,OTHER RAMP RELATED COLLISIONS NOT LISTED ABOVE,SINGLE VEHICLE,CURVE & LEVEL,DARK-HWY LIGHTED/ON,US0041,US0041,44852.82561,False,51,Accepted,5,5,O,,ALCOHOL INVOLVEMENT,,2022,1
5373,30705271,0510100,HENDERSON POLICE DEPARTMENT,Accepted,HENDERSON,US0041,,,,,,,,,,,37.85957843,-87.57508727,0.298,2022-10-17,2219,2,2,0,1,CLEAR,DRY,False,OTHER RAMP RELATED COLLISIONS NOT LISTED ABOVE,SIDESWIPE-SAME DIRECTION,CURVE & LEVEL,DARK-HWY LIGHTED/ON,US0041,US0041,44852.84394,False,23,Accepted,5,3,B,,"FAILED TO YIELD RIGHT OF WAY, OVERCORRECTING/OVERSTEERING",,2022,1
5374,30706929,0510100,HENDERSON POLICE DEPARTMENT,Accepted,HENDERSON,US0041,2800,US41,,N,,,,,,,37.87906978,-87.56573594,17.687,2022-10-07,1427,2,2,0,0,CLEAR,DRY,False,1 VEHICLE ENTERING/LEAVING ENTRANCE,ANGLE,STRAIGHT & LEVEL,DAYLIGHT,,,44853.35932,False,66,Accepted,5,5,O,,INATTENTION,,2022,1
5375,30706931,0510100,HENDERSON POLICE DEPARTMENT,Accepted,HENDERSON,US0041,2000,US41,,N,,,,,,,37.86395058,-87.57395918,16.553,2022-10-06,1417,2,2,0,2,CLEAR,DRY,False,1 VEHICLE ENTERING/LEAVING ENTRANCE,ANGLE,STRAIGHT & LEVEL,DAYLIGHT,,,44853.3594,False,66,Accepted,5,3,B,,INATTENTION,,2022,1
5376,30707498,0510100,HENDERSON POLICE DEPARTMENT,Accepted,HENDERSON,US0041,1900,US41,,N,,,,,,,37.86366881,-87.57423229,16.554,2022-10-15,1708,2,2,0,2,CLEAR,DRY,False,1 VEHICLE ENTERING/LEAVING ENTRANCE,ANGLE,STRAIGHT & LEVEL,DAYLIGHT,,,44853.4458,False,59,Accepted,5,3,B,,"FAILED TO YIELD RIGHT OF WAY, INATTENTION",,2022,1
5380,30709950,0510100,HENDERSON POLICE DEPARTMENT,Accepted,HENDERSON,US0041A,,GREEN,ST,N,,5TH,,,,,37.84308885,-87.58617073,16.201,2022-10-18,1847,2,2,0,0,CLEAR,DRY,False,OTHER INTERSECTION COLLISIONS,REAR END,STRAIGHT & LEVEL,DARK-HWY LIGHTED/ON,,,44853.76338,False,51,Accepted,5,5,O,,INATTENTION,,2022,1
5381,30711277,0510100,HENDERSON POLICE DEPARTMENT,Accepted,HENDERSON,US0041A,324,GREEN,ST,S,,,,,,,37.83305428,-87.59396604,15.353,2022-10-19,2118,2,1,1,0,CLEAR,DRY,True,COLLISION WITH PEDESTRIAN NON - INTERSECTION,SINGLE VEHICLE,STRAIGHT & LEVEL,DARK-HWY LIGHTED/ON,,,44854.10417,False,51,Accepted,1,1,K,,INATTENTION,,2022,1
5383,30712848,0510100,HENDERSON POLICE DEPARTMENT,Accepted,HENDERSON,US0041,,US41,,N,,RACETRACK,,,,,37.88295752,-87.56345028,17.97,2022-10-19,821,2,2,0,0,CLEAR,DRY,False,ANGLE COLLISION - ONE VEHICLE TURNING LEFT,ANGLE,STRAIGHT & LEVEL,DAYLIGHT,,,44854.48093,False,67,Accepted,5,5,O,,INATTENTION,,2022,1
5384,30712864,0510100,HENDERSON POLICE DEPARTMENT,Accepted,HENDERSON,US0041A,1209,GREEN,ST,S,,,,,,,37.82392171,-87.60299911,14.541,2022-10-16,1423,2,2,0,0,CLEAR,DRY,True,1 VEHICLE ENTERING/LEAVING ENTRANCE,ANGLE,STRAIGHT & LEVEL,DAYLIGHT,,,44854.48667,False,49,Accepted,5,5,O,,,,2022,1
5385,30715120,0510100,HENDERSON POLICE DEPARTMENT,Accepted,HENDERSON,,510,ALVASIA,ST,S,,,,,,,37.82784921,-87.59136274,0.59,2022-10-18,105,3,3,0,0,CLEAR,DRY,True,1 VEHICLE PARKED POSITION (NOT PARKING LOT/DRIVEWAY),ANGLE,STRAIGHT & LEVEL,DARK-HWY LIGHTED/ON,,,44854.89165,False,36,Accepted,5,5,O,,"ALCOHOL INVOLVEMENT, EMOTIONAL",,2022,1
5386,30715123,0510100,HENDERSON POLICE DEPARTMENT,Accepted,HENDERSON,,600,1ST,ST,,,,,,,,37.83654145,-87.58508311,0.55,2022-10-19,1828,2,2,0,0,CLEAR,DRY,False,HEAD-ON COLLISION,HEAD ON,STRAIGHT & LEVEL,DARK-HWY LIGHTED/ON,,,44854.89344,False,50,Accepted,5,5,O,,"ALCOHOL INVOLVEMENT, INATTENTION",,2022,1
5387,30716812,0510100,HENDERSON POLICE DEPARTMENT,Accepted,HENDERSON,,,2ND,ST,,,ELM,,,,,37.84017046,-87.59019082,0.088,2022-10-20,1032,2,2,0,0,CLEAR,DRY,False,VEHICLE BACKING IN INTERSECTION,BACKING,STRAIGHT & LEVEL,DAYLIGHT,,,44855.36745,False,37,Accepted,5,5,O,,MISJUDGE CLEARANCE,,2022,1
5388,30716869,0510100,HENDERSON POLICE DEPARTMENT,Accepted,HENDERSON,KY0351,1700,2ND,ST,,KY2084,KY2084 TURN LANE,,,,,37.83136073,-87.56904441,1.202,2022-10-20,1525,2,2,0,0,CLEAR,DRY,False,OTHER INTERSECTION COLLISIONS,REAR END,STRAIGHT & LEVEL,DAYLIGHT,,,44855.3786,False,47,Accepted,5,5,O,,INATTENTION,,2022,1
5389,30719447,0510100,HENDERSON POLICE DEPARTMENT,Accepted,HENDERSON,US0041,,,,,,,,,,,37.8567017,-87.57170779,0.144,2022-10-20,2202,1,1,0,0,CLEAR,DRY,False,COLLISION WITH FIXED OBJECT NOT IN GORE ,SINGLE VEHICLE,CURVE & GRADE,DARK (UNKNOWN ROADWAY LIGHTING),US0041,US0041,44855.87622,False,23,Accepted,5,5,O,,,TIRE FAILURE,2022,1
5390,30720348,0510100,HENDERSON POLICE DEPARTMENT,Accepted,HENDERSON,US0041,,US41,,N,,RETTIG,,,,,37.86728623,-87.57224677,16.805,2022-10-09,1953,3,1,0,0,CLEAR,DRY,False,OTHER INTERSECTION COLLISIONS,REAR END,STRAIGHT & LEVEL,DARK-HWY LIGHTED/ON,,,44856.1271,False,33,Accepted,5,5,O,,"MISJUDGE CLEARANCE, TURNING IMPROPERLY",,2022,1
5396,30727699,0510000,HENDERSON COUNTY SHERIFF DEPT.,Accepted,HENDERSON,KY1539,,LARUE,RD,,,,,,,,37.8346239,-87.552823,0.521,2022-10-20,1000,2,2,0,0,CLEAR,DRY,False,SIDESWIPE COLLISION - OPPOSITE DIRECTION,SIDESWIPE-OPPOSITE DIRECTION,STRAIGHT & GRADE,DAYLIGHT,,,44858.4757,False,124,Accepted,5,5,O,,,MIRRORS,2022,1
5397,30727744,0510100,HENDERSON POLICE DEPARTMENT,Accepted,HENDERSON,KY0351,2400,ZION,RD,,KY1539,LARUE,,,,,37.8289161,-87.55974673,1.743,2022-10-21,744,2,2,0,0,CLEAR,DRY,False,OTHER INTERSECTION COLLISIONS,REAR END,STRAIGHT & LEVEL,DAYLIGHT,,,44858.48404,False,47,Accepted,5,5,O,,INATTENTION,,2022,1
5398,30727747,0510100,HENDERSON POLICE DEPARTMENT,Accepted,HENDERSON,,801,CLAY,ST,,,ALVASIA,,,,,37.83078522,-87.58835968,0.731,2022-10-20,1022,1,1,0,0,CLEAR,DRY,False,COLLISION WITH FIXED OBJECT IN INTERSECTION - FIRST EVENT COLLISION 09 - 32,SINGLE VEHICLE,STRAIGHT & LEVEL,DAYLIGHT,,,44858.48451,False,49,Accepted,5,5,O,,"INATTENTION, NOT UNDER PROPER CONTROL",,2022,1
5399,30727748,0510100,HENDERSON POLICE DEPARTMENT,Accepted,HENDERSON,,104,ELM,ST,N,,,,1ST,,2ND,37.8394758,-87.59040359,0.118,2022-10-21,1231,2,2,0,0,CLEAR,DRY,False,1 VEHICLE ENTERING/LEAVING ENTRANCE,ANGLE,STRAIGHT & LEVEL,DAYLIGHT,,,44858.48474,False,49,Accepted,5,5,O,,MISJUDGE CLEARANCE,,2022,1
5400,30727827,0510100,HENDERSON POLICE DEPARTMENT,Accepted,HENDERSON,,328,ELM,ST,S,,DIXON,,,,,37.83378933,-87.59554156,0.917,2022-10-23,2054,2,2,0,0,CLEAR,DRY,False,ANGLE COLLISION - OTHER,ANGLE,STRAIGHT & LEVEL,DARK-HWY LIGHTED/ON,,,44858.50162,False,51,Accepted,5,5,O,,INATTENTION,,2022,1
5401,30731868,0510100,HENDERSON POLICE DEPARTMENT,Accepted,HENDERSON,US0060,,US60,,E,,WATSON,,,,,37.86474582,-87.55504243,11.394,2022-10-24,948,2,2,0,0,CLEAR,DRY,False,OTHER INTERSECTION COLLISIONS,REAR END,STRAIGHT & LEVEL,DAYLIGHT,,,44859.39885,False,67,Accepted,5,5,O,,INATTENTION,,2022,1
5402,30731869,0510100,HENDERSON POLICE DEPARTMENT,Accepted,HENDERSON,US0041,2044,US41,,N,,,,,,,37.86452387,-87.57360337,16.597,2022-10-21,1717,2,2,0,0,CLEAR,DRY,False,1 VEHICLE ENTERING/LEAVING ENTRANCE,ANGLE,STRAIGHT & LEVEL,DAYLIGHT,,,44859.3989,False,49,Accepted,5,5,O,,"FAILED TO YIELD RIGHT OF WAY, MISJUDGE CLEARANCE",,2022,1
5403,30731870,0510100,HENDERSON POLICE DEPARTMENT,Accepted,HENDERSON,US0041,2757,US41,,N,,,,,,,37.87768073,-87.56661221,17.581,2022-09-17,1426,2,2,0,0,CLEAR,DRY,False,REAR END IN TRAFFIC LANES BOTH VEHICLES MOVING,REAR END,STRAIGHT & LEVEL,DAYLIGHT,,,44859.39895,False,66,Accepted,5,5,O,,"FOLLOWING TOO CLOSE, INATTENTION",,2022,1
5404,30731874,0510100,HENDERSON POLICE DEPARTMENT,Accepted,HENDERSON,KY0351,2700,ZION,RD,,,,,,,,37.82834628,-87.55795121,1.848,2022-10-24,1106,2,2,0,3,CLEAR,DRY,False,OTHER ROADWAY OR MID-BLOCK COLLISION,REAR END,STRAIGHT & LEVEL,DAYLIGHT,,,44859.39904,False,64,Accepted,3,3,B,,"DISTRACTION, INATTENTION",,2022,1
5405,30731875,0510100,HENDERSON POLICE DEPARTMENT,Accepted,HENDERSON,US0041,,US41,,N,,,,,CS1372,WATSON,37.87521698,-87.56777714,17.416,2022-10-24,1349,2,2,0,0,CLEAR,DRY,False,OTHER ROADWAY OR MID-BLOCK COLLISION,REAR END,STRAIGHT & LEVEL,DAYLIGHT,,,44859.39909,False,67,Accepted,5,5,O,,INATTENTION,,2022,1
5406,30732042,0510100,HENDERSON POLICE DEPARTMENT,Accepted,HENDERSON,US0041A,,GREEN,ST,N,,,,10TH,,CRESTVIEW,37.85073218,-87.5810544,16.809,2022-10-19,1052,2,2,0,0,CLEAR,DRY,False,SIDESWIPE COLLISION - SAME DIRECTION,SIDESWIPE-SAME DIRECTION,STRAIGHT & GRADE,DAYLIGHT,,,44859.42039,False,34,Accepted,5,5,O,,MISJUDGE CLEARANCE,,2022,1
5407,30732047,0510100,HENDERSON POLICE DEPARTMENT,Accepted,HENDERSON,,155,PARTRIDGE,RUN,N,,,,,,,37.82409907,-87.55017109,0.174,2022-10-24,1045,2,2,0,0,CLOUDY,DRY,False,1 VEHICLE PARKED POSITION (NOT PARKING LOT/DRIVEWAY),ANGLE,STRAIGHT & LEVEL,DAYLIGHT,,,44859.42072,False,73,Accepted,5,5,O,,NOT UNDER PROPER CONTROL,BRAKES DEFECTIVE,2022,1
5410,30736216,0510100,HENDERSON POLICE DEPARTMENT,Accepted,HENDERSON,,300,WATSON,LN,,,,,,,,37.87550972,-87.56858963,1.141,2022-10-25,1212,2,2,0,0,CLOUDY,DRY,False,SIDESWIPE COLLISION - SAME DIRECTION,SIDESWIPE-SAME DIRECTION,STRAIGHT & LEVEL,DAYLIGHT,,,44860.35568,False,59,Accepted,5,5,O,,MISJUDGE CLEARANCE,,2022,1
5411,30736217,0510100,HENDERSON POLICE DEPARTMENT,Accepted,HENDERSON,US0060,2100,US60,,E,,BARRET,,,,,37.85995829,-87.56785728,10.594,2022-10-25,1332,2,2,0,1,CLOUDY,DRY,False,OTHER INTERSECTION COLLISIONS,REAR END,STRAIGHT & LEVEL,DAYLIGHT,,,44860.35578,False,59,Accepted,4,4,C,,INATTENTION,,2022,1
5412,30736226,0510100,HENDERSON POLICE DEPARTMENT,Accepted,HENDERSON,US0041,2500,US41,,N,,,,,,,37.87172307,-87.56982696,17.133,2022-10-25,643,2,2,0,0,CLOUDY,DRY,False,REAR END IN TRAFFIC LANES BOTH VEHICLES MOVING,REAR END,STRAIGHT & LEVEL,DAWN,,,44860.36031,False,59,Accepted,5,5,O,,INATTENTION,,2022,1
5413,30736227,0510100,HENDERSON POLICE DEPARTMENT,Accepted,HENDERSON,KY0136,,MADISON,ST,,,ATKINSON,,,,,37.81748012,-87.58416491,20.729,2022-10-25,1740,2,2,0,0,RAINING,WET,False,OTHER INTERSECTION COLLISIONS,REAR END,STRAIGHT & LEVEL,DAYLIGHT,,,44860.36037,False,37,Accepted,5,5,O,SLIPPERY SURFACE,MISJUDGE CLEARANCE,BRAKES DEFECTIVE,2022,1
5415,30743596,0510100,HENDERSON POLICE DEPARTMENT,Accepted,HENDERSON,KY2084,,KY2084,,S,,,,,,,37.81955486,-87.56952248,2.097,2022-10-26,1850,2,2,0,0,CLOUDY,DRY,False,1 VEHICLE ENTERING/LEAVING ENTRANCE,ANGLE,STRAIGHT & LEVEL,DARK-HWY LIGHTED/ON,,,44861.77818,False,24,Accepted,5,5,O,,INATTENTION,,2022,1
5416,30745834,0510100,HENDERSON POLICE DEPARTMENT,Accepted,HENDERSON,,,POWELL,ST,,,ADAMS,,,,,37.83376978,-87.58957919,0.453,2022-10-24,1059,2,2,0,0,CLEAR,DRY,False,ANGLE COLLISION - OTHER,ANGLE,STRAIGHT & LEVEL,DAYLIGHT,,,44862.3744,False,17,Accepted,5,5,O,,FAILED TO YIELD RIGHT OF WAY,,2022,1