OBJECTID,IncidentID,AgencyORI,AgencyName,IncidentStatusDesc,County,RdwyNumber,Street,RoadwayName,StreetSfx,StreetDir,IntersectionRdwy,IntersectionRdwyName,BetweenStRdwy1,BetweenStRdwyName1,BetweenStRdwy2,BetweenStRdwyName2,Latitude,Longitude,Milepoint,CollisionDate,CollisionTime,UnitsInvolved,MotorVehiclesInvolved,NumberKilled,NumberInjured,Weather,RdwyConditionCode,HitandRun,DirAnalysisCode,MannerofCollision,RdwyCharacter,LightCondition,RampFromRdwyId,RampToRdwyId,AcceptedDate,IsSecondaryCollision,OwnerBadge,IncidentStatus,InjurySeverityCde,KABCO_Code,KABCO,Environmental_Factors,Human_Factors,Vehicular_Factors,CollisionYear,CityCrash
5419,30747471,0510100,HENDERSON POLICE DEPARTMENT,Accepted,HENDERSON,US0041,,US41,,N,,BARRET,,,,,37.86433608,-87.57373029,16.582,2022-10-27,1816,2,2,0,0,CLEAR,DRY,False,SIDESWIPE-SAME DIRECTION,SIDESWIPE-SAME DIRECTION,STRAIGHT & LEVEL,DARK-HWY LIGHTED/ON,,,44862.64358,False,25,Accepted,5,5,O,,"INATTENTION, MISJUDGE CLEARANCE, FAILED TO YIELD RIGHT OF WAY",,2022,1
5421,30758784,0510100,HENDERSON POLICE DEPARTMENT,Accepted,HENDERSON,,,INGRAM,ST,S,,,,,,,37.83434731,-87.5907719,0.621,2022-10-31,33,1,1,0,0,RAINING,WET,False,COLLISION WITH FIXED OBJECT NON - INTERSECTION - FIRST EVENT COLLISION 09 - 32 EXCLUDING 16,SINGLE VEHICLE,STRAIGHT & LEVEL,DARK-HWY NOT LIGHTED,,,44865.85223,False,50,Accepted,5,5,O,,,,2022,1
5422,30758785,0510100,HENDERSON POLICE DEPARTMENT,Accepted,HENDERSON,US0041,2452,US41,,N,,,,,,,37.87061716,-87.57005811,17.058,2022-10-29,1851,2,2,0,0,CLEAR,DRY,False,REAR END IN TRAFFIC LANES BOTH VEHICLES MOVING,REAR END,STRAIGHT & LEVEL,DARK-HWY LIGHTED/ON,,,44865.8523,False,23,Accepted,5,5,O,,,,2022,1
5423,30760548,0510100,HENDERSON POLICE DEPARTMENT,Accepted,HENDERSON,US0041,2830,US41,,N,,,,,,,37.87963387,-87.56531576,17.729,2022-10-28,1422,2,2,0,0,CLEAR,DRY,False,REAR END IN TRAFFIC LANES BOTH VEHICLES MOVING,REAR END,STRAIGHT & LEVEL,DAYLIGHT,,,44866.38782,False,17,Accepted,5,5,O,,INATTENTION,,2022,1
5424,30760553,0510100,HENDERSON POLICE DEPARTMENT,Accepted,HENDERSON,,,FAGAN,ST,,,BAILEY,,,,,37.8271384,-87.58922698,0.119,2022-10-30,1441,2,2,0,0,RAINING,WET,False,OTHER INTERSECTION COLLISIONS,REAR END,STRAIGHT & LEVEL,DAYLIGHT,,,44866.38799,False,49,Accepted,5,5,O,,INATTENTION,,2022,1
5425,30760554,0510100,HENDERSON POLICE DEPARTMENT,Accepted,HENDERSON,US0041,2749,US41,,N,,,,,,,37.87642442,-87.56731663,17.487,2022-10-28,1359,2,2,0,0,CLEAR,DRY,False,OTHER ROADWAY OR MID-BLOCK COLLISION,REAR END,STRAIGHT & LEVEL,DAYLIGHT,,,44866.38813,False,67,Accepted,5,5,O,,INATTENTION,,2022,1
5426,30760555,0510100,HENDERSON POLICE DEPARTMENT,Accepted,HENDERSON,US0041,,US41,,N,US0041,US41 N EXIT81 OFF RAMP TO US60 W,,,,,37.85925128,-87.57525665,16.217,2022-10-28,1714,2,2,0,0,CLEAR,DRY,False,SIDESWIPE-SAME DIRECTION,SIDESWIPE-SAME DIRECTION,STRAIGHT & LEVEL,DAYLIGHT,,,44866.3882,False,67,Accepted,5,5,O,,INATTENTION,,2022,1
5427,30760661,0510100,HENDERSON POLICE DEPARTMENT,Accepted,HENDERSON,,1400,PRINGLE,ST,,,,,,,,37.82084166,-87.58248337,0.159,2022-10-30,1646,2,2,0,0,CLOUDY,WET,False,1 VEHICLE PARKED POSITION (NOT PARKING LOT/DRIVEWAY),SIDESWIPE-SAME DIRECTION,STRAIGHT & GRADE,DAYLIGHT,,,44866.41028,False,59,Accepted,5,5,O,,"FAILED TO KEEP PROPER LANE, NOT UNDER PROPER CONTROL",,2022,1
5428,30760864,0510100,HENDERSON POLICE DEPARTMENT,Accepted,HENDERSON,US0041,3100,US41,,N,,,,,,,37.88351568,-87.56279864,18.022,2022-10-31,857,2,2,0,0,RAINING,WET,False,SIDESWIPE COLLISION - SAME DIRECTION,SIDESWIPE-SAME DIRECTION,STRAIGHT & LEVEL,DAYLIGHT,,,44866.44618,False,59,Accepted,5,5,O,SLIPPERY SURFACE,"FAILED TO YIELD RIGHT OF WAY, INATTENTION",,2022,1
5431,30762260,0510100,HENDERSON POLICE DEPARTMENT,Accepted,HENDERSON,,351,BITTERSWEET,LN,,,,,,,,37.82998362,-87.55064021,0.366,2022-11-01,639,2,2,0,0,FOG,DRY,False,1 VEHICLE PARKED POSITION (NOT PARKING LOT/DRIVEWAY),ANGLE,STRAIGHT & LEVEL,DARK (UNKNOWN ROADWAY LIGHTING),,,44866.64096,False,64,Accepted,5,5,O,,"FELL ASLEEP, INATTENTION",,2022,1
5432,30762743,0510100,HENDERSON POLICE DEPARTMENT,Accepted,HENDERSON,US0041A,,GREEN,ST,S,,,KY0136,SAND,,TURNER,37.8243725,-87.60245344,14.596,2022-10-28,1140,2,2,0,0,CLEAR,DRY,False,REAR END IN TRAFFIC LANES BOTH VEHICLES MOVING,REAR END,STRAIGHT & LEVEL,DAYLIGHT,,,44866.69237,False,34,Accepted,5,5,O,OTHER,OTHER,,2022,1
5433,30763278,0510100,HENDERSON POLICE DEPARTMENT,Accepted,HENDERSON,KY0425,,KY425,,,,OLD HENDERSON CORYDON,,,,,37.79351162,-87.64290449,0.521,2022-10-30,1835,1,1,0,0,RAINING,WET,False,COLLISION WITH ANIMAL IN INTERSECTION,SINGLE VEHICLE,STRAIGHT & LEVEL,DARK-HWY NOT LIGHTED,,,44866.78484,False,36,Accepted,5,5,O,ANIMALS ACTION,,,2022,1
5434,30768871,0510100,HENDERSON POLICE DEPARTMENT,Accepted,HENDERSON,KY0285,2048,OLD MADISONVILLE,RD,,,,,,,,37.79833128,-87.5899707,1.341,2022-11-02,1829,1,1,0,0,CLEAR,DRY,False,OTHER ROADWAY OR MID-BLOCK COLLISION,SINGLE VEHICLE,STRAIGHT & LEVEL,DARK-HWY LIGHTED/ON,,,44868.04218,False,51,Accepted,5,5,O,,LOST CONSCIOUSNESS/FAINTED,,2022,1
5435,30770545,0510100,HENDERSON POLICE DEPARTMENT,Accepted,HENDERSON,US0041,,US41,,N,,WATSON,,,,,37.87545279,-87.56778294,17.416,2022-11-01,945,2,2,0,0,CLEAR,DRY,False,VEHICLE BACKING IN INTERSECTION,BACKING,STRAIGHT & LEVEL,DAYLIGHT,,,44868.43384,False,67,Accepted,5,5,O,,INATTENTION,,2022,1
5436,30770546,0510100,HENDERSON POLICE DEPARTMENT,Accepted,HENDERSON,,,JAMESTOWN,DR,,,,,BARKER,,BARKER,37.8719807,-87.5730828,0.101,2022-11-02,1251,2,2,0,0,CLEAR,DRY,False,VEHICLE BACKING NON INTERSECTION,BACKING,STRAIGHT & LEVEL,DAYLIGHT,,,44868.43397,False,67,Accepted,5,5,O,,INATTENTION,,2022,1
5438,30770689,0510000,HENDERSON COUNTY SHERIFF DEPT.,Accepted,HENDERSON,US0041A,,GREEN,ST,N,,,,,,,37.83826756,-87.58921908,15.832,2022-11-01,1828,3,3,0,0,CLEAR,DRY,False,REAR END IN TRAFFIC LANES BOTH VEHICLES MOVING,REAR END,STRAIGHT & LEVEL,DARK-HWY LIGHTED/ON,,,44868.46162,False,131,Accepted,5,5,O,,INATTENTION,,2022,1
5440,30770894,0510100,HENDERSON POLICE DEPARTMENT,Accepted,HENDERSON,,2721,CLAYTON,PL,,,,,,,,37.87531975,-87.56445621,0.046,2022-10-16,1606,2,2,0,0,CLEAR,DRY,True,1 VEHICLE PARKED POSITION (NOT PARKING LOT/DRIVEWAY),BACKING,STRAIGHT & LEVEL,DAYLIGHT,,,44868.49909,False,48,Accepted,5,5,O,,INATTENTION,,2022,1
5441,30771513,0510100,HENDERSON POLICE DEPARTMENT,Accepted,HENDERSON,US0060,,GREEN,ST,S,,,,DANA,,COMMUNITY,37.80291338,-87.63961473,9.198,2022-11-01,1555,2,2,0,0,CLEAR,DRY,False,OTHER ROADWAY OR MID-BLOCK COLLISION,OPPOSING LEFT TURN,STRAIGHT & LEVEL,DAYLIGHT,,,44868.61763,False,34,Accepted,5,5,O,,"INATTENTION, MISJUDGE CLEARANCE",,2022,1
5442,30773905,0510100,HENDERSON POLICE DEPARTMENT,Accepted,HENDERSON,AU9005,,,,,,,,,,,37.81073361,-87.56255112,0.219,2022-10-30,526,2,2,0,0,RAINING,WET,True,COLLISION WITH FIXED OBJECT NOT IN GORE ,REAR END,CURVE & LEVEL,DARK-HWY LIGHTED/ON,AU9005,US0041,44869.1108,False,24,Accepted,5,5,O,OTHER,"OTHER, INATTENTION",,2022,1
5443,30785834,0510100,HENDERSON POLICE DEPARTMENT,Accepted,HENDERSON,US0041,,US41 N EXIT81 OFF RAMP TO US60 W (CLOVER,,,,,,,,,37.85762304,-87.57282305,0.111,2022-11-03,738,2,2,0,0,CLEAR,DRY,False,OTHER RAMP RELATED COLLISIONS NOT LISTED ABOVE,REAR END,CURVE & HILLCREST,DAYLIGHT,US0041,US0060,44872.48331,False,66,Accepted,5,5,O,,INATTENTION,,2022,1
5444,30785850,0510100,HENDERSON POLICE DEPARTMENT,Accepted,HENDERSON,,,WASHINGTON,ST,,US0041A,GREEN,,,,,37.83628528,-87.59080496,1.209,2022-11-04,1616,2,2,0,0,CLEAR,DRY,False,ANGLE COLLISION - OTHER,ANGLE,STRAIGHT & LEVEL,DAYLIGHT,,,44872.48381,False,49,Accepted,5,5,O,,DISREGARD TRAFFIC CONTROL,,2022,1
5445,30785875,0510100,HENDERSON POLICE DEPARTMENT,Accepted,HENDERSON,,814,LIEBER,ST,,,,,,,,37.82297503,-87.58395562,0.071,2022-11-05,1716,2,2,0,0,CLOUDY,DRY,True,1 VEHICLE PARKED POSITION (NOT PARKING LOT/DRIVEWAY),SIDESWIPE-SAME DIRECTION,STRAIGHT & GRADE,DUSK,,,44872.48614,False,76,Accepted,5,5,O,,,,2022,1
5446,30786073,0510100,HENDERSON POLICE DEPARTMENT,Accepted,HENDERSON,US0041,,US41,,N,,,,,,,37.85570582,-87.57159735,15.906,2022-11-06,1403,2,2,0,0,CLEAR,DRY,False,SIDESWIPE COLLISION - SAME DIRECTION,SIDESWIPE-SAME DIRECTION,STRAIGHT & LEVEL,DAYLIGHT,,,44872.51846,False,76,Accepted,5,5,O,,"FAILED TO YIELD RIGHT OF WAY, INATTENTION",,2022,1
5447,30786126,0510100,HENDERSON POLICE DEPARTMENT,Accepted,HENDERSON,,679,WATSON,LN,,,,,,,,37.87350749,-87.56112449,0.711,2022-11-04,1819,1,1,0,0,CLEAR,DRY,False,COLLISION WITH ANIMAL NON INTERSECTION,SINGLE VEHICLE,STRAIGHT & LEVEL,DARK (UNKNOWN ROADWAY LIGHTING),,,44872.53467,False,23,Accepted,5,5,O,ANIMALS ACTION,,,2022,1
5453,30792858,0510100,HENDERSON POLICE DEPARTMENT,Accepted,HENDERSON,,1002,ATKINSON,ST,,,,,,,,37.81960171,-87.58210769,0.651,2022-11-07,1752,2,1,0,1,CLEAR,DRY,False,COLLISION WITH PEDESTRIAN NON - INTERSECTION,SINGLE VEHICLE,STRAIGHT & LEVEL,DARK-HWY LIGHTED/ON,,,44873.77781,False,25,Accepted,2,2,A,,,,2022,1
5454,30796141,0510100,HENDERSON POLICE DEPARTMENT,Accepted,HENDERSON,KY0351,1800,ZION,RD,,,,,,,,37.83090874,-87.5675374,1.268,2022-11-08,1300,2,2,0,0,CLEAR,DRY,False,1 VEHICLE ENTERING/LEAVING ENTRANCE,ANGLE,STRAIGHT & LEVEL,DAYLIGHT,,,44874.50552,False,47,Accepted,5,5,O,,INATTENTION,BRAKES DEFECTIVE,2022,1
5455,30796281,0510100,HENDERSON POLICE DEPARTMENT,Accepted,HENDERSON,,,WATSON,LN,,,,,BRINSON,,SUREWAY,37.87508194,-87.56646162,1.024,2022-11-04,1602,2,2,0,0,CLEAR,DRY,False,OTHER ROADWAY OR MID-BLOCK COLLISION,REAR END,STRAIGHT & LEVEL,DAYLIGHT,,,44874.53109,False,48,Accepted,5,5,O,,INATTENTION,,2022,1
5456,30796287,0510100,HENDERSON POLICE DEPARTMENT,Accepted,HENDERSON,US0041,,,,,,,,,,,37.8574041,-87.57121941,0.16,2022-11-08,1425,1,1,0,2,CLEAR,DRY,False,COLLISION WITH FIXED OBJECT NOT IN GORE ,SINGLE VEHICLE,CURVE & HILLCREST,DAYLIGHT,US0041,US0060,44874.53125,False,23,Accepted,5,3,B,,,,2022,1
5459,30801108,0510100,HENDERSON POLICE DEPARTMENT,Accepted,HENDERSON,,136,2ND,ST,,,,,,,,37.84085859,-87.59224405,0.228,2022-11-09,759,2,2,0,0,CLEAR,DRY,False,1 VEHICLE PARKED POSITION (NOT PARKING LOT/DRIVEWAY),BACKING,STRAIGHT & LEVEL,DAYLIGHT,,,44875.54679,False,23,Accepted,5,5,O,,DRUG INVOLVEMENT,,2022,1
5460,30801436,0510100,HENDERSON POLICE DEPARTMENT,Accepted,HENDERSON,US0041,,US41,,N,,,,BARRET,,MARYWOOD,37.86588192,-87.57290403,16.7,2022-11-10,617,2,2,0,1,CLEAR,DRY,False,OTHER ROADWAY OR MID-BLOCK COLLISION,REAR END,STRAIGHT & LEVEL,DAYLIGHT,,,44875.58453,False,67,Accepted,5,4,C,,INATTENTION,,2022,1
5461,30801934,0510100,HENDERSON POLICE DEPARTMENT,Accepted,HENDERSON,US0041A,,GREEN,ST,N,,12TH,,,,,37.85217181,-87.58024648,16.896,2022-11-09,1050,2,2,0,1,CLEAR,DRY,False,ANGLE COLLISION - ONE VEHICLE TURNING LEFT,ANGLE,STRAIGHT & LEVEL,DAYLIGHT,,,44875.65984,False,48,Accepted,5,3,B,,"CELL PHONE, DISREGARD TRAFFIC CONTROL",,2022,1
5462,30802094,0510100,HENDERSON POLICE DEPARTMENT,Accepted,HENDERSON,,,ALVASIA,ST,N,KY0351,2ND,,,,,37.83716342,-87.58269412,0.295,2022-11-09,1521,2,2,0,0,CLEAR,DRY,False,ANGLE COLLISION - OTHER,ANGLE,STRAIGHT & LEVEL,DAYLIGHT,,,44875.68324,False,48,Accepted,5,5,O,,INATTENTION,,2022,1
5463,30802095,0510100,HENDERSON POLICE DEPARTMENT,Accepted,HENDERSON,,,KRESGE,DR,,,,,GREEN,,ARBOR,37.81603763,-87.61472594,,2022-11-10,640,2,2,0,0,CLEAR,DRY,False,SIDESWIPE COLLISION - SAME DIRECTION,SIDESWIPE-SAME DIRECTION,STRAIGHT & LEVEL,DAYLIGHT,,,44875.68333,False,73,Accepted,5,5,O,,INATTENTION,,2022,1
5464,30806122,0510100,HENDERSON POLICE DEPARTMENT,Accepted,HENDERSON,US0041,,US41,,N,,,,,,,37.83738881,-87.56443589,14.572,2022-11-11,459,1,1,0,0,CLEAR,DRY,False,COLLISION WITH ANIMAL NON INTERSECTION,SINGLE VEHICLE,CURVE & LEVEL,DARK-HWY LIGHTED/ON,,,44876.76796,False,25,Accepted,5,5,O,,,,2022,1
5465,30806630,0510100,HENDERSON POLICE DEPARTMENT,Accepted,HENDERSON,US0060,,GREEN,ST,S,,,,,,,37.8026453,-87.64048751,9.147,2022-11-11,433,1,1,0,0,CLEAR,DRY,False,COLLISION WITH ANIMAL NON INTERSECTION,SINGLE VEHICLE,STRAIGHT & LEVEL,DARK-HWY LIGHTED/ON,,,44876.954,False,58,Accepted,5,5,O,,,,2022,1
5479,30816063,0510100,HENDERSON POLICE DEPARTMENT,Accepted,HENDERSON,US0041A,,GREEN,ST,S,,POWELL,,,,,37.83514307,-87.59193163,15.562,2022-11-12,2113,2,2,0,0,CLOUDY,DRY,False,OPPOSING LEFT TURN,OPPOSING LEFT TURN,STRAIGHT & LEVEL,DARK-HWY LIGHTED/ON,,,44879.77539,False,32,Accepted,5,5,O,,"MISJUDGE CLEARANCE, TURNING IMPROPERLY",,2022,1
5480,30816357,0510100,HENDERSON POLICE DEPARTMENT,Accepted,HENDERSON,US0041,,US41,,N,,WATSON,,,,,37.87534128,-87.56781521,17.408,2022-11-10,1029,2,2,0,3,CLEAR,DRY,False,ANGLE COLLISION - OTHER,ANGLE,STRAIGHT & LEVEL,DAYLIGHT,,,44879.84744,False,67,Accepted,4,3,B,"BACKUP DUE TO REGULAR CONGESTION, VIEW OBSTRUCTED/LIMITED DUE TO RDWY",OTHER,,2022,1
5481,30816358,0510100,HENDERSON POLICE DEPARTMENT,Accepted,HENDERSON,,1100,BARRET,BLVD,,,,,,,,37.85956816,-87.56756934,0.272,2022-11-10,1322,2,2,0,0,CLEAR,DRY,False,OTHER ROADWAY OR MID-BLOCK COLLISION,REAR END,STRAIGHT & LEVEL,DAYLIGHT,,,44879.84757,False,67,Accepted,5,5,O,,INATTENTION,,2022,1
5482,30816359,0510100,HENDERSON POLICE DEPARTMENT,Accepted,HENDERSON,US0041,,US41,,N,,,,,,,37.85739276,-87.5733988,16.056,2022-11-10,1227,3,3,0,0,CLEAR,DRY,True,VEHICLE BACKING NON INTERSECTION,BACKING,STRAIGHT & LEVEL,DAYLIGHT,,,44879.84764,False,76,Accepted,5,5,O,BACKUP DUE TO REGULAR CONGESTION,"INATTENTION, MISJUDGE CLEARANCE",,2022,1
5483,30816361,0510100,HENDERSON POLICE DEPARTMENT,Accepted,HENDERSON,US0041A,,GREEN,ST,N,,HERRON,,,,,37.85475688,-87.57788626,17.147,2022-11-11,1040,2,2,0,0,CLEAR,DRY,False,ANGLE COLLISION - OTHER,ANGLE,STRAIGHT & LEVEL,DAYLIGHT,,,44879.84773,False,64,Accepted,5,5,O,,INATTENTION,,2022,1
5484,30816362,0510100,HENDERSON POLICE DEPARTMENT,Accepted,HENDERSON,,400,5TH,ST,,,,,,,,37.84361019,-87.5867178,0.999,2022-11-11,1628,2,2,0,0,CLEAR,DRY,False,1 VEHICLE ENTERING/LEAVING ENTRANCE,ANGLE,STRAIGHT & LEVEL,DUSK,,,44879.84782,False,64,Accepted,5,5,O,,"IMPROPER PASSING, INATTENTION",,2022,1
5485,30816363,0510100,HENDERSON POLICE DEPARTMENT,Accepted,HENDERSON,,1500,PRINGLE,ST,,,ATKINSON,,,,,37.8202856,-87.58150609,0.093,2022-11-12,600,2,2,0,0,SNOWING,SNOW/SLUSH,False,COLLISION WITH PARKED VEHICLE,ANGLE,STRAIGHT & LEVEL,DAWN,,,44879.84791,False,47,Accepted,5,5,O,SLIPPERY SURFACE,NOT UNDER PROPER CONTROL,,2022,1
5486,30816471,0510100,HENDERSON POLICE DEPARTMENT,Accepted,HENDERSON,US0041A,,GREEN,ST,S,,CANOE CREEK,,,,,37.82047739,-87.60789845,14.162,2022-11-13,1352,2,2,0,0,CLEAR,DRY,False,REAR END - ONE VEHICLE TURNING LEFT,REAR END,STRAIGHT & LEVEL,DAYLIGHT,,,44879.87724,False,49,Accepted,5,5,O,,INATTENTION,,2022,1
5487,30816472,0510100,HENDERSON POLICE DEPARTMENT,Accepted,HENDERSON,US0041A,,US41 ALT,,,,,,RICHARDSON,US0041,US41 S EXIT81 OFF RAMP TO US60 W,37.85561614,-87.57641374,17.237,2022-11-13,1013,1,1,0,1,CLEAR,DRY,False,RAN OFF ROADWAY (1 VEHICLE WITH/EARTH EMBANKMENT/DITCH),SINGLE VEHICLE,CURVE & GRADE,DAYLIGHT,,,44879.87732,False,48,Accepted,4,4,C,,OVERCORRECTING/OVERSTEERING,,2022,1
5488,30816474,0510100,HENDERSON POLICE DEPARTMENT,Accepted,HENDERSON,US0060,,US60,,E,,BARRET,,,,,37.85993177,-87.56767418,10.605,2022-11-14,1717,2,2,0,0,CLEAR,DRY,False,OTHER INTERSECTION COLLISIONS,REAR END,STRAIGHT & LEVEL,DARK-HWY LIGHTED/ON,,,44879.87741,False,49,Accepted,5,5,O,,FOLLOWING TOO CLOSE,BRAKES DEFECTIVE,2022,1
5489,30816476,0510100,HENDERSON POLICE DEPARTMENT,Accepted,HENDERSON,US0041,,US41,,N,,WATSON,,,,,37.87535105,-87.56788052,17.409,2022-11-14,658,2,2,0,0,CLEAR,DRY,False,ANGLE COLLISION - ONE VEHICLE TURNING RIGHT,ANGLE,STRAIGHT & LEVEL,DAYLIGHT,,,44879.87749,False,23,Accepted,5,5,O,,"DISREGARD TRAFFIC CONTROL, DISTRACTION",,2022,1
5490,30816651,0510100,HENDERSON POLICE DEPARTMENT,Accepted,HENDERSON,US0041,,US41,,N,,,,MARYWOOD,,CANARY,37.86744936,-87.57204159,16.796,2022-11-08,717,2,2,0,0,CLEAR,DRY,False,SIDESWIPE COLLISION - SAME DIRECTION,SIDESWIPE-SAME DIRECTION,STRAIGHT & LEVEL,DAYLIGHT,,,44879.91825,False,48,Accepted,5,5,O,,INATTENTION,,2022,1
5491,30816652,0510100,HENDERSON POLICE DEPARTMENT,Accepted,HENDERSON,,,POWELL,ST,,US0041A,GREEN,,,,,37.83509653,-87.59187749,0.29,2022-11-12,1121,2,2,0,0,CLEAR,WET,False,OPPOSITE DIRECTION - BOTH VEHICLES GOING STRAIGHT AHEAD,SIDESWIPE-OPPOSITE DIRECTION,STRAIGHT & GRADE,DAYLIGHT,,,44879.91833,False,48,Accepted,5,5,O,"OTHER, VIEW OBSTRUCTED, LIMITED DUE TO WEATHER CONDITIONS",,,2022,1
5495,30820436,0510100,HENDERSON POLICE DEPARTMENT,Accepted,HENDERSON,US0041A,,GREEN,ST,N,,5TH,,,,,37.84328338,-87.58587427,16.212,2022-11-13,1755,2,2,0,0,CLOUDY,DRY,False,OPPOSITE DIRECTION - BOTH VEHICLES GOING STRAIGHT AHEAD,SIDESWIPE-OPPOSITE DIRECTION,STRAIGHT & LEVEL,DARK-HWY LIGHTED/ON,,,44880.75883,False,38,Accepted,5,5,O,,INATTENTION,,2022,1
5496,30820486,0510100,HENDERSON POLICE DEPARTMENT,Accepted,HENDERSON,US0060,,US60,,E,,,,,,,37.85726812,-87.57329602,10.284,2022-11-09,1840,2,2,0,1,CLEAR,DRY,False,REAR END IN TRAFFIC LANES BOTH VEHICLES MOVING,REAR END,STRAIGHT & LEVEL,DARK-HWY LIGHTED/ON,,,44880.76753,False,36,Accepted,5,3,B,,MISJUDGE CLEARANCE,,2022,1
5497,30822439,0510100,HENDERSON POLICE DEPARTMENT,Accepted,HENDERSON,US0041,,US41,,N,,RACETRACK,,,,,37.88301247,-87.56348664,17.974,2022-11-11,1655,2,2,0,0,CLEAR,DRY,False,ANGLE COLLISION - ONE VEHICLE TURNING RIGHT,ANGLE,STRAIGHT & LEVEL,DARK-HWY LIGHTED/ON,,,44881.36292,False,67,Accepted,5,5,O,,"OTHER, INATTENTION",,2022,1
5498,30822584,0510100,HENDERSON POLICE DEPARTMENT,Accepted,HENDERSON,,,WATSON,LN,,,WILDERNESS,,,,,37.8652968,-87.55506534,0.038,2022-11-15,1734,2,2,0,0,CLOUDY,DRY,False,ANGLE COLLISION - OTHER,ANGLE,STRAIGHT & LEVEL,DARK-HWY LIGHTED/ON,,,44881.37243,False,67,Accepted,5,5,O,,INATTENTION,,2022,1
5499,30825652,0510100,HENDERSON POLICE DEPARTMENT,Accepted,HENDERSON,,,WALKER,DR,,,,,,,,37.86961719,-87.57031698,0.027,2022-11-15,1738,2,2,0,0,CLEAR,DRY,False,REAR END IN TRAFFIC LANES BOTH VEHICLES MOVING,REAR END,STRAIGHT & LEVEL,DARK-HWY LIGHTED/ON,,,44881.97548,False,63,Accepted,5,5,O,,INATTENTION,,2022,1
5503,30831331,0510100,HENDERSON POLICE DEPARTMENT,Accepted,HENDERSON,,,ELM,ST,N,,,,ATKINSON PARK RD CONN,,PARK,37.86327715,-87.57548476,1.954,2022-11-16,1633,2,2,0,0,CLOUDY,DRY,False,OTHER ROADWAY OR MID-BLOCK COLLISION,REAR END,STRAIGHT & LEVEL,DUSK,,,44883.36984,False,67,Accepted,5,5,O,,INATTENTION,,2022,1
5504,30831842,0510000,HENDERSON COUNTY SHERIFF DEPT.,Accepted,HENDERSON,KY0136,,MADISON,ST,,,,,,,,37.80175799,-87.57219252,22.059,2022-11-16,1537,2,2,0,0,CLOUDY,DRY,False,OTHER ROADWAY OR MID-BLOCK COLLISION,REAR END,STRAIGHT & GRADE,DAYLIGHT,,,44883.45359,False,131,Accepted,5,5,O,,INATTENTION,,2022,1
5506,30840875,0510100,HENDERSON POLICE DEPARTMENT,Accepted,HENDERSON,US0041A,500,GREEN,ST,S,,JEFFERSON,,,,,37.83177862,-87.59522897,15.253,2022-11-17,1650,2,2,0,1,CLEAR,DRY,False,OPPOSING LEFT TURN,OPPOSING LEFT TURN,STRAIGHT & LEVEL,DUSK,,,44886.38264,False,47,Accepted,5,3,B,,INATTENTION,,2022,1
5507,30840877,0510100,HENDERSON POLICE DEPARTMENT,Accepted,HENDERSON,US0041,2452,US41,,N,,,,,,,37.86588857,-87.57296112,16.699,2022-11-18,1103,2,2,0,0,CLEAR,DRY,False,REAR END IN TRAFFIC LANES BOTH VEHICLES MOVING,REAR END,STRAIGHT & LEVEL,DAYLIGHT,,,44886.38275,False,23,Accepted,5,5,O,,,,2022,1
5508,30840878,0510100,HENDERSON POLICE DEPARTMENT,Accepted,HENDERSON,US0041A,1700,GREEN,ST,S,,,,,,,37.81533473,-87.61597902,13.582,2022-11-18,1207,3,3,0,3,CLEAR,DRY,False,1 VEHICLE ENTERING/LEAVING ENTRANCE,ANGLE,STRAIGHT & LEVEL,DAYLIGHT,,,44886.38294,False,49,Accepted,5,2,A,,"FAILED TO YIELD RIGHT OF WAY, MISJUDGE CLEARANCE",,2022,1
5509,30841942,0510100,HENDERSON POLICE DEPARTMENT,Accepted,HENDERSON,,,WATSON,LN,,,HILLSIDE TERRACE TRAILER PARK,,,,,37.87457945,-87.56421124,0.896,2022-11-18,2151,1,1,0,0,CLEAR,DRY,False,COLLISION WITH ANIMAL IN INTERSECTION,SINGLE VEHICLE,STRAIGHT & LEVEL,DARK-HWY LIGHTED/ON,,,44886.51466,False,32,Accepted,5,5,O,ANIMALS ACTION,,,2022,1
5510,30841943,0510100,HENDERSON POLICE DEPARTMENT,Accepted,HENDERSON,,,ELM,ST,N,,BARKER,,,,,37.87248455,-87.57075319,2.662,2022-11-18,2028,2,2,0,0,CLEAR,DRY,False,COLLISION WITH PARKED VEHICLE,SIDESWIPE-OPPOSITE DIRECTION,STRAIGHT & LEVEL,DARK-HWY LIGHTED/ON,,,44886.51507,False,32,Accepted,5,5,O,BACKUP DUE TO REGULAR CONGESTION,MISJUDGE CLEARANCE,,2022,1
5511,30842083,0510100,HENDERSON POLICE DEPARTMENT,Accepted,HENDERSON,US0041,,US41,,N,,,,RETTIG,,BARRET,37.86542716,-87.57317629,16.664,2022-11-12,419,1,1,0,0,SNOWING,WET,True,OTHER COLLISIONS ON SHOULDER,SINGLE VEHICLE,STRAIGHT & LEVEL,DARK-HWY LIGHTED/ON,,,44886.53922,False,33,Accepted,5,5,O,OTHER,FAILED TO KEEP PROPER LANE,,2022,1