OBJECTID,IncidentID,AgencyORI,AgencyName,IncidentStatusDesc,County,RdwyNumber,Street,RoadwayName,StreetSfx,StreetDir,IntersectionRdwy,IntersectionRdwyName,BetweenStRdwy1,BetweenStRdwyName1,BetweenStRdwy2,BetweenStRdwyName2,Latitude,Longitude,Milepoint,CollisionDate,CollisionTime,UnitsInvolved,MotorVehiclesInvolved,NumberKilled,NumberInjured,Weather,RdwyConditionCode,HitandRun,DirAnalysisCode,MannerofCollision,RdwyCharacter,LightCondition,RampFromRdwyId,RampToRdwyId,AcceptedDate,IsSecondaryCollision,OwnerBadge,IncidentStatus,InjurySeverityCde,KABCO_Code,KABCO,Environmental_Factors,Human_Factors,Vehicular_Factors,CollisionYear,CityCrash
5512,30842167,0510100,HENDERSON POLICE DEPARTMENT,Accepted,HENDERSON,,,CLAY,ST,,,HOLLOWAY,,,,,37.83004895,-87.58709056,0.641,2022-11-18,2118,2,1,0,0,CLEAR,DRY,False,COLLISION WITH PARKED VEHICLE,HEAD ON,STRAIGHT & LEVEL,DARK-HWY LIGHTED/ON,,,44886.51554,False,51,Accepted,5,5,O,,"FATIGUE, FELL ASLEEP",,2022,1
5513,30842510,0510100,HENDERSON POLICE DEPARTMENT,Accepted,HENDERSON,KY0812,,AIRLINE,RD,,,,,DOVE TRAIL,,HALLWAY,37.81859735,-87.56664025,7.154,2022-11-17,1535,2,2,0,0,CLEAR,DRY,False,OTHER ROADWAY OR MID-BLOCK COLLISION,REAR END,STRAIGHT & LEVEL,DAYLIGHT,,,44886.59348,False,49,Accepted,5,5,O,,FOLLOWING TOO CLOSE,,2022,1
5514,30845948,0510100,HENDERSON POLICE DEPARTMENT,Accepted,HENDERSON,,5,MAIN,ST,N,,,,,,,37.83952105,-87.59242096,0.006,2022-11-21,1109,2,2,0,0,CLEAR,DRY,False,1 VEHICLE PARKED POSITION (NOT PARKING LOT/DRIVEWAY),BACKING,STRAIGHT & LEVEL,DAYLIGHT,,,44887.36032,False,17,Accepted,5,5,O,,INATTENTION,,2022,1
5524,30847458,0510100,HENDERSON POLICE DEPARTMENT,Accepted,HENDERSON,KY0812,,AIRLINE,RD,,,HALLWAY,,,,,37.81891277,-87.56724193,7.258,2022-11-09,2223,2,2,0,0,CLEAR,DRY,False,ANGLE COLLISION - OTHER,ANGLE,STRAIGHT & LEVEL,DARK (UNKNOWN ROADWAY LIGHTING),,,44887.61392,False,65,Accepted,5,5,O,,INATTENTION,,2022,1
5525,30847459,0510100,HENDERSON POLICE DEPARTMENT,Accepted,HENDERSON,,,BOB POSEY,ST,,,8TH,,,,,37.84292919,-87.57452523,0.265,2022-11-14,1625,2,2,0,0,CLEAR,DRY,False,OPPOSITE DIRECTION - BOTH VEHICLES GOING STRAIGHT AHEAD,SIDESWIPE-OPPOSITE DIRECTION,STRAIGHT & LEVEL,DUSK,,,44887.61404,False,37,Accepted,5,5,O,,MISJUDGE CLEARANCE,,2022,1
5526,30847461,0510100,HENDERSON POLICE DEPARTMENT,Accepted,HENDERSON,,1300,CLAY,ST,,,LETCHER,,,,,37.82600095,-87.58013646,0.172,2022-11-18,1710,2,2,0,0,CLEAR,DRY,False,ANGLE COLLISION - OTHER,ANGLE,STRAIGHT & LEVEL,DARK (UNKNOWN ROADWAY LIGHTING),,,44887.61421,False,47,Accepted,5,5,O,,INATTENTION,,2022,1
5527,30851510,0510100,HENDERSON POLICE DEPARTMENT,Accepted,HENDERSON,,,2ND,ST,,,,US0041A,GREEN,,ELM,37.84009014,-87.58972534,0.08,2022-11-21,953,2,2,0,0,CLEAR,DRY,False,VEHICLE BACKING NON INTERSECTION,BACKING,STRAIGHT & LEVEL,DAYLIGHT,,,44888.46099,False,34,Accepted,5,5,O,GLARE (SUN),MISJUDGE CLEARANCE,,2022,1
5528,30851516,0510100,HENDERSON POLICE DEPARTMENT,Accepted,HENDERSON,US0041A,,GREEN,ST,N,,,,1ST,KY0351,2ND,37.83850053,-87.58897388,15.852,2022-11-21,1430,2,2,0,0,CLEAR,DRY,False,OTHER ROADWAY OR MID-BLOCK COLLISION,REAR END,STRAIGHT & LEVEL,DAYLIGHT,,,44888.4611,False,34,Accepted,5,5,O,,"FOLLOWING TOO CLOSE, INATTENTION",,2022,1
5529,30851517,0510100,HENDERSON POLICE DEPARTMENT,Accepted,HENDERSON,,,US 41 N,,,,BARRET BLVD,,,,,37.8754414,-87.55507057,,2022-11-22,635,2,2,0,0,CLEAR,DRY,False,COLLISION WITH FIXED OBJECT IN INTERSECTION - FIRST EVENT COLLISION 09 - 32,REAR END,STRAIGHT & LEVEL,DAYLIGHT,,,44888.4612,False,79,Accepted,5,5,O,,INATTENTION,,2022,1
5530,30851536,0510100,HENDERSON POLICE DEPARTMENT,Accepted,HENDERSON,US0041A,,GREEN,ST,N,,5TH,,,,,37.84323084,-87.58600216,16.214,2022-11-17,1647,2,2,0,0,CLEAR,DRY,False,OTHER INTERSECTION COLLISIONS,REAR END,STRAIGHT & LEVEL,DARK-HWY LIGHTED/ON,,,44888.46613,False,37,Accepted,5,5,O,,MISJUDGE CLEARANCE,,2022,1
5531,30851537,0510100,HENDERSON POLICE DEPARTMENT,Accepted,HENDERSON,US0041A,,GREEN,ST,S,,WASHINGTON,,,,,37.83623816,-87.59085024,15.667,2022-11-16,1000,2,2,0,0,CLEAR,DRY,False,ANGLE COLLISION - OTHER,ANGLE,STRAIGHT & LEVEL,DAYLIGHT,,,44888.4662,False,34,Accepted,5,5,O,,"INATTENTION, MISJUDGE CLEARANCE",,2022,1
5533,30864869,0510100,HENDERSON POLICE DEPARTMENT,Accepted,HENDERSON,US0041,2709,US41,,N,,WATSON,,,,,37.87576816,-87.56762142,17.439,2022-11-26,2035,2,2,0,0,RAINING,WET,False,COLLISION WITH PARKED VEHICLE,BACKING,STRAIGHT & GRADE,DARK-HWY LIGHTED/ON,,,44893.1996,False,32,Accepted,5,5,O,,"IMPROPER BACKING, INATTENTION, MISJUDGE CLEARANCE",,2022,1
5534,30867402,0510100,HENDERSON POLICE DEPARTMENT,Accepted,HENDERSON,US0041,,US41,,N,,,,,,,37.85725741,-87.57333506,16.046,2022-11-24,1531,2,2,0,0,CLOUDY,WET,False,SIDESWIPE COLLISION - SAME DIRECTION,SIDESWIPE-SAME DIRECTION,STRAIGHT & LEVEL,DARK-HWY LIGHTED/ON,,,44893.57115,False,24,Accepted,5,5,O,,INATTENTION,,2022,1
5540,30867767,0510100,HENDERSON POLICE DEPARTMENT,Accepted,HENDERSON,KY0351,,2ND,ST,,US0041A,GREEN,,,,,37.83927967,-87.5882492,0.017,2022-11-26,901,1,1,0,1,CLEAR,DRY,False,COLLISION WITH FIXED OBJECT IN INTERSECTION - FIRST EVENT COLLISION 09 - 32,SINGLE VEHICLE,STRAIGHT & LEVEL,DAYLIGHT,,,44893.62329,False,23,Accepted,5,3,B,,"DISTRACTION, INATTENTION, NOT UNDER PROPER CONTROL",,2022,1
5541,30867911,0510100,HENDERSON POLICE DEPARTMENT,Accepted,HENDERSON,US0041A,,GREEN,ST,S,,HANCOCK,,,,,37.82863146,-87.5982659,15.08,2022-11-23,1633,2,2,0,0,CLEAR,DRY,True,REAR END - ONE VEHICLE TURNING LEFT,REAR END,STRAIGHT & LEVEL,DARK-HWY LIGHTED/ON,,,44893.63741,False,49,Accepted,5,5,O,,"FOLLOWING TOO CLOSE, MISJUDGE CLEARANCE",,2022,1
5542,30868352,0510100,HENDERSON POLICE DEPARTMENT,Accepted,HENDERSON,,,WASHINGTON,ST,,US0041A,GREEN,,,,,37.83638687,-87.59094456,1.22,2022-11-22,734,2,2,0,0,CLEAR,DRY,False,OTHER INTERSECTION COLLISIONS,REAR END,STRAIGHT & LEVEL,DAYLIGHT,,,44893.67906,False,37,Accepted,5,5,O,,"DISTRACTION, INATTENTION, MISJUDGE CLEARANCE",,2022,1
5543,30870555,0510100,HENDERSON POLICE DEPARTMENT,Accepted,HENDERSON,,,WATSON,LN,,,,,WILDWOOD CREEK,,GREEN RIVER,37.8712501,-87.5585708,0.497,2022-11-26,2249,1,1,0,1,RAINING,WET,False,COLLISION WITH FIXED OBJECT NON - INTERSECTION - FIRST EVENT COLLISION 09 - 32 EXCLUDING 16,SINGLE VEHICLE,CURVE & GRADE,DARK-HWY LIGHTED/ON,,,44894.25267,False,32,Accepted,5,3,B,SLIPPERY SURFACE,"NOT UNDER PROPER CONTROL, OVERCORRECTING/OVERSTEERING, TOO FAST FOR CONDITIONS",,2022,1
5544,30870693,0510100,HENDERSON POLICE DEPARTMENT,Accepted,HENDERSON,US0041,2500,US41,,N,,BARKER,,,,,37.87252534,-87.56926973,17.197,2022-11-28,727,3,3,0,2,CLEAR,DRY,False,OTHER INTERSECTION COLLISIONS,REAR END,STRAIGHT & LEVEL,DAYLIGHT,,,44894.30318,False,47,Accepted,5,3,B,,INATTENTION,,2022,1
5545,30871118,0510100,HENDERSON POLICE DEPARTMENT,Accepted,HENDERSON,US0041A,,GREEN,ST,S,,CLAY,,,,,37.83372142,-87.59327422,15.441,2022-11-28,1536,2,2,0,2,CLOUDY,DRY,False,ANGLE COLLISION - OTHER,ANGLE,STRAIGHT & LEVEL,DUSK,,,44894.37588,False,49,Accepted,5,4,C,,FAILED TO YIELD RIGHT OF WAY,,2022,1
5546,30874575,0510100,HENDERSON POLICE DEPARTMENT,Accepted,HENDERSON,KY0351,,2ND,ST,,,,,,,,37.83709248,-87.58312276,0.367,2022-11-25,334,1,1,0,0,CLOUDY,DRY,False,COLLISION WITH FIXED OBJECT NON - INTERSECTION - FIRST EVENT COLLISION 09 - 32 EXCLUDING 16,SINGLE VEHICLE,STRAIGHT & LEVEL,DARK-HWY LIGHTED/ON,,,44895.01542,False,58,Accepted,5,5,O,,"ALCOHOL INVOLVEMENT, DRUG INVOLVEMENT, NOT UNDER PROPER CONTROL",STEERING FAILURE,2022,1
5547,30875751,0510100,HENDERSON POLICE DEPARTMENT,Accepted,HENDERSON,US0060,,US60,,E,,,,KILLIECRANKIE,,DEER,37.8632614,-87.56107706,11.041,2022-11-29,824,2,2,0,0,CLEAR,DRY,False,OTHER ROADWAY OR MID-BLOCK COLLISION,REAR END,STRAIGHT & LEVEL,DAYLIGHT,,,44895.33171,False,67,Accepted,5,5,O,,INATTENTION,,2022,1
5548,30875759,0510100,HENDERSON POLICE DEPARTMENT,Accepted,HENDERSON,,,WATSON,LN,,,GREEN RIVER,,,,,37.8692059,-87.55780038,0.35,2022-11-27,1442,2,2,0,0,RAINING,WET,False,OTHER INTERSECTION COLLISIONS,REAR END,STRAIGHT & GRADE,DAYLIGHT,,,44895.33186,False,66,Accepted,5,5,O,SLIPPERY SURFACE,,,2022,1
5553,30879717,0510100,HENDERSON POLICE DEPARTMENT,Accepted,HENDERSON,US0041,,US41,,N,,,,BARKER,,WALKER,37.87048196,-87.57048296,17.041,2022-11-30,1753,2,2,0,0,CLEAR,DRY,False,REAR END IN TRAFFIC LANES BOTH VEHICLES MOVING,REAR END,STRAIGHT & LEVEL,DARK-HWY LIGHTED/ON,,,44896.04968,False,33,Accepted,5,5,O,,FOLLOWING TOO CLOSE,,2022,1
5554,30879770,0510100,HENDERSON POLICE DEPARTMENT,Accepted,HENDERSON,,,BARRET,BLVD,,US0060,US60,,,,,37.85943136,-87.56747549,0.313,2022-06-14,1803,2,2,0,0,CLEAR,DRY,False,OTHER INTERSECTION COLLISIONS,REAR END,STRAIGHT & HILLCREST,DAYLIGHT,,,44896.05948,False,33,Accepted,5,5,O,,INATTENTION,,2022,1
5555,30879816,0510100,HENDERSON POLICE DEPARTMENT,Accepted,HENDERSON,,516,MAIN,ST,S,,,,,,,37.83283828,-87.59884469,1.649,2022-11-30,1752,1,1,0,0,CLEAR,DRY,True,COLLISION WITH FIXED OBJECT NON - INTERSECTION - FIRST EVENT COLLISION 09 - 32 EXCLUDING 16,SINGLE VEHICLE,STRAIGHT & LEVEL,DARK (UNKNOWN ROADWAY LIGHTING),,,44896.0765,False,31,Accepted,5,5,O,,DRUG INVOLVEMENT,,2022,1
5556,30880779,0510100,HENDERSON POLICE DEPARTMENT,Accepted,HENDERSON,US0041,2800,US41,,N,,,,,,,37.87917874,-87.56575613,17.694,2022-11-26,1403,2,2,0,0,CLEAR,DRY,False,OTHER ROADWAY OR MID-BLOCK COLLISION,OPPOSING LEFT TURN,STRAIGHT & LEVEL,DAYLIGHT,,,44896.33984,False,66,Accepted,5,5,O,,"INATTENTION, MISJUDGE CLEARANCE",,2022,1
5557,30880851,0510100,HENDERSON POLICE DEPARTMENT,Accepted,HENDERSON,US0041,,US41,,N,,,,PAUL,,WATSON,37.87446117,-87.56819622,17.344,2022-11-30,1018,2,2,0,0,CLOUDY,DRY,False,OTHER ROADWAY OR MID-BLOCK COLLISION,REAR END,STRAIGHT & LEVEL,DAYLIGHT,,,44896.35397,False,67,Accepted,5,5,O,,INATTENTION,,2022,1
5558,30880853,0510100,HENDERSON POLICE DEPARTMENT,Accepted,HENDERSON,,911,STAPP,DR,,,,,,,,37.86152603,-87.56783902,0.098,2022-11-29,618,2,2,0,0,CLOUDY,DRY,False,1 VEHICLE PARKED POSITION (NOT PARKING LOT/DRIVEWAY),BACKING,STRAIGHT & LEVEL,DAYLIGHT,,,44896.35403,False,67,Accepted,5,5,O,,INATTENTION,,2022,1
5559,30880855,0510100,HENDERSON POLICE DEPARTMENT,Accepted,HENDERSON,,,JOHN JAMES AUDUBON STATE,PARK,,,,,,,,37.8822831,-87.55732665,0.037,2022-11-26,1619,2,2,0,0,CLEAR,DRY,False,1 VEHICLE PARKED POSITION (NOT PARKING LOT/DRIVEWAY),BACKING,STRAIGHT & LEVEL,DUSK,,,44896.35411,False,66,Accepted,5,5,O,,INATTENTION,,2022,1
5560,30880867,0510100,HENDERSON POLICE DEPARTMENT,Accepted,HENDERSON,,,ELM,ST,N,,12TH,,,,,37.85277742,-87.58193242,1.146,2022-11-30,1115,2,2,0,0,CLEAR,DRY,False,ANGLE COLLISION - ONE VEHICLE TURNING LEFT,ANGLE,STRAIGHT & LEVEL,DAYLIGHT,,,44896.35797,False,34,Accepted,5,5,O,,"INATTENTION, DISREGARD TRAFFIC CONTROL",BRAKES DEFECTIVE,2022,1
5566,30891166,0510100,HENDERSON POLICE DEPARTMENT,Accepted,HENDERSON,US0060,,US60,,E,,BARRET,,,,,37.85985741,-87.56779689,10.596,2022-12-03,1813,2,2,0,0,CLEAR,DRY,True,OTHER INTERSECTION COLLISIONS,REAR END,STRAIGHT & LEVEL,DARK (UNKNOWN ROADWAY LIGHTING),,,44899.10571,False,63,Accepted,5,5,O,,,,2022,1
5567,30894673,0510100,HENDERSON POLICE DEPARTMENT,Accepted,HENDERSON,KY0136,600,SAND,LN,,,FAIRGROUND,,,,,37.82129938,-87.59937618,19.813,2022-12-02,707,2,2,0,0,CLEAR,DRY,False,REAR END - ONE VEHICLE TURNING LEFT,REAR END,STRAIGHT & LEVEL,DAYLIGHT,,,44900.34742,False,47,Accepted,5,5,O,,INATTENTION,BRAKES DEFECTIVE,2022,1
5568,30894675,0510100,HENDERSON POLICE DEPARTMENT,Accepted,HENDERSON,US0041,,US41,,N,,ROBIN,,,,,37.86856297,-87.57176467,16.887,2022-12-02,1128,2,2,0,0,CLEAR,DRY,False,OPPOSING LEFT TURN,OPPOSING LEFT TURN,STRAIGHT & LEVEL,DAYLIGHT,,,44900.34755,False,23,Accepted,5,5,O,,"FAILED TO YIELD RIGHT OF WAY, INATTENTION, TURNING IMPROPERLY",,2022,1
5569,30894676,0510100,HENDERSON POLICE DEPARTMENT,Accepted,HENDERSON,KY0285,1739,OLD MADISONVILLE,RD,,,,,,,,37.81275889,-87.5870698,2.37,2022-12-01,1643,1,1,0,0,CLEAR,DRY,False,COLLISION WITH ANIMAL NON INTERSECTION,SINGLE VEHICLE,STRAIGHT & LEVEL,DARK-HWY LIGHTED/ON,,,44900.34763,False,49,Accepted,5,5,O,ANIMALS ACTION,,,2022,1
5570,30894678,0510100,HENDERSON POLICE DEPARTMENT,Accepted,HENDERSON,US0041A,1759,GREEN,ST,S,,,,,,,37.8142553,-87.61757685,13.456,2022-12-02,652,2,2,0,0,CLEAR,DRY,False,SIDESWIPE COLLISION - SAME DIRECTION,SIDESWIPE-SAME DIRECTION,STRAIGHT & LEVEL,DAYLIGHT,,,44900.34771,False,49,Accepted,5,5,O,,,,2022,1
5571,30894679,0510100,HENDERSON POLICE DEPARTMENT,Accepted,HENDERSON,US0041A,,GREEN,ST,N,,CENTER,,,,,37.83722846,-87.58993189,15.746,2022-12-02,727,2,2,0,0,CLEAR,DRY,False,OTHER INTERSECTION COLLISIONS,REAR END,STRAIGHT & GRADE,DAYLIGHT,,,44900.34777,False,66,Accepted,5,5,O,,INATTENTION,"WINDOWS, WINDSHIELD",2022,1
5572,30896354,0510000,HENDERSON COUNTY SHERIFF DEPT.,Accepted,HENDERSON,KY0425,,KY425,,,,,,,,,37.79678037,-87.64506837,0.172,2022-12-02,1851,1,1,0,0,RAINING,WET,False,COLLISION WITH ANIMAL NON INTERSECTION,SINGLE VEHICLE,STRAIGHT & LEVEL,DARK-HWY NOT LIGHTED,,,44900.60653,False,140,Accepted,5,5,O,ANIMALS ACTION,,,2022,1
5576,30897774,0510100,HENDERSON POLICE DEPARTMENT,Accepted,HENDERSON,,822,ELM,ST,S,,,,,,,37.82883409,-87.60042378,0.485,2022-11-27,959,1,1,0,0,CLOUDY,WET,False,COLLISION WITH FIXED OBJECT NON - INTERSECTION - FIRST EVENT COLLISION 09 - 32 EXCLUDING 16,SINGLE VEHICLE,STRAIGHT & LEVEL,DAYLIGHT,,,44900.87092,False,49,Accepted,5,5,O,,TOO FAST FOR CONDITIONS,,2022,1
5577,30899120,0510100,HENDERSON POLICE DEPARTMENT,Accepted,HENDERSON,US0041A,,GREEN,ST,S,,CLAY,,,,,37.83435019,-87.59269144,15.496,2022-12-01,1708,2,2,0,0,CLEAR,DRY,False,OTHER INTERSECTION COLLISIONS,REAR END,STRAIGHT & LEVEL,DARK-HWY LIGHTED/ON,,,44901.31296,False,37,Accepted,5,5,O,,MISJUDGE CLEARANCE,,2022,1
5578,30900365,0510100,HENDERSON POLICE DEPARTMENT,Accepted,HENDERSON,US0041A,,GREEN,ST,S,,SAND,,,,,37.8238291,-87.60319792,14.516,2022-12-05,907,2,2,0,0,CLEAR,DRY,False,ANGLE COLLISION - OTHER,ANGLE,STRAIGHT & LEVEL,DAYLIGHT,,,44901.51898,False,64,Accepted,5,5,O,,"INATTENTION, MISJUDGE CLEARANCE",,2022,1
5579,30903878,0510100,HENDERSON POLICE DEPARTMENT,Accepted,HENDERSON,,,WRIGHT,ST,,,MILL,,,,,37.82158601,-87.58620045,0.059,2022-12-05,1434,2,2,0,0,RAINING,WET,False,ANGLE COLLISION - OTHER,ANGLE,STRAIGHT & LEVEL,DAYLIGHT,,,44902.30462,False,64,Accepted,5,5,O,SLIPPERY SURFACE,,BRAKES DEFECTIVE,2022,1
5580,30904088,0510100,HENDERSON POLICE DEPARTMENT,Accepted,HENDERSON,KY0425,,KY425,,,,OLD HENDERSON CORYDON,,,,,37.794659,-87.64390963,0.435,2022-12-05,1108,3,3,0,1,CLEAR,DRY,False,REAR END - ONE VEHICLE TURNING LEFT,REAR END,STRAIGHT & LEVEL,DAYLIGHT,,,44902.33391,False,23,Accepted,5,4,C,,INATTENTION,BRAKES DEFECTIVE,2022,1
5581,30904089,0510100,HENDERSON POLICE DEPARTMENT,Accepted,HENDERSON,,,ELM,ST,N,,,,SPRINGWOOD,,RETTIG,37.86863042,-87.57375885,2.349,2022-12-05,1700,2,2,0,1,CLOUDY,WET,False,OTHER ROADWAY OR MID-BLOCK COLLISION,REAR END,STRAIGHT & LEVEL,DARK (UNKNOWN ROADWAY LIGHTING),,,44902.33397,False,67,Accepted,3,3,B,SLIPPERY SURFACE,CELL PHONE,,2022,1
5582,30904094,0510100,HENDERSON POLICE DEPARTMENT,Accepted,HENDERSON,US0041,14,US41,,N,,,,,,,37.83646732,-87.56500559,14.507,2022-12-06,721,1,1,0,1,FOG,WET,False,OTHER ROADWAY OR MID-BLOCK COLLISION,SINGLE VEHICLE,STRAIGHT & LEVEL,DAWN,,,44902.33415,False,59,Accepted,3,3,B,,"FATIGUE, FELL ASLEEP",,2022,1
5583,30904095,0510100,HENDERSON POLICE DEPARTMENT,Accepted,HENDERSON,,300,STARLIGHT,DR,,US0060,US60,,,,,37.86424021,-87.55856297,0.001,2022-12-06,808,1,1,0,0,FOG WITH RAIN,WET,False,COLLISION WITH FIXED OBJECT IN INTERSECTION - FIRST EVENT COLLISION 09 - 32,SINGLE VEHICLE,STRAIGHT & LEVEL,DAYLIGHT,,,44902.33421,False,47,Accepted,5,5,O,OTHER,,,2022,1
5584,30904098,0510100,HENDERSON POLICE DEPARTMENT,Accepted,HENDERSON,,117,ELM,ST,S,,,,,,,37.83693187,-87.59247914,1.193,2022-12-02,1340,2,2,0,0,CLEAR,DRY,False,1 VEHICLE PARKED POSITION (NOT PARKING LOT/DRIVEWAY),ANGLE,STRAIGHT & LEVEL,DAYLIGHT,,,44902.33435,False,47,Accepted,5,5,O,,MISJUDGE CLEARANCE,,2022,1
5587,30904834,0510100,HENDERSON POLICE DEPARTMENT,Accepted,HENDERSON,,800,SINCLAIR,AVE,,,GREEN RIVER,,,,,37.86695953,-87.56085252,0.004,2022-12-06,1430,2,2,0,0,CLOUDY,DRY,False,VEHICLE BACKING IN INTERSECTION,BACKING,STRAIGHT & LEVEL,DAYLIGHT,,,44902.44183,False,47,Accepted,5,5,O,,INATTENTION,,2022,1
5588,30904835,0510100,HENDERSON POLICE DEPARTMENT,Accepted,HENDERSON,US0041A,,GREEN,ST,S,,MCCLAIN,,,,,37.81715987,-87.61314538,13.803,2022-12-06,1629,2,2,0,2,RAINING,WET,False,REAR END - ONE VEHICLE TURNING LEFT,REAR END,STRAIGHT & LEVEL,DARK-HWY NOT LIGHTED,,,44902.44187,False,49,Accepted,5,4,C,,INATTENTION,,2022,1
5589,30908612,0510100,HENDERSON POLICE DEPARTMENT,Accepted,HENDERSON,KY0351,3396,ZION,RD,,,,,,,,37.82556529,-87.5465556,2.49,2022-12-02,1855,3,3,0,0,CLOUDY,WET,False,1 VEHICLE ENTERING/LEAVING ENTRANCE,ANGLE,STRAIGHT & LEVEL,DARK-HWY LIGHTED/ON,,,44903.24832,False,36,Accepted,5,5,O,,"ALCOHOL INVOLVEMENT, INATTENTION, MISJUDGE CLEARANCE",,2022,1
5593,30910240,0510100,HENDERSON POLICE DEPARTMENT,Accepted,HENDERSON,,100,WATER,ST,S,,,,,,,37.8376549,-87.59625567,0.189,2022-11-27,655,2,2,0,2,RAINING,WET,True,1 VEHICLE ENTERING/LEAVING ENTRANCE,ANGLE,STRAIGHT & LEVEL,DAYLIGHT,,,44903.5762,False,15,Accepted,4,3,B,,"IMPROPER PASSING, NOT UNDER PROPER CONTROL",,2022,1
5594,30910395,0510100,HENDERSON POLICE DEPARTMENT,Accepted,HENDERSON,,1200,LOEB,ST,,,,,,,,37.82524705,-87.58385205,0.122,2022-12-06,1713,2,2,0,0,CLOUDY,WET,False,1 VEHICLE PARKED POSITION (NOT PARKING LOT/DRIVEWAY),BACKING,STRAIGHT & LEVEL,DARK-HWY NOT LIGHTED,,,44903.59953,False,59,Accepted,5,5,O,,INATTENTION,,2022,1
5595,30910396,0510100,HENDERSON POLICE DEPARTMENT,Accepted,HENDERSON,,,MAIN,ST,N,,,,4TH,,3RD,37.84329862,-87.59001417,0.298,2022-12-06,853,1,1,0,0,FOG WITH RAIN,WET,False,OTHER ROADWAY OR MID-BLOCK COLLISION,SINGLE VEHICLE,STRAIGHT & LEVEL,DAYLIGHT,,,44903.59962,False,48,Accepted,5,5,O,,MISJUDGE CLEARANCE,,2022,1
5596,30910398,0510100,HENDERSON POLICE DEPARTMENT,Accepted,HENDERSON,US0041A,,GREEN,ST,N,,10TH,,,,,37.84954268,-87.58191366,16.71,2022-12-06,1736,2,2,0,0,FOG WITH RAIN,WET,False,OPPOSING LEFT TURN,OPPOSING LEFT TURN,STRAIGHT & LEVEL,DARK-HWY LIGHTED/ON,,,44903.59971,False,48,Accepted,5,5,O,,INATTENTION,,2022,1
5597,30913470,0510100,HENDERSON POLICE DEPARTMENT,Accepted,HENDERSON,,100,1ST,ST,,,MAIN,,,,,37.83944083,-87.59247178,0.098,2022-12-07,1059,2,2,0,0,CLOUDY,DRY,False,VEHICLE BACKING IN INTERSECTION,BACKING,STRAIGHT & LEVEL,DAYLIGHT,,,44904.36867,False,59,Accepted,5,5,O,,INATTENTION,,2022,1
5598,30913474,0510100,HENDERSON POLICE DEPARTMENT,Accepted,HENDERSON,US0060,1900,US60,,E,,,,,,,37.85940171,-87.56907754,10.527,2022-12-02,1626,3,3,0,0,RAINING,WET,False,REAR END IN TRAFFIC LANES BOTH VEHICLES MOVING,REAR END,STRAIGHT & GRADE,DARK-HWY LIGHTED/ON,,,44904.36889,False,66,Accepted,5,5,O,SLIPPERY SURFACE,INATTENTION,,2022,1
5599,30913689,0510100,HENDERSON POLICE DEPARTMENT,Accepted,HENDERSON,US0041A,,GREEN,ST,S,,CENTER,,,,,37.83724088,-87.58991058,15.744,2022-12-03,930,2,2,0,1,CLEAR,DRY,False,ANGLE COLLISION - ONE VEHICLE TURNING LEFT,ANGLE,STRAIGHT & LEVEL,DAYLIGHT,,,44904.41187,False,34,Accepted,5,3,B,GLARE (SUN),"INATTENTION, MISJUDGE CLEARANCE",,2022,1
5600,30914062,0510100,HENDERSON POLICE DEPARTMENT,Accepted,HENDERSON,US0060,,US60,,E,,,,,,,37.85946124,-87.56864641,10.548,2022-12-07,1210,2,2,0,0,CLOUDY,DRY,False,SIDESWIPE COLLISION - SAME DIRECTION,SIDESWIPE-SAME DIRECTION,STRAIGHT & HILLCREST,DAYLIGHT,,,44904.47289,False,37,Accepted,5,5,O,,MISJUDGE CLEARANCE,,2022,1
5601,30914418,0510100,HENDERSON POLICE DEPARTMENT,Accepted,HENDERSON,US0041A,,GREEN,ST,S,,,,MCCLAIN,,KRESGE,37.81649647,-87.61414692,,2022-12-08,1330,2,2,0,0,RAINING,WET,False,1 VEHICLE ENTERING/LEAVING ENTRANCE,ANGLE,STRAIGHT & LEVEL,DAYLIGHT,,,44904.56152,False,73,Accepted,5,5,O,SLIPPERY SURFACE,INATTENTION,,2022,1
5602,30915821,0510100,HENDERSON POLICE DEPARTMENT,Accepted,HENDERSON,US0041A,721,GREEN,ST,N,,,,,,,37.84638858,-87.58388431,16.492,2022-12-08,1905,2,2,0,0,RAINING,WET,False,1 VEHICLE ENTERING/LEAVING ENTRANCE,ANGLE,STRAIGHT & LEVEL,DARK-HWY LIGHTED/ON,,,44904.88615,False,25,Accepted,5,5,O,,INATTENTION,,2022,1
5603,30918604,0510100,HENDERSON POLICE DEPARTMENT,Accepted,HENDERSON,US0041,,US41,,N,,,,,,,37.84589925,-87.56618192,15.173,2022-12-07,1827,2,2,0,0,CLEAR,DRY,False,SIDESWIPE COLLISION - SAME DIRECTION,SIDESWIPE-SAME DIRECTION,STRAIGHT & LEVEL,DARK-HWY LIGHTED/ON,,,44906.01866,False,50,Accepted,5,5,O,,INATTENTION,,2022,1
5607,30923716,0510100,HENDERSON POLICE DEPARTMENT,Accepted,HENDERSON,US0041,2214,US41,,N,,,,,,,37.8680909,-87.57167254,16.84,2022-12-09,1645,2,2,0,0,CLEAR,DRY,False,1 VEHICLE ENTERING/LEAVING ENTRANCE,ANGLE,STRAIGHT & LEVEL,DARK-HWY LIGHTED/ON,,,44907.48666,False,23,Accepted,5,5,O,,INATTENTION,,2022,1