OBJECTID,IncidentID,AgencyORI,AgencyName,IncidentStatusDesc,County,RdwyNumber,Street,RoadwayName,StreetSfx,StreetDir,IntersectionRdwy,IntersectionRdwyName,BetweenStRdwy1,BetweenStRdwyName1,BetweenStRdwy2,BetweenStRdwyName2,Latitude,Longitude,Milepoint,CollisionDate,CollisionTime,UnitsInvolved,MotorVehiclesInvolved,NumberKilled,NumberInjured,Weather,RdwyConditionCode,HitandRun,DirAnalysisCode,MannerofCollision,RdwyCharacter,LightCondition,RampFromRdwyId,RampToRdwyId,AcceptedDate,IsSecondaryCollision,OwnerBadge,IncidentStatus,InjurySeverityCde,KABCO_Code,KABCO,Environmental_Factors,Human_Factors,Vehicular_Factors,CollisionYear,CityCrash
5608,30923871,0510100,HENDERSON POLICE DEPARTMENT,Accepted,HENDERSON,US0041A,,GREEN,ST,S,,BORAX,,,,,37.81149556,-87.6221324,13.139,2022-12-07,1718,3,3,0,0,CLOUDY,DRY,False,OTHER INTERSECTION COLLISIONS,REAR END,STRAIGHT & LEVEL,DARK-HWY NOT LIGHTED,,,44907.50686,False,49,Accepted,5,5,O,,FOLLOWING TOO CLOSE,,2022,1
5609,30923872,0510100,HENDERSON POLICE DEPARTMENT,Accepted,HENDERSON,,,BARRET,BLVD,,US0041,US41,,,,,37.86434305,-87.5737063,0.899,2022-12-10,858,2,2,0,1,CLOUDY,DRY,True,OTHER INTERSECTION COLLISIONS,REAR END,STRAIGHT & LEVEL,DAYLIGHT,,,44907.50696,False,59,Accepted,4,4,C,,,,2022,1
5610,30927000,0510100,HENDERSON POLICE DEPARTMENT,Accepted,HENDERSON,,1300,WASHINGTON,ST,,,,,,,,37.82899329,-87.57875413,0.379,2022-12-08,207,2,2,0,0,RAINING,WET,True,1 VEHICLE PARKED POSITION (NOT PARKING LOT/DRIVEWAY),ANGLE,STRAIGHT & LEVEL,DARK-HWY LIGHTED/ON,,,44908.14637,False,36,Accepted,5,5,O,,NOT UNDER PROPER CONTROL,,2022,1
5611,30927708,0510100,HENDERSON POLICE DEPARTMENT,Accepted,HENDERSON,US0041A,,GREEN,ST,N,,5TH,,,,,37.84323694,-87.58597499,16.214,2022-12-09,1547,2,2,0,1,CLEAR,DRY,False,ANGLE COLLISION - OTHER,ANGLE,STRAIGHT & LEVEL,DAYLIGHT,,,44908.35491,False,64,Accepted,4,4,C,,INATTENTION,,2022,1
5612,30927709,0510100,HENDERSON POLICE DEPARTMENT,Accepted,HENDERSON,US0041,2600,US41,,N,,PAUL,,,,,37.87426426,-87.56836644,17.321,2022-12-12,1625,2,2,0,0,CLEAR,DRY,False,OPPOSING LEFT TURN,OPPOSING LEFT TURN,STRAIGHT & LEVEL,DUSK,,,44908.35505,False,59,Accepted,5,5,O,BACKUP DUE TO REGULAR CONGESTION,"FAILED TO KEEP PROPER LANE, INATTENTION",,2022,1
5613,30927837,0510100,HENDERSON POLICE DEPARTMENT,Accepted,HENDERSON,,100,INGRAM,ST,N,,1ST,,,,,37.83770679,-87.58773908,0.574,2022-12-07,1145,2,2,0,0,CLEAR,DRY,True,COLLISION WITH PARKED VEHICLE,HEAD ON,STRAIGHT & LEVEL,DAYLIGHT,,,44908.38171,False,47,Accepted,5,5,O,,,,2022,1
5614,30927839,0510100,HENDERSON POLICE DEPARTMENT,Accepted,HENDERSON,,724,6TH,ST,,,,,,,,37.84179812,-87.5796786,0.193,2022-12-09,1704,1,1,0,0,BLOWING SAND/SOIL/DIRT/SNOW,DRY,False,COLLISION WITH FIXED OBJECT NON - INTERSECTION - FIRST EVENT COLLISION 09 - 32 EXCLUDING 16,SINGLE VEHICLE,CURVE & LEVEL,DARK (UNKNOWN ROADWAY LIGHTING),,,44908.38187,False,64,Accepted,5,5,O,,MISJUDGE CLEARANCE,,2022,1
5615,30929094,0510100,HENDERSON POLICE DEPARTMENT,Accepted,HENDERSON,US0041A,,GREEN,ST,N,,14TH,,,,,37.85408438,-87.57885623,17.075,2022-12-03,1445,2,2,0,1,CLEAR,DRY,False,OTHER INTERSECTION COLLISIONS,REAR END,STRAIGHT & LEVEL,DAYLIGHT,,,44908.58975,False,34,Accepted,4,4,C,,INATTENTION,,2022,1
5616,30929096,0510100,HENDERSON POLICE DEPARTMENT,Accepted,HENDERSON,,,INGRAM,ST,N,,,,CENTER,,1ST,37.83689753,-87.58825823,0.636,2022-12-05,1040,2,2,0,0,CLEAR,DRY,True,1 VEHICLE PARKED POSITION (NOT PARKING LOT/DRIVEWAY),BACKING,STRAIGHT & LEVEL,DAYLIGHT,,,44908.58999,False,34,Accepted,5,5,O,,,,2022,1
5622,30932831,0510100,HENDERSON POLICE DEPARTMENT,Accepted,HENDERSON,US0041A,,GREEN,ST,N,,10TH,,,,,37.84976625,-87.58176223,16.731,2022-12-12,953,2,2,0,0,CLEAR,DRY,False,VEHICLE BACKING IN INTERSECTION,BACKING,STRAIGHT & LEVEL,DAYLIGHT,,,44909.39107,False,37,Accepted,5,5,O,,"DISTRACTION, INATTENTION, MISJUDGE CLEARANCE",,2022,1
5623,30932832,0510100,HENDERSON POLICE DEPARTMENT,Accepted,HENDERSON,,,7TH,ST,,,,,,,,37.84398302,-87.57980452,0.577,2022-12-05,1230,2,2,0,0,CLEAR,DRY,False,1 VEHICLE PARKED POSITION (NOT PARKING LOT/DRIVEWAY),SIDESWIPE-SAME DIRECTION,STRAIGHT & LEVEL,DAYLIGHT,,,44909.39114,False,34,Accepted,5,5,O,,MISJUDGE CLEARANCE,,2022,1
5624,30933353,0510100,HENDERSON POLICE DEPARTMENT,Accepted,HENDERSON,,,GARDEN MILE,RD,N,,STADIUM,,,,,37.82228252,-87.55914535,0.42,2022-12-13,752,2,2,0,0,CLEAR,DRY,False,REAR END - ONE VEHICLE TURNING LEFT,REAR END,STRAIGHT & LEVEL,DAYLIGHT,,,44909.46168,False,23,Accepted,5,5,O,,,,2022,1
5625,30933354,0510100,HENDERSON POLICE DEPARTMENT,Accepted,HENDERSON,,100,1ST,ST,,,,,,,,37.83967231,-87.5930683,0.062,2022-12-13,1320,2,2,0,0,CLEAR,DRY,False,VEHICLE BACKING NON INTERSECTION,BACKING,STRAIGHT & LEVEL,DAYLIGHT,,,44909.46173,False,64,Accepted,5,5,O,,INATTENTION,,2022,1
5626,30935803,0510100,HENDERSON POLICE DEPARTMENT,Accepted,HENDERSON,US0041,,US41,,N,,,,,,,37.88393351,-87.56247137,18.056,2022-12-14,1956,2,2,0,0,RAINING,WET,False,SIDESWIPE COLLISION - SAME DIRECTION,SIDESWIPE-SAME DIRECTION,STRAIGHT & LEVEL,DARK (UNKNOWN ROADWAY LIGHTING),,,44909.95685,False,31,Accepted,5,5,O,,FAILED TO KEEP PROPER LANE,,2022,1
5627,30935814,0510100,HENDERSON POLICE DEPARTMENT,Accepted,HENDERSON,US0041A,,GREEN,ST,S,KY0136,SAND,,,,,37.8237563,-87.60311243,14.52,2022-12-13,1817,2,2,0,2,CLOUDY,DRY,False,ANGLE COLLISION - OTHER,ANGLE,STRAIGHT & LEVEL,DARK-HWY LIGHTED/ON,,,44909.96124,False,33,Accepted,5,3,B,,"FAILED TO YIELD RIGHT OF WAY, MISJUDGE CLEARANCE",,2022,1
5632,30941010,0510100,HENDERSON POLICE DEPARTMENT,Accepted,HENDERSON,KY0351,,2ND,ST,,,KLUTEY PARK PLAZA,,,,,37.83235741,-87.57144529,1.054,2022-12-12,1742,2,2,0,0,CLEAR,DRY,False,ANGLE COLLISION - ONE VEHICLE TURNING LEFT,ANGLE,STRAIGHT & LEVEL,DUSK,,,44911.16893,False,36,Accepted,5,5,O,,TURNING IMPROPERLY,,2022,1
5633,30942212,0510100,HENDERSON POLICE DEPARTMENT,Accepted,HENDERSON,,,GARDEN MILE,RD,N,,STADIUM,,,,,37.82255909,-87.55912675,0.4,2022-12-15,1601,2,2,0,1,CLEAR,DRY,False,ANGLE COLLISION - OTHER,ANGLE,STRAIGHT & LEVEL,DARK-HWY LIGHTED/ON,,,44911.40399,False,49,Accepted,5,4,C,,MISJUDGE CLEARANCE,,2022,1
5634,30942314,0510100,HENDERSON POLICE DEPARTMENT,Accepted,HENDERSON,,1413,ELM,ST,N,,,,,,,37.8557288,-87.58046453,1.355,2022-12-14,1155,2,2,0,0,CLEAR,DRY,False,1 VEHICLE ENTERING/LEAVING ENTRANCE,ANGLE,STRAIGHT & LEVEL,DAYLIGHT,,,44911.42517,False,23,Accepted,5,5,O,,DRUG INVOLVEMENT,,2022,1
5635,30942317,0510100,HENDERSON POLICE DEPARTMENT,Accepted,HENDERSON,US0041A,,GREEN,ST,S,,WASHINGTON,,,,,37.83628266,-87.59076373,15.665,2022-12-05,1313,2,2,0,2,CLEAR,DRY,False,ANGLE COLLISION - ONE VEHICLE TURNING LEFT,ANGLE,STRAIGHT & HILLCREST,DAYLIGHT,,,44911.42529,False,34,Accepted,5,4,C,,"DISREGARD TRAFFIC CONTROL, INATTENTION",,2022,1
5636,30942318,0510100,HENDERSON POLICE DEPARTMENT,Accepted,HENDERSON,US0041A,,GREEN,ST,S,,BORAX,,,,,37.81110428,-87.62278876,13.097,2022-12-12,1420,2,2,0,0,CLEAR,DRY,False,OTHER INTERSECTION COLLISIONS,REAR END,STRAIGHT & LEVEL,DAYLIGHT,,,44911.42535,False,49,Accepted,5,5,O,,FOLLOWING TOO CLOSE,,2022,1
5637,30942537,0510100,HENDERSON POLICE DEPARTMENT,Accepted,HENDERSON,,1200,ATKINSON,ST,,,,,,,,37.81819354,-87.58322249,0.766,2022-12-15,1550,2,2,0,0,CLOUDY,DRY,False,REAR END IN TRAFFIC LANES BOTH VEHICLES MOVING,REAR END,STRAIGHT & LEVEL,DUSK,,,44911.47894,False,59,Accepted,5,5,O,BACKUP DUE TO REGULAR CONGESTION,INATTENTION,,2022,1
5638,30942538,0510100,HENDERSON POLICE DEPARTMENT,Accepted,HENDERSON,US0041A,,GREEN,ST,S,,WASHINGTON,,,,,37.83630053,-87.59078875,15.664,2022-12-15,1308,2,2,0,0,CLEAR,DRY,False,OTHER INTERSECTION COLLISIONS,REAR END,STRAIGHT & LEVEL,DAYLIGHT,,,44911.47901,False,49,Accepted,5,5,O,,INATTENTION,,2022,1
5639,30942596,0510100,HENDERSON POLICE DEPARTMENT,Accepted,HENDERSON,,,3RD,ST,,,,,INGRAM,US0041A,GREEN,37.84032152,-87.58702734,0.334,2022-12-13,1313,2,2,0,0,CLOUDY,DRY,False,HEAD-ON COLLISION,HEAD ON,STRAIGHT & LEVEL,DAYLIGHT,,,44911.49624,False,34,Accepted,5,5,O,,"DISTRACTION, INATTENTION",,2022,1
5640,30942597,0510100,HENDERSON POLICE DEPARTMENT,Accepted,HENDERSON,US0041A,,GREEN,ST,N,,1ST,,,,,37.83823051,-87.58927987,15.828,2022-12-14,1354,2,2,0,0,CLOUDY,WET,False,ANGLE COLLISION - ONE VEHICLE TURNING LEFT,ANGLE,STRAIGHT & LEVEL,DAYLIGHT,,,44911.49629,False,34,Accepted,5,5,O,,,TIRES,2022,1
5641,30942599,0510100,HENDERSON POLICE DEPARTMENT,Accepted,HENDERSON,KY0812,,AIRLINE,RD,,,,,,,,37.81637944,-87.56283377,6.958,2022-12-16,801,3,3,0,0,CLEAR,DRY,False,REAR END IN TRAFFIC LANES BOTH VEHICLES MOVING,REAR END,STRAIGHT & HILLCREST,DAYLIGHT,,,44911.49636,True,59,Accepted,5,5,O,OTHER,INATTENTION,,2022,1
5642,30942621,0510100,HENDERSON POLICE DEPARTMENT,Accepted,HENDERSON,,,GREEN,ST,N,,,,US 41 N,,RICHARDSON,37.8578169,-87.57498182,,2022-12-15,1125,2,2,0,0,CLEAR,DRY,False,SIDESWIPE COLLISION - SAME DIRECTION,SIDESWIPE-SAME DIRECTION,STRAIGHT & LEVEL,DAYLIGHT,,,44911.50132,False,73,Accepted,5,5,O,,OTHER,,2022,1
5643,30951343,KSP1600,"KY STATE POLICE, POST 16",Accepted,HENDERSON,AU9005,,AU9005 W,,,AU9005,AU9005 TURN AROUND0,,,,,37.81049965,-87.54683406,0.915,2022-12-17,1727,1,1,0,0,CLEAR,DRY,False,COLLISION WITH FIXED OBJECT IN INTERSECTION - FIRST EVENT COLLISION 09 - 32,SINGLE VEHICLE,STRAIGHT & LEVEL,DARK-HWY NOT LIGHTED,,,44914.39465,False,784,Accepted,5,5,O,,,TIRE FAILURE,2022,1
5648,30952639,0510100,HENDERSON POLICE DEPARTMENT,Accepted,HENDERSON,US0041,,US41,,N,US0041,US41 N EXIT81 OFF RAMP TO US60 W,,,,,37.85967376,-87.57548149,16.239,2022-12-17,1155,2,2,0,0,CLOUDY,DRY,False,SIDESWIPE-SAME DIRECTION,SIDESWIPE-SAME DIRECTION,CURVE & LEVEL,DAYLIGHT,,,44914.59005,False,67,Accepted,5,5,O,,INATTENTION,,2022,1
5649,30952643,0510100,HENDERSON POLICE DEPARTMENT,Accepted,HENDERSON,,,12TH,ST,,,,,,,,37.85186611,-87.58013437,0.313,2022-12-19,909,2,2,0,0,CLEAR,DRY,False,REAR END IN TRAFFIC LANES BOTH VEHICLES MOVING,REAR END,STRAIGHT & LEVEL,DAYLIGHT,,,44914.59017,False,23,Accepted,5,5,O,,INATTENTION,,2022,1
5652,30959904,0510100,HENDERSON POLICE DEPARTMENT,Accepted,HENDERSON,KY2084,,KY2084,,S,,,,JAMERSON,,CRESLINE,37.81495113,-87.57078798,1.772,2022-12-16,1807,1,1,0,0,CLEAR,DRY,False,COLLISION WITH ANIMAL NON INTERSECTION,SINGLE VEHICLE,STRAIGHT & LEVEL,DARK-HWY NOT LIGHTED,,,44916.2427,False,22,Accepted,5,5,O,ANIMALS ACTION,,,2022,1
5653,30959907,0510100,HENDERSON POLICE DEPARTMENT,Accepted,HENDERSON,US0041,,US41,,N,,KIMSEY,,,,,37.85016219,-87.56741244,15.473,2022-12-15,1750,3,3,0,0,CLOUDY,DRY,False,OTHER INTERSECTION COLLISIONS,REAR END,STRAIGHT & LEVEL,DARK-HWY NOT LIGHTED,,,44916.24276,False,38,Accepted,5,5,O,,"ALCOHOL INVOLVEMENT, DRUG INVOLVEMENT, EXCEEDED STATED SPEED LIMIT",TIRES,2022,1
5654,30961531,0510100,HENDERSON POLICE DEPARTMENT,Accepted,HENDERSON,KY0812,,AIRLINE,RD,,,,,,,,37.8210833,-87.57101357,7.507,2022-12-16,749,2,2,0,0,CLEAR,DRY,False,REAR END IN TRAFFIC LANES BOTH VEHICLES MOVING,REAR END,STRAIGHT & HILLCREST,DAYLIGHT,,,44916.48651,False,37,Accepted,5,5,O,GLARE (SUN),MISJUDGE CLEARANCE,,2022,1
5655,30961532,0510100,HENDERSON POLICE DEPARTMENT,Accepted,HENDERSON,US0041A,,GREEN,ST,N,,,,10TH,,CRESTVIEW,37.84995104,-87.58156679,16.748,2022-12-18,652,1,1,0,0,CLEAR,DRY,False,COLLISION WITH FIXED OBJECT NON - INTERSECTION - FIRST EVENT COLLISION 09 - 32 EXCLUDING 16,SINGLE VEHICLE,STRAIGHT & GRADE,DAWN,,,44916.48668,False,34,Accepted,5,5,O,,,STEERING FAILURE,2022,1
5656,30961536,0510100,HENDERSON POLICE DEPARTMENT,Accepted,HENDERSON,US0041A,,GREEN,ST,N,,HERRON,,,,,37.85487683,-87.57768155,17.161,2022-12-16,1730,2,2,0,0,CLEAR,DRY,False,SIDESWIPE-SAME DIRECTION,SIDESWIPE-SAME DIRECTION,STRAIGHT & LEVEL,DARK-HWY LIGHTED/ON,,,44916.4868,False,37,Accepted,5,5,O,,MISJUDGE CLEARANCE,,2022,1
5657,30961537,0510100,HENDERSON POLICE DEPARTMENT,Accepted,HENDERSON,US0041,2500,US41,,N,,,,,,,37.87342999,-87.56892363,17.262,2022-12-20,858,2,2,0,0,CLOUDY,DRY,False,SIDESWIPE COLLISION - SAME DIRECTION,SIDESWIPE-SAME DIRECTION,STRAIGHT & LEVEL,DAYLIGHT,,,44916.48687,False,59,Accepted,5,5,O,,"FAILED TO YIELD RIGHT OF WAY, INATTENTION",,2022,1
5659,30965835,KSP1600,"KY STATE POLICE, POST 16",Accepted,HENDERSON,KY0136,,SAND,LN,,,,,,,,37.82037522,-87.59705948,19.955,2022-07-22,1311,2,2,1,1,CLEAR,DRY,False,HEAD-ON COLLISION,HEAD ON,CURVE & LEVEL,DAYLIGHT,,,44917.45649,False,317,Accepted,5,1,K,,"DRUG INVOLVEMENT, FAILED TO KEEP PROPER LANE, LOST CONSCIOUSNESS/FAINTED",,2022,1
5660,30969539,0510100,HENDERSON POLICE DEPARTMENT,Accepted,HENDERSON,US0041,2000,US41,,N,,,,,,,37.86375049,-87.57405787,16.55,2022-12-22,1807,1,1,0,0,"SLEET, HAIL, FREEZING RAIN",ICE,False,RAN OFF ROADWAY (1 VEHICLE WITH/EARTH EMBANKMENT/DITCH),SINGLE VEHICLE,STRAIGHT & LEVEL,DARK-HWY LIGHTED/ON,,,44918.93612,False,63,Accepted,5,5,O,SLIPPERY SURFACE,,,2022,1
5661,30969849,0510100,HENDERSON POLICE DEPARTMENT,Accepted,HENDERSON,US0041,,US41,,,,,AU9005,AU9005 W EXIT1B OFF RAMP TO US41 N,AU9005,US41 S RAMP TO AU9005 E,37.80941944,-87.56396857,12.498,2022-12-23,1813,1,1,0,0,CLEAR,ICE,False,OTHER ROADWAY OR MID-BLOCK COLLISION,SINGLE VEHICLE,STRAIGHT & LEVEL,DARK-HWY LIGHTED/ON,,,44919.11789,False,33,Accepted,5,5,O,SLIPPERY SURFACE,,,2022,1
5662,30969850,0510100,HENDERSON POLICE DEPARTMENT,Accepted,HENDERSON,US0041,,US41,,,,,AU9005,AU9005 W EXIT1B OFF RAMP TO US41 N,AU9005,US41 S RAMP TO AU9005 E,37.80941944,-87.56396857,12.498,2022-12-23,1813,1,1,0,0,CLEAR,ICE,False,OTHER ROADWAY OR MID-BLOCK COLLISION,SINGLE VEHICLE,STRAIGHT & LEVEL,DARK-HWY LIGHTED/ON,,,44919.11796,False,33,Accepted,5,5,O,SLIPPERY SURFACE,,,2022,1
5663,30972482,0510100,HENDERSON POLICE DEPARTMENT,Accepted,HENDERSON,,,LETCHER,ST,,,CLAY,,,,,37.8260438,-87.58006476,0.21,2022-12-24,2012,2,2,0,0,CLEAR,SNOW/SLUSH,False,ANGLE COLLISION - OTHER,ANGLE,STRAIGHT & LEVEL,DARK-HWY LIGHTED/ON,,,44921.23624,False,36,Accepted,5,5,O,SLIPPERY SURFACE,,,2022,1
5664,30974041,0510100,HENDERSON POLICE DEPARTMENT,Accepted,HENDERSON,US0041,1900,US41,,N,,,,,,,37.85981941,-87.57548508,16.239,2022-12-21,1208,2,2,0,0,CLEAR,DRY,False,SIDESWIPE COLLISION - SAME DIRECTION,SIDESWIPE-SAME DIRECTION,CURVE & LEVEL,DAYLIGHT,,,44921.82957,False,47,Accepted,5,5,O,,INATTENTION,,2022,1
5665,30974042,0510100,HENDERSON POLICE DEPARTMENT,Accepted,HENDERSON,,1300,COMMONWEALTH,DR,,KY0136,SAND,,,,,37.82070927,-87.59021881,0.002,2022-12-21,1534,2,2,0,0,CLEAR,DRY,False,REAR END - ONE VEHICLE TURNING RIGHT,REAR END,STRAIGHT & LEVEL,DUSK,,,44921.82962,False,49,Accepted,5,5,O,,INATTENTION,,2022,1
5666,30974043,0510100,HENDERSON POLICE DEPARTMENT,Accepted,HENDERSON,,1300,COMMONWEALTH,DR,,KY0136,SAND,,,,,37.82070902,-87.5902078,0.001,2022-12-21,1539,2,2,0,0,CLEAR,DRY,False,ANGLE COLLISION - ONE VEHICLE TURNING RIGHT,ANGLE,STRAIGHT & LEVEL,DUSK,,,44921.82967,False,49,Accepted,5,5,O,,MISJUDGE CLEARANCE,,2022,1
5667,30974044,0510100,HENDERSON POLICE DEPARTMENT,Accepted,HENDERSON,US0041,2200,US41,,N,,RETTIG,,,,,37.86774682,-87.57188221,16.837,2022-12-21,1703,2,2,0,0,CLEAR,DRY,False,OTHER INTERSECTION COLLISIONS,REAR END,STRAIGHT & LEVEL,DARK-HWY LIGHTED/ON,,,44921.82972,False,47,Accepted,5,5,O,,DISTRACTION,,2022,1
5668,30974045,0510100,HENDERSON POLICE DEPARTMENT,Accepted,HENDERSON,US0041A,1882,GREEN,ST,S,,,,,,,37.813029,-87.61967008,13.31,2022-12-21,1732,2,2,0,0,CLEAR,DRY,False,REAR END IN TRAFFIC LANES BOTH VEHICLES MOVING,REAR END,STRAIGHT & LEVEL,DARK-HWY LIGHTED/ON,,,44921.82976,False,49,Accepted,5,5,O,,FOLLOWING TOO CLOSE,,2022,1
5669,30974046,0510100,HENDERSON POLICE DEPARTMENT,Accepted,HENDERSON,US0041,,US41,,N,,,,,,,37.85236731,-87.56890404,15.645,2022-12-22,958,2,2,0,2,RAINING,WET,False,REAR END IN TRAFFIC LANES BOTH VEHICLES MOVING,REAR END,STRAIGHT & LEVEL,DAYLIGHT,,,44921.82981,False,23,Accepted,3,3,B,,"DISTRACTION, INATTENTION",,2022,1
5670,30974048,0510100,HENDERSON POLICE DEPARTMENT,Accepted,HENDERSON,,,CLAY,ST,,,ATKINSON,,,,,37.82456304,-87.57757271,0.002,2022-12-22,1327,2,2,0,0,RAINING,WET,False,OPPOSING LEFT TURN,OPPOSING LEFT TURN,STRAIGHT & LEVEL,DAYLIGHT,,,44921.82992,False,23,Accepted,5,5,O,,INATTENTION,,2022,1
5671,30974049,0510100,HENDERSON POLICE DEPARTMENT,Accepted,HENDERSON,US0041,,US41,,N,,,,WALNUT,,WATSON,37.8796152,-87.56557426,17.725,2022-12-22,1608,2,2,0,0,SNOWING,WET,False,OTHER ROADWAY OR MID-BLOCK COLLISION,REAR END,STRAIGHT & LEVEL,DUSK,,,44921.82998,False,67,Accepted,5,5,O,SLIPPERY SURFACE,INATTENTION,,2022,1
5672,30974050,0510100,HENDERSON POLICE DEPARTMENT,Accepted,HENDERSON,,,14TH,ST,,,ELM,,,,,37.85479065,-87.58061742,0.002,2022-12-22,1730,2,2,0,0,SNOWING,ICE,False,ANGLE COLLISION - OTHER,ANGLE,STRAIGHT & LEVEL,DAYLIGHT,,,44921.83005,False,64,Accepted,5,5,O,SLIPPERY SURFACE,,,2022,1
5673,30974051,0510100,HENDERSON POLICE DEPARTMENT,Accepted,HENDERSON,US0041,,US41,,N,,WATSON,,,,,37.87531489,-87.56772703,17.413,2022-12-22,1733,2,2,0,0,SNOWING,SNOW/SLUSH,False,ANGLE COLLISION - OTHER,ANGLE,STRAIGHT & LEVEL,DARK-HWY LIGHTED/ON,,,44921.83011,False,67,Accepted,5,5,O,SLIPPERY SURFACE,INATTENTION,,2022,1
5674,30974052,0510100,HENDERSON POLICE DEPARTMENT,Accepted,HENDERSON,US0041,,,,,,,,,,,37.85984932,-87.5753458,0.307,2022-12-23,844,1,1,0,0,CLEAR,SNOW/SLUSH,False,COLLISION WITH FIXED OBJECT NON - INTERSECTION - FIRST EVENT COLLISION 09 - 32 EXCLUDING 16,SINGLE VEHICLE,CURVE & GRADE,DAYLIGHT,US0041,US0041,44921.83018,False,67,Accepted,5,5,O,SLIPPERY SURFACE,INATTENTION,,2022,1
5675,30974054,0510100,HENDERSON POLICE DEPARTMENT,Accepted,HENDERSON,US0041,,US41,,N,,WATSON,,,,,37.87535596,-87.56776305,17.411,2022-12-24,1231,2,2,0,0,CLEAR,SNOW/SLUSH,False,OTHER INTERSECTION COLLISIONS,REAR END,STRAIGHT & LEVEL,DAYLIGHT,,,44921.83031,False,59,Accepted,5,5,O,SLIPPERY SURFACE,,BRAKES DEFECTIVE,2022,1
5676,30974056,0510100,HENDERSON POLICE DEPARTMENT,Accepted,HENDERSON,,400,2ND,ST,,US0041A,GREEN,,,,,37.83949942,-87.58846602,0.002,2022-12-24,1420,2,2,0,0,CLEAR,SNOW/SLUSH,False,ANGLE COLLISION - OTHER,ANGLE,STRAIGHT & LEVEL,DAYLIGHT,,,44921.83039,False,47,Accepted,5,5,O,,DISTRACTION,,2022,1
5677,30974057,0510100,HENDERSON POLICE DEPARTMENT,Accepted,HENDERSON,,,VINE,ST,,US0041A,GREEN,,,,,37.83123157,-87.59570783,0.001,2022-12-25,936,2,2,0,0,CLEAR,ICE,False,ANGLE COLLISION - OTHER,ANGLE,STRAIGHT & LEVEL,DAYLIGHT,,,44921.83045,False,49,Accepted,5,5,O,,TOO FAST FOR CONDITIONS,,2022,1
5678,30976773,0510100,HENDERSON POLICE DEPARTMENT,Accepted,HENDERSON,US0060,1900,US60,,E,,BARRET,,,,,37.85991442,-87.56777744,10.599,2022-12-21,1005,2,2,0,0,CLEAR,DRY,False,REAR END - ONE VEHICLE TURNING RIGHT,REAR END,STRAIGHT & LEVEL,DAYLIGHT,,,44922.56015,False,47,Accepted,5,5,O,,INATTENTION,,2022,1
5679,30976883,0510100,HENDERSON POLICE DEPARTMENT,Accepted,HENDERSON,US0060,,US60,,E,,BARRET,,,,,37.8600826,-87.56718445,10.58,2022-12-21,1527,2,2,0,0,CLOUDY,DRY,False,OTHER INTERSECTION COLLISIONS,REAR END,STRAIGHT & LEVEL,DAYLIGHT,,,44922.59496,False,37,Accepted,5,5,O,,"INATTENTION, MISJUDGE CLEARANCE",,2022,1
5680,30976884,0510100,HENDERSON POLICE DEPARTMENT,Accepted,HENDERSON,US0041A,,GREEN,ST,N,,HERRON,,,,,37.85488267,-87.57768428,17.161,2022-12-23,900,2,2,0,0,CLOUDY,SNOW/SLUSH,False,ANGLE COLLISION - OTHER,ANGLE,STRAIGHT & LEVEL,DAYLIGHT,,,44922.59504,False,34,Accepted,5,5,O,"OTHER, SLIPPERY SURFACE",NOT UNDER PROPER CONTROL,,2022,1
5681,30976885,0510100,HENDERSON POLICE DEPARTMENT,Accepted,HENDERSON,,,POWELL,ST,,,MEADOW,,,,,37.82983685,-87.58295978,0.907,2022-12-26,1110,2,2,0,0,CLEAR,SNOW/SLUSH,False,ANGLE COLLISION - OTHER,ANGLE,STRAIGHT & LEVEL,DAWN,,,44922.59511,False,59,Accepted,5,5,O,"OTHER, SLIPPERY SURFACE",,,2022,1
5682,30976886,0510100,HENDERSON POLICE DEPARTMENT,Accepted,HENDERSON,,,GARDEN MILE,RD,N,KY0351,ZION,,,,,37.82827988,-87.55773081,,2022-12-27,900,2,2,0,0,CLEAR,ICE,False,OTHER INTERSECTION COLLISIONS,REAR END,STRAIGHT & LEVEL,DAYLIGHT,,,44922.59516,False,64,Accepted,5,5,O,SLIPPERY SURFACE,NOT UNDER PROPER CONTROL,,2022,1
5683,30978101,0510100,HENDERSON POLICE DEPARTMENT,Accepted,HENDERSON,,,ELM,ST,N,,ROONEY,,,,,37.86698155,-87.57505555,2.215,2022-12-26,1930,1,1,0,0,CLOUDY,ICE,False,COLLISION WITH FIXED OBJECT IN INTERSECTION - FIRST EVENT COLLISION 09 - 32,SINGLE VEHICLE,CURVE & LEVEL,DARK-HWY LIGHTED/ON,,,44922.86168,False,32,Accepted,5,5,O,SLIPPERY SURFACE,"NOT UNDER PROPER CONTROL, TOO FAST FOR CONDITIONS",,2022,1
5684,30978103,0510100,HENDERSON POLICE DEPARTMENT,Accepted,HENDERSON,,,12TH,ST,,US0041A,GREEN,,,,,37.8521894,-87.58023907,0.295,2022-12-26,1845,2,2,0,0,SNOWING,SNOW/SLUSH,False,OTHER INTERSECTION COLLISIONS,REAR END,STRAIGHT & GRADE,DARK-HWY LIGHTED/ON,,,44922.86174,False,38,Accepted,5,5,O,SLIPPERY SURFACE,"INATTENTION, SICK",,2022,1