OBJECTID,IncidentID,AgencyORI,AgencyName,IncidentStatusDesc,County,RdwyNumber,Street,RoadwayName,StreetSfx,StreetDir,IntersectionRdwy,IntersectionRdwyName,BetweenStRdwy1,BetweenStRdwyName1,BetweenStRdwy2,BetweenStRdwyName2,Latitude,Longitude,Milepoint,CollisionDate,CollisionTime,UnitsInvolved,MotorVehiclesInvolved,NumberKilled,NumberInjured,Weather,RdwyConditionCode,HitandRun,DirAnalysisCode,MannerofCollision,RdwyCharacter,LightCondition,RampFromRdwyId,RampToRdwyId,AcceptedDate,IsSecondaryCollision,OwnerBadge,IncidentStatus,InjurySeverityCde,KABCO_Code,KABCO,Environmental_Factors,Human_Factors,Vehicular_Factors,CollisionYear,CityCrash
5685,30978125,0510100,HENDERSON POLICE DEPARTMENT,Accepted,HENDERSON,US0041A,1400,GREEN,ST,S,,,,,,,37.82152054,-87.6058075,14.31,2022-12-27,40,2,2,0,0,OTHER,ICE,False,1 VEHICLE ENTERING/LEAVING ENTRANCE,ANGLE,STRAIGHT & LEVEL,DARK-HWY LIGHTED/ON,,,44922.86626,False,50,Accepted,5,5,O,SLIPPERY SURFACE,TOO FAST FOR CONDITIONS,,2022,1
5686,30981941,0510100,HENDERSON POLICE DEPARTMENT,Accepted,HENDERSON,,100,INGRAM,ST,S,,,,,,,37.83643594,-87.58867929,0.806,2022-12-28,4,1,1,0,0,CLOUDY,SNOW/SLUSH,False,COLLISION WITH FIXED OBJECT NON - INTERSECTION - FIRST EVENT COLLISION 09 - 32 EXCLUDING 16,SINGLE VEHICLE,STRAIGHT & LEVEL,DARK-HWY LIGHTED/ON,,,44923.80979,False,50,Accepted,5,5,O,SLIPPERY SURFACE,"NOT UNDER PROPER CONTROL, TOO FAST FOR CONDITIONS",,2022,1
5687,30983210,0510100,HENDERSON POLICE DEPARTMENT,Accepted,HENDERSON,US0041A,,GREEN,ST,S,,,,,,,37.81749114,-87.61262616,13.84,2022-12-28,1841,4,4,0,4,CLEAR,DRY,False,1 VEHICLE ENTERING/LEAVING ENTRANCE,ANGLE,STRAIGHT & LEVEL,DARK-HWY LIGHTED/ON,,,44924.27681,False,58,Accepted,5,4,C,OTHER,"ALCOHOL INVOLVEMENT, TOO FAST FOR CONDITIONS, INATTENTION, FAILED TO KEEP PROPER LANE, MISJUDGE CLEARANCE",,2022,1
5688,30983623,0510100,HENDERSON POLICE DEPARTMENT,Accepted,HENDERSON,,,ATKINSON,ST,,KY0136,MADISON,,,,,37.81741001,-87.58389249,0.85,2022-12-28,803,2,2,0,0,CLEAR,ICE,False,OTHER INTERSECTION COLLISIONS,REAR END,STRAIGHT & LEVEL,DAYLIGHT,,,44924.36597,False,23,Accepted,5,5,O,SLIPPERY SURFACE,,,2022,1
5689,30983624,0510100,HENDERSON POLICE DEPARTMENT,Accepted,HENDERSON,,,ATKINSON,ST,,KY0136,MADISON,,,,,37.81747773,-87.58389687,0.847,2022-12-28,741,2,2,0,0,CLEAR,ICE,False,OTHER INTERSECTION COLLISIONS,REAR END,STRAIGHT & LEVEL,DAYLIGHT,,,44924.36603,False,23,Accepted,5,5,O,SLIPPERY SURFACE,TOO FAST FOR CONDITIONS,,2022,1
5690,30983627,0510100,HENDERSON POLICE DEPARTMENT,Accepted,HENDERSON,US0041,2611,US41,,N,,,,,,,37.87480108,-87.56815123,17.366,2022-12-28,1239,2,2,0,0,CLEAR,WET,False,REAR END IN TRAFFIC LANES BOTH VEHICLES MOVING,REAR END,STRAIGHT & LEVEL,DAYLIGHT,,,44924.36618,False,24,Accepted,5,5,O,,INATTENTION,,2022,1
5691,30983629,0510100,HENDERSON POLICE DEPARTMENT,Accepted,HENDERSON,US0041,2000,US41,,N,,,,,,,37.86394395,-87.57393042,16.553,2022-12-28,1555,2,2,0,0,CLEAR,WET,False,OTHER ROADWAY OR MID-BLOCK COLLISION,REAR END,STRAIGHT & LEVEL,DAYLIGHT,,,44924.36631,False,64,Accepted,5,5,O,,INATTENTION,,2022,1
5708,30986065,0510100,HENDERSON POLICE DEPARTMENT,Accepted,HENDERSON,US0041A,,GREEN,ST,S,,,,,,,37.8338754,-87.59320207,15.453,2022-12-22,1950,2,2,0,0,SNOWING,SNOW/SLUSH,False,COLLISION WITH FIXED OBJECT NON - INTERSECTION - FIRST EVENT COLLISION 09 - 32 EXCLUDING 16,HEAD ON,STRAIGHT & LEVEL,DARK-HWY LIGHTED/ON,,,44924.82423,False,58,Accepted,5,5,O,SLIPPERY SURFACE,INATTENTION,,2022,1
5709,30997146,0510100,HENDERSON POLICE DEPARTMENT,Accepted,HENDERSON,,2391,DUNDONNELL,DR,,,,,,,,37.86092131,-87.55961953,0.096,2022-12-29,807,2,2,0,0,CLEAR,DRY,False,1 VEHICLE PARKED POSITION (NOT PARKING LOT/DRIVEWAY),BACKING,STRAIGHT & LEVEL,DAYLIGHT,,,44928.36552,False,66,Accepted,5,5,O,,,"BRAKES DEFECTIVE, OTHER",2022,1
5710,31000080,0510100,HENDERSON POLICE DEPARTMENT,Accepted,HENDERSON,,1400,ADAMS,ST,N,,,,,,,37.85388508,-87.57544192,1.373,2022-12-30,1817,2,2,0,1,RAINING,WET,False,SIDESWIPE COLLISION - OPPOSITE DIRECTION,SIDESWIPE-OPPOSITE DIRECTION,STRAIGHT & LEVEL,DARK-HWY LIGHTED/ON,,,44928.84599,False,50,Accepted,5,4,C,,ALCOHOL INVOLVEMENT,,2022,1
5726,31047170,0510100,HENDERSON POLICE DEPARTMENT,Accepted,HENDERSON,US0041A,,GREEN,ST,N,,14TH,,,,,37.85407703,-87.57887846,17.074,2023-01-02,949,2,2,0,0,CLOUDY,WET,False,REAR END - ONE VEHICLE TURNING LEFT,REAR END,STRAIGHT & LEVEL,DAYLIGHT,,,44932.37448,False,49,Accepted,5,5,O,,INATTENTION,,2023,1
5727,31047176,0510100,HENDERSON POLICE DEPARTMENT,Accepted,HENDERSON,US0041A,300,GREEN,ST,S,,CLAY,,,,,37.83377588,-87.59330164,15.444,2023-01-02,1403,2,2,0,2,CLEAR,WET,False,OPPOSING LEFT TURN,OPPOSING LEFT TURN,STRAIGHT & LEVEL,DAYLIGHT,,,44932.3746,False,47,Accepted,2,2,A,,INATTENTION,,2023,1
5728,31047181,0510100,HENDERSON POLICE DEPARTMENT,Accepted,HENDERSON,KY1539,100,LARUE,RD,,KY0351,ZION,,,,,37.82850711,-87.55848144,0.001,2023-01-05,700,2,2,0,0,CLEAR,DRY,False,VEHICLE BACKING IN INTERSECTION,BACKING,STRAIGHT & LEVEL,DAYLIGHT,,,44932.37466,False,47,Accepted,5,5,O,,INATTENTION,,2023,1
5729,31047185,0510100,HENDERSON POLICE DEPARTMENT,Accepted,HENDERSON,KY0351,2200,ZION,RD,,,ARLINGTON,,,,,37.82984072,-87.56323348,1.539,2023-01-05,740,2,2,0,0,CLEAR,DRY,False,OTHER INTERSECTION COLLISIONS,REAR END,STRAIGHT & LEVEL,DAYLIGHT,,,44932.37471,False,47,Accepted,5,5,O,,INATTENTION,,2023,1
5730,31047223,0510100,HENDERSON POLICE DEPARTMENT,Accepted,HENDERSON,,100,2ND,ST,,,,,,,,37.84098209,-87.59230675,0.234,2022-12-31,1430,2,2,0,0,CLEAR,DRY,False,1 VEHICLE ENTERING/LEAVING ENTRANCE,ANGLE,STRAIGHT & LEVEL,DAYLIGHT,,,44932.3775,False,64,Accepted,5,5,O,,INATTENTION,,2022,1
5731,31047560,0510100,HENDERSON POLICE DEPARTMENT,Accepted,HENDERSON,US0041,3113,US41,,N,,,,,,,37.88371443,-87.56273348,18.035,2022-12-30,1033,2,2,0,0,RAINING,WET,False,REAR END IN TRAFFIC LANES BOTH VEHICLES MOVING,REAR END,STRAIGHT & LEVEL,DAYLIGHT,,,44932.42748,False,66,Accepted,5,5,O,SLIPPERY SURFACE,INATTENTION,,2022,1
5732,31047561,0510100,HENDERSON POLICE DEPARTMENT,Accepted,HENDERSON,US0041,,US41,,N,,BARKER,,,,,37.87224577,-87.5695641,17.172,2022-12-30,1054,2,2,0,0,RAINING,WET,False,OTHER INTERSECTION COLLISIONS,REAR END,STRAIGHT & LEVEL,DAYLIGHT,,,44932.42755,False,66,Accepted,5,5,O,SLIPPERY SURFACE,INATTENTION,,2022,1
5733,31047564,0510100,HENDERSON POLICE DEPARTMENT,Accepted,HENDERSON,US0060,,GREEN,ST,S,,,,,,,37.80487863,-87.63480873,9.493,2023-01-03,1632,1,1,0,0,CLOUDY,WET,False,COLLISION WITH NON-FIXED OBJECT ,SINGLE VEHICLE,STRAIGHT & LEVEL,DAYLIGHT,,,44932.42767,False,24,Accepted,5,5,O,DEBRIS IN ROADWAY,,,2023,1
5734,31047570,0510100,HENDERSON POLICE DEPARTMENT,Accepted,HENDERSON,,,SINCLAIR,AVE,,,,,GREEN RIVER,,MACLERIE,37.8680572,-87.56178166,0.095,2023-01-05,702,2,2,0,0,CLOUDY,DRY,False,1 VEHICLE PARKED POSITION (NOT PARKING LOT/DRIVEWAY),REAR END,STRAIGHT & LEVEL,DAYLIGHT,,,44932.42792,False,67,Accepted,5,5,O,,INATTENTION,,2023,1
5735,31047989,0510100,HENDERSON POLICE DEPARTMENT,Accepted,HENDERSON,,623,5TH,ST,,,,,,,,37.84161658,-87.58190679,0.702,2022-12-31,1445,2,2,0,0,CLOUDY,WET,True,1 VEHICLE PARKED POSITION (NOT PARKING LOT/DRIVEWAY),SIDESWIPE-OPPOSITE DIRECTION,STRAIGHT & LEVEL,UNKNOWN,,,44932.50499,False,34,Accepted,5,5,O,,,,2022,1
5736,31047990,0510100,HENDERSON POLICE DEPARTMENT,Accepted,HENDERSON,US0060,,US60,,E,,,,GREEN LEAF,,SADDLEBROOK,37.86475753,-87.54516747,11.932,2022-12-26,1520,2,2,0,0,CLOUDY,SNOW/SLUSH,False,SIDESWIPE COLLISION - OPPOSITE DIRECTION,SIDESWIPE-OPPOSITE DIRECTION,STRAIGHT & GRADE,DAYLIGHT,,,44932.50508,False,48,Accepted,5,5,O,SLIPPERY SURFACE,INATTENTION,,2022,1
5737,31058143,0510100,HENDERSON POLICE DEPARTMENT,Accepted,HENDERSON,,,BARRET,BLVD,,,,,STAPP,US0060,US60,37.86041494,-87.56831268,0.395,2023-01-05,915,2,2,0,0,CLEAR,DRY,False,SIDESWIPE COLLISION - OPPOSITE DIRECTION,SIDESWIPE-OPPOSITE DIRECTION,CURVE & GRADE,DAYLIGHT,,,44935.34458,False,33,Accepted,5,5,O,,,,2023,1
5738,31058144,0510100,HENDERSON POLICE DEPARTMENT,Accepted,HENDERSON,,,14TH,ST,,,,US0041A,GREEN,,ELM,37.85452379,-87.57987324,0.047,2023-01-05,1637,2,2,0,0,CLEAR,DRY,False,1 VEHICLE PARKED POSITION (NOT PARKING LOT/DRIVEWAY),SIDESWIPE-OPPOSITE DIRECTION,STRAIGHT & GRADE,DAYLIGHT,,,44935.34463,False,33,Accepted,5,5,O,,,STEERING FAILURE,2023,1
5739,31058620,0510100,HENDERSON POLICE DEPARTMENT,Accepted,HENDERSON,US0041,,US41,,N,,WATSON,,,,,37.87535795,-87.56785938,17.409,2023-01-06,853,4,4,0,3,CLEAR,DRY,False,ANGLE COLLISION - OTHER,ANGLE,STRAIGHT & LEVEL,DAYLIGHT,,,44935.41316,False,67,Accepted,5,3,B,,INATTENTION,,2023,1
5740,31058622,0510100,HENDERSON POLICE DEPARTMENT,Accepted,HENDERSON,US0041,2600,US41,,N,,,,,,,37.8743855,-87.56837818,17.317,2023-01-06,1325,2,2,0,0,CLEAR,DRY,False,REAR END IN TRAFFIC LANES BOTH VEHICLES MOVING,REAR END,STRAIGHT & LEVEL,DAYLIGHT,,,44935.41324,False,47,Accepted,5,5,O,,INATTENTION,,2023,1
5741,31059125,0510100,HENDERSON POLICE DEPARTMENT,Accepted,HENDERSON,KY0136,1327,MADISON,ST,,,,,,,,37.81986453,-87.58828655,20.452,2023-01-04,1728,2,1,0,1,CLEAR,DRY,False,COLLISION WITH PEDESTRIAN NON - INTERSECTION,SINGLE VEHICLE,STRAIGHT & LEVEL,DARK-HWY NOT LIGHTED,,,44935.47495,False,24,Accepted,5,2,A,OTHER,,,2023,1
5742,31059128,0510100,HENDERSON POLICE DEPARTMENT,Accepted,HENDERSON,,,KRESGE,DR,,US0041A,GREEN,,,,,37.81607108,-87.61478365,0.002,2023-01-08,1404,2,2,0,0,CLOUDY,DRY,False,ANGLE COLLISION - OTHER,ANGLE,STRAIGHT & LEVEL,DAYLIGHT,,,44935.4751,False,24,Accepted,5,5,O,,FAILED TO YIELD RIGHT OF WAY,,2023,1
5743,31059197,0510100,HENDERSON POLICE DEPARTMENT,Accepted,HENDERSON,,,MEADOW,ST,,,HELM,,,,,37.82912116,-87.583663,0.422,2023-01-06,1713,1,1,0,0,CLEAR,DRY,True,COLLISION WITH FIXED OBJECT IN INTERSECTION - FIRST EVENT COLLISION 09 - 32,SINGLE VEHICLE,STRAIGHT & LEVEL,DUSK,,,44935.48003,False,49,Accepted,,,,,TOO FAST FOR CONDITIONS,,2023,1
5744,31061583,0510100,HENDERSON POLICE DEPARTMENT,Accepted,HENDERSON,,723,POWELL,ST,,,,,,,,37.83243264,-87.58739813,0.605,2023-01-06,2217,2,2,0,0,CLOUDY,DRY,False,1 VEHICLE PARKED POSITION (NOT PARKING LOT/DRIVEWAY),REAR END,STRAIGHT & LEVEL,DARK-HWY LIGHTED/ON,,,44935.90314,False,58,Accepted,5,5,O,ANIMALS ACTION,OVERCORRECTING/OVERSTEERING,,2023,1
5745,31063635,0510100,HENDERSON POLICE DEPARTMENT,Accepted,HENDERSON,,,ELM,ST,N,,7TH,,,,,37.84641541,-87.58596227,0.653,2023-01-06,803,2,2,0,0,CLEAR,DRY,True,ANGLE COLLISION - OTHER,ANGLE,STRAIGHT & LEVEL,DAYLIGHT,,,44936.40727,False,33,Accepted,5,5,O,,,,2023,1
5746,31064472,0510100,HENDERSON POLICE DEPARTMENT,Accepted,HENDERSON,,,6TH,ST,,,ELM,,,,,37.84513907,-87.58664224,0.185,2023-01-09,1509,2,2,0,0,CLEAR,DRY,True,ANGLE COLLISION - ONE VEHICLE TURNING RIGHT,ANGLE,STRAIGHT & LEVEL,DAYLIGHT,,,44936.51534,False,37,Accepted,5,5,O,,"INATTENTION, MISJUDGE CLEARANCE",,2023,1
5747,31064519,0510100,HENDERSON POLICE DEPARTMENT,Accepted,HENDERSON,US0041,,US41,,N,,,,STRATMAN,,RACETRACK,37.88343656,-87.56315998,18.006,2023-01-08,1557,2,2,0,1,CLOUDY,DRY,False,REAR END IN TRAFFIC LANES BOTH VEHICLES MOVING,REAR END,STRAIGHT & LEVEL,DAYLIGHT,,,44936.52534,False,34,Accepted,4,4,C,,INATTENTION,,2023,1
5748,31067056,0510100,HENDERSON POLICE DEPARTMENT,Accepted,HENDERSON,,212,WATER,ST,N,,,,,,,37.84166857,-87.59302175,0.273,2023-01-09,1909,1,1,0,0,CLOUDY,DRY,False,COLLISION WITH FIXED OBJECT NON - INTERSECTION - FIRST EVENT COLLISION 09 - 32 EXCLUDING 16,SINGLE VEHICLE,STRAIGHT & LEVEL,DARK-HWY LIGHTED/ON,,,44936.77923,False,38,Accepted,5,5,O,,INATTENTION,,2023,1
5749,31067794,0510100,HENDERSON POLICE DEPARTMENT,Accepted,HENDERSON,US0041,,US41,,N,,WATSON,,,,,37.87531041,-87.56789482,17.41,2023-01-10,432,2,2,0,0,CLEAR,DRY,False,SIDESWIPE-SAME DIRECTION,SIDESWIPE-SAME DIRECTION,STRAIGHT & LEVEL,DARK-HWY LIGHTED/ON,,,44936.98697,False,63,Accepted,5,5,O,,INATTENTION,,2023,1
5750,31067795,0510100,HENDERSON POLICE DEPARTMENT,Accepted,HENDERSON,US0041,1900,US41,,N,,,,,,,37.86132194,-87.57543927,16.361,2023-01-10,228,1,1,0,0,CLEAR,DRY,False,COLLISION WITH FIXED OBJECT NON - INTERSECTION - FIRST EVENT COLLISION 09 - 32 EXCLUDING 16,SINGLE VEHICLE,STRAIGHT & LEVEL,DARK (UNKNOWN ROADWAY LIGHTING),,,44936.98704,False,63,Accepted,5,5,O,HOLES/DEEP RUTS/BUMPS,,,2023,1
5751,31087682,0510100,HENDERSON POLICE DEPARTMENT,Accepted,HENDERSON,,400,BARRET,BLVD,,,,,,,,37.86422321,-87.57340211,0.881,2023-01-11,2323,2,2,0,0,CLEAR,DRY,False,1 VEHICLE ENTERING/LEAVING ENTRANCE,ANGLE,STRAIGHT & LEVEL,DARK-HWY LIGHTED/ON,,,44938.79177,False,63,Accepted,5,5,O,,INATTENTION,,2023,1
5752,31088036,0510100,HENDERSON POLICE DEPARTMENT,Accepted,HENDERSON,,424,RAY,ST,,,,,,,,37.84701461,-87.58180222,0.087,2023-01-11,1753,1,1,0,0,CLOUDY,DRY,True,OTHER ROADWAY OR MID-BLOCK COLLISION,SINGLE VEHICLE,STRAIGHT & LEVEL,DARK-HWY LIGHTED/ON,,,44938.88805,False,58,Accepted,5,5,O,,"ALCOHOL INVOLVEMENT, INATTENTION","BRAKES DEFECTIVE, STEERING FAILURE",2023,1
5753,31089623,0510100,HENDERSON POLICE DEPARTMENT,Accepted,HENDERSON,KY2084,,KY2084,,S,KY0812,AIRLINE,,,,,37.82016899,-87.56937338,2.135,2022-12-23,956,2,2,0,0,CLOUDY,ICE,False,ANGLE COLLISION - OTHER,ANGLE,STRAIGHT & LEVEL,DAYLIGHT,,,44939.34184,False,15,Accepted,5,5,O,SLIPPERY SURFACE,,,2022,1
5754,31089666,0510100,HENDERSON POLICE DEPARTMENT,Accepted,HENDERSON,US0041A,,GREEN,ST,S,,VINE,,,,,37.83124042,-87.59572767,15.228,2023-01-10,1729,2,2,0,1,CLOUDY,DRY,False,ANGLE COLLISION - OTHER,ANGLE,STRAIGHT & LEVEL,DARK-HWY NOT LIGHTED,,,44939.3473,False,10,Accepted,4,4,C,,"INATTENTION, MISJUDGE CLEARANCE",,2023,1
5755,31089670,0510100,HENDERSON POLICE DEPARTMENT,Accepted,HENDERSON,US0041,2700,US41,,N,,,,,,,37.87721174,-87.56684792,17.546,2023-01-12,1438,2,2,0,0,CLOUDY,DRY,False,SIDESWIPE COLLISION - SAME DIRECTION,SIDESWIPE-SAME DIRECTION,STRAIGHT & LEVEL,DAYLIGHT,,,44939.34736,False,59,Accepted,5,5,O,,"FAILED TO YIELD RIGHT OF WAY, INATTENTION",,2023,1
5756,31089673,0510100,HENDERSON POLICE DEPARTMENT,Accepted,HENDERSON,,300,2ND,ST,,,,,,,,37.83930479,-87.58782251,0.021,2023-01-12,1544,2,2,0,0,CLOUDY,DRY,False,1 VEHICLE ENTERING/LEAVING ENTRANCE,ANGLE,STRAIGHT & LEVEL,DAYLIGHT,,,44939.34741,False,59,Accepted,5,5,O,OTHER,"FAILED TO YIELD RIGHT OF WAY, INATTENTION",,2023,1
5757,31090990,0510100,HENDERSON POLICE DEPARTMENT,Accepted,HENDERSON,,,WASHINGTON,ST,,,MEADOW,,,,,37.83089769,-87.58194177,0.597,2023-01-11,1733,2,2,0,0,CLEAR,DRY,False,ANGLE COLLISION - OTHER,ANGLE,STRAIGHT & LEVEL,DARK-HWY LIGHTED/ON,,,44939.56509,False,37,Accepted,5,5,O,,MISJUDGE CLEARANCE,,2023,1
5758,31102045,0510100,HENDERSON POLICE DEPARTMENT,Accepted,HENDERSON,US0041A,,GREEN,ST,N,,2ND,,,,,37.83955475,-87.58847886,15.918,2023-01-16,717,2,2,0,0,CLOUDY,DRY,False,ANGLE COLLISION - ONE VEHICLE TURNING LEFT,ANGLE,STRAIGHT & LEVEL,DAYLIGHT,,,44942.62059,False,33,Accepted,5,5,O,,"DISREGARD TRAFFIC CONTROL, INATTENTION",,2023,1
5759,31103735,0510100,HENDERSON POLICE DEPARTMENT,Accepted,HENDERSON,US0041,2077,US41,,N,,,,,,,37.86645697,-87.57273313,16.742,2023-01-15,1829,2,1,1,0,CLEAR,DRY,False,COLLISION WITH PEDESTRIAN NON - INTERSECTION,SINGLE VEHICLE,STRAIGHT & LEVEL,DARK-HWY LIGHTED/ON,,,44943.07535,False,63,Accepted,5,1,K,,,,2023,1
5764,31105427,0510000,HENDERSON COUNTY SHERIFF DEPT.,Accepted,HENDERSON,AU9005,,AU9005 W,,,,,,,,,37.81046213,-87.54638452,0.94,2023-01-08,1853,1,1,0,0,CLEAR,DRY,False,COLLISION WITH ANIMAL NON INTERSECTION,SINGLE VEHICLE,STRAIGHT & LEVEL,DARK-HWY NOT LIGHTED,,,44943.46271,False,140,Accepted,5,5,O,ANIMALS ACTION,,,2023,1
5765,31105512,0510100,HENDERSON POLICE DEPARTMENT,Accepted,HENDERSON,,189,GARDEN MILE,RD,N,,,,,,,37.82738633,-87.55793241,0.062,2023-01-14,1816,2,2,0,0,CLEAR,DRY,False,OTHER ROADWAY OR MID-BLOCK COLLISION,OPPOSING LEFT TURN,STRAIGHT & LEVEL,DARK-HWY LIGHTED/ON,,,44943.47333,False,25,Accepted,5,5,O,,INATTENTION,,2023,1
5766,31105543,0510100,HENDERSON POLICE DEPARTMENT,Accepted,HENDERSON,US0041,,US41,,N,,,,,,,37.86371733,-87.57419372,16.533,2023-01-16,1738,1,1,0,0,RAINING,WET,False,COLLISION WITH FIXED OBJECT NON - INTERSECTION - FIRST EVENT COLLISION 09 - 32 EXCLUDING 16,SINGLE VEHICLE,STRAIGHT & LEVEL,DARK-HWY LIGHTED/ON,,,44943.47839,False,31,Accepted,5,5,O,,DRUG INVOLVEMENT,,2023,1
5767,31105548,0510100,HENDERSON POLICE DEPARTMENT,Accepted,HENDERSON,,400,CLAY,ST,,,,,,,,37.83309848,-87.59196769,0.979,2023-01-13,1758,2,2,0,0,CLOUDY,DRY,False,1 VEHICLE ENTERING/LEAVING ENTRANCE,ANGLE,STRAIGHT & LEVEL,DARK-HWY LIGHTED/ON,,,44943.47867,False,50,Accepted,5,5,O,,INATTENTION,,2023,1
5768,31106116,0510100,HENDERSON POLICE DEPARTMENT,Accepted,HENDERSON,US0041A,,GREEN,ST,N,,13TH,,,,,37.85309361,-87.57967237,16.992,2023-01-13,1713,2,2,0,0,CLEAR,DRY,False,OTHER INTERSECTION COLLISIONS,REAR END,STRAIGHT & LEVEL,DARK-HWY LIGHTED/ON,,,44943.56712,False,37,Accepted,5,5,O,ANIMALS ACTION,MISJUDGE CLEARANCE,,2023,1
5769,31107054,0510100,HENDERSON POLICE DEPARTMENT,Accepted,HENDERSON,,,ELM,ST,S,,5TH ,,,,,37.84415416,-87.58756063,,2023-01-17,900,2,2,0,0,CLEAR,DRY,False,ANGLE COLLISION - OTHER,ANGLE,STRAIGHT & LEVEL,DAYLIGHT,,,44943.65487,False,82,Accepted,5,5,O,,"FAILED TO YIELD RIGHT OF WAY, INATTENTION",,2023,1
5770,31107058,0510100,HENDERSON POLICE DEPARTMENT,Accepted,HENDERSON,US0041,,US41,,N,,WATSON,,,,,37.87535306,-87.56784253,17.408,2023-01-07,1615,2,2,0,3,CLEAR,DRY,False,ANGLE COLLISION - OTHER,ANGLE,STRAIGHT & LEVEL,DUSK,,,44943.65513,False,48,Accepted,5,4,C,,INATTENTION,,2023,1
5776,31107248,0510000,HENDERSON COUNTY SHERIFF DEPT.,Accepted,HENDERSON,US0041,,US41,,N,,,,,,,37.84101942,-87.56530493,14.83,2023-01-15,944,2,2,0,0,CLEAR,DRY,False,HEAD-ON COLLISION,HEAD ON,STRAIGHT & LEVEL,DAYLIGHT,,,44943.67603,False,131,Accepted,5,5,O,,"NOT UNDER PROPER CONTROL, SICK",,2023,1
5777,31107280,0510000,HENDERSON COUNTY SHERIFF DEPT.,Accepted,HENDERSON,,,OLD HENDERSON CORYDON,RD,,,,,,,,37.79358098,-87.64602456,0.98,2023-01-13,1033,1,1,0,1,CLOUDY,WET,False,OTHER ROADWAY OR MID-BLOCK COLLISION,SINGLE VEHICLE,STRAIGHT & LEVEL,DAYLIGHT,,,44943.6805,False,130,Accepted,3,3,B,,"NOT UNDER PROPER CONTROL, TOO FAST FOR CONDITIONS",,2023,1
5778,31113718,0510100,HENDERSON POLICE DEPARTMENT,Accepted,HENDERSON,,400,MAIN,ST,N,,,,,,,37.84425206,-87.58939032,0.372,2023-01-17,1835,2,2,0,0,CLEAR,DRY,False,REAR END IN TRAFFIC LANES BOTH VEHICLES MOVING,REAR END,STRAIGHT & LEVEL,DARK-HWY LIGHTED/ON,,,44944.75918,False,50,Accepted,5,5,O,,INATTENTION,,2023,1
5779,31116776,0510100,HENDERSON POLICE DEPARTMENT,Accepted,HENDERSON,,,CLAY,ST,,,ALVES,,,,,37.83146921,-87.58957956,0.813,2023-01-18,1358,2,2,0,0,RAINING,WET,False,ANGLE COLLISION - OTHER,ANGLE,STRAIGHT & LEVEL,DAYLIGHT,,,44945.42781,False,24,Accepted,5,5,O,,INATTENTION,,2023,1
5780,31116780,0510100,HENDERSON POLICE DEPARTMENT,Accepted,HENDERSON,US0041,,US41,,,,,,,,,37.85755747,-87.57369654,0.163,2023-01-18,1708,2,2,0,0,RAINING,WET,False,OTHER RAMP RELATED COLLISIONS NOT LISTED ABOVE,REAR END,CURVE & GRADE,DARK-HWY LIGHTED/ON,US0041,US0041,44945.4279,False,59,Accepted,5,5,O,SLIPPERY SURFACE,,,2023,1
5781,31116783,0510100,HENDERSON POLICE DEPARTMENT,Accepted,HENDERSON,,,INGRAM,ST,N,,7TH,,,,,37.84510009,-87.58298437,,2023-01-06,1654,2,2,0,0,CLEAR,DRY,False,OPPOSITE DIRECTION - BOTH VEHICLES GOING STRAIGHT AHEAD,SIDESWIPE-OPPOSITE DIRECTION,STRAIGHT & LEVEL,DAWN,,,44945.42803,False,33,Accepted,5,5,O,,,,2023,1
5782,31116853,0510100,HENDERSON POLICE DEPARTMENT,Accepted,HENDERSON,,200,MAIN,ST,N,,2ND,,,,,37.84086338,-87.59153588,0.096,2023-01-16,1445,5,5,0,0,CLEAR,DRY,False,COLLISION WITH PARKED VEHICLE,ANGLE,STRAIGHT & LEVEL,DAYLIGHT,,,44945.4432,False,47,Accepted,5,5,O,,"LOST CONSCIOUSNESS/FAINTED, NOT UNDER PROPER CONTROL",,2023,1
5783,31116856,0510100,HENDERSON POLICE DEPARTMENT,Accepted,HENDERSON,,802,MILL,ST,,,,,,,,37.82361437,-87.58438759,0.342,2023-01-15,1244,2,2,0,0,CLEAR,DRY,True,1 VEHICLE PARKED POSITION (NOT PARKING LOT/DRIVEWAY),SIDESWIPE-OPPOSITE DIRECTION,STRAIGHT & LEVEL,DARK-HWY NOT LIGHTED,,,44945.44329,False,15,Accepted,5,5,O,,,,2023,1
5784,31116899,0510100,HENDERSON POLICE DEPARTMENT,Accepted,HENDERSON,US0041A,,GREEN,ST,N,,,,CRESTVIEW,,10TH,37.85067228,-87.58132453,16.798,2023-01-16,1627,2,2,0,0,CLEAR,DRY,True,SIDESWIPE COLLISION - OPPOSITE DIRECTION,SIDESWIPE-OPPOSITE DIRECTION,STRAIGHT & LEVEL,DUSK,,,44945.45363,False,49,Accepted,5,5,O,,,,2023,1
5785,31117016,0510100,HENDERSON POLICE DEPARTMENT,Accepted,HENDERSON,,1500,LOEB,ST,,,,,,,,37.82274769,-87.58008144,0.39,2023-01-18,630,2,2,0,0,CLEAR,DRY,True,1 VEHICLE PARKED POSITION (NOT PARKING LOT/DRIVEWAY),HEAD ON,STRAIGHT & GRADE,DAWN,,,44945.46971,False,37,Accepted,5,5,O,,INATTENTION,,2023,1