OBJECTID,IncidentID,AgencyORI,AgencyName,IncidentStatusDesc,County,RdwyNumber,Street,RoadwayName,StreetSfx,StreetDir,IntersectionRdwy,IntersectionRdwyName,BetweenStRdwy1,BetweenStRdwyName1,BetweenStRdwy2,BetweenStRdwyName2,Latitude,Longitude,Milepoint,CollisionDate,CollisionTime,UnitsInvolved,MotorVehiclesInvolved,NumberKilled,NumberInjured,Weather,RdwyConditionCode,HitandRun,DirAnalysisCode,MannerofCollision,RdwyCharacter,LightCondition,RampFromRdwyId,RampToRdwyId,AcceptedDate,IsSecondaryCollision,OwnerBadge,IncidentStatus,InjurySeverityCde,KABCO_Code,KABCO,Environmental_Factors,Human_Factors,Vehicular_Factors,CollisionYear,CityCrash
5786,31117018,0510100,HENDERSON POLICE DEPARTMENT,Accepted,HENDERSON,US0041,,US41,,N,,WATSON,,,,,37.87551426,-87.56776656,17.42,2023-01-18,827,2,2,0,0,CLEAR,DRY,False,OTHER INTERSECTION COLLISIONS,REAR END,STRAIGHT & LEVEL,DAYLIGHT,,,44945.47002,False,37,Accepted,5,5,O,,"INATTENTION, MISJUDGE CLEARANCE",,2023,1
5787,31117019,0510100,HENDERSON POLICE DEPARTMENT,Accepted,HENDERSON,,377,GARDEN MILE,RD,S,,,,,,,37.81651467,-87.55975226,0.118,2023-01-18,1545,2,2,0,0,RAINING,WET,False,OTHER ROADWAY OR MID-BLOCK COLLISION,REAR END,STRAIGHT & LEVEL,DAYLIGHT,,,44945.47033,False,37,Accepted,5,5,O,SLIPPERY SURFACE,MISJUDGE CLEARANCE,,2023,1
5788,31121463,0510100,HENDERSON POLICE DEPARTMENT,Accepted,HENDERSON,,,GREEN,ST,N,,,,CRESTVIEW,,10TH ,37.85060128,-87.58124765,,2023-01-19,1145,2,2,0,0,CLOUDY,DRY,False,OTHER ROADWAY OR MID-BLOCK COLLISION,REAR END,STRAIGHT & LEVEL,DAYLIGHT,,,44946.33595,False,82,Accepted,5,5,O,,INATTENTION,,2023,1
5789,31121464,0510100,HENDERSON POLICE DEPARTMENT,Accepted,HENDERSON,,,BARRET,BLVD,,,,US0060,US60,,PS1030,37.85927267,-87.56740467,,2023-01-19,1236,2,2,0,0,CLOUDY,DRY,False,SIDESWIPE COLLISION - SAME DIRECTION,SIDESWIPE-SAME DIRECTION,STRAIGHT & LEVEL,DAYLIGHT,,,44946.33605,False,67,Accepted,5,5,O,,INATTENTION,,2023,1
5790,31121465,0510100,HENDERSON POLICE DEPARTMENT,Accepted,HENDERSON,KY0136,,SAND,LN,,,ALVES,,,,,37.82126989,-87.59933816,19.814,2023-01-19,1403,2,2,0,0,CLOUDY,DRY,False,ANGLE COLLISION - OTHER,ANGLE,STRAIGHT & LEVEL,DAYLIGHT,,,44946.33612,False,49,Accepted,5,5,O,,FAILED TO YIELD RIGHT OF WAY,,2023,1
5793,31124268,0510100,HENDERSON POLICE DEPARTMENT,Accepted,HENDERSON,US0041A,,GREEN,ST,S,,DIXON,,,,,37.83290287,-87.59417464,15.357,2023-01-19,2100,2,2,0,0,CLEAR,DRY,True,OTHER INTERSECTION COLLISIONS,REAR END,STRAIGHT & LEVEL,DARK-HWY LIGHTED/ON,,,44946.77403,False,31,Accepted,5,5,O,,INATTENTION,,2023,1
5798,31133868,0510100,HENDERSON POLICE DEPARTMENT,Accepted,HENDERSON,US0041A,1773,GREEN,ST,S,,,,,,,37.8143697,-87.61755961,13.462,2023-01-20,542,1,1,0,0,CLEAR,DRY,False,COLLISION WITH ANIMAL NON INTERSECTION,SINGLE VEHICLE,STRAIGHT & LEVEL,DARK-HWY LIGHTED/ON,,,44949.55155,False,33,Accepted,5,5,O,ANIMALS ACTION,,,2023,1
5799,31133871,0510100,HENDERSON POLICE DEPARTMENT,Accepted,HENDERSON,KY0285,,OLD MADISONVILLE,RD,,,PEGGY,,,,,37.80348209,-87.58785909,1.717,2023-01-18,1707,2,2,0,0,CLEAR,DRY,False,ANGLE COLLISION - OTHER,ANGLE,STRAIGHT & LEVEL,DARK-HWY LIGHTED/OFF,,,44949.55187,False,37,Accepted,5,5,O,,MISJUDGE CLEARANCE,,2023,1
5800,31133872,0510100,HENDERSON POLICE DEPARTMENT,Accepted,HENDERSON,US0041,2900,US41,,N,,,,,,,37.87972617,-87.56557698,17.731,2023-01-22,1403,2,2,0,0,CLOUDY,WET,False,OTHER ROADWAY OR MID-BLOCK COLLISION,OPPOSING LEFT TURN,CURVE & LEVEL,DAYLIGHT,,,44949.55203,False,59,Accepted,5,5,O,,"FAILED TO YIELD RIGHT OF WAY, MISJUDGE CLEARANCE",,2023,1
5801,31133874,0510100,HENDERSON POLICE DEPARTMENT,Accepted,HENDERSON,US0060,2000,US60,,E,,,,,,,37.86041874,-87.56634585,10.689,2023-01-13,1412,2,2,1,1,CLOUDY,WET,False,OTHER ROADWAY OR MID-BLOCK COLLISION,OPPOSING LEFT TURN,STRAIGHT & LEVEL,DAYLIGHT,,,44949.55216,False,59,Accepted,1,1,K,OTHER,FAILED TO YIELD RIGHT OF WAY,,2023,1
5803,31141017,0510100,HENDERSON POLICE DEPARTMENT,Accepted,HENDERSON,US0060,,US60,,E,,BARRET,,,,,37.85979876,-87.56785336,10.592,2023-01-20,1800,2,2,0,0,CLEAR,DRY,False,ANGLE COLLISION - OTHER,ANGLE,STRAIGHT & LEVEL,DARK-HWY LIGHTED/ON,,,44950.90164,False,51,Accepted,5,5,O,,"FAILED TO YIELD RIGHT OF WAY, INATTENTION, MISJUDGE CLEARANCE",,2023,1
5804,31142068,0510100,HENDERSON POLICE DEPARTMENT,Accepted,HENDERSON,,2400,NORTHPARK,DR,,,,,,,,37.8702185,-87.57087926,0.155,2023-01-15,2052,2,1,0,0,CLEAR,DRY,False,COLLISION WITH PEDESTRIAN NON - INTERSECTION,SINGLE VEHICLE,STRAIGHT & LEVEL,DARK (UNKNOWN ROADWAY LIGHTING),,,44951.20928,False,63,Accepted,5,5,O,,INATTENTION,,2023,1
5805,31143410,0510100,HENDERSON POLICE DEPARTMENT,Accepted,HENDERSON,US0041,,US41,,N,,RETTIG,,,,,37.86735286,-87.57223135,16.8,2023-01-25,654,2,2,0,0,RAINING,WET,False,OTHER INTERSECTION COLLISIONS,REAR END,STRAIGHT & LEVEL,DARK-HWY LIGHTED/ON,,,44951.44685,False,67,Accepted,5,5,O,SLIPPERY SURFACE,INATTENTION,,2023,1
5807,31143513,0510100,HENDERSON POLICE DEPARTMENT,Accepted,HENDERSON,KY2084,,KY2084,,S,KY0812,AIRLINE,,,,,37.82011657,-87.56937857,2.137,2023-01-23,736,2,2,0,0,CLEAR,DRY,False,OTHER INTERSECTION COLLISIONS,REAR END,STRAIGHT & LEVEL,DAYLIGHT,,,44951.46488,False,48,Accepted,5,5,O,,INATTENTION,OTHER,2023,1
5809,31145690,0510100,HENDERSON POLICE DEPARTMENT,Accepted,HENDERSON,US0060,,GREEN,ST,S,KY0425,KY425,,,,,37.79995024,-87.64776914,8.717,2023-01-25,15,2,2,0,0,"SLEET, HAIL, FREEZING RAIN",SNOW/SLUSH,True,OPPOSITE DIRECTION - BOTH VEHICLES GOING STRAIGHT AHEAD,SIDESWIPE-OPPOSITE DIRECTION,STRAIGHT & LEVEL,DARK-HWY NOT LIGHTED,,,44951.81205,False,63,Accepted,5,5,O,,INATTENTION,,2023,1
5810,31146955,0510100,HENDERSON POLICE DEPARTMENT,Accepted,HENDERSON,US0060,,US60,,E,,BARRET,,,,,37.85992848,-87.56775892,10.599,2023-01-25,2058,2,2,0,0,CLEAR,DRY,False,HEAD-ON COLLISION,HEAD ON,STRAIGHT & LEVEL,DARK-HWY LIGHTED/ON,,,44952.18085,False,63,Accepted,5,5,O,,INATTENTION,,2023,1
5811,31147805,0510100,HENDERSON POLICE DEPARTMENT,Accepted,HENDERSON,,,WASHINGTON,ST,,,INGRAM,,,,,37.83551588,-87.5895699,1.124,2023-01-17,1643,2,2,0,0,CLOUDY,DRY,False,ANGLE COLLISION - OTHER,ANGLE,STRAIGHT & LEVEL,DUSK,,,44952.38109,False,34,Accepted,5,5,O,,"DISREGARD TRAFFIC CONTROL, FAILED TO YIELD RIGHT OF WAY, INATTENTION",,2023,1
5812,31148085,0510100,HENDERSON POLICE DEPARTMENT,Accepted,HENDERSON,,,WASHINGTON,ST,,US0041A,GREEN,,,,,37.83659701,-87.59039143,1.187,2023-01-25,819,2,2,0,3,RAINING,WET,False,HEAD-ON COLLISION,HEAD ON,STRAIGHT & HILLCREST,DAYLIGHT,,,44952.4207,False,23,Accepted,4,3,B,,INATTENTION,,2023,1
5814,31148299,0510100,HENDERSON POLICE DEPARTMENT,Accepted,HENDERSON,,,3RD,ST,,,MAIN,,,,,37.84207153,-87.59097052,0.087,2023-01-23,1436,2,2,0,0,CLEAR,DRY,False,VEHICLE BACKING IN INTERSECTION,BACKING,STRAIGHT & LEVEL,DAYLIGHT,,,44952.43566,False,37,Accepted,5,5,O,,MISJUDGE CLEARANCE,OTHER,2023,1
5815,31148435,0510100,HENDERSON POLICE DEPARTMENT,Accepted,HENDERSON,KY2084,,KY2084,,S,,,,,,,37.82100734,-87.56909863,2.151,2023-01-23,954,2,1,0,0,CLEAR,DRY,False,REAR END IN TRAFFIC LANES BOTH VEHICLES MOVING,REAR END,CURVE & LEVEL,DAYLIGHT,,,44952.43532,False,37,Accepted,5,5,O,,MISJUDGE CLEARANCE,,2023,1
5816,31149250,0510100,HENDERSON POLICE DEPARTMENT,Accepted,HENDERSON,US0041A,,GREEN,ST,S,,,,POWELL,,WASHINGTON,37.83570695,-87.59134288,15.614,2023-01-22,1147,2,2,0,0,CLOUDY,WET,False,1 VEHICLE ENTERING/LEAVING ENTRANCE,ANGLE,STRAIGHT & LEVEL,DAYLIGHT,,,44952.61356,False,34,Accepted,5,5,O,,"INATTENTION, MISJUDGE CLEARANCE",,2023,1
5817,31153195,0510100,HENDERSON POLICE DEPARTMENT,Accepted,HENDERSON,US0041,3000,US41,,N,,RACETRACK,,,,,37.88295058,-87.5634501,17.971,2023-01-26,1401,2,2,0,0,CLOUDY,DRY,False,ANGLE COLLISION - ONE VEHICLE TURNING LEFT,ANGLE,CURVE & LEVEL,DAYLIGHT,,,44953.41097,False,59,Accepted,5,5,O,,"FAILED TO YIELD RIGHT OF WAY, TURNING IMPROPERLY",,2023,1
5820,31165003,0510000,HENDERSON COUNTY SHERIFF DEPT.,Accepted,HENDERSON,US0041,,US41,,N,,,,,,,37.86862963,-87.57153996,16.899,2023-01-28,51,2,2,0,0,CLEAR,DRY,True,1 VEHICLE ENTERING/LEAVING ENTRANCE,ANGLE,STRAIGHT & LEVEL,DARK-HWY LIGHTED/ON,,,44956.5317,False,133,Accepted,5,5,O,,"FAILED TO YIELD RIGHT OF WAY, INATTENTION",,2023,1
5823,31165366,0510100,HENDERSON POLICE DEPARTMENT,Accepted,HENDERSON,KY0351,,ZION,RD,,KY1539,LARUE,,,,,37.82847725,-87.55845091,1.815,2023-01-28,1431,2,2,0,0,CLEAR,DRY,False,OPPOSING LEFT TURN,OPPOSING LEFT TURN,STRAIGHT & LEVEL,DAYLIGHT,,,44956.60679,False,23,Accepted,5,5,O,,INATTENTION,,2023,1
5824,31165368,0510100,HENDERSON POLICE DEPARTMENT,Accepted,HENDERSON,US0041,,US41,,N,,,,BARRET,,RETTIG,37.8660373,-87.57295162,16.708,2023-01-29,1004,2,2,0,0,CLOUDY,WET,False,1 VEHICLE ENTERING/LEAVING ENTRANCE,ANGLE,STRAIGHT & LEVEL,DAYLIGHT,,,44956.60697,False,67,Accepted,5,5,O,SLIPPERY SURFACE,INATTENTION,,2023,1
5825,31166745,0510100,HENDERSON POLICE DEPARTMENT,Accepted,HENDERSON,,,GREEN,ST,N,,US 41 N,,,,,37.85561616,-87.57316317,,2023-01-25,1244,2,2,0,0,CLOUDY,DRY,False,SIDESWIPE-SAME DIRECTION,SIDESWIPE-SAME DIRECTION,CURVE & LEVEL,DAYLIGHT,,,44956.82526,False,82,Accepted,5,5,O,,OTHER,,2023,1
5826,31168700,0510100,HENDERSON POLICE DEPARTMENT,Accepted,HENDERSON,,,US HIGHWAY 41,,N,,,,MARYWOOD,,BARRET ,37.86698217,-87.57197549,,2023-01-27,1240,2,2,0,0,CLEAR,DRY,False,OTHER ROADWAY OR MID-BLOCK COLLISION,REAR END,STRAIGHT & LEVEL,DAYLIGHT,,,44957.41253,False,82,Accepted,5,5,O,OTHER,INATTENTION,,2023,1
5827,31168701,0510100,HENDERSON POLICE DEPARTMENT,Accepted,HENDERSON,,,MALLARD,LN,,,,,,,,37.80083017,-87.54108152,,2023-01-28,930,1,1,0,0,CLEAR,DRY,False,COLLISION WITH FIXED OBJECT NON - INTERSECTION - FIRST EVENT COLLISION 09 - 32 EXCLUDING 16,SINGLE VEHICLE,CURVE & LEVEL,DAYLIGHT,,,44957.41264,False,82,Accepted,5,5,O,,"DISTRACTION, INATTENTION",,2023,1
5829,31171083,0510100,HENDERSON POLICE DEPARTMENT,Accepted,HENDERSON,,223,MAIN,ST,N,,,,,,,37.84152752,-87.59127356,0.158,2023-01-24,2042,3,3,0,0,RAINING,WET,True,1 VEHICLE PARKED POSITION (NOT PARKING LOT/DRIVEWAY),REAR END,STRAIGHT & LEVEL,DARK-HWY LIGHTED/ON,,,44957.8338,False,58,Accepted,5,5,O,,"INATTENTION, NOT UNDER PROPER CONTROL, TOO FAST FOR CONDITIONS",,2023,1
5830,31173530,0510000,HENDERSON COUNTY SHERIFF DEPT.,Accepted,HENDERSON,,,1ST,ST,,,ELM,,,,,37.83880597,-87.59086281,0.197,2023-01-31,1258,2,2,0,0,CLOUDY,WET,False,ANGLE COLLISION - OTHER,ANGLE,STRAIGHT & LEVEL,DAYLIGHT,,,44958.44059,False,130,Accepted,5,5,O,,OTHER,,2023,1
5832,31174708,0510100,HENDERSON POLICE DEPARTMENT,Accepted,HENDERSON,,,INGRAM,ST,,,3RD,,,,,37.84005076,-87.58630558,,2023-02-01,945,2,2,0,0,CLEAR,ICE,False,ANGLE COLLISION - OTHER,ANGLE,STRAIGHT & LEVEL,DAYLIGHT,,,44958.63537,False,82,Accepted,5,5,O,SLIPPERY SURFACE,"OTHER, TOO FAST FOR CONDITIONS",,2023,1
5833,31174710,0510100,HENDERSON POLICE DEPARTMENT,Accepted,HENDERSON,,,WOLF HILLS,LN,,,,,,,,37.89138303,-87.54732466,,2023-02-01,1035,1,1,0,0,CLEAR,ICE,False,COLLISION WITH FIXED OBJECT NON - INTERSECTION - FIRST EVENT COLLISION 09 - 32 EXCLUDING 16,SINGLE VEHICLE,CURVE & LEVEL,DAYLIGHT,,,44958.63544,False,82,Accepted,5,5,O,SLIPPERY SURFACE,,,2023,1
5834,31175560,0510100,HENDERSON POLICE DEPARTMENT,Accepted,HENDERSON,,,PEBBLE CREEK,DR,,,SUMMER HILL,,,,,37.86060676,-87.54751991,0.307,2023-01-31,1752,2,2,0,0,CLOUDY,ICE,False,HEAD-ON COLLISION,HEAD ON,CURVE & GRADE,DARK-HWY LIGHTED/ON,,,44958.76294,False,32,Accepted,5,5,O,SLIPPERY SURFACE,"NOT UNDER PROPER CONTROL, TOO FAST FOR CONDITIONS",,2023,1
5835,31175561,0510100,HENDERSON POLICE DEPARTMENT,Accepted,HENDERSON,,500,FAIR,ST,,,,,,,,37.82050432,-87.60181797,0.063,2023-01-31,2225,1,1,0,0,CLOUDY,ICE,False,COLLISION WITH FIXED OBJECT NON - INTERSECTION - FIRST EVENT COLLISION 09 - 32 EXCLUDING 16,SINGLE VEHICLE,STRAIGHT & LEVEL,DARK-HWY LIGHTED/ON,,,44958.76298,False,36,Accepted,5,5,O,SLIPPERY SURFACE,,,2023,1
5837,31180002,0510100,HENDERSON POLICE DEPARTMENT,Accepted,HENDERSON,,,MILL,ST,,,PRINGLE,,,,,37.82254034,-87.58537238,0.241,2023-02-01,955,2,2,0,0,CLEAR,ICE,False,ANGLE COLLISION - ONE VEHICLE TURNING LEFT,ANGLE,STRAIGHT & LEVEL,DAYLIGHT,,,44959.64241,False,34,Accepted,5,5,O,SLIPPERY SURFACE,,,2023,1
5838,31180006,0510100,HENDERSON POLICE DEPARTMENT,Accepted,HENDERSON,,,7TH,ST,,,ELM,,,,,37.84638502,-87.5859113,0.199,2023-02-01,1025,2,2,0,0,CLEAR,ICE,False,ANGLE COLLISION - OTHER,ANGLE,STRAIGHT & LEVEL,DAYLIGHT,,,44959.64251,False,34,Accepted,5,5,O,SLIPPERY SURFACE,,,2023,1
5839,31180010,0510100,HENDERSON POLICE DEPARTMENT,Accepted,HENDERSON,,,GREENBRIAR,DR,,,,,ARLINGTON,,LEXINGTON,37.82776446,-87.56256035,0.011,2023-02-01,1243,2,2,0,0,CLEAR,ICE,False,1 VEHICLE PARKED POSITION (NOT PARKING LOT/DRIVEWAY),ANGLE,STRAIGHT & LEVEL,DAYLIGHT,,,44959.64265,False,34,Accepted,5,5,O,SLIPPERY SURFACE,,,2023,1
5840,31180021,0510100,HENDERSON POLICE DEPARTMENT,Accepted,HENDERSON,US0041A,,GREEN,ST,N,,14TH,,,,,37.85407426,-87.57874553,17.069,2023-01-30,1230,2,2,0,1,CLOUDY,WET,False,OPPOSING LEFT TURN,OPPOSING LEFT TURN,STRAIGHT & LEVEL,DAYLIGHT,,,44959.6429,False,23,Accepted,3,3,B,,INATTENTION,,2023,1
5841,31181873,0510100,HENDERSON POLICE DEPARTMENT,Accepted,HENDERSON,US0041,3113,US41,,N,,,,,,,37.88334886,-87.56312147,18.002,2023-02-02,1758,2,2,0,0,CLOUDY,WET,False,1 VEHICLE ENTERING/LEAVING ENTRANCE,ANGLE,STRAIGHT & LEVEL,DARK-HWY LIGHTED/ON,,,44960.06505,False,38,Accepted,5,5,O,,INATTENTION,,2023,1
5846,31194964,0510100,HENDERSON POLICE DEPARTMENT,Accepted,HENDERSON,,321,ALVES,ST,S,,,,,,,37.83109171,-87.59029572,0.84,2023-02-04,1547,2,2,0,0,CLOUDY,DRY,True,SIDESWIPE COLLISION - OPPOSITE DIRECTION,SIDESWIPE-OPPOSITE DIRECTION,STRAIGHT & LEVEL,DAYLIGHT,,,44963.46607,False,24,Accepted,5,5,O,,"INATTENTION, MISJUDGE CLEARANCE",,2023,1
5847,31195213,0510100,HENDERSON POLICE DEPARTMENT,Accepted,HENDERSON,US0041,,US41,,N,,,,,,,37.86448288,-87.57365714,16.575,2023-02-03,1900,2,2,0,0,CLEAR,DRY,True,SIDESWIPE COLLISION - SAME DIRECTION,SIDESWIPE-SAME DIRECTION,STRAIGHT & LEVEL,DARK-HWY LIGHTED/ON,,,44963.50787,False,50,Accepted,5,5,O,,OTHER,,2023,1
5848,31195643,0510000,HENDERSON COUNTY SHERIFF DEPT.,Accepted,HENDERSON,US0041,,,,,,,,,,,37.83042542,-87.56467304,0.019,2023-02-05,1301,2,2,0,0,CLEAR,DRY,False,OTHER RAMP RELATED COLLISIONS NOT LISTED ABOVE,REAR END,STRAIGHT & LEVEL,DAYLIGHT,KY0351,US0041,44963.58354,False,130,Accepted,5,5,O,,INATTENTION,,2023,1
5850,31196293,0510000,HENDERSON COUNTY SHERIFF DEPT.,Accepted,HENDERSON,KY0425,,KY425,,,,,,,,,37.78984752,-87.63617046,0.969,2023-01-24,1550,2,2,0,0,CLOUDY,DRY,False,OTHER ROADWAY OR MID-BLOCK COLLISION,REAR END,STRAIGHT & LEVEL,DAYLIGHT,,,44963.65972,False,124,Accepted,5,5,O,,INATTENTION,,2023,1
5853,31202931,0510100,HENDERSON POLICE DEPARTMENT,Accepted,HENDERSON,KY2084,213,KY2084,,,,,,,,,37.82309706,-87.56857053,0.004,2023-02-05,151,2,2,0,0,CLEAR,DRY,True,1 VEHICLE PARKED POSITION (NOT PARKING LOT/DRIVEWAY),BACKING,STRAIGHT & LEVEL,DARK-HWY LIGHTED/ON,,,44964.81331,False,22,Accepted,5,5,O,,,,2023,1
5854,31205358,0510100,HENDERSON POLICE DEPARTMENT,Accepted,HENDERSON,,,BARRET,BLVD,,US0041,US41,,,,,37.86437476,-87.57371609,0.898,2023-02-07,718,2,2,0,0,CLOUDY,DRY,True,SIDESWIPE-SAME DIRECTION,SIDESWIPE-SAME DIRECTION,STRAIGHT & LEVEL,DAYLIGHT,,,44965.41387,False,67,Accepted,5,5,O,,INATTENTION,,2023,1
5855,31205360,0510100,HENDERSON POLICE DEPARTMENT,Accepted,HENDERSON,US0041A,700,GREEN,ST,N,,7TH,,,,,37.84572054,-87.58441197,16.412,2023-02-03,1555,3,3,0,2,CLEAR,DRY,False,OTHER INTERSECTION COLLISIONS,REAR END,STRAIGHT & LEVEL,DAYLIGHT,,,44965.41397,False,47,Accepted,5,2,A,OTHER,OTHER,,2023,1
5856,31205373,0510100,HENDERSON POLICE DEPARTMENT,Accepted,HENDERSON,,,BARRET,BLVD,,US0060,US60,,,,,37.85991428,-87.56778619,0.351,2023-02-06,1210,2,2,0,0,CLEAR,DRY,True,SIDESWIPE-SAME DIRECTION,SIDESWIPE-SAME DIRECTION,STRAIGHT & LEVEL,DAYLIGHT,,,44965.41677,False,59,Accepted,5,5,O,,FAILED TO YIELD RIGHT OF WAY,,2023,1
5857,31205598,0510100,HENDERSON POLICE DEPARTMENT,Accepted,HENDERSON,US0041,,US41,,N,,ROBIN,,,,,37.86864493,-87.57154584,16.898,2023-02-07,1657,2,2,0,0,CLOUDY,WET,False,SIDESWIPE-SAME DIRECTION,SIDESWIPE-SAME DIRECTION,STRAIGHT & LEVEL,DUSK,,,44965.43438,False,67,Accepted,5,5,O,SLIPPERY SURFACE,INATTENTION,,2023,1
5860,31206846,0510100,HENDERSON POLICE DEPARTMENT,Accepted,HENDERSON,,,US HIGHWAY 41 N,,,,MARY WOOD,,,,,37.86705784,-87.57192288,,2023-02-03,955,2,2,0,0,CLEAR,DRY,False,ANGLE COLLISION - OTHER,ANGLE,STRAIGHT & LEVEL,DAYLIGHT,,,44965.60427,False,82,Accepted,5,5,O,,INATTENTION,,2023,1
5861,31207858,0510100,HENDERSON POLICE DEPARTMENT,Accepted,HENDERSON,KY1539,,LARUE,RD,,KY0351,ZION,,,,,37.82849103,-87.55849331,,2023-02-01,1220,2,2,0,0,CLOUDY,SNOW/SLUSH,True,ANGLE COLLISION - OTHER,ANGLE,STRAIGHT & LEVEL,DAYLIGHT,,,44965.73758,False,65,Accepted,5,5,O,SLIPPERY SURFACE,INATTENTION,,2023,1
5862,31211203,0510100,HENDERSON POLICE DEPARTMENT,Accepted,HENDERSON,US0041A,,GREEN,ST,N,,,,,,,37.85437904,-87.5785657,17.101,2022-07-14,1621,2,2,0,0,CLEAR,DRY,True,OTHER ROADWAY OR MID-BLOCK COLLISION,REAR END,STRAIGHT & GRADE,DAYLIGHT,,,44966.46968,False,41,Accepted,5,5,O,,INATTENTION,,2022,1
5865,31229884,0510100,HENDERSON POLICE DEPARTMENT,Accepted,HENDERSON,US0041A,1705,GREEN,ST,S,,,,,,,37.81670805,-87.61393747,13.744,2023-02-10,1420,2,2,0,0,CLOUDY,DRY,False,1 VEHICLE ENTERING/LEAVING ENTRANCE,ANGLE,STRAIGHT & LEVEL,DAYLIGHT,,,44970.74296,False,24,Accepted,5,5,O,,INATTENTION,,2023,1
5866,31229886,0510100,HENDERSON POLICE DEPARTMENT,Accepted,HENDERSON,US0041,,,,,,,,,,,37.8577865,-87.57413975,0.116,2023-02-08,1645,2,2,0,0,CLOUDY,WET,False,OTHER RAMP RELATED COLLISIONS NOT LISTED ABOVE,REAR TO REAR,STRAIGHT & LEVEL,DAYLIGHT,US0041,US0041,44970.74303,False,47,Accepted,5,5,O,,INATTENTION,,2023,1
5868,31234266,0510100,HENDERSON POLICE DEPARTMENT,Accepted,HENDERSON,,400,INGRAM,ST,N,,,,,,,37.84073239,-87.58574969,0.338,2023-02-10,1829,1,1,0,3,CLEAR,DRY,False,OTHER ROADWAY OR MID-BLOCK COLLISION,SINGLE VEHICLE,STRAIGHT & LEVEL,DARK-HWY LIGHTED/ON,,,44971.63871,False,50,Accepted,5,4,C,,"INATTENTION, MISJUDGE CLEARANCE",,2023,1
5869,31234788,0510100,HENDERSON POLICE DEPARTMENT,Accepted,HENDERSON,,,GREEN,ST,,,5TH,,,,,37.84338149,-87.58603146,,2023-02-13,720,2,2,0,0,CLEAR,DRY,False,OPPOSING LEFT TURN,OPPOSING LEFT TURN,STRAIGHT & LEVEL,DAYLIGHT,,,44971.69275,False,82,Accepted,5,5,O,,DISREGARD TRAFFIC CONTROL,,2023,1
5870,31234967,0510100,HENDERSON POLICE DEPARTMENT,Accepted,HENDERSON,,110,WATER,ST,N,,,,,,,37.84221837,-87.59267474,0.231,2023-02-10,1921,1,1,0,0,CLEAR,DRY,True,COLLISION WITH FIXED OBJECT NON - INTERSECTION - FIRST EVENT COLLISION 09 - 32 EXCLUDING 16,SINGLE VEHICLE,STRAIGHT & LEVEL,DARK-HWY LIGHTED/ON,,,44971.71974,False,50,Accepted,5,5,O,,OTHER,,2023,1
5871,31238782,0510100,HENDERSON POLICE DEPARTMENT,Accepted,HENDERSON,US0041,,US41,,N,,,,,,,37.82781985,-87.56696289,13.886,2023-02-08,1641,1,1,0,0,RAINING,WET,False,COLLISION WITH FIXED OBJECT NON - INTERSECTION - FIRST EVENT COLLISION 09 - 32 EXCLUDING 16,SINGLE VEHICLE,STRAIGHT & LEVEL,DUSK,,,44972.56201,False,49,Accepted,5,5,O,,TOO FAST FOR CONDITIONS,,2023,1
5872,31238783,0510100,HENDERSON POLICE DEPARTMENT,Accepted,HENDERSON,,,BARRET,BLVD,,US0041,US41,,,,,37.86433607,-87.57373276,0.901,2023-02-11,1043,2,2,0,0,CLEAR,DRY,False,OTHER INTERSECTION COLLISIONS,REAR END,STRAIGHT & LEVEL,DAYLIGHT,,,44972.56211,False,67,Accepted,5,5,O,,INATTENTION,,2023,1
5874,31245553,0510100,HENDERSON POLICE DEPARTMENT,Accepted,HENDERSON,,,CIRCLE B TRAILER PARK,,,,,,,,,37.8780005,-87.57084611,0.21,2023-02-13,1814,3,3,0,0,CLEAR,DRY,False,1 VEHICLE PARKED POSITION (NOT PARKING LOT/DRIVEWAY),REAR END,STRAIGHT & LEVEL,DARK-HWY NOT LIGHTED,,,44973.84393,False,58,Accepted,5,5,O,,OTHER,,2023,1
5875,31247044,0510100,HENDERSON POLICE DEPARTMENT,Accepted,HENDERSON,US0041A,,GREEN,ST,N,,8TH,,,,,37.84682437,-87.58373017,16.496,2023-02-08,1749,2,2,0,0,CLEAR,DRY,False,ANGLE COLLISION - ONE VEHICLE TURNING LEFT,ANGLE,STRAIGHT & LEVEL,DARK-HWY LIGHTED/ON,,,44974.31009,False,33,Accepted,5,5,O,,"INATTENTION, MISJUDGE CLEARANCE",,2023,1
5877,31247973,0510100,HENDERSON POLICE DEPARTMENT,Accepted,HENDERSON,US0060,2100,US60,,E,,,,,,,37.86000793,-87.56748635,10.617,2023-02-15,1721,2,2,0,1,CLEAR,DRY,False,OTHER ROADWAY OR MID-BLOCK COLLISION,OPPOSING LEFT TURN,STRAIGHT & LEVEL,DUSK,,,44974.45654,False,59,Accepted,3,3,B,OTHER,FAILED TO YIELD RIGHT OF WAY,,2023,1
5878,31248142,0510100,HENDERSON POLICE DEPARTMENT,Accepted,HENDERSON,,,WASHINGTON,ST,,,MCKINLEY,,,,,37.82788382,-87.57665312,0.241,2023-02-09,1520,2,2,0,0,CLOUDY,DRY,False,HEAD-ON COLLISION,HEAD ON,CURVE & HILLCREST,DAYLIGHT,,,44974.49153,False,37,Accepted,5,5,O,,"DISTRACTION, INATTENTION",,2023,1