OBJECTID,IncidentID,AgencyORI,AgencyName,IncidentStatusDesc,County,RdwyNumber,Street,RoadwayName,StreetSfx,StreetDir,IntersectionRdwy,IntersectionRdwyName,BetweenStRdwy1,BetweenStRdwyName1,BetweenStRdwy2,BetweenStRdwyName2,Latitude,Longitude,Milepoint,CollisionDate,CollisionTime,UnitsInvolved,MotorVehiclesInvolved,NumberKilled,NumberInjured,Weather,RdwyConditionCode,HitandRun,DirAnalysisCode,MannerofCollision,RdwyCharacter,LightCondition,RampFromRdwyId,RampToRdwyId,AcceptedDate,IsSecondaryCollision,OwnerBadge,IncidentStatus,InjurySeverityCde,KABCO_Code,KABCO,Environmental_Factors,Human_Factors,Vehicular_Factors,CollisionYear,CityCrash
5880,31258740,0510000,HENDERSON COUNTY SHERIFF DEPT.,Accepted,HENDERSON,KY0136,,SAND,LN,,,,,,,,37.82202734,-87.60053223,19.733,2023-02-16,1624,2,2,0,0,CLOUDY,DRY,False,REAR END IN TRAFFIC LANES BOTH VEHICLES MOVING,REAR END,STRAIGHT & LEVEL,DAYLIGHT,,,44977.44582,False,135,Accepted,5,5,O,,"INATTENTION, NOT UNDER PROPER CONTROL",,2023,1
5888,31258934,0510100,HENDERSON POLICE DEPARTMENT,Accepted,HENDERSON,,,MARYWOOD,DR,,,HILLSIDE,,,,,37.86567728,-87.56887321,0.393,2023-02-17,1203,2,2,0,1,CLOUDY,DRY,False,ANGLE COLLISION - OTHER,ANGLE,STRAIGHT & GRADE,DAYLIGHT,,,44977.46363,False,67,Accepted,5,4,C,,INATTENTION,,2023,1
5889,31258984,0510100,HENDERSON POLICE DEPARTMENT,Accepted,HENDERSON,KY0351,,2ND,ST,,,,,PRIEST,,KLUTEY PARK PLAZA,37.83295935,-87.57273204,0.976,2023-02-14,1537,2,2,0,0,CLOUDY,DRY,False,SIDESWIPE COLLISION - SAME DIRECTION,SIDESWIPE-SAME DIRECTION,STRAIGHT & LEVEL,DAYLIGHT,,,44977.48024,False,34,Accepted,5,5,O,,INATTENTION,,2023,1
5890,31258985,0510100,HENDERSON POLICE DEPARTMENT,Accepted,HENDERSON,US0060,,US60,,E,,,,,,,37.85988426,-87.5678753,10.594,2023-02-14,1732,2,2,0,0,CLOUDY,WET,False,SIDESWIPE COLLISION - SAME DIRECTION,SIDESWIPE-SAME DIRECTION,STRAIGHT & LEVEL,DARK-HWY LIGHTED/ON,,,44977.48031,False,37,Accepted,5,5,O,SLIPPERY SURFACE,MISJUDGE CLEARANCE,,2023,1
5891,31262559,0510100,HENDERSON POLICE DEPARTMENT,Accepted,HENDERSON,KY0285,1730,OLD MADISONVILLE,RD,,,,,,,,37.8111626,-87.58793676,2.253,2023-02-20,1819,1,1,0,1,CLEAR,DRY,False,OTHER ROADWAY OR MID-BLOCK COLLISION,SINGLE VEHICLE,CURVE & GRADE,DARK-HWY NOT LIGHTED,,,44978.17873,False,32,Accepted,4,4,C,ANIMALS ACTION,,,2023,1
5892,31262605,0510100,HENDERSON POLICE DEPARTMENT,Accepted,HENDERSON,,,WATSON,LN,,,,,,,,37.87441712,-87.5634261,0.852,2023-02-18,2050,1,1,0,0,CLEAR,DRY,False,COLLISION WITH ANIMAL NON INTERSECTION,SINGLE VEHICLE,STRAIGHT & LEVEL,DARK-HWY LIGHTED/ON,,,44978.19957,False,50,Accepted,5,5,O,,,,2023,1
5894,31266893,0510100,HENDERSON POLICE DEPARTMENT,Accepted,HENDERSON,,1137,1ST,ST,,,,,,,,37.83342082,-87.57714345,1.009,2023-02-17,6,1,1,0,0,CLEAR,DRY,False,OTHER ROADWAY OR MID-BLOCK COLLISION,SINGLE VEHICLE,STRAIGHT & LEVEL,DARK-HWY LIGHTED/ON,,,44978.84671,False,51,Accepted,5,5,O,,"ALCOHOL INVOLVEMENT, EXCEEDED STATED SPEED LIMIT, INATTENTION",,2023,1
5895,31268762,0510100,HENDERSON POLICE DEPARTMENT,Accepted,HENDERSON,,,LETCHER,ST,,,,KY0136,MADISON,,YOUNG,37.8194583,-87.58602991,0.767,2023-02-21,741,2,2,0,0,CLEAR,DRY,False,VEHICLE BACKING NON INTERSECTION,BACKING,STRAIGHT & LEVEL,DAYLIGHT,,,44979.35789,False,49,Accepted,5,5,O,,FAILED TO YIELD RIGHT OF WAY,,2023,1
5896,31272402,0510100,HENDERSON POLICE DEPARTMENT,Accepted,HENDERSON,,,US HIGHWAY 41 SOUTH,,,US0041,US HIGHWAY 41 SOUTH,,,,,37.85833026,-87.57494953,,2023-02-13,1045,2,2,0,0,CLEAR,DRY,False,SIDESWIPE-SAME DIRECTION,SIDESWIPE-SAME DIRECTION,CURVE & GRADE,DAYLIGHT,,,44979.88919,False,82,Accepted,5,5,O,,INATTENTION,,2023,1
5897,31272403,0510100,HENDERSON POLICE DEPARTMENT,Accepted,HENDERSON,,,HIGHWAY 41 SOUTH,,,,WATSON,,,,,37.875437,-87.56780783,,2023-02-17,1220,2,2,0,0,CLEAR,DRY,False,ANGLE COLLISION - OTHER,ANGLE,STRAIGHT & LEVEL,DAYLIGHT,,,44979.8893,False,82,Accepted,5,5,O,,INATTENTION,,2023,1
5898,31272414,0510100,HENDERSON POLICE DEPARTMENT,Accepted,HENDERSON,US0041,,US41,,N,,,,PARK,,CINEMA,37.86388724,-87.57412576,16.544,2023-02-18,747,2,2,0,0,CLEAR,DRY,False,SIDESWIPE COLLISION - SAME DIRECTION,SIDESWIPE-SAME DIRECTION,STRAIGHT & LEVEL,DAYLIGHT,,,44979.88966,False,65,Accepted,5,5,O,,INATTENTION,,2023,1
5899,31272425,0510100,HENDERSON POLICE DEPARTMENT,Accepted,HENDERSON,,,US HWY 41 SOUTH,,,,WATSON,,,,,37.87559467,-87.56783949,,2023-02-22,1200,2,2,0,0,CLEAR,DRY,False,OTHER INTERSECTION COLLISIONS,REAR END,STRAIGHT & LEVEL,DAYLIGHT,,,44979.89003,False,82,Accepted,5,5,O,,INATTENTION,,2023,1
5900,31273256,0510100,HENDERSON POLICE DEPARTMENT,Accepted,HENDERSON,US0060,,US60,,E,,,,,,,37.86059118,-87.56563261,10.714,2023-02-22,1847,2,2,0,0,RAINING,WET,False,1 VEHICLE ENTERING/LEAVING ENTRANCE,ANGLE,STRAIGHT & LEVEL,DARK-HWY LIGHTED/ON,,,44980.17265,False,23,Accepted,5,5,O,,INATTENTION,,2023,1
5908,31291940,0510100,HENDERSON POLICE DEPARTMENT,Accepted,HENDERSON,US0041,2230,US41,,N,,WALKER,,,,,37.86958362,-87.57084042,16.974,2023-02-23,1842,2,2,0,0,CLOUDY,WET,False,ANGLE COLLISION - OTHER,ANGLE,STRAIGHT & LEVEL,DARK-HWY LIGHTED/ON,,,44984.64434,False,32,Accepted,5,5,O,,INATTENTION,,2023,1
5909,31292945,0510100,HENDERSON POLICE DEPARTMENT,Accepted,HENDERSON,,,US HWY 60,,,,,,,,,37.85497306,-87.57752318,,2023-02-24,1130,2,2,0,0,CLEAR,DRY,False,SIDESWIPE COLLISION - SAME DIRECTION,SIDESWIPE-SAME DIRECTION,STRAIGHT & LEVEL,DAYLIGHT,,,44984.83427,False,82,Accepted,5,5,O,,INATTENTION,,2023,1
5910,31292949,0510100,HENDERSON POLICE DEPARTMENT,Accepted,HENDERSON,,,BARRET,BLVD,,,,US0060,US60,,PS1030,37.85867785,-87.56710134,,2023-02-25,1309,2,2,0,0,CLEAR,DRY,False,SIDESWIPE COLLISION - SAME DIRECTION,SIDESWIPE-SAME DIRECTION,STRAIGHT & HILLCREST,DAYLIGHT,,,44984.83441,False,67,Accepted,5,5,O,,INATTENTION,,2023,1
5911,31292951,0510100,HENDERSON POLICE DEPARTMENT,Accepted,HENDERSON,US0041,,,,,,,,,,,37.8305071,-87.56478944,0.027,2023-02-25,1547,2,2,0,0,CLEAR,DRY,False,OTHER RAMP RELATED COLLISIONS NOT LISTED ABOVE,REAR END,CURVE & GRADE,DAYLIGHT,KY0351,US0041,44984.8345,False,59,Accepted,5,5,O,,INATTENTION,,2023,1
5912,31292952,0510100,HENDERSON POLICE DEPARTMENT,Accepted,HENDERSON,US0041A,400,GREEN,ST,S,,,,,,,37.83096921,-87.59596112,15.216,2023-02-25,1638,2,2,0,0,CLEAR,DRY,False,SIDESWIPE COLLISION - SAME DIRECTION,SIDESWIPE-SAME DIRECTION,STRAIGHT & LEVEL,DAYLIGHT,,,44984.83458,False,59,Accepted,5,5,O,,FAILED TO YIELD RIGHT OF WAY,,2023,1
5913,31293134,0510100,HENDERSON POLICE DEPARTMENT,Accepted,HENDERSON,,,GREEN RIVER,RD,,,LAMONT,,,,,37.86797433,-87.55882168,0.635,2023-02-27,651,2,2,0,0,CLOUDY,WET,False,ANGLE COLLISION - OTHER,ANGLE,STRAIGHT & LEVEL,DAYLIGHT,,,44984.88516,False,67,Accepted,5,5,O,SLIPPERY SURFACE,INATTENTION,,2023,1
5914,31293135,0510100,HENDERSON POLICE DEPARTMENT,Accepted,HENDERSON,US0041A,500,GREEN,ST,N,,,,,,,37.84389013,-87.58566152,16.264,2023-02-27,735,2,2,0,0,CLOUDY,WET,False,REAR END IN TRAFFIC LANES BOTH VEHICLES MOVING,REAR END,STRAIGHT & LEVEL,DAYLIGHT,,,44984.88524,False,59,Accepted,5,5,O,SLIPPERY SURFACE,,BRAKES DEFECTIVE,2023,1
5917,31299892,0510100,HENDERSON POLICE DEPARTMENT,Accepted,HENDERSON,US0041A,341,GREEN,ST,S,,,,,,,37.83359016,-87.5934195,15.428,2023-02-26,1836,2,2,0,8,CLEAR,DRY,False,1 VEHICLE ENTERING/LEAVING ENTRANCE,ANGLE,STRAIGHT & LEVEL,DARK-HWY LIGHTED/ON,,,44986.06731,False,51,Accepted,5,4,C,,"FAILED TO YIELD RIGHT OF WAY, INATTENTION",,2023,1
5921,31306732,0510100,HENDERSON POLICE DEPARTMENT,Accepted,HENDERSON,,700,ELM,ST,N,,7TH,,,,,37.84644117,-87.58603105,0.654,2023-02-27,1403,2,2,0,0,CLEAR,DRY,True,ANGLE COLLISION - OTHER,ANGLE,STRAIGHT & LEVEL,DAYLIGHT,,,44987.47222,False,59,Accepted,5,5,O,,DISREGARD TRAFFIC CONTROL,,2023,1
5922,31311311,0510000,HENDERSON COUNTY SHERIFF DEPT.,Accepted,HENDERSON,KY0425,,KY425,,,,,,,,,37.79933608,-87.64703153,0.051,2023-03-01,1815,1,1,0,0,CLEAR,DRY,False,COLLISION WITH ANIMAL NON INTERSECTION,SINGLE VEHICLE,STRAIGHT & LEVEL,DARK-HWY NOT LIGHTED,,,44988.46983,False,135,Accepted,5,5,O,ANIMALS ACTION,,,2023,1
5924,31312613,0510100,HENDERSON POLICE DEPARTMENT,Accepted,HENDERSON,US0041A,202,GREEN,ST,N,,2ND,,,,,37.83997255,-87.58812862,15.962,2023-03-02,2338,2,2,0,3,RAINING,WET,False,OPPOSING LEFT TURN,OPPOSING LEFT TURN,STRAIGHT & LEVEL,DARK-HWY LIGHTED/ON,,,44988.76932,False,23,Accepted,4,3,B,,"INATTENTION, MISJUDGE CLEARANCE",,2023,1
5929,31323387,0510100,HENDERSON POLICE DEPARTMENT,Accepted,HENDERSON,US0041,,US41,,N,,ROBIN,,,,,37.86858757,-87.57146932,16.896,2023-03-04,1116,2,2,0,0,CLEAR,DRY,False,ANGLE COLLISION - OTHER,ANGLE,STRAIGHT & LEVEL,DAYLIGHT,,,44991.75563,False,34,Accepted,5,5,O,,INATTENTION,,2023,1
5930,31323834,0510100,HENDERSON POLICE DEPARTMENT,Accepted,HENDERSON,,1100,ATKINSON,ST,,,,,,,,37.81968499,-87.58190204,0.66,2022-06-08,2126,2,2,0,0,CLEAR,DRY,False,1 VEHICLE ENTERING/LEAVING ENTRANCE,ANGLE,STRAIGHT & LEVEL,DARK-HWY LIGHTED/ON,,,44991.888,False,50,Accepted,5,5,O,,INATTENTION,,2022,1
5931,31328574,0510100,HENDERSON POLICE DEPARTMENT,Accepted,HENDERSON,,,US HWY 60,,,,,,,,,37.85926814,-87.56894676,,2023-02-28,725,2,2,0,0,CLEAR,DRY,False,OTHER ROADWAY OR MID-BLOCK COLLISION,REAR END,STRAIGHT & LEVEL,DAYLIGHT,,,44992.72708,False,82,Accepted,5,5,O,,INATTENTION,,2023,1
5932,31328575,0510100,HENDERSON POLICE DEPARTMENT,Accepted,HENDERSON,,,ELM,ST,,,12TH,,,,,37.85268681,-87.58187144,,2023-03-01,1005,2,2,0,0,CLEAR,DRY,False,ANGLE COLLISION - ONE VEHICLE TURNING LEFT,ANGLE,STRAIGHT & LEVEL,DAYLIGHT,,,44992.72713,False,82,Accepted,5,5,O,,OTHER,,2023,1
5933,31328576,0510100,HENDERSON POLICE DEPARTMENT,Accepted,HENDERSON,,,GREEN,ST,,,,,,,,37.84329633,-87.58620399,,2023-03-01,1100,2,2,0,0,CLEAR,DRY,False,SIDESWIPE COLLISION - SAME DIRECTION,SIDESWIPE-SAME DIRECTION,STRAIGHT & LEVEL,DAYLIGHT,,,44992.72718,False,82,Accepted,5,5,O,,INATTENTION,,2023,1
5934,31328856,0510100,HENDERSON POLICE DEPARTMENT,Accepted,HENDERSON,,,GREEN,ST,,,2ND,,,,,37.8395679,-87.5884483,,2023-03-01,1255,2,2,0,0,CLEAR,DRY,False,SIDESWIPE-SAME DIRECTION,SIDESWIPE-SAME DIRECTION,STRAIGHT & LEVEL,DAYLIGHT,,,44992.7667,False,82,Accepted,5,5,O,,INATTENTION,,2023,1
5935,31328861,0510100,HENDERSON POLICE DEPARTMENT,Accepted,HENDERSON,US0041,,US41,,N,,,,BARRET,,MARYWOOD,37.86454804,-87.57361713,16.598,2023-03-05,623,2,2,0,0,CLEAR,DRY,False,REAR END IN TRAFFIC LANES BOTH VEHICLES MOVING,REAR END,STRAIGHT & LEVEL,DAYLIGHT,,,44992.76687,False,65,Accepted,5,5,O,,INATTENTION,,2023,1
5936,31328864,0510100,HENDERSON POLICE DEPARTMENT,Accepted,HENDERSON,KY0351,,ZION,RD,,,ARLINGTON,,,,,37.82941887,-87.56189871,1.632,2023-03-06,1540,2,2,0,0,CLEAR,DRY,False,ANGLE COLLISION - OTHER,ANGLE,STRAIGHT & LEVEL,DAYLIGHT,,,44992.76698,False,37,Accepted,5,5,O,,MISJUDGE CLEARANCE,,2023,1
5937,31328866,0510100,HENDERSON POLICE DEPARTMENT,Accepted,HENDERSON,,,GREEN,ST,,,4TH,,,,,37.84207285,-87.58681511,,2023-03-07,720,2,2,0,0,CLEAR,DRY,False,OTHER INTERSECTION COLLISIONS,REAR END,STRAIGHT & LEVEL,DAYLIGHT,,,44992.76703,False,82,Accepted,5,5,O,,INATTENTION,,2023,1
5938,31329809,0510100,HENDERSON POLICE DEPARTMENT,Accepted,HENDERSON,,,WATSON,LN,,,,,,,,37.86895266,-87.55762822,0.331,2023-03-02,2305,1,1,0,0,RAINING,WET,False,COLLISION WITH FIXED OBJECT NON - INTERSECTION - FIRST EVENT COLLISION 09 - 32 EXCLUDING 16,SINGLE VEHICLE,STRAIGHT & HILLCREST,DARK-HWY LIGHTED/ON,,,44992.99917,False,58,Accepted,5,5,O,SLIPPERY SURFACE,,,2023,1
5941,31334739,0510100,HENDERSON POLICE DEPARTMENT,Accepted,HENDERSON,KY0351,,ZION,RD,,US0041,US41 RAMP KY351,,,,,37.83095072,-87.56718423,1.307,2023-03-07,1520,2,2,0,0,CLEAR,DRY,False,ANGLE COLLISION - ONE VEHICLE TURNING LEFT,ANGLE,STRAIGHT & LEVEL,DAYLIGHT,,,44993.9209,False,49,Accepted,5,5,O,,INATTENTION,,2023,1
5942,31334742,0510100,HENDERSON POLICE DEPARTMENT,Accepted,HENDERSON,US0041A,10,GREEN,ST,N,,,,,,,37.83744953,-87.58977116,15.765,2023-03-08,641,2,2,0,0,CLEAR,DRY,False,SIDESWIPE COLLISION - SAME DIRECTION,SIDESWIPE-SAME DIRECTION,STRAIGHT & LEVEL,DAWN,,,44993.921,False,59,Accepted,5,5,O,,"DISTRACTION, FAILED TO KEEP PROPER LANE, INATTENTION",,2023,1
5943,31339124,0510100,HENDERSON POLICE DEPARTMENT,Accepted,HENDERSON,,,ADAMS,ST,N,,8TH,,,,,37.84551233,-87.58104864,0.721,2023-03-01,1449,2,2,0,0,CLOUDY,DRY,True,OTHER INTERSECTION COLLISIONS,REAR END,STRAIGHT & LEVEL,DAYLIGHT,,,44994.76341,False,24,Accepted,5,5,O,,INATTENTION,,2023,1
5944,31343217,0510100,HENDERSON POLICE DEPARTMENT,Accepted,HENDERSON,,,RICHARDSON,AVE,,,GREEN,,,,,37.85558672,-87.57700808,0.332,2023-03-05,1605,2,2,0,0,CLEAR,DRY,False,ANGLE COLLISION - ONE VEHICLE TURNING RIGHT,ANGLE,CURVE & LEVEL,DAYLIGHT,,,44995.671,False,34,Accepted,5,5,O,,MISJUDGE CLEARANCE,,2023,1
5945,31352826,0510000,HENDERSON COUNTY SHERIFF DEPT.,Accepted,HENDERSON,,,ELM,ST,N,,HERRON,,,,,37.8557298,-87.58008105,1.372,2023-03-09,1130,2,2,0,0,CLEAR,DRY,False,ANGLE COLLISION - OTHER,ANGLE,STRAIGHT & HILLCREST,DAYLIGHT,,,44998.42973,False,136,Accepted,5,5,O,,"INATTENTION, MISJUDGE CLEARANCE",,2023,1
5947,31353206,0510100,HENDERSON POLICE DEPARTMENT,Accepted,HENDERSON,,203,GREEN,ST,N,,,,,,,37.84189035,-87.58659479,,2023-03-09,1420,1,1,0,0,CLEAR,DRY,False,COLLISION WITH FIXED OBJECT NON - INTERSECTION - FIRST EVENT COLLISION 09 - 32 EXCLUDING 16,SINGLE VEHICLE,STRAIGHT & GRADE,DAYLIGHT,,,44998.49921,False,82,Accepted,5,5,O,,INATTENTION,,2023,1
5948,31353207,0510100,HENDERSON POLICE DEPARTMENT,Accepted,HENDERSON,,,HWY 60,,,,GREEN RIVER,,,,,37.86135765,-87.56409309,,2023-03-10,710,2,2,0,0,CLEAR,DRY,False,ANGLE COLLISION - OTHER,ANGLE,STRAIGHT & LEVEL,DAYLIGHT,,,44998.49933,False,82,Accepted,5,5,O,BACKUP DUE TO REGULAR CONGESTION,OTHER,,2023,1
5949,31353211,0510100,HENDERSON POLICE DEPARTMENT,Accepted,HENDERSON,,,GREEN,ST,,,POWELL,,,,,37.83522182,-87.59194401,,2023-03-10,1435,2,2,0,0,CLEAR,DRY,False,OTHER INTERSECTION COLLISIONS,REAR END,STRAIGHT & LEVEL,DAYLIGHT,,,44998.49966,False,82,Accepted,5,5,O,,OTHER,,2023,1
5950,31353213,0510100,HENDERSON POLICE DEPARTMENT,Accepted,HENDERSON,US0041A,,US41 ALT,,,,RICHARDSON,,,,,37.85564533,-87.57628069,17.239,2023-03-10,1555,2,2,0,1,CLEAR,DRY,False,ANGLE COLLISION - OTHER,ANGLE,STRAIGHT & GRADE,DAYLIGHT,,,44998.49978,False,48,Accepted,4,4,C,,INATTENTION,,2023,1
5951,31354156,0510100,HENDERSON POLICE DEPARTMENT,Accepted,HENDERSON,,128,COTTAGE,AVE,,,,,,,,37.8281657,-87.57917541,0.027,2023-03-11,430,2,2,0,0,CLEAR,DRY,False,1 VEHICLE PARKED POSITION (NOT PARKING LOT/DRIVEWAY),SIDESWIPE-SAME DIRECTION,STRAIGHT & LEVEL,DARK-HWY LIGHTED/OFF,,,44998.62098,False,50,Accepted,5,5,O,,ALCOHOL INVOLVEMENT,,2023,1
5953,31360811,0510100,HENDERSON POLICE DEPARTMENT,Accepted,HENDERSON,,1518,CLAY,ST,,,,,,,,37.82519352,-87.57860756,0.073,2023-03-12,1831,2,2,0,0,CLOUDY,DRY,False,1 VEHICLE PARKED POSITION (NOT PARKING LOT/DRIVEWAY),SIDESWIPE-SAME DIRECTION,STRAIGHT & LEVEL,DUSK,,,44999.81842,False,25,Accepted,5,5,O,,"INATTENTION, MISJUDGE CLEARANCE",,2023,1
5955,31363961,0510100,HENDERSON POLICE DEPARTMENT,Accepted,HENDERSON,,1200,GLENGARRY,WAY,,,,,,,,37.85955173,-87.55505284,0.203,2023-03-11,1354,2,2,0,0,CLOUDY,DRY,False,1 VEHICLE PARKED POSITION (NOT PARKING LOT/DRIVEWAY),BACKING,STRAIGHT & GRADE,DAYLIGHT,,,45000.5354,False,59,Accepted,5,5,O,,NOT UNDER PROPER CONTROL,,2023,1
5956,31363963,0510100,HENDERSON POLICE DEPARTMENT,Accepted,HENDERSON,,,MADISON,ST,,,PORTER,,,,,37.81640438,-87.58247223,,2023-03-14,1200,1,1,0,0,CLOUDY,DRY,False,COLLISION WITH FIXED OBJECT IN INTERSECTION - FIRST EVENT COLLISION 09 - 32,SINGLE VEHICLE,STRAIGHT & LEVEL,DAYLIGHT,,,45000.53562,False,73,Accepted,5,5,O,,"INATTENTION, MISJUDGE CLEARANCE, OTHER",,2023,1
5958,31368796,0510100,HENDERSON POLICE DEPARTMENT,Accepted,HENDERSON,US0060,2000,US60,,E,,MANOR,,,,,37.86022869,-87.56697128,10.651,2023-03-15,1155,2,2,0,0,CLEAR,DRY,False,SIDESWIPE-SAME DIRECTION,SIDESWIPE-SAME DIRECTION,STRAIGHT & LEVEL,DAYLIGHT,,,45001.46229,False,47,Accepted,5,5,O,OTHER,INATTENTION,,2023,1
5959,31368798,0510100,HENDERSON POLICE DEPARTMENT,Accepted,HENDERSON,,,MARYWOOD,DR,,US0060,US60,,,,,37.86107498,-87.56488283,0.008,2023-02-27,724,2,2,0,0,CLEAR,DRY,False,COLLISION WITH FIXED OBJECT IN INTERSECTION - FIRST EVENT COLLISION 09 - 32,ANGLE,STRAIGHT & GRADE,DAYLIGHT,,,45001.46241,False,15,Accepted,5,5,O,,MISJUDGE CLEARANCE,,2023,1
5960,31370712,0510100,HENDERSON POLICE DEPARTMENT,Accepted,HENDERSON,US0041A,1400,GREEN,ST,N,,,,,,,37.85424614,-87.57872535,17.065,2023-03-08,1646,2,2,0,0,CLEAR,DRY,False,REAR END IN TRAFFIC LANES BOTH VEHICLES MOVING,REAR END,STRAIGHT & LEVEL,DAYLIGHT,,,45001.76993,False,59,Accepted,5,5,O,,INATTENTION,,2023,1
5961,31370716,0510100,HENDERSON POLICE DEPARTMENT,Accepted,HENDERSON,US0041A,1400,GREEN,ST,N,,,,,,,37.85481568,-87.57779434,17.15,2023-03-11,1304,2,2,0,0,CLOUDY,DRY,False,REAR END IN TRAFFIC LANES BOTH VEHICLES MOVING,REAR END,STRAIGHT & LEVEL,DAYLIGHT,,,45001.76998,False,59,Accepted,5,5,O,,INATTENTION,BRAKES DEFECTIVE,2023,1
5962,31373325,0510100,HENDERSON POLICE DEPARTMENT,Accepted,HENDERSON,US0041A,,GREEN,ST,S,,,,WASHINGTON,,POWELL,37.83592401,-87.59122545,15.629,2023-03-14,747,1,1,0,0,CLOUDY,DRY,False,COLLISION WITH FIXED OBJECT NON - INTERSECTION - FIRST EVENT COLLISION 09 - 32 EXCLUDING 16,SINGLE VEHICLE,STRAIGHT & HILLCREST,DAWN,,,45002.41464,False,34,Accepted,5,5,O,OTHER,OTHER,,2023,1
5963,31373326,0510100,HENDERSON POLICE DEPARTMENT,Accepted,HENDERSON,,,1ST,ST,,,ELM,,,,,37.83868762,-87.59060494,0.213,2023-03-14,1245,2,2,0,0,CLOUDY,DRY,False,VEHICLE BACKING IN INTERSECTION,BACKING,STRAIGHT & LEVEL,DAYLIGHT,,,45002.4147,False,34,Accepted,5,5,O,,MISJUDGE CLEARANCE,,2023,1
5964,31373327,0510100,HENDERSON POLICE DEPARTMENT,Accepted,HENDERSON,US0041A,,GREEN,ST,S,,,,WASHINGTON,,POWELL,37.83597187,-87.59111285,15.636,2023-03-14,1509,2,2,0,0,CLOUDY,DRY,False,OTHER ROADWAY OR MID-BLOCK COLLISION,REAR END,STRAIGHT & HILLCREST,DAYLIGHT,,,45002.41475,False,34,Accepted,5,5,O,,INATTENTION,,2023,1
5965,31373328,0510100,HENDERSON POLICE DEPARTMENT,Accepted,HENDERSON,,,SIOUX,LN,,,,,KAYAK,,ARROW,37.81776969,-87.60493651,0.063,2023-03-15,720,2,2,0,0,CLEAR,DRY,False,1 VEHICLE ENTERING OR LEAVING PARKED POSITION (NOT PARKING LOT),BACKING,STRAIGHT & LEVEL,DAWN,,,45002.4148,False,34,Accepted,5,5,O,,MISJUDGE CLEARANCE,,2023,1
5966,31373329,0510100,HENDERSON POLICE DEPARTMENT,Accepted,HENDERSON,US0060,,US60,,E,,FRONTIER,,,,,37.86466688,-87.55122782,11.603,2023-03-14,1635,2,2,0,3,CLEAR,DRY,False,ANGLE COLLISION - OTHER,ANGLE,STRAIGHT & LEVEL,DAYLIGHT,,,45002.41485,False,37,Accepted,5,4,C,,"FAILED TO YIELD RIGHT OF WAY, MISJUDGE CLEARANCE",,2023,1
5967,31373330,0510100,HENDERSON POLICE DEPARTMENT,Accepted,HENDERSON,,,ADAMS,ST,S,,,,VINE,,MLK,37.83029357,-87.59286188,,2023-03-16,730,2,2,0,0,CLOUDY,DRY,False,SIDESWIPE COLLISION - SAME DIRECTION,SIDESWIPE-SAME DIRECTION,STRAIGHT & HILLCREST,DAYLIGHT,,,45002.4149,False,73,Accepted,5,5,O,OTHER,,,2023,1
5969,31387402,0510100,HENDERSON POLICE DEPARTMENT,Accepted,HENDERSON,US0041,,HWY 41 NORTH,,,,,,,,,37.85764857,-87.57364556,0.071,2023-03-17,1640,3,3,0,1,CLEAR,DRY,False,OTHER RAMP RELATED COLLISIONS NOT LISTED ABOVE,SIDESWIPE-SAME DIRECTION,STRAIGHT & LEVEL,DAYLIGHT,US0041,US0060,45006.0758,True,23,Accepted,5,3,B,,"FAILED TO YIELD RIGHT OF WAY, INATTENTION",,2023,1
5970,31387404,0510100,HENDERSON POLICE DEPARTMENT,Accepted,HENDERSON,,,WOOD,DR,,,LAKEVIEW,,,,,37.86764476,-87.56461695,0.063,2023-03-19,215,2,2,0,0,CLOUDY,DRY,False,COLLISION WITH PARKED VEHICLE,SIDESWIPE-SAME DIRECTION,STRAIGHT & LEVEL,DARK-HWY LIGHTED/ON,,,45006.07586,False,38,Accepted,5,5,O,,INATTENTION,,2023,1
5972,31388814,0510000,HENDERSON COUNTY SHERIFF DEPT.,Accepted,HENDERSON,,,PORTER,DR,,,LEE,,,,,37.81492851,-87.58377257,0.124,2023-03-10,1357,2,2,0,0,CLEAR,DRY,False,HEAD-ON COLLISION,HEAD ON,STRAIGHT & LEVEL,DAYLIGHT,,,45006.4049,False,134,Accepted,5,5,O,CONSTRUCTION WORK ZONE,DISTRACTION,,2023,1
5973,31388872,0510100,HENDERSON POLICE DEPARTMENT,Accepted,HENDERSON,US0041,,US41,,N,,,,BARKER,,WALKER,37.87114037,-87.57001061,17.092,2023-03-04,1122,5,5,0,3,CLEAR,DRY,False,OTHER ROADWAY OR MID-BLOCK COLLISION,REAR END,STRAIGHT & LEVEL,DAYLIGHT,,,45006.41864,False,65,Accepted,5,4,C,,INATTENTION,,2023,1
5974,31388875,0510100,HENDERSON POLICE DEPARTMENT,Accepted,HENDERSON,,,GREEN,ST,S,,DIXON ,,,,,37.83288962,-87.59413708,,2023-03-17,1140,2,2,0,0,CLOUDY,DRY,True,SIDESWIPE-SAME DIRECTION,SIDESWIPE-SAME DIRECTION,STRAIGHT & LEVEL,DAYLIGHT,,,45006.41879,False,73,Accepted,5,5,O,,,,2023,1