OBJECTID,IncidentID,AgencyORI,AgencyName,IncidentStatusDesc,County,RdwyNumber,Street,RoadwayName,StreetSfx,StreetDir,IntersectionRdwy,IntersectionRdwyName,BetweenStRdwy1,BetweenStRdwyName1,BetweenStRdwy2,BetweenStRdwyName2,Latitude,Longitude,Milepoint,CollisionDate,CollisionTime,UnitsInvolved,MotorVehiclesInvolved,NumberKilled,NumberInjured,Weather,RdwyConditionCode,HitandRun,DirAnalysisCode,MannerofCollision,RdwyCharacter,LightCondition,RampFromRdwyId,RampToRdwyId,AcceptedDate,IsSecondaryCollision,OwnerBadge,IncidentStatus,InjurySeverityCde,KABCO_Code,KABCO,Environmental_Factors,Human_Factors,Vehicular_Factors,CollisionYear,CityCrash
5975,31388879,0510100,HENDERSON POLICE DEPARTMENT,Accepted,HENDERSON,,,RACETRACK,RD,,US0041,US41,,,,,37.88296107,-87.56345451,0.008,2023-02-28,1455,2,2,0,3,CLEAR,DRY,False,ANGLE COLLISION - OTHER,ANGLE,STRAIGHT & LEVEL,DAYLIGHT,,,45006.41888,False,65,Accepted,4,4,C,,INATTENTION,,2023,1
5976,31388881,0510100,HENDERSON POLICE DEPARTMENT,Accepted,HENDERSON,,,BARRET,BLVD,,,,US0060,US60,,BARRETT BLVD,37.85894328,-87.5671989,,2023-03-06,1453,2,2,0,0,CLEAR,DRY,False,OTHER ROADWAY OR MID-BLOCK COLLISION,REAR END,STRAIGHT & LEVEL,DAYLIGHT,,,45006.419,False,65,Accepted,5,5,O,,INATTENTION,,2023,1
5977,31389906,0510100,HENDERSON POLICE DEPARTMENT,Accepted,HENDERSON,US0041A,1200,GREEN,ST,N,,12TH,,,,,37.85218562,-87.58027576,16.918,2023-03-11,1102,2,2,0,1,CLOUDY,DRY,False,OPPOSING LEFT TURN,OPPOSING LEFT TURN,STRAIGHT & LEVEL,DAYLIGHT,,,45006.59518,False,59,Accepted,5,3,B,,FAILED TO YIELD RIGHT OF WAY,,2023,1
5978,31393866,0510100,HENDERSON POLICE DEPARTMENT,Accepted,HENDERSON,US0041A,,GREEN,ST,N,,1ST,,,,,37.83821809,-87.58924491,15.824,2023-03-17,1539,3,3,0,0,CLEAR,DRY,False,ANGLE COLLISION - ONE VEHICLE TURNING LEFT,ANGLE,STRAIGHT & LEVEL,DAYLIGHT,,,45007.4041,False,49,Accepted,5,5,O,,"DISREGARD TRAFFIC CONTROL, INATTENTION",,2023,1
5979,31397933,0510100,HENDERSON POLICE DEPARTMENT,Accepted,HENDERSON,US0041,2214,US41,,N,,,,,,,37.86800773,-87.57170793,16.843,2023-03-22,1656,2,2,0,0,CLEAR,DRY,False,1 VEHICLE ENTERING/LEAVING ENTRANCE,ANGLE,STRAIGHT & LEVEL,DAYLIGHT,,,45008.15061,False,8,Accepted,5,5,O,,OTHER,,2023,1
5980,31398894,0510100,HENDERSON POLICE DEPARTMENT,Accepted,HENDERSON,US0041,,,,,,,,,,,37.8590874,-87.57520397,0.002,2023-03-21,807,2,2,0,0,CLEAR,DRY,False,OTHER RAMP RELATED COLLISIONS NOT LISTED ABOVE,SIDESWIPE-SAME DIRECTION,CURVE & LEVEL,DAYLIGHT,US0041,US0060,45008.38262,False,47,Accepted,5,5,O,OTHER,FAILED TO KEEP PROPER LANE,,2023,1
5981,31398897,0510100,HENDERSON POLICE DEPARTMENT,Accepted,HENDERSON,,100,ALVES,ST,S,,,,,,,37.83304968,-87.5880521,0.995,2023-03-21,802,2,2,0,0,CLOUDY,DRY,True,1 VEHICLE PARKED POSITION (NOT PARKING LOT/DRIVEWAY),ANGLE,STRAIGHT & LEVEL,DARK (UNKNOWN ROADWAY LIGHTING),,,45008.38274,False,59,Accepted,5,5,O,,,,2023,1
5983,31399209,0510100,HENDERSON POLICE DEPARTMENT,Accepted,HENDERSON,US0041,,US41,,N,,BARKER,,,,,37.8725889,-87.56938326,17.198,2023-03-04,1213,2,2,0,0,CLEAR,DRY,False,SIDESWIPE-SAME DIRECTION,SIDESWIPE-SAME DIRECTION,STRAIGHT & LEVEL,DAYLIGHT,,,45008.44185,False,37,Accepted,5,5,O,,MISJUDGE CLEARANCE,,2023,1
5984,31399210,0510100,HENDERSON POLICE DEPARTMENT,Accepted,HENDERSON,US0041A,,GREEN,ST,N,,HARDING,,,,,37.85293121,-87.57977769,16.979,2023-03-20,1637,2,2,0,0,CLEAR,DRY,False,OTHER INTERSECTION COLLISIONS,REAR END,STRAIGHT & LEVEL,DAYLIGHT,,,45008.442,False,37,Accepted,5,5,O,,MISJUDGE CLEARANCE,,2023,1
5985,31399772,0510100,HENDERSON POLICE DEPARTMENT,Accepted,HENDERSON,US0041,,US41,,N,,,,PARK,,BARRET,37.86401711,-87.57405459,16.555,2023-03-10,1117,2,2,0,0,CLEAR,DRY,False,REAR END IN TRAFFIC LANES BOTH VEHICLES MOVING,REAR END,STRAIGHT & LEVEL,DAYLIGHT,,,45008.55108,False,65,Accepted,5,5,O,,INATTENTION,,2023,1
5987,31401578,0510100,HENDERSON POLICE DEPARTMENT,Accepted,HENDERSON,,110,ALVES,ST,N,,,,,,,37.83703484,-87.58458778,0.146,2023-03-22,1831,2,2,0,0,CLOUDY,DRY,False,1 VEHICLE PARKED POSITION (NOT PARKING LOT/DRIVEWAY),BACKING,STRAIGHT & LEVEL,DAYLIGHT,,,45008.7723,False,58,Accepted,5,5,O,,IMPROPER BACKING,,2023,1
5988,31401580,0510100,HENDERSON POLICE DEPARTMENT,Accepted,HENDERSON,US0041A,1126,GREEN,ST,S,,,,,,,37.82378401,-87.6028707,14.509,2023-03-23,241,1,1,0,0,CLEAR,DRY,False,COLLISION WITH FIXED OBJECT NON - INTERSECTION - FIRST EVENT COLLISION 09 - 32 EXCLUDING 16,SINGLE VEHICLE,STRAIGHT & LEVEL,DARK-HWY LIGHTED/ON,,,45008.77237,True,23,Accepted,5,5,O,,"EXCEEDED STATED SPEED LIMIT, NOT UNDER PROPER CONTROL",BRAKES DEFECTIVE,2023,1
5989,31403818,0510100,HENDERSON POLICE DEPARTMENT,Accepted,HENDERSON,US0041A,,GREEN,ST,N,,10TH,,,,,37.85100578,-87.58103765,16.827,2023-03-23,1355,2,2,0,0,CLOUDY,DRY,False,OTHER INTERSECTION COLLISIONS,REAR END,STRAIGHT & LEVEL,DAYLIGHT,,,45009.36085,False,37,Accepted,5,5,O,,"INATTENTION, MISJUDGE CLEARANCE",,2023,1
5990,31405919,0510100,HENDERSON POLICE DEPARTMENT,Accepted,HENDERSON,,1810,ELM,ST,N,,,,ATKINSON PARK RD CONN,,PARK,37.86102172,-87.57666397,1.785,2023-03-20,2031,1,1,0,1,CLEAR,DRY,False,COLLISION WITH FIXED OBJECT NON - INTERSECTION - FIRST EVENT COLLISION 09 - 32 EXCLUDING 16,SINGLE VEHICLE,STRAIGHT & GRADE,DARK-HWY LIGHTED/ON,,,45009.8243,False,32,Accepted,5,3,B,,"ALCOHOL INVOLVEMENT, FAILED TO KEEP PROPER LANE",,2023,1
5991,31407801,0510100,HENDERSON POLICE DEPARTMENT,Accepted,HENDERSON,,,ADAMS,LN,,,CONGRESS,,,,,37.80486099,-87.56232877,,2023-03-22,730,2,2,0,0,CLEAR,DRY,False,ANGLE COLLISION - OTHER,ANGLE,CURVE & GRADE,DAYLIGHT,,,45010.64054,False,82,Accepted,5,5,O,OTHER,OTHER,,2023,1
5992,31410367,0510100,HENDERSON POLICE DEPARTMENT,Accepted,HENDERSON,,,US HWY 41 SOUTH,,,,,,,,,37.87634781,-87.56750394,,2023-03-24,1115,2,2,0,0,CLOUDY,WET,False,OTHER ROADWAY OR MID-BLOCK COLLISION,REAR END,STRAIGHT & LEVEL,DAYLIGHT,,,45011.46878,False,82,Accepted,5,5,O,BACKUP DUE TO REGULAR CONGESTION,INATTENTION,,2023,1
5995,31414785,0510100,HENDERSON POLICE DEPARTMENT,Accepted,HENDERSON,US0041A,,GREEN,ST,S,,WASHINGTON,,,,,37.83630925,-87.59081014,15.665,2023-03-25,2231,2,2,0,2,CLEAR,DRY,False,ANGLE COLLISION - OTHER,ANGLE,STRAIGHT & LEVEL,DARK-HWY LIGHTED/ON,,,45012.48383,False,51,Accepted,5,3,B,,"DISTRACTION, INATTENTION",,2023,1
5996,31414786,0510100,HENDERSON POLICE DEPARTMENT,Accepted,HENDERSON,US0041,,US41,,N,,BARRET,,,,,37.86437726,-87.57377845,16.579,2023-03-26,1922,2,2,0,1,CLEAR,DRY,False,ANGLE COLLISION - ONE VEHICLE TURNING LEFT,ANGLE,STRAIGHT & LEVEL,DARK-HWY LIGHTED/ON,,,45012.48394,False,23,Accepted,4,4,C,,INATTENTION,"HEADLIGHTS DEFECTIVE, OTHER LIGHTING DEFECTIVE",2023,1
5997,31414787,0510100,HENDERSON POLICE DEPARTMENT,Accepted,HENDERSON,,,ROBIN,RD,,US0041,US41,,,,,37.86866671,-87.57156353,0.006,2023-03-25,1804,2,2,0,0,CLEAR,DRY,False,ANGLE COLLISION - OTHER,ANGLE,STRAIGHT & LEVEL,DAYLIGHT,,,45012.48406,False,23,Accepted,5,5,O,,"FAILED TO KEEP PROPER LANE, FAILED TO YIELD RIGHT OF WAY, INATTENTION",,2023,1
5998,31414855,0510100,HENDERSON POLICE DEPARTMENT,Accepted,HENDERSON,,203,KERRY,LN,,,,,,,,37.82808997,-87.55579195,0.021,2023-03-21,1719,1,1,0,0,RAINING,WET,True,COLLISION WITH FIXED OBJECT NON - INTERSECTION - FIRST EVENT COLLISION 09 - 32 EXCLUDING 16,SINGLE VEHICLE,STRAIGHT & LEVEL,DAYLIGHT,,,45012.49937,False,23,Accepted,5,5,O,,"INATTENTION, MISJUDGE CLEARANCE",,2023,1
5999,31414915,0510100,HENDERSON POLICE DEPARTMENT,Accepted,HENDERSON,,,MAIN,ST,S,,,,,,,37.82611255,-87.60535382,1.065,2023-03-26,2333,1,1,0,1,CLEAR,DRY,False,COLLISION WITH FIXED OBJECT NON - INTERSECTION - FIRST EVENT COLLISION 09 - 32 EXCLUDING 16,SINGLE VEHICLE,STRAIGHT & LEVEL,DARK (UNKNOWN ROADWAY LIGHTING),,,45012.51177,False,31,Accepted,5,4,C,,"ALCOHOL INVOLVEMENT, DRUG INVOLVEMENT",,2023,1
6000,31415151,0510100,HENDERSON POLICE DEPARTMENT,Accepted,HENDERSON,,,GARDEN MILE,RD,S,KY0812,AIRLINE,,,,,37.81486398,-87.56004514,0.004,2023-03-23,2022,1,1,0,0,CLEAR,WET,False,COLLISION WITH FIXED OBJECT IN INTERSECTION - FIRST EVENT COLLISION 09 - 32,SINGLE VEHICLE,STRAIGHT & LEVEL,DARK-HWY LIGHTED/ON,,,45012.55273,False,22,Accepted,5,5,O,,NOT UNDER PROPER CONTROL,TIRE FAILURE,2023,1
6001,31415152,0510100,HENDERSON POLICE DEPARTMENT,Accepted,HENDERSON,,,WATER,ST,S,,DIXON,,,,,37.83545896,-87.59821612,0.394,2023-03-23,2310,1,1,0,1,CLEAR,DRY,False,COLLISION WITH FIXED OBJECT IN INTERSECTION - FIRST EVENT COLLISION 09 - 32,SINGLE VEHICLE,CURVE & LEVEL,DARK-HWY LIGHTED/ON,,,45012.55283,False,22,Accepted,5,3,B,,"FAILED TO KEEP PROPER LANE, INATTENTION, NOT UNDER PROPER CONTROL",,2023,1
6002,31415155,0510100,HENDERSON POLICE DEPARTMENT,Accepted,HENDERSON,,,WATHEN,LN,,,HILLMONT,,,,,37.86666078,-87.53583259,0.175,2023-03-24,1720,2,2,0,0,CLOUDY,WET,False,REAR END - ONE VEHICLE TURNING LEFT,REAR END,STRAIGHT & LEVEL,DAYLIGHT,,,45012.55295,False,22,Accepted,5,5,O,,FOLLOWING TOO CLOSE,,2023,1
6003,31415156,0510100,HENDERSON POLICE DEPARTMENT,Accepted,HENDERSON,,260,LINCOLN,AVE,,,,,,,,37.82289351,-87.5724471,0.058,2023-03-24,2330,2,2,0,0,CLOUDY,WET,True,1 VEHICLE PARKED POSITION (NOT PARKING LOT/DRIVEWAY),SIDESWIPE-OPPOSITE DIRECTION,STRAIGHT & LEVEL,DARK-HWY LIGHTED/ON,,,45012.55309,False,22,Accepted,5,5,O,,,,2023,1
6004,31415157,0510100,HENDERSON POLICE DEPARTMENT,Accepted,HENDERSON,,,CLAY,ST,,,LETCHER,,,,,37.82600475,-87.58011273,0.171,2023-03-25,212,2,2,0,0,CLEAR,DRY,False,ANGLE COLLISION - OTHER,ANGLE,STRAIGHT & LEVEL,DARK-HWY LIGHTED/ON,,,45012.55326,False,22,Accepted,5,5,O,,FAILED TO YIELD RIGHT OF WAY,,2023,1
6005,31415513,0510100,HENDERSON POLICE DEPARTMENT,Accepted,HENDERSON,US0041,,US41,,N,,,,BARRET,,MARYWOOD,37.86613377,-87.5727702,16.719,2023-03-25,934,2,2,0,0,CLOUDY,DRY,False,VEHICLE BACKING NON INTERSECTION,BACKING,STRAIGHT & LEVEL,DAYLIGHT,,,45012.60545,False,67,Accepted,5,5,O,,INATTENTION,,2023,1
6006,31415927,0510100,HENDERSON POLICE DEPARTMENT,Accepted,HENDERSON,,,12TH,ST,,,ELM,,,,,37.8527666,-87.58191382,0.198,2023-03-24,635,2,2,0,0,RAINING,WET,False,ANGLE COLLISION - OTHER,ANGLE,STRAIGHT & LEVEL,DAWN,,,45012.66658,False,37,Accepted,5,5,O,,"INATTENTION, MISJUDGE CLEARANCE",,2023,1
6007,31415928,0510100,HENDERSON POLICE DEPARTMENT,Accepted,HENDERSON,,,10TH,ST,,US0041A,GREEN,,,,,37.84903208,-87.58127878,0.244,2023-03-24,746,2,2,0,0,RAINING,WET,True,SIDESWIPE-SAME DIRECTION,SIDESWIPE-SAME DIRECTION,STRAIGHT & LEVEL,DAYLIGHT,,,45012.6667,False,37,Accepted,5,5,O,,"INATTENTION, NOT UNDER PROPER CONTROL",,2023,1
6008,31416360,0510100,HENDERSON POLICE DEPARTMENT,Accepted,HENDERSON,,,GREEN,ST,S,,,,SAND,,TURNER,37.82425077,-87.60273107,,2023-03-25,1515,2,2,0,0,CLEAR,DRY,False,OTHER ROADWAY OR MID-BLOCK COLLISION,REAR END,STRAIGHT & LEVEL,DAYLIGHT,,,45012.71655,False,73,Accepted,5,5,O,,INATTENTION,,2023,1
6011,31421675,0510100,HENDERSON POLICE DEPARTMENT,Accepted,HENDERSON,,,OLD HENDERSON CORYDON,RD,,,,,,,,37.80039409,-87.63779598,0.253,2023-03-28,44,1,1,0,1,CLEAR,DRY,False,COLLISION WITH FIXED OBJECT NON - INTERSECTION - FIRST EVENT COLLISION 09 - 32 EXCLUDING 16,SINGLE VEHICLE,CURVE & LEVEL,DARK (UNKNOWN ROADWAY LIGHTING),,,45013.83395,False,31,Accepted,5,2,A,,"ALCOHOL INVOLVEMENT, DRUG INVOLVEMENT",,2023,1
6012,31427029,0510100,HENDERSON POLICE DEPARTMENT,Accepted,HENDERSON,US0041,1900,US41,,N,,,,,,,37.8586971,-87.57511126,16.18,2023-03-29,235,1,1,0,1,CLEAR,DRY,False,RAN OFF ROADWAY (1 VEHICLE WITH/EARTH EMBANKMENT/DITCH),SINGLE VEHICLE,CURVE & GRADE,DARK-HWY LIGHTED/ON,,,45014.77628,False,50,Accepted,5,4,C,,ALCOHOL INVOLVEMENT,,2023,1
6015,31434706,0510100,HENDERSON POLICE DEPARTMENT,Accepted,HENDERSON,KY0351,300,2ND,ST,,,,,,,,37.839402,-87.58826238,0.012,2023-03-27,1539,2,2,0,0,CLEAR,DRY,False,OTHER ROADWAY OR MID-BLOCK COLLISION,OPPOSING LEFT TURN,STRAIGHT & LEVEL,DAYLIGHT,,,45016.37803,False,59,Accepted,5,5,O,,"FAILED TO YIELD RIGHT OF WAY, INATTENTION",,2023,1
6016,31434709,0510100,HENDERSON POLICE DEPARTMENT,Accepted,HENDERSON,US0060,,GREEN,ST,S,,COMMUNITY,,,,,37.80377695,-87.63748222,9.324,2023-03-30,553,1,1,0,0,CLEAR,DRY,False,COLLISION WITH ANIMAL IN INTERSECTION,SINGLE VEHICLE,STRAIGHT & LEVEL,DAWN,,,45016.3781,False,49,Accepted,5,5,O,ANIMALS ACTION,,,2023,1
6017,31435120,0510100,HENDERSON POLICE DEPARTMENT,Accepted,HENDERSON,,712,SHORT SEVENTH,ST,,,,,,,,37.84325478,-87.58057108,0.172,2023-03-27,1654,2,2,0,0,CLEAR,DRY,True,1 VEHICLE PARKED POSITION (NOT PARKING LOT/DRIVEWAY),BACKING,STRAIGHT & LEVEL,DAYLIGHT,,,45016.42769,False,59,Accepted,5,5,O,,INATTENTION,,2023,1
6018,31435379,0510100,HENDERSON POLICE DEPARTMENT,Accepted,HENDERSON,,,GREEN RIVER,RD,,,BENDGATE,,,,,37.86798575,-87.55880721,,2023-03-30,1615,2,2,0,0,CLEAR,DRY,False,ANGLE COLLISION - OTHER,ANGLE,STRAIGHT & LEVEL,DAYLIGHT,,,45016.452,False,73,Accepted,5,5,O,,"FAILED TO YIELD RIGHT OF WAY, INATTENTION",,2023,1
6021,31446395,0510100,HENDERSON POLICE DEPARTMENT,Accepted,HENDERSON,,,GREEN,ST,N,,13TH,,,,,37.85311898,-87.57961772,,2023-03-30,1107,2,2,0,0,CLEAR,DRY,False,ANGLE COLLISION - OTHER,ANGLE,STRAIGHT & LEVEL,DAYLIGHT,,,45019.53536,False,73,Accepted,5,5,O,,"FAILED TO YIELD RIGHT OF WAY, INATTENTION",,2023,1
6023,31446397,0510100,HENDERSON POLICE DEPARTMENT,Accepted,HENDERSON,US0060,,US60,,E,,BARRET,,,,,37.85989095,-87.56797162,10.589,2023-03-21,1724,2,2,0,0,CLEAR,DRY,False,SIDESWIPE-SAME DIRECTION,SIDESWIPE-SAME DIRECTION,STRAIGHT & GRADE,DAYLIGHT,,,45019.53547,False,15,Accepted,5,5,O,,MISJUDGE CLEARANCE,,2023,1
6024,31448038,0510100,HENDERSON POLICE DEPARTMENT,Accepted,HENDERSON,,221,2ND,ST,,,,,,,,37.8404449,-87.59089167,0.148,2023-03-24,2101,2,2,0,0,RAINING,WET,True,1 VEHICLE PARKED POSITION (NOT PARKING LOT/DRIVEWAY),ANGLE,STRAIGHT & LEVEL,DARK-HWY LIGHTED/ON,,,45019.77865,False,38,Accepted,5,5,O,,,,2023,1
6025,31449490,0510100,HENDERSON POLICE DEPARTMENT,Accepted,HENDERSON,,708,ARBOR DR A,,,,,,,,,37.8105098,-87.60971878,0.182,2023-04-02,1934,2,2,0,0,CLEAR,DRY,True,1 VEHICLE PARKED POSITION (NOT PARKING LOT/DRIVEWAY),SIDESWIPE-SAME DIRECTION,STRAIGHT & LEVEL,DARK-HWY LIGHTED/ON,,,45020.12968,False,50,Accepted,5,5,O,,OTHER,,2023,1
6026,31449491,0510100,HENDERSON POLICE DEPARTMENT,Accepted,HENDERSON,,1200,ATKINSON,ST,,,,,,,,37.8174278,-87.58394,0.851,2023-03-31,800,2,2,0,0,CLOUDY,WET,False,REAR END IN TRAFFIC LANES BOTH VEHICLES MOVING,REAR END,STRAIGHT & LEVEL,DAYLIGHT,,,45020.12972,False,50,Accepted,5,5,O,SLIPPERY SURFACE,OTHER,,2023,1
6027,31449493,0510100,HENDERSON POLICE DEPARTMENT,Accepted,HENDERSON,US0041,2053,US41,,N,,,,,,,37.86650223,-87.57282003,16.74,2023-03-24,1713,2,2,0,0,RAINING,WET,False,REAR END IN TRAFFIC LANES BOTH VEHICLES MOVING,REAR END,STRAIGHT & LEVEL,DUSK,,,45020.12978,False,38,Accepted,5,5,O,WATER POOLING,INATTENTION,,2023,1
6028,31449555,0510100,HENDERSON POLICE DEPARTMENT,Accepted,HENDERSON,US0041,,US41,,N,,,,,,,37.85967193,-87.57543596,16.241,2023-04-01,2042,2,2,0,0,CLEAR,DRY,True,SIDESWIPE COLLISION - SAME DIRECTION,SIDESWIPE-SAME DIRECTION,CURVE & GRADE,DARK-HWY LIGHTED/ON,,,45020.15604,False,32,Accepted,5,5,O,,"IMPROPER PASSING, MISJUDGE CLEARANCE",,2023,1
6030,31452530,0510000,HENDERSON COUNTY SHERIFF DEPT.,Accepted,HENDERSON,US0041,,US41,,,,,,,,,37.80606049,-87.56402427,12.265,2023-03-31,851,2,2,0,0,CLOUDY,DRY,False,REAR END IN TRAFFIC LANES BOTH VEHICLES MOVING,REAR END,STRAIGHT & LEVEL,DAYLIGHT,,,45020.64415,False,126,Accepted,5,5,O,,"FOLLOWING TOO CLOSE, INATTENTION",,2023,1
6031,31454229,0510100,HENDERSON POLICE DEPARTMENT,Accepted,HENDERSON,,,5TH,ST,,,ELM,,,,,37.84395336,-87.58763161,,2023-03-21,1035,2,2,0,0,CLEAR,DRY,False,ANGLE COLLISION - OTHER,ANGLE,STRAIGHT & LEVEL,DAYLIGHT,,,45020.94684,False,82,Accepted,5,5,O,,INATTENTION,,2023,1
6032,31456153,0510100,HENDERSON POLICE DEPARTMENT,Accepted,HENDERSON,,,14TH,ST,,US0041A,GREEN,,,,,37.85401204,-87.57890208,0.105,2023-04-04,939,2,2,0,1,CLEAR,DRY,False,OTHER INTERSECTION COLLISIONS,REAR END,STRAIGHT & LEVEL,DAYLIGHT,,,45021.41405,False,17,Accepted,5,4,C,,INATTENTION,,2023,1
6033,31456154,0510100,HENDERSON POLICE DEPARTMENT,Accepted,HENDERSON,,1131,BURRIS,ST,,,,,,,,37.82530656,-87.58542872,0.05,2023-04-04,1153,2,1,0,0,CLEAR,DRY,False,COLLISION WITH BICYCLIST NON INTERSECTION,SINGLE VEHICLE,STRAIGHT & LEVEL,DAYLIGHT,,,45021.41412,False,17,Accepted,5,5,O,,,,2023,1
6034,31456377,0510000,HENDERSON COUNTY SHERIFF DEPT.,Accepted,HENDERSON,US0041,,US41,,,,,,,,,37.80657859,-87.56429143,12.3,2023-04-04,2044,1,1,0,0,CLEAR,DRY,False,COLLISION WITH ANIMAL NON INTERSECTION,SINGLE VEHICLE,STRAIGHT & LEVEL,DARK-HWY LIGHTED/ON,,,45021.45153,False,139,Accepted,5,5,O,ANIMALS ACTION,,,2023,1
6036,31459205,0510100,HENDERSON POLICE DEPARTMENT,Accepted,HENDERSON,,426,MEADOW,ST,,,,,,,,37.82776081,-87.58416615,,2023-03-29,1000,2,2,0,0,CLEAR,DRY,False,1 VEHICLE PARKED POSITION (NOT PARKING LOT/DRIVEWAY),BACKING,STRAIGHT & LEVEL,DAYLIGHT,,,45022.00429,False,82,Accepted,5,5,O,,INATTENTION,,2023,1
6037,31459207,0510100,HENDERSON POLICE DEPARTMENT,Accepted,HENDERSON,,219,1ST,ST,,,,,,,,37.8392261,-87.59158183,,2023-03-27,1145,2,2,0,0,CLEAR,DRY,False,VEHICLE BACKING NON INTERSECTION,BACKING,STRAIGHT & LEVEL,DAYLIGHT,,,45022.00436,False,82,Accepted,5,5,O,,INATTENTION,,2023,1
6038,31459208,0510100,HENDERSON POLICE DEPARTMENT,Accepted,HENDERSON,,,5TH,ST,,,GREEN,,,,,37.84325254,-87.5858305,,2023-03-27,1415,2,2,0,0,CLEAR,DRY,False,ANGLE COLLISION - OTHER,ANGLE,STRAIGHT & LEVEL,DAYLIGHT,,,45022.00443,False,82,Accepted,5,5,O,,OTHER,,2023,1
6039,31459209,0510100,HENDERSON POLICE DEPARTMENT,Accepted,HENDERSON,,,ELM,ST,,,2ND,,,,,37.84006245,-87.59004749,,2023-03-29,1415,2,2,0,0,CLEAR,DRY,False,VEHICLE BACKING IN INTERSECTION,BACKING,STRAIGHT & LEVEL,DAYLIGHT,,,45022.00455,False,82,Accepted,5,5,O,,INATTENTION,,2023,1
6040,31459211,0510100,HENDERSON POLICE DEPARTMENT,Accepted,HENDERSON,,,GREEN RIVER ROAD,,,,LAMONT,,,,,37.86796408,-87.558797,,2023-04-03,1000,2,2,0,0,CLEAR,DRY,False,ANGLE COLLISION - OTHER,ANGLE,STRAIGHT & LEVEL,DAYLIGHT,,,45022.00461,False,82,Accepted,5,5,O,,INATTENTION,,2023,1
6041,31459212,0510100,HENDERSON POLICE DEPARTMENT,Accepted,HENDERSON,,,US HIGHWAY 41,,,,,,,,,37.86969125,-87.57098933,,2023-04-03,1300,2,2,0,0,CLEAR,DRY,False,SIDESWIPE COLLISION - SAME DIRECTION,SIDESWIPE-SAME DIRECTION,STRAIGHT & LEVEL,DAYLIGHT,,,45022.00466,False,82,Accepted,5,5,O,,INATTENTION,,2023,1
6042,31459216,0510100,HENDERSON POLICE DEPARTMENT,Accepted,HENDERSON,,,US HWY 60,,,,KILLIECRANKIE,,,,,37.8624796,-87.5621664,,2023-04-04,1050,2,2,0,0,CLEAR,DRY,False,OTHER INTERSECTION COLLISIONS,REAR END,STRAIGHT & GRADE,DAYLIGHT,,,45022.0048,False,82,Accepted,5,5,O,,INATTENTION,,2023,1
6043,31459217,0510100,HENDERSON POLICE DEPARTMENT,Accepted,HENDERSON,,315,TURNER,AVE,,,,,,,,37.8249741,-87.60276939,,2023-04-04,1235,2,2,0,0,CLEAR,DRY,False,1 VEHICLE PARKED POSITION (NOT PARKING LOT/DRIVEWAY),BACKING,STRAIGHT & LEVEL,DAYLIGHT,,,45022.00486,False,82,Accepted,5,5,O,,INATTENTION,,2023,1
6044,31460136,0510100,HENDERSON POLICE DEPARTMENT,Accepted,HENDERSON,US0041A,,GREEN,ST,S,,CHESTNUT,,,,,37.82797108,-87.59886051,15.001,2023-04-05,2241,1,1,0,0,CLOUDY,DRY,False,COLLISION WITH FIXED OBJECT IN INTERSECTION - FIRST EVENT COLLISION 09 - 32,SINGLE VEHICLE,STRAIGHT & LEVEL,DARK (UNKNOWN ROADWAY LIGHTING),,,45022.28024,False,31,Accepted,5,5,O,ANIMALS ACTION,INATTENTION,,2023,1
6045,31460607,0510100,HENDERSON POLICE DEPARTMENT,Accepted,HENDERSON,US0041,,US41,,N,,,,BARRET,,MARYWOOD,37.86442165,-87.57368342,16.589,2023-03-24,1452,2,2,0,1,RAINING,WET,False,OTHER ROADWAY OR MID-BLOCK COLLISION,OPPOSING LEFT TURN,STRAIGHT & LEVEL,DAYLIGHT,,,45022.38863,False,65,Accepted,5,4,C,BACKUP DUE TO REGULAR CONGESTION,INATTENTION,,2023,1
6046,31460608,0510100,HENDERSON POLICE DEPARTMENT,Accepted,HENDERSON,KY0351,,ZION,RD,,US0041,US41 RAMP FROM KY351,,,,,37.83071647,-87.56515984,1.392,2023-04-04,1354,2,2,0,0,CLEAR,DRY,True,OTHER INTERSECTION COLLISIONS,REAR END,STRAIGHT & LEVEL,DAYLIGHT,,,45022.3887,False,17,Accepted,5,5,O,,,,2023,1
6047,31461453,0510100,HENDERSON POLICE DEPARTMENT,Accepted,HENDERSON,US0041A,,GREEN,ST,N,,RICHARDSON,,,,,37.85548834,-87.57658652,17.227,2023-04-03,1530,2,2,0,0,CLEAR,DRY,True,HEAD-ON COLLISION,HEAD ON,STRAIGHT & LEVEL,DAYLIGHT,,,45022.58005,False,34,Accepted,5,5,O,,,,2023,1
6048,31461455,0510100,HENDERSON POLICE DEPARTMENT,Accepted,HENDERSON,US0041A,1705,GREEN,ST,S,,,,,,,37.81694583,-87.61344387,13.779,2023-04-03,1732,2,2,0,0,CLEAR,DRY,False,HEAD-ON COLLISION,HEAD ON,STRAIGHT & LEVEL,DAYLIGHT,,,45022.58017,False,24,Accepted,5,5,O,,INATTENTION,,2023,1
6050,31463953,0510100,HENDERSON POLICE DEPARTMENT,Accepted,HENDERSON,,,CLAY,ST,,,,,,,,37.83086466,-87.58845586,0.74,2023-03-18,352,2,1,0,0,CLEAR,DRY,False,SIDESWIPE COLLISION - SAME DIRECTION,SIDESWIPE-SAME DIRECTION,STRAIGHT & LEVEL,DARK-HWY LIGHTED/ON,,,45023.12776,False,31,Accepted,5,5,O,,ALCOHOL INVOLVEMENT,,2023,1