OBJECTID,IncidentID,AgencyORI,AgencyName,IncidentStatusDesc,County,RdwyNumber,Street,RoadwayName,StreetSfx,StreetDir,IntersectionRdwy,IntersectionRdwyName,BetweenStRdwy1,BetweenStRdwyName1,BetweenStRdwy2,BetweenStRdwyName2,Latitude,Longitude,Milepoint,CollisionDate,CollisionTime,UnitsInvolved,MotorVehiclesInvolved,NumberKilled,NumberInjured,Weather,RdwyConditionCode,HitandRun,DirAnalysisCode,MannerofCollision,RdwyCharacter,LightCondition,RampFromRdwyId,RampToRdwyId,AcceptedDate,IsSecondaryCollision,OwnerBadge,IncidentStatus,InjurySeverityCde,KABCO_Code,KABCO,Environmental_Factors,Human_Factors,Vehicular_Factors,CollisionYear,CityCrash
6052,31473207,0510100,HENDERSON POLICE DEPARTMENT,Accepted,HENDERSON,US0041A,,GREEN,ST,N,,,,,,,37.84365296,-87.58573468,16.247,2023-04-08,2024,2,1,0,1,CLEAR,DRY,False,COLLISION WITH PEDESTRIAN NON - INTERSECTION,SINGLE VEHICLE,STRAIGHT & LEVEL,DARK (UNKNOWN ROADWAY LIGHTING),,,45026.08111,False,31,Accepted,5,4,C,,,,2023,1
6053,31473362,0510100,HENDERSON POLICE DEPARTMENT,Accepted,HENDERSON,US0041,13,US41,,,,,,,,,37.81550364,-87.56313514,1.78,2023-04-09,2009,2,2,0,1,CLEAR,DRY,False,REAR END IN TRAFFIC LANES BOTH VEHICLES MOVING,REAR END,STRAIGHT & LEVEL,DARK-HWY LIGHTED/ON,,,45026.11372,False,25,Accepted,5,2,A,,"FOLLOWING TOO CLOSE, INATTENTION",,2023,1
6054,31475398,0510100,HENDERSON POLICE DEPARTMENT,Accepted,HENDERSON,US0060,,US60,,E,,BARRET,,,,,37.85990202,-87.56776471,10.599,2023-04-07,1142,2,2,0,0,CLOUDY,DRY,False,SIDESWIPE-SAME DIRECTION,SIDESWIPE-SAME DIRECTION,STRAIGHT & LEVEL,DAYLIGHT,,,45026.43778,False,65,Accepted,5,5,O,,INATTENTION,,2023,1
6059,31475879,0510100,HENDERSON POLICE DEPARTMENT,Accepted,HENDERSON,,900,POWELL,ST,,,HOLLOWAY,,,,,37.83150438,-87.58570423,0.718,2023-04-09,1706,2,2,0,0,CLEAR,DRY,False,HEAD-ON COLLISION,HEAD ON,STRAIGHT & LEVEL,DAYLIGHT,,,45026.48498,False,59,Accepted,5,5,O,,"DISREGARD TRAFFIC CONTROL, MISJUDGE CLEARANCE",,2023,1
6062,31476627,0510100,HENDERSON POLICE DEPARTMENT,Accepted,HENDERSON,US0041A,,GREEN,ST,N,,,,CENTER,,1ST,37.83788547,-87.58946458,15.801,2023-04-06,1231,2,2,0,0,CLOUDY,DRY,False,OTHER ROADWAY OR MID-BLOCK COLLISION,REAR END,STRAIGHT & LEVEL,DAYLIGHT,,,45026.60987,False,34,Accepted,5,5,O,,"LOST CONSCIOUSNESS/FAINTED, SICK",,2023,1
6063,31476975,0510100,HENDERSON POLICE DEPARTMENT,Accepted,HENDERSON,,,POWELL,ST,,,MEADOW,,,,,37.82985326,-87.582953,0.908,2023-04-07,746,2,2,0,0,CLOUDY,DRY,False,ANGLE COLLISION - OTHER,ANGLE,STRAIGHT & LEVEL,DAYLIGHT,,,45026.64974,False,37,Accepted,5,5,O,,"INATTENTION, MISJUDGE CLEARANCE",,2023,1
6064,31476979,0510100,HENDERSON POLICE DEPARTMENT,Accepted,HENDERSON,,1195,BARRET,BLVD,,,,,,,,37.85795851,-87.56748663,0.202,2023-04-09,1519,2,2,0,0,CLEAR,DRY,True,1 VEHICLE PARKED POSITION (NOT PARKING LOT/DRIVEWAY),BACKING,STRAIGHT & LEVEL,DAYLIGHT,,,45026.64989,False,33,Accepted,5,5,O,,INATTENTION,,2023,1
6067,31486483,0510100,HENDERSON POLICE DEPARTMENT,Accepted,HENDERSON,,,2ND,ST,,,WATER,,,,,37.84138781,-87.59314404,0.287,2023-04-07,1557,2,2,0,0,CLOUDY,DRY,False,SIDESWIPE-SAME DIRECTION,SIDESWIPE-SAME DIRECTION,STRAIGHT & LEVEL,DAYLIGHT,,,45028.5641,False,34,Accepted,5,5,O,,INATTENTION,,2023,1
6068,31486485,0510100,HENDERSON POLICE DEPARTMENT,Accepted,HENDERSON,US0041A,,GREEN,ST,N,,4TH,,,,,37.84213192,-87.58679566,16.127,2023-04-07,1537,2,2,0,0,CLEAR,DRY,False,ANGLE COLLISION - OTHER,ANGLE,STRAIGHT & LEVEL,DAYLIGHT,,,45028.56442,False,34,Accepted,5,5,O,,"INATTENTION, MISJUDGE CLEARANCE",,2023,1
6069,31486487,0510100,HENDERSON POLICE DEPARTMENT,Accepted,HENDERSON,,,BARRET,BLVD,,US0041,US41,,,,,37.86425268,-87.57353049,0.888,2023-04-11,1557,2,2,0,0,CLEAR,DRY,False,SIDESWIPE-SAME DIRECTION,SIDESWIPE-SAME DIRECTION,STRAIGHT & LEVEL,DAYLIGHT,,,45028.56464,False,37,Accepted,5,5,O,,"INATTENTION, MISJUDGE CLEARANCE",,2023,1
6070,31487195,0510000,HENDERSON COUNTY SHERIFF DEPT.,Accepted,HENDERSON,KY0425,6303,KY425,,,,,,,,,37.79215069,-87.64130379,0.651,2023-04-12,709,2,2,0,0,CLEAR,DRY,False,SIDESWIPE COLLISION - SAME DIRECTION,SIDESWIPE-SAME DIRECTION,STRAIGHT & GRADE,DAWN,,,45028.66183,False,138,Accepted,5,5,O,,"FAILED TO YIELD RIGHT OF WAY, IMPROPER PASSING",,2023,1
6073,31504856,0510100,HENDERSON POLICE DEPARTMENT,Accepted,HENDERSON,US0041A,,GREEN,ST,N,,12TH,,,,,37.85210016,-87.58035434,16.9,2023-04-15,1821,2,2,0,0,CLOUDY,WET,False,SIDESWIPE-SAME DIRECTION,SIDESWIPE-SAME DIRECTION,STRAIGHT & LEVEL,DAYLIGHT,,,45033.20057,False,38,Accepted,5,5,O,,"FAILED TO KEEP PROPER LANE, INATTENTION",,2023,1
6074,31507043,0510100,HENDERSON POLICE DEPARTMENT,Accepted,HENDERSON,,1100,BARRET,BLVD,,,,,,,,37.85975985,-87.56767738,0.357,2023-04-14,1443,2,2,0,0,CLEAR,DRY,False,1 VEHICLE ENTERING/LEAVING ENTRANCE,ANGLE,STRAIGHT & LEVEL,DAYLIGHT,,,45033.53317,False,59,Accepted,5,5,O,,FAILED TO YIELD RIGHT OF WAY,,2023,1
6075,31507230,0510100,HENDERSON POLICE DEPARTMENT,Accepted,HENDERSON,,790,WOLF HILLS,RD,,,,,,,,37.8881718,-87.5407578,,2023-04-12,1430,2,2,0,0,CLEAR,DRY,False,OTHER ROADWAY OR MID-BLOCK COLLISION,REAR END,STRAIGHT & LEVEL,DAYLIGHT,,,45033.57175,False,82,Accepted,5,5,O,,INATTENTION,,2023,1
6076,31507231,0510100,HENDERSON POLICE DEPARTMENT,Accepted,HENDERSON,US0041,,US41,,N,,,,,,,37.8341339,-87.56514596,14.348,2023-04-12,724,2,2,0,0,CLEAR,DRY,True,SIDESWIPE COLLISION - SAME DIRECTION,SIDESWIPE-SAME DIRECTION,STRAIGHT & LEVEL,DAYLIGHT,,,45033.57186,False,37,Accepted,5,5,O,,"INATTENTION, MISJUDGE CLEARANCE",,2023,1
6077,31507234,0510100,HENDERSON POLICE DEPARTMENT,Accepted,HENDERSON,,,BARRET,BLVD,,,,,US 60E,,END OF RD,37.85980222,-87.56769802,,2023-04-12,1710,2,2,0,0,CLEAR,DRY,False,OTHER ROADWAY OR MID-BLOCK COLLISION,REAR END,STRAIGHT & LEVEL,DAYLIGHT,,,45033.57195,False,73,Accepted,5,5,O,,INATTENTION,,2023,1
6078,31507235,0510100,HENDERSON POLICE DEPARTMENT,Accepted,HENDERSON,KY0812,,AIRLINE,RD,,KY2084,KY2084,,,,,37.82011325,-87.56932957,7.394,2023-04-13,842,2,2,0,1,CLEAR,DRY,False,ANGLE COLLISION - OTHER,ANGLE,STRAIGHT & LEVEL,DAYLIGHT,,,45033.57203,False,17,Accepted,5,4,C,,OTHER,,2023,1
6079,31507236,0510100,HENDERSON POLICE DEPARTMENT,Accepted,HENDERSON,US0060,,US60,,E,,,US0041,US41 N EXIT81 OFF RAMP TO US60 E,,BARRET,37.85990282,-87.56776162,10.599,2023-04-06,1421,2,2,0,0,CLEAR,DRY,False,SIDESWIPE COLLISION - SAME DIRECTION,SIDESWIPE-SAME DIRECTION,STRAIGHT & LEVEL,DAYLIGHT,,,45033.57214,False,65,Accepted,5,5,O,,INATTENTION,,2023,1
6080,31507281,0510100,HENDERSON POLICE DEPARTMENT,Accepted,HENDERSON,US0041A,,GREEN,ST,S,,,,KRESGE,,DRURY,37.81481072,-87.61680487,,2023-04-13,1215,2,2,0,0,CLEAR,DRY,False,SIDESWIPE COLLISION - OPPOSITE DIRECTION,SIDESWIPE-OPPOSITE DIRECTION,STRAIGHT & LEVEL,DAYLIGHT,,,45033.57883,False,73,Accepted,5,5,O,,OTHER,,2023,1
6081,31507290,0510100,HENDERSON POLICE DEPARTMENT,Accepted,HENDERSON,US0041A,1700,GREEN,ST,S,,,,,,,37.81572114,-87.61522667,13.636,2023-04-13,1142,2,2,0,0,CLEAR,DRY,False,1 VEHICLE ENTERING/LEAVING ENTRANCE,ANGLE,STRAIGHT & LEVEL,DAYLIGHT,,,45033.57899,False,17,Accepted,5,5,O,,FAILED TO YIELD RIGHT OF WAY,,2023,1
6082,31507353,0510100,HENDERSON POLICE DEPARTMENT,Accepted,HENDERSON,,,FAIR,ST,,,FAIRGROUND,,,,,37.8200279,-87.60084639,,2023-04-13,1420,2,2,0,0,CLEAR,DRY,False,COLLISION WITH PARKED VEHICLE,ANGLE,STRAIGHT & LEVEL,DAYLIGHT,,,45033.58564,False,82,Accepted,5,5,O,,INATTENTION,,2023,1
6083,31507456,0510100,HENDERSON POLICE DEPARTMENT,Accepted,HENDERSON,,,ALVASIA,ST,S,,VINE,,,,,37.82821967,-87.59105661,0.551,2023-04-13,1546,2,2,0,0,CLEAR,DRY,False,ANGLE COLLISION - OTHER,ANGLE,STRAIGHT & LEVEL,DAYLIGHT,,,45033.59866,False,17,Accepted,5,5,O,,INATTENTION,,2023,1
6084,31507475,0510100,HENDERSON POLICE DEPARTMENT,Accepted,HENDERSON,US0041,,US41,,N,,,,BARRET,,MARYWOOD,37.86595984,-87.57280093,16.707,2023-04-13,1624,2,2,0,0,CLEAR,DRY,False,OTHER ROADWAY OR MID-BLOCK COLLISION,REAR END,STRAIGHT & LEVEL,DAYLIGHT,,,45033.60089,False,67,Accepted,5,5,O,,INATTENTION,,2023,1
6085,31507602,0510100,HENDERSON POLICE DEPARTMENT,Accepted,HENDERSON,,,BARRET,BLVD,,,UDS HWY 41N,,,,,37.86427792,-87.57358713,,2023-04-14,1200,2,2,0,1,CLEAR,DRY,False,OTHER INTERSECTION COLLISIONS,REAR END,STRAIGHT & LEVEL,DAYLIGHT,,,45033.61282,False,73,Accepted,5,3,B,,"INATTENTION, OTHER",,2023,1
6086,31507609,0510100,HENDERSON POLICE DEPARTMENT,Accepted,HENDERSON,,2612,IRISH IVY,LN,,,,,,,,37.83485037,-87.54928872,0.147,2023-04-16,1100,2,2,0,0,CLOUDY,DRY,False,1 VEHICLE PARKED POSITION (NOT PARKING LOT/DRIVEWAY),BACKING,STRAIGHT & LEVEL,DAYLIGHT,,,45033.61316,False,48,Accepted,5,5,O,,INATTENTION,,2023,1
6092,31520398,0510100,HENDERSON POLICE DEPARTMENT,Accepted,HENDERSON,,314,LETCHER,ST,,,,,,,,37.82659355,-87.5795904,0.164,2023-04-11,2136,2,2,0,1,CLEAR,DRY,False,1 VEHICLE PARKED POSITION (NOT PARKING LOT/DRIVEWAY),HEAD ON,STRAIGHT & LEVEL,DARK-HWY LIGHTED/ON,,,45036.11666,False,51,Accepted,3,3,B,,ALCOHOL INVOLVEMENT,,2023,1
6093,31520403,0510100,HENDERSON POLICE DEPARTMENT,Accepted,HENDERSON,US0041,,US41,,N,US0041,US41 S EXIT81 OFF RAMP TO US60 W,,,,,37.85922076,-87.57522954,16.225,2023-04-16,2039,2,2,0,0,CLEAR,DRY,False,SIDESWIPE-SAME DIRECTION,SIDESWIPE-SAME DIRECTION,CURVE & LEVEL,DARK-HWY LIGHTED/ON,,,45036.11683,False,32,Accepted,5,5,O,,"DISTRACTION, INATTENTION",,2023,1
6094,31522770,0510100,HENDERSON POLICE DEPARTMENT,Accepted,HENDERSON,US0041A,1725,GREEN,ST,S,,,,,,,37.81612649,-87.61483009,13.671,2023-04-16,1405,2,2,0,0,CLOUDY,DRY,False,1 VEHICLE ENTERING/LEAVING ENTRANCE,ANGLE,STRAIGHT & LEVEL,DAYLIGHT,,,45036.5876,False,37,Accepted,5,5,O,,MISJUDGE CLEARANCE,,2023,1
6095,31522772,0510100,HENDERSON POLICE DEPARTMENT,Accepted,HENDERSON,,128,2ND,ST,,,,,,,,37.84092743,-87.5921451,0.224,2023-04-14,2128,3,1,0,0,CLEAR,DRY,False,COLLISION WITH PEDESTRIAN NON - INTERSECTION,SINGLE VEHICLE,STRAIGHT & LEVEL,DARK-HWY LIGHTED/ON,,,45036.5877,False,8,Accepted,5,5,O,OTHER,"DISTRACTION, INATTENTION, OTHER",,2023,1
6096,31522885,0510100,HENDERSON POLICE DEPARTMENT,Accepted,HENDERSON,,300,BARKER,RD,,,,,,,,37.87243177,-87.57039235,0.052,2023-04-18,708,2,2,0,0,CLEAR,DRY,False,VEHICLE BACKING NON INTERSECTION,BACKING,STRAIGHT & LEVEL,DAYLIGHT,,,45036.61125,False,67,Accepted,5,5,O,,"INATTENTION, OTHER",,2023,1
6098,31523145,0510100,HENDERSON POLICE DEPARTMENT,Accepted,HENDERSON,,,BARRET,BLVD,,US0041,US41,,,,,37.86433118,-87.57372736,0.901,2023-04-12,640,2,2,0,0,CLEAR,DRY,True,SIDESWIPE-SAME DIRECTION,SIDESWIPE-SAME DIRECTION,STRAIGHT & LEVEL,DAYLIGHT,,,45036.64194,False,65,Accepted,5,5,O,,INATTENTION,,2023,1
6100,31537438,0510000,HENDERSON COUNTY SHERIFF DEPT.,Accepted,HENDERSON,US0060,,GREEN,ST,S,,,,,,,37.799973,-87.64768857,8.715,2023-04-22,12,1,1,0,0,RAINING,WET,False,COLLISION WITH FIXED OBJECT NON - INTERSECTION - FIRST EVENT COLLISION 09 - 32 EXCLUDING 16,SINGLE VEHICLE,STRAIGHT & LEVEL,DARK-HWY LIGHTED/ON,,,45040.41069,False,131,Accepted,5,5,O,,NOT UNDER PROPER CONTROL,STEERING FAILURE,2023,1
6101,31537467,0510100,HENDERSON POLICE DEPARTMENT,Accepted,HENDERSON,,,2ND,ST,,US0041A,GREEN,,,,,37.83949718,-87.58838723,0.004,2023-04-17,1347,2,2,0,0,CLEAR,DRY,False,REAR END - ONE VEHICLE TURNING RIGHT,REAR END,STRAIGHT & LEVEL,DAYLIGHT,,,45040.41558,False,42,Accepted,5,5,O,,MISJUDGE CLEARANCE,,2023,1
6102,31537781,0510100,HENDERSON POLICE DEPARTMENT,Accepted,HENDERSON,US0041A,,GREEN,ST,N,,,,7TH,,8TH,37.84602294,-87.58418841,16.435,2023-04-19,1551,2,2,0,0,CLEAR,DRY,False,1 VEHICLE ENTERING/LEAVING ENTRANCE,ANGLE,STRAIGHT & LEVEL,DAYLIGHT,,,45040.45665,False,34,Accepted,5,5,O,,"INATTENTION, MISJUDGE CLEARANCE",,2023,1
6103,31537948,0510100,HENDERSON POLICE DEPARTMENT,Accepted,HENDERSON,US0041,,US41,,N,,,,WALNUT,,WATSON,37.87673631,-87.56711421,17.511,2023-04-22,1446,2,2,0,1,CLEAR,DRY,False,OTHER ROADWAY OR MID-BLOCK COLLISION,REAR END,STRAIGHT & LEVEL,DAYLIGHT,,,45040.47137,False,67,Accepted,5,4,C,,INATTENTION,,2023,1
6104,31537949,0510100,HENDERSON POLICE DEPARTMENT,Accepted,HENDERSON,US0041,2855,US41,,N,,,,,,,37.87861475,-87.56610993,17.65,2023-04-23,726,2,2,0,0,CLOUDY,DRY,False,1 VEHICLE PARKED POSITION (NOT PARKING LOT/DRIVEWAY),HEAD ON,STRAIGHT & LEVEL,DAYLIGHT,,,45040.47143,False,67,Accepted,5,5,O,,FELL ASLEEP,,2023,1
6105,31538001,0510100,HENDERSON POLICE DEPARTMENT,Accepted,HENDERSON,US0041A,301,GREEN,ST,S,,,,,,,37.83323993,-87.59380423,15.393,2023-04-20,1629,2,2,0,3,CLEAR,DRY,False,1 VEHICLE ENTERING/LEAVING ENTRANCE,ANGLE,STRAIGHT & LEVEL,DAYLIGHT,,,45040.47949,False,29,Accepted,5,4,C,,MISJUDGE CLEARANCE,,2023,1
6106,31538003,0510100,HENDERSON POLICE DEPARTMENT,Accepted,HENDERSON,US0041,,,,,,,,,,,37.85771905,-87.57401557,0.122,2023-04-22,844,2,2,0,0,CLEAR,DRY,False,OTHER RAMP RELATED COLLISIONS NOT LISTED ABOVE,REAR END,CURVE & GRADE,DAYLIGHT,US0041,US0041,45040.47964,False,67,Accepted,5,5,O,,INATTENTION,,2023,1
6107,31538204,0510100,HENDERSON POLICE DEPARTMENT,Accepted,HENDERSON,US0041A,,GREEN,ST,N,,10TH,,,,,37.84948192,-87.58197647,16.707,2023-04-21,1511,2,2,0,1,RAINING,WET,False,REAR END - ONE VEHICLE TURNING LEFT,REAR END,STRAIGHT & LEVEL,DAYLIGHT,,,45040.51003,False,29,Accepted,5,4,C,SLIPPERY SURFACE,INATTENTION,,2023,1
6108,31539245,0510100,HENDERSON POLICE DEPARTMENT,Accepted,HENDERSON,,,WATSON,LN,,US0060,US60,,,,,37.86471272,-87.55503836,,2023-04-14,744,2,2,0,0,CLEAR,DRY,False,OTHER INTERSECTION COLLISIONS,REAR END,STRAIGHT & HILLCREST,DAYLIGHT,,,45040.62789,False,33,Accepted,5,5,O,,INATTENTION,,2023,1
6109,31539481,0510100,HENDERSON POLICE DEPARTMENT,Accepted,HENDERSON,,,14TH,ST,,,ELM,,,,,37.85478955,-87.58062258,,2023-04-17,930,2,2,0,0,CLEAR,DRY,False,ANGLE COLLISION - OTHER,ANGLE,STRAIGHT & GRADE,DAYLIGHT,,,45040.6598,False,82,Accepted,5,5,O,,OTHER,,2023,1
6110,31539492,0510100,HENDERSON POLICE DEPARTMENT,Accepted,HENDERSON,,,GREEN,ST,,,SAND,,,,,37.82388999,-87.60304783,,2023-04-19,945,2,2,0,0,CLEAR,DRY,False,COLLISION WITH FIXED OBJECT IN INTERSECTION - FIRST EVENT COLLISION 09 - 32,OPPOSING LEFT TURN,STRAIGHT & LEVEL,DAYLIGHT,,,45040.66,False,82,Accepted,5,5,O,,OTHER,,2023,1
6111,31539494,0510100,HENDERSON POLICE DEPARTMENT,Accepted,HENDERSON,,,ADAMS,ST,N,,SHORT SEVENTH,,,,,37.84391694,-87.58214873,0.597,2023-04-20,856,2,1,0,1,CLEAR,DRY,False,COLLISION WITH PEDESTRIAN IN INTERSECTION,SINGLE VEHICLE,CURVE & LEVEL,DAYLIGHT,,,45040.66015,False,34,Accepted,2,2,A,,INATTENTION,,2023,1
6112,31539495,0510100,HENDERSON POLICE DEPARTMENT,Accepted,HENDERSON,,,GREEN,ST,,,12TH,,,,,37.85196415,-87.58036464,,2023-04-20,1100,2,2,0,0,CLEAR,DRY,False,OTHER INTERSECTION COLLISIONS,REAR END,STRAIGHT & LEVEL,DAYLIGHT,,,45040.66022,False,82,Accepted,5,5,O,,OTHER,,2023,1
6113,31539496,0510100,HENDERSON POLICE DEPARTMENT,Accepted,HENDERSON,KY0812,,AIRLINE,RD,,,,,GLOVER,KY2084,KY2084,37.82097163,-87.57081592,7.494,2023-04-20,1557,2,2,0,0,CLEAR,DRY,False,REAR END IN TRAFFIC LANES BOTH VEHICLES MOVING,REAR END,STRAIGHT & LEVEL,DAYLIGHT,,,45040.6603,False,34,Accepted,5,5,O,,INATTENTION,,2023,1
6114,31539501,0510100,HENDERSON POLICE DEPARTMENT,Accepted,HENDERSON,,,SAND,LN,,,ATKINSON,,,,,37.8173994,-87.58399066,,2023-04-21,1035,2,2,0,0,RAINING,WET,False,OPPOSING LEFT TURN,OPPOSING LEFT TURN,STRAIGHT & LEVEL,DAYLIGHT,,,45040.66037,False,82,Accepted,5,5,O,,INATTENTION,,2023,1
6115,31539504,0510100,HENDERSON POLICE DEPARTMENT,Accepted,HENDERSON,,1318,WASHINGTON,ST,,,,,,,,37.82899605,-87.57858236,0.372,2023-04-23,653,1,1,0,0,CLEAR,DRY,False,COLLISION WITH FIXED OBJECT NON - INTERSECTION - FIRST EVENT COLLISION 09 - 32 EXCLUDING 16,SINGLE VEHICLE,STRAIGHT & LEVEL,DAYLIGHT,,,45040.66044,False,17,Accepted,5,5,O,,FELL ASLEEP,,2023,1
6116,31541503,0510100,HENDERSON POLICE DEPARTMENT,Accepted,HENDERSON,US0041,2200,US41,,N,,,,,,,37.86993054,-87.57074514,17.001,2023-04-21,1621,2,2,0,0,CLOUDY,WET,False,OTHER ROADWAY OR MID-BLOCK COLLISION,REAR END,STRAIGHT & LEVEL,DAYLIGHT,,,45041.11801,False,50,Accepted,5,5,O,,INATTENTION,,2023,1
6118,31542931,0510100,HENDERSON POLICE DEPARTMENT,Accepted,HENDERSON,US0041,,US41,,N,US0060,US60,,,,,37.85695672,-87.57310879,16.023,2023-04-14,1357,2,2,0,0,CLEAR,DRY,False,SIDESWIPE-SAME DIRECTION,SIDESWIPE-SAME DIRECTION,STRAIGHT & LEVEL,DAYLIGHT,,,45041.40629,False,33,Accepted,5,5,O,,INATTENTION,,2023,1
6120,31548206,0510100,HENDERSON POLICE DEPARTMENT,Accepted,HENDERSON,,,GREEN,ST,S,,,,SAND,,FAIR,37.82349457,-87.6034791,,2023-04-23,1420,2,2,0,0,CLOUDY,DRY,False,REAR END IN TRAFFIC LANES BOTH VEHICLES MOVING,REAR END,STRAIGHT & LEVEL,DAYLIGHT,,,45042.44143,False,73,Accepted,5,5,O,,"INATTENTION, OTHER",,2023,1
6121,31548208,0510100,HENDERSON POLICE DEPARTMENT,Accepted,HENDERSON,US0041,2700,US41,,N,,,,,,,37.8786433,-87.56605811,17.653,2023-04-21,1640,2,2,0,0,RAINING,WET,False,REAR END IN TRAFFIC LANES BOTH VEHICLES MOVING,REAR END,STRAIGHT & LEVEL,DAYLIGHT,,,45042.44163,False,42,Accepted,5,5,O,SLIPPERY SURFACE,DISTRACTION,,2023,1
6122,31548306,0510100,HENDERSON POLICE DEPARTMENT,Accepted,HENDERSON,KY0136,,MADISON,ST,,,,,BURCHWOOD,,COMMUNITY PARK,37.81441258,-87.58142822,,2023-04-23,1515,2,2,0,0,CLOUDY,DRY,False,VEHICLE BACKING NON INTERSECTION,BACKING,CURVE & LEVEL,DAYLIGHT,,,45042.46223,False,73,Accepted,5,5,O,,INATTENTION,,2023,1
6123,31548309,0510100,HENDERSON POLICE DEPARTMENT,Accepted,HENDERSON,US0041,1927,US41,,N,,,,,,,37.86545891,-87.57326244,16.666,2023-04-25,900,2,2,0,0,CLEAR,DRY,True,SIDESWIPE COLLISION - SAME DIRECTION,SIDESWIPE-SAME DIRECTION,STRAIGHT & LEVEL,DAYLIGHT,,,45042.463,False,42,Accepted,5,5,O,,,,2023,1
6124,31551174,0510100,HENDERSON POLICE DEPARTMENT,Accepted,HENDERSON,,,MANOR,DR,,,,,,,,37.86025348,-87.5655278,0.021,2023-04-25,1743,2,2,0,0,CLEAR,DRY,False,OTHER ROADWAY OR MID-BLOCK COLLISION,REAR END,STRAIGHT & LEVEL,DAYLIGHT,,,45042.99068,False,50,Accepted,5,5,O,,INATTENTION,,2023,1
6125,31551177,0510100,HENDERSON POLICE DEPARTMENT,Accepted,HENDERSON,,1236,WASHINGTON,ST,,,,,,,,37.82612622,-87.57362971,0.036,2023-04-25,1755,2,2,0,0,CLEAR,DRY,False,1 VEHICLE PARKED POSITION (NOT PARKING LOT/DRIVEWAY),BACKING,STRAIGHT & LEVEL,DAYLIGHT,,,45042.99072,False,51,Accepted,5,5,O,,"INATTENTION, MISJUDGE CLEARANCE",,2023,1
6126,31552308,0510100,HENDERSON POLICE DEPARTMENT,Accepted,HENDERSON,,1400,GREEN,ST,N,,,,,,,37.85446927,-87.57840344,,2023-04-26,1320,2,2,0,0,CLEAR,DRY,False,SIDESWIPE COLLISION - SAME DIRECTION,SIDESWIPE-SAME DIRECTION,STRAIGHT & LEVEL,DAYLIGHT,,,45043.28767,False,82,Accepted,5,5,O,,INATTENTION,,2023,1
6127,31552309,0510100,HENDERSON POLICE DEPARTMENT,Accepted,HENDERSON,US0041A,,US41 ALT,,,,BORAX,,,,,37.81090347,-87.62259958,13.078,2023-04-17,1715,2,2,0,0,CLEAR,DRY,False,OTHER INTERSECTION COLLISIONS,REAR END,STRAIGHT & LEVEL,DAYLIGHT,,,45043.28772,False,37,Accepted,5,5,O,,"INATTENTION, MISJUDGE CLEARANCE",,2023,1
6128,31552310,0510100,HENDERSON POLICE DEPARTMENT,Accepted,HENDERSON,,,CENTER,ST,,,,,ALVES,,ALVES,37.83514979,-87.5858141,0.574,2023-04-21,1739,2,2,0,4,RAINING,WET,False,1 VEHICLE ENTERING/LEAVING ENTRANCE,ANGLE,STRAIGHT & LEVEL,DAYLIGHT,,,45043.28777,False,65,Accepted,4,4,C,,"FAILED TO YIELD RIGHT OF WAY, INATTENTION",,2023,1
6131,31566238,0510100,HENDERSON POLICE DEPARTMENT,Accepted,HENDERSON,,14,US HWY 41 NORTH,,,,,,,,,37.83539681,-87.56490402,,2023-04-27,1225,2,2,0,0,CLEAR,DRY,False,OTHER ROADWAY OR MID-BLOCK COLLISION,REAR END,STRAIGHT & LEVEL,DAYLIGHT,,,45047.0564,False,82,Accepted,5,5,O,CONSTRUCTION WORK ZONE,INATTENTION,,2023,1
6137,31569070,0510100,HENDERSON POLICE DEPARTMENT,Accepted,HENDERSON,US0041A,,GREEN,ST,N,,14TH,,,,,37.85408151,-87.57886265,17.075,2023-04-26,1201,2,2,0,1,CLEAR,DRY,False,OPPOSING LEFT TURN,OPPOSING LEFT TURN,STRAIGHT & LEVEL,DAYLIGHT,,,45047.52745,False,34,Accepted,5,3,B,,"INATTENTION, MISJUDGE CLEARANCE",,2023,1
6138,31569071,0510100,HENDERSON POLICE DEPARTMENT,Accepted,HENDERSON,,1400,CLAY,ST,,,,,,,,37.82598617,-87.58013463,0.173,2023-04-26,1538,1,1,0,1,CLEAR,DRY,False,COLLISION WITH FIXED OBJECT NON - INTERSECTION - FIRST EVENT COLLISION 09 - 32 EXCLUDING 16,SINGLE VEHICLE,STRAIGHT & LEVEL,DAYLIGHT,,,45047.52758,False,65,Accepted,5,4,C,,NOT UNDER PROPER CONTROL,,2023,1
6139,31569072,0510100,HENDERSON POLICE DEPARTMENT,Accepted,HENDERSON,US0041A,1029,GREEN,ST,N,,,,,,,37.85504306,-87.57744993,17.178,2023-04-26,1635,2,2,0,0,CLEAR,DRY,False,SIDESWIPE COLLISION - SAME DIRECTION,SIDESWIPE-SAME DIRECTION,STRAIGHT & HILLCREST,DAYLIGHT,,,45047.52768,False,42,Accepted,5,5,O,,DRUG INVOLVEMENT,,2023,1
6140,31569075,0510100,HENDERSON POLICE DEPARTMENT,Accepted,HENDERSON,,,POWELL,ST,,,HOLLOWAY,,,,,37.83149111,-87.58568639,0.719,2023-04-23,1027,2,2,0,2,CLEAR,DRY,False,ANGLE COLLISION - OTHER,ANGLE,STRAIGHT & LEVEL,DAYLIGHT,,,45047.5279,False,33,Accepted,5,3,B,,INATTENTION,,2023,1