OBJECTID,IncidentID,AgencyORI,AgencyName,IncidentStatusDesc,County,RdwyNumber,Street,RoadwayName,StreetSfx,StreetDir,IntersectionRdwy,IntersectionRdwyName,BetweenStRdwy1,BetweenStRdwyName1,BetweenStRdwy2,BetweenStRdwyName2,Latitude,Longitude,Milepoint,CollisionDate,CollisionTime,UnitsInvolved,MotorVehiclesInvolved,NumberKilled,NumberInjured,Weather,RdwyConditionCode,HitandRun,DirAnalysisCode,MannerofCollision,RdwyCharacter,LightCondition,RampFromRdwyId,RampToRdwyId,AcceptedDate,IsSecondaryCollision,OwnerBadge,IncidentStatus,InjurySeverityCde,KABCO_Code,KABCO,Environmental_Factors,Human_Factors,Vehicular_Factors,CollisionYear,CityCrash
6141,31569361,0510100,HENDERSON POLICE DEPARTMENT,Accepted,HENDERSON,US0041,,US41,,N,,,US0041,US41 CROSSOVER,US0041,US41 RAMP KY351,37.83411709,-87.56533288,14.345,2023-04-28,1314,2,2,0,0,CLEAR,DRY,False,REAR END IN TRAFFIC LANES BOTH VEHICLES MOVING,REAR END,STRAIGHT & LEVEL,DAYLIGHT,,,45047.57695,False,67,Accepted,5,5,O,,INATTENTION,,2023,1
6142,31569363,0510100,HENDERSON POLICE DEPARTMENT,Accepted,HENDERSON,US0041,,US41,,N,,PAUL,,,,,37.87425093,-87.5683311,17.319,2023-04-28,1615,2,2,0,1,CLEAR,DRY,False,ANGLE COLLISION - ONE VEHICLE TURNING LEFT,ANGLE,STRAIGHT & LEVEL,DAYLIGHT,,,45047.57707,False,67,Accepted,5,4,C,,"OTHER, INATTENTION",,2023,1
6143,31573034,0510100,HENDERSON POLICE DEPARTMENT,Accepted,HENDERSON,US0041A,1400,GREEN,ST,N,,14TH,,,,,37.85407751,-87.5788612,17.075,2023-04-30,1300,2,2,0,0,RAINING,WET,False,ANGLE COLLISION - OTHER,ANGLE,STRAIGHT & LEVEL,DAYLIGHT,,,45048.37285,False,42,Accepted,5,5,O,,,,2023,1
6146,31578533,0510100,HENDERSON POLICE DEPARTMENT,Accepted,HENDERSON,US0041,3113,US41,,N,,,,,,,37.88302137,-87.56342214,17.975,2023-05-02,641,2,2,0,0,CLEAR,DRY,False,COLLISION WITH FIXED OBJECT NON - INTERSECTION - FIRST EVENT COLLISION 09 - 32 EXCLUDING 16,ANGLE,STRAIGHT & LEVEL,DAYLIGHT,,,45049.45596,False,8,Accepted,5,5,O,,MISJUDGE CLEARANCE,,2023,1
6147,31579110,0510100,HENDERSON POLICE DEPARTMENT,Accepted,HENDERSON,,,3RD,ST,,US0041A,GREEN,,,,,37.84058993,-87.58774513,0.282,2023-04-27,1355,2,2,0,1,CLEAR,DRY,False,ANGLE COLLISION - OTHER,ANGLE,STRAIGHT & LEVEL,DAYLIGHT,,,45049.54318,False,17,Accepted,5,4,C,,"DISTRACTION, INATTENTION",,2023,1
6148,31579134,0510100,HENDERSON POLICE DEPARTMENT,Accepted,HENDERSON,,,2ND,ST,,,,,GREEN,,INGRAM,37.8390582,-87.58772885,,2023-04-27,1730,2,2,0,0,RAINING,WET,False,1 VEHICLE ENTERING/LEAVING ENTRANCE,ANGLE,STRAIGHT & LEVEL,DAYLIGHT,,,45049.54456,False,73,Accepted,5,5,O,,"FAILED TO YIELD RIGHT OF WAY, INATTENTION",,2023,1
6149,31579196,0510100,HENDERSON POLICE DEPARTMENT,Accepted,HENDERSON,US0041,1900,US41,,N,,,,,,,37.86113719,-87.5755176,16.349,2023-04-27,2015,2,2,0,0,RAINING,WET,False,REAR END IN TRAFFIC LANES BOTH VEHICLES MOVING,REAR END,CURVE & LEVEL,DARK-HWY LIGHTED/ON,,,45049.55174,False,47,Accepted,5,5,O,OTHER,INATTENTION,,2023,1
6150,31579370,0510100,HENDERSON POLICE DEPARTMENT,Accepted,HENDERSON,,,US HWY 41 NORTH,,,,,,,,,37.87476365,-87.56801031,,2023-05-01,845,2,2,0,0,CLEAR,DRY,False,1 VEHICLE ENTERING/LEAVING ENTRANCE,ANGLE,STRAIGHT & LEVEL,DAYLIGHT,,,45049.56463,False,82,Accepted,5,5,O,BACKUP DUE TO REGULAR CONGESTION,OTHER,,2023,1
6151,31581610,0510100,HENDERSON POLICE DEPARTMENT,Accepted,HENDERSON,,,ELM,ST,N,,5TH,,,,,37.84392543,-87.58761402,0.458,2023-04-17,1933,2,2,0,1,CLOUDY,DRY,False,ANGLE COLLISION - OTHER,ANGLE,STRAIGHT & LEVEL,DUSK,,,45049.94458,False,38,Accepted,5,4,C,,DISREGARD TRAFFIC CONTROL,,2023,1
6152,31581611,0510100,HENDERSON POLICE DEPARTMENT,Accepted,HENDERSON,US0041A,,GREEN,ST,S,,,,,,,37.82506972,-87.6020749,14.6,2023-04-27,1754,2,2,0,0,RAINING,WATER (STANDING OR MOVING),False,1 VEHICLE ENTERING/LEAVING ENTRANCE,ANGLE,STRAIGHT & LEVEL,DUSK,,,45049.94468,False,31,Accepted,5,5,O,"SLIPPERY SURFACE, WATER POOLING",INATTENTION,,2023,1
6154,31583906,0510100,HENDERSON POLICE DEPARTMENT,Accepted,HENDERSON,,,GARDEN MILE,RD,N,KY0351,ZION,,,,,37.82563824,-87.55855275,0.187,2023-05-02,1539,2,2,0,0,CLEAR,DRY,False,OTHER INTERSECTION COLLISIONS,REAR END,STRAIGHT & LEVEL,DAYLIGHT,,,45050.47483,False,17,Accepted,5,5,O,,INATTENTION,,2023,1
6155,31584514,0510100,HENDERSON POLICE DEPARTMENT,Accepted,HENDERSON,,,GREEN,ST,,,12TH,,,,,37.85272049,-87.58193405,,2023-05-03,1120,2,2,0,0,CLEAR,DRY,False,OTHER INTERSECTION COLLISIONS,REAR END,STRAIGHT & LEVEL,DAYLIGHT,,,45050.58504,False,82,Accepted,5,5,O,,INATTENTION,,2023,1
6156,31584518,0510100,HENDERSON POLICE DEPARTMENT,Accepted,HENDERSON,,920,MADISON,ST,,,,,,,,37.82594078,-87.5913675,,2023-05-03,1250,1,1,0,0,CLEAR,DRY,False,OTHER ROADWAY OR MID-BLOCK COLLISION,SINGLE VEHICLE,STRAIGHT & LEVEL,DAYLIGHT,,,45050.58531,False,82,Accepted,5,5,O,,LOST CONSCIOUSNESS/FAINTED,,2023,1
6158,31589558,0510100,HENDERSON POLICE DEPARTMENT,Accepted,HENDERSON,US0041A,,GREEN,ST,N,,RAY,,,,,37.84749147,-87.58323135,16.55,2023-04-29,907,2,2,0,0,CLEAR,DRY,False,OTHER INTERSECTION COLLISIONS,REAR END,STRAIGHT & LEVEL,DAYLIGHT,,,45051.62101,False,34,Accepted,5,5,O,,INATTENTION,BRAKES DEFECTIVE,2023,1
6159,31597426,0510100,HENDERSON POLICE DEPARTMENT,Accepted,HENDERSON,,69,PARTRIDGE,RUN,S,,,,,,,37.82104846,-87.55103446,0.041,2023-04-30,2236,2,2,0,0,CLEAR,DRY,False,1 VEHICLE PARKED POSITION (NOT PARKING LOT/DRIVEWAY),BACKING,STRAIGHT & LEVEL,DARK (UNKNOWN ROADWAY LIGHTING),,,45054.26319,False,33,Accepted,5,5,O,,INATTENTION,,2023,1
6160,31597928,0510100,HENDERSON POLICE DEPARTMENT,Accepted,HENDERSON,US0041A,,GREEN,ST,S,,PLUM,,,,,37.83014303,-87.5968047,15.176,2023-04-29,1211,2,2,0,2,CLEAR,DRY,False,OTHER INTERSECTION COLLISIONS,REAR END,STRAIGHT & GRADE,DAYLIGHT,,,45054.34631,False,34,Accepted,4,3,B,,"DISTRACTION, INATTENTION",,2023,1
6167,31599346,0510100,HENDERSON POLICE DEPARTMENT,Accepted,HENDERSON,US0041,1900,US41,,N,,,,,,,37.86165825,-87.57525041,16.384,2023-05-04,1716,2,2,0,0,CLEAR,DRY,False,1 VEHICLE ENTERING/LEAVING ENTRANCE,ANGLE,STRAIGHT & GRADE,DAYLIGHT,,,45054.48455,False,42,Accepted,5,5,O,,FAILED TO YIELD RIGHT OF WAY,,2023,1
6168,31599347,0510100,HENDERSON POLICE DEPARTMENT,Accepted,HENDERSON,,920,MADISON,ST,,,,,,,,37.82468477,-87.5903111,0.276,2023-05-04,1510,1,1,0,0,CLEAR,DRY,False,OTHER ROADWAY OR MID-BLOCK COLLISION,SINGLE VEHICLE,STRAIGHT & LEVEL,DAYLIGHT,,,45054.48463,False,47,Accepted,5,5,O,,MISJUDGE CLEARANCE,,2023,1
6169,31599348,0510100,HENDERSON POLICE DEPARTMENT,Accepted,HENDERSON,US0041A,1100,GREEN,ST,S,KY0136,SAND,,,,,37.82379927,-87.60318242,14.518,2023-05-04,1415,2,2,0,0,CLEAR,DRY,False,ANGLE COLLISION - OTHER,ANGLE,STRAIGHT & LEVEL,DAYLIGHT,,,45054.48469,False,47,Accepted,5,5,O,,INATTENTION,,2023,1
6170,31599349,0510100,HENDERSON POLICE DEPARTMENT,Accepted,HENDERSON,US0041,2709,US41,,N,,,,,,,37.87597784,-87.56748072,17.455,2023-05-04,1920,2,2,0,0,CLEAR,DRY,False,1 VEHICLE ENTERING/LEAVING ENTRANCE,ANGLE,STRAIGHT & LEVEL,DUSK,,,45054.48474,False,47,Accepted,5,5,O,FIXED OBJECT(S),INATTENTION,,2023,1
6171,31599350,0510100,HENDERSON POLICE DEPARTMENT,Accepted,HENDERSON,US0041,,,,,,,,,,,37.85754385,-87.57479885,0.102,2023-05-06,828,1,1,0,0,CLOUDY,DRY,True,OTHER RAMP RELATED COLLISIONS NOT LISTED ABOVE,SINGLE VEHICLE,CURVE & GRADE,DAYLIGHT,US0041,US0041,45054.4848,False,67,Accepted,5,5,O,,,,2023,1
6172,31599351,0510100,HENDERSON POLICE DEPARTMENT,Accepted,HENDERSON,,,PS1031,,,,,,,,,37.85955208,-87.56559853,,2023-05-06,1328,2,2,0,0,CLEAR,DRY,False,OTHER ROADWAY OR MID-BLOCK COLLISION,OPPOSING LEFT TURN,STRAIGHT & LEVEL,DAYLIGHT,,,45054.48485,False,67,Accepted,5,5,O,,INATTENTION,,2023,1
6173,31599352,0510100,HENDERSON POLICE DEPARTMENT,Accepted,HENDERSON,US0041,,,,,,,,,,,37.85490392,-87.57093281,0.307,2023-05-07,939,2,2,0,0,RAINING,WET,True,OTHER RAMP RELATED COLLISIONS NOT LISTED ABOVE,REAR END,STRAIGHT & LEVEL,DAYLIGHT,US0041,US0041,45054.4849,False,49,Accepted,5,5,O,,,,2023,1
6174,31599659,0510100,HENDERSON POLICE DEPARTMENT,Accepted,HENDERSON,US0041,2500,US41,,N,,,,,,,37.87227933,-87.56952554,17.175,2023-05-05,1547,2,2,0,0,CLEAR,DRY,False,1 VEHICLE ENTERING/LEAVING ENTRANCE,ANGLE,STRAIGHT & LEVEL,DAYLIGHT,,,45054.51215,False,42,Accepted,5,5,O,BACKUP DUE TO REGULAR CONGESTION,"FAILED TO YIELD RIGHT OF WAY, TURNING IMPROPERLY",,2023,1
6178,31600610,0510100,HENDERSON POLICE DEPARTMENT,Accepted,HENDERSON,KY2084,,KY2084,,,US0041,US41,,,,,37.82461396,-87.56734457,0.109,2023-05-04,850,2,2,0,0,CLEAR,DRY,False,SIDESWIPE-SAME DIRECTION,SIDESWIPE-SAME DIRECTION,CURVE & HILLCREST,DAYLIGHT,,,45054.64193,False,29,Accepted,5,5,O,,INATTENTION,,2023,1
6179,31600616,0510100,HENDERSON POLICE DEPARTMENT,Accepted,HENDERSON,,,GARDEN MILE,RD,N,,STADIUM,,,,,37.82257468,-87.55922627,0.394,2023-05-04,1531,3,3,0,0,CLEAR,DRY,False,OPPOSING LEFT TURN,OPPOSING LEFT TURN,STRAIGHT & LEVEL,DAYLIGHT,,,45054.64205,False,29,Accepted,5,5,O,,"DISREGARD TRAFFIC CONTROL, INATTENTION",,2023,1
6180,31601920,0510100,HENDERSON POLICE DEPARTMENT,Accepted,HENDERSON,,,8TH,ST,,,,,,,,37.84334561,-87.57482091,0.028,2023-05-04,2048,1,1,0,1,CLEAR,DRY,False,OTHER ROADWAY OR MID-BLOCK COLLISION,SINGLE VEHICLE,STRAIGHT & LEVEL,DARK-HWY LIGHTED/ON,,,45054.90056,False,51,Accepted,4,4,C,,ALCOHOL INVOLVEMENT,,2023,1
6181,31603177,0510100,HENDERSON POLICE DEPARTMENT,Accepted,HENDERSON,US0041,15,US41,,N,,,,,,,37.85270916,-87.56876503,15.661,2023-05-09,205,2,2,0,0,CLEAR,WET,True,1 VEHICLE PARKED POSITION (NOT PARKING LOT/DRIVEWAY),ANGLE,STRAIGHT & HILLCREST,DARK-HWY LIGHTED/ON,,,45055.27957,False,25,Accepted,5,5,O,,,,2023,1
6182,31603226,0510100,HENDERSON POLICE DEPARTMENT,Accepted,HENDERSON,US0041,,US41,,N,,,,CANARY,,MARYWOOD,37.86779938,-87.57184849,16.841,2023-05-08,629,2,2,0,0,CLOUDY,DRY,False,1 VEHICLE ENTERING/LEAVING ENTRANCE,ANGLE,STRAIGHT & LEVEL,DAYLIGHT,,,45055.28885,False,67,Accepted,5,5,O,,INATTENTION,,2023,1
6184,31603973,0510100,HENDERSON POLICE DEPARTMENT,Accepted,HENDERSON,KY0812,,AIRLINE,RD,,,LINCOLN,,,,,37.82212806,-87.5727517,7.619,2023-05-08,758,2,2,0,0,CLEAR,WET,False,OTHER INTERSECTION COLLISIONS,REAR END,STRAIGHT & LEVEL,DAYLIGHT,,,45055.39691,False,17,Accepted,5,5,O,SLIPPERY SURFACE,INATTENTION,,2023,1
6185,31604029,0510100,HENDERSON POLICE DEPARTMENT,Accepted,HENDERSON,,,MAIN,ST,S,,POWELL,,,,,37.83688958,-87.59481124,2.003,2023-05-01,1616,2,2,0,0,CLEAR,DRY,False,ANGLE COLLISION - OTHER,ANGLE,STRAIGHT & LEVEL,DAYLIGHT,,,45055.40296,False,34,Accepted,5,5,O,,"DISREGARD TRAFFIC CONTROL, INATTENTION",,2023,1
6186,31604034,0510100,HENDERSON POLICE DEPARTMENT,Accepted,HENDERSON,US0041A,,GREEN,ST,N,KY0351,2ND,,,,,37.83934877,-87.58851982,15.914,2023-05-01,1533,2,2,0,0,CLEAR,DRY,False,OTHER INTERSECTION COLLISIONS,REAR END,STRAIGHT & LEVEL,DAYLIGHT,,,45055.40319,False,34,Accepted,5,5,O,,INATTENTION,,2023,1
6187,31604128,0510100,HENDERSON POLICE DEPARTMENT,Accepted,HENDERSON,,,POWELL,ST,,,JULIA,,,,,37.83064367,-87.58435164,0.811,2023-05-08,953,1,1,0,0,CLOUDY,WET,False,COLLISION WITH FIXED OBJECT IN INTERSECTION - FIRST EVENT COLLISION 09 - 32,SINGLE VEHICLE,STRAIGHT & LEVEL,DAYLIGHT,,,45055.41557,False,49,Accepted,5,5,O,,"EMOTIONAL, NOT UNDER PROPER CONTROL, TOO FAST FOR CONDITIONS",,2023,1
6188,31604130,0510100,HENDERSON POLICE DEPARTMENT,Accepted,HENDERSON,US0041,14,US41,,,,,,,,,37.81328355,-87.5638005,12.663,2023-05-05,1255,2,2,0,1,CLEAR,DRY,False,SIDESWIPE COLLISION - SAME DIRECTION,SIDESWIPE-SAME DIRECTION,STRAIGHT & LEVEL,DAYLIGHT,,,45055.41588,False,42,Accepted,5,2,A,BACKUP DUE TO REGULAR CONGESTION,FOLLOWING TOO CLOSE,,2023,1
6189,31604440,0510100,HENDERSON POLICE DEPARTMENT,Accepted,HENDERSON,,2310,CARRIAGE HOMES,PARK,,,,,,,,37.80369898,-87.56776481,0.122,2023-05-06,1238,2,1,0,0,CLEAR,DRY,False,1 VEHICLE PARKED POSITION (NOT PARKING LOT/DRIVEWAY),BACKING,STRAIGHT & LEVEL,DAYLIGHT,,,45055.39646,False,17,Accepted,5,5,O,,INATTENTION,,2023,1
6190,31604442,0510100,HENDERSON POLICE DEPARTMENT,Accepted,HENDERSON,US0060,,US60,,E,,,,,,,37.85722629,-87.57336351,10.285,2023-05-08,1542,3,1,0,2,CLEAR,DRY,False,REAR END IN TRAFFIC LANES BOTH VEHICLES MOVING,REAR END,STRAIGHT & LEVEL,DAYLIGHT,,,45055.39618,False,8,Accepted,4,4,C,,INATTENTION,,2023,1
6191,31604990,0510100,HENDERSON POLICE DEPARTMENT,Accepted,HENDERSON,KY0351,,ZION,RD,,US0041,US41,,,,,37.83064194,-87.566311,1.355,2023-05-04,1540,2,2,0,0,CLEAR,DRY,False,SIDESWIPE-SAME DIRECTION,SIDESWIPE-SAME DIRECTION,STRAIGHT & LEVEL,DAYLIGHT,,,45055.5265,False,34,Accepted,5,5,O,,INATTENTION,OTHER,2023,1
6193,31608396,0510100,HENDERSON POLICE DEPARTMENT,Accepted,HENDERSON,,226,ORIOLE,DR,,,,,,,,37.82450545,-87.60610058,0.041,2023-04-30,1840,2,2,0,0,CLEAR,DRY,True,1 VEHICLE PARKED POSITION (NOT PARKING LOT/DRIVEWAY),BACKING,STRAIGHT & LEVEL,DAYLIGHT,,,45056.2405,False,51,Accepted,5,5,O,,IMPROPER BACKING,,2023,1
6194,31614675,0510100,HENDERSON POLICE DEPARTMENT,Accepted,HENDERSON,,401,GREEN,ST,S,,,,,,,37.83266055,-87.59442214,,2023-05-08,835,2,2,0,0,CLEAR,DRY,False,1 VEHICLE ENTERING/LEAVING ENTRANCE,ANGLE,STRAIGHT & LEVEL,DAYLIGHT,,,45057.3416,False,82,Accepted,5,5,O,,OTHER,,2023,1
6195,31614676,0510100,HENDERSON POLICE DEPARTMENT,Accepted,HENDERSON,,,GREEN,ST,,,US HWY 41 A,,,,,37.81064856,-87.62347638,,2023-05-09,900,2,2,0,0,CLEAR,DRY,False,VEHICLE BACKING IN INTERSECTION,BACKING,STRAIGHT & LEVEL,DAYLIGHT,,,45057.34169,False,82,Accepted,5,5,O,,INATTENTION,,2023,1
6196,31614678,0510100,HENDERSON POLICE DEPARTMENT,Accepted,HENDERSON,US0041A,202,GREEN,ST,N,,2ND,,,,,37.8398047,-87.5882411,15.949,2023-04-26,1534,2,1,0,0,CLEAR,DRY,False,COLLISION WITH PEDESTRIAN IN INTERSECTION,SINGLE VEHICLE,STRAIGHT & LEVEL,DAYLIGHT,,,45057.34183,False,29,Accepted,5,5,O,,INATTENTION,,2023,1
6197,31614680,0510100,HENDERSON POLICE DEPARTMENT,Accepted,HENDERSON,US0041,2200,US41,,N,,,,,,,37.8688956,-87.57140286,16.957,2023-05-09,1612,2,2,0,0,CLEAR,DRY,False,REAR END IN TRAFFIC LANES BOTH VEHICLES MOVING,REAR END,STRAIGHT & LEVEL,DAYLIGHT,,,45057.34193,False,42,Accepted,5,5,O,BACKUP DUE TO REGULAR CONGESTION,FOLLOWING TOO CLOSE,BRAKES DEFECTIVE,2023,1
6198,31614797,0510100,HENDERSON POLICE DEPARTMENT,Accepted,HENDERSON,,,WASHINGTON,ST,,,INGRAM,,,,,37.83565067,-87.58962442,,2023-05-10,800,2,2,0,0,CLEAR,DRY,False,ANGLE COLLISION - OTHER,ANGLE,STRAIGHT & LEVEL,DAYLIGHT,,,45057.35978,False,82,Accepted,5,5,O,,OTHER,,2023,1
6199,31615710,0510100,HENDERSON POLICE DEPARTMENT,Accepted,HENDERSON,US0041A,,GREEN,ST,S,,TURNER,,,,,37.82452318,-87.60226469,14.614,2023-05-10,1716,2,2,0,0,CLEAR,DRY,False,SIDESWIPE-SAME DIRECTION,SIDESWIPE-SAME DIRECTION,STRAIGHT & LEVEL,DAYLIGHT,,,45057.48245,False,29,Accepted,5,5,O,,FAILED TO KEEP PROPER LANE,,2023,1
6200,31619331,0510100,HENDERSON POLICE DEPARTMENT,Accepted,HENDERSON,US0041,,US41,,N,,,,RACETRACK,,STRATMAN,37.88377446,-87.56266492,18.041,2023-05-11,717,2,2,0,2,CLOUDY,DRY,False,1 VEHICLE ENTERING/LEAVING ENTRANCE,ANGLE,STRAIGHT & LEVEL,DAYLIGHT,,,45058.32599,False,67,Accepted,5,3,B,,INATTENTION,,2023,1
6201,31620138,0510100,HENDERSON POLICE DEPARTMENT,Accepted,HENDERSON,,,US 60 W,,,,KY 136,,,,,37.80010724,-87.64758968,,2023-05-11,645,2,2,0,0,CLOUDY,DRY,False,OTHER INTERSECTION COLLISIONS,REAR END,STRAIGHT & LEVEL,DAYLIGHT,,,45058.4581,False,73,Accepted,5,5,O,,INATTENTION,,2023,1
6202,31620139,0510100,HENDERSON POLICE DEPARTMENT,Accepted,HENDERSON,,,GREEN,ST,S,,,,MLK,,VINE,37.83247289,-87.59458509,,2023-05-11,1120,2,2,0,0,CLOUDY,WET,False,OTHER ROADWAY OR MID-BLOCK COLLISION,REAR END,STRAIGHT & LEVEL,DAYLIGHT,,,45058.45823,False,73,Accepted,5,5,O,,"INATTENTION, NOT UNDER PROPER CONTROL",,2023,1
6203,31620141,0510100,HENDERSON POLICE DEPARTMENT,Accepted,HENDERSON,,,BARRET,BLVD,,,1030PS,,,,,37.858888,-87.56716849,,2023-05-11,1616,2,2,0,0,CLOUDY,DRY,False,ANGLE COLLISION - OTHER,ANGLE,STRAIGHT & LEVEL,DAYLIGHT,,,45058.45837,False,67,Accepted,5,5,O,,INATTENTION,,2023,1
6204,31620817,0510100,HENDERSON POLICE DEPARTMENT,Accepted,HENDERSON,US0041,1927,US41,,N,,,,,,,37.86228065,-87.57487297,16.428,2023-05-08,1605,3,3,0,0,CLEAR,DRY,False,1 VEHICLE ENTERING/LEAVING ENTRANCE,ANGLE,STRAIGHT & LEVEL,DAYLIGHT,,,45058.58957,False,15,Accepted,5,5,O,,MISJUDGE CLEARANCE,,2023,1
6205,31621762,0510100,HENDERSON POLICE DEPARTMENT,Accepted,HENDERSON,,,3RD,ST,,,,,ELM,US0041A,GREEN,37.84109202,-87.58848873,0.239,2023-05-04,1307,2,2,0,1,CLEAR,DRY,False,VEHICLE BACKING NON INTERSECTION,BACKING,STRAIGHT & LEVEL,DAYLIGHT,,,45058.76451,False,34,Accepted,5,3,B,,INATTENTION,,2023,1
6206,31621972,0510100,HENDERSON POLICE DEPARTMENT,Accepted,HENDERSON,,207,BARKER,RD,,,,,,,,37.87331276,-87.57413063,,2023-05-12,930,2,2,0,0,CLOUDY,WET,False,1 VEHICLE PARKED POSITION (NOT PARKING LOT/DRIVEWAY),ANGLE,CURVE & LEVEL,DAYLIGHT,,,45058.81967,False,82,Accepted,5,5,O,,"EXCEEDED STATED SPEED LIMIT, INATTENTION",TIRES,2023,1
6207,31628684,0510100,HENDERSON POLICE DEPARTMENT,Accepted,HENDERSON,US0041A,,GREEN,ST,S,,CLAY,,,,,37.83376275,-87.59324501,15.443,2023-05-13,1932,3,3,0,0,CLEAR,DRY,False,ANGLE COLLISION - OTHER,ANGLE,STRAIGHT & LEVEL,DAYLIGHT,,,45061.20884,False,22,Accepted,5,5,O,,FAILED TO YIELD RIGHT OF WAY,,2023,1
6208,31628785,0510100,HENDERSON POLICE DEPARTMENT,Accepted,HENDERSON,US0060,,US60,,E,,WATSON,,,,,37.86472408,-87.55516293,11.389,2023-05-04,1845,2,2,0,3,CLEAR,DRY,False,OTHER INTERSECTION COLLISIONS,REAR END,STRAIGHT & HILLCREST,DAYLIGHT,,,45061.24475,False,32,Accepted,4,4,C,,,,2023,1
6209,31629803,0510100,HENDERSON POLICE DEPARTMENT,Accepted,HENDERSON,,2479,WOOD,DR,,,,,,,,37.86826159,-87.56373827,0.133,2023-05-10,1724,1,1,0,0,CLEAR,DRY,False,COLLISION WITH FIXED OBJECT NON - INTERSECTION - FIRST EVENT COLLISION 09 - 32 EXCLUDING 16,SINGLE VEHICLE,STRAIGHT & HILLCREST,DAYLIGHT,,,45061.38113,False,42,Accepted,5,5,O,,"EXCEEDED STATED SPEED LIMIT, INATTENTION, MISJUDGE CLEARANCE",,2023,1
6210,31629804,0510100,HENDERSON POLICE DEPARTMENT,Accepted,HENDERSON,US0041,2500,US41,,N,,,,,,,37.87282144,-87.56924128,17.216,2023-05-13,1104,3,3,0,1,CLEAR,DRY,True,REAR END IN TRAFFIC LANES BOTH VEHICLES MOVING,REAR END,STRAIGHT & LEVEL,DAYLIGHT,,,45061.38118,False,42,Accepted,2,2,A,BACKUP DUE TO REGULAR CONGESTION,"FOLLOWING TOO CLOSE, INATTENTION",,2023,1
6211,31629805,0510100,HENDERSON POLICE DEPARTMENT,Accepted,HENDERSON,,,BARRET,BLVD,,US0041,US41,,,,,37.86431239,-87.57369458,0.898,2023-05-14,1322,2,2,0,0,CLEAR,DRY,False,OTHER INTERSECTION COLLISIONS,REAR END,STRAIGHT & LEVEL,DAYLIGHT,,,45061.38124,False,42,Accepted,5,5,O,BACKUP DUE TO REGULAR CONGESTION,"FOLLOWING TOO CLOSE, INATTENTION",,2023,1
6212,31629907,0510000,HENDERSON COUNTY SHERIFF DEPT.,Accepted,HENDERSON,,,BARRET,BLVD,,,,,,,,37.86022067,-87.5696225,0.471,2023-05-11,1607,2,2,0,0,CLEAR,DRY,False,REAR END IN TRAFFIC LANES BOTH VEHICLES MOVING,REAR END,STRAIGHT & HILLCREST,DAYLIGHT,,,45061.39193,False,126,Accepted,5,5,O,,INATTENTION,,2023,1
6213,31630041,0510000,HENDERSON COUNTY SHERIFF DEPT.,Accepted,HENDERSON,,,SHELBY,ST,,,,,,,,37.82447563,-87.57954228,0.537,2023-05-13,2227,2,2,0,0,CLEAR,DRY,True,1 VEHICLE PARKED POSITION (NOT PARKING LOT/DRIVEWAY),SIDESWIPE-SAME DIRECTION,STRAIGHT & LEVEL,DARK-HWY LIGHTED/ON,,,45061.40856,False,131,Accepted,5,5,O,,NOT UNDER PROPER CONTROL,,2023,1
6215,31631209,0510100,HENDERSON POLICE DEPARTMENT,Accepted,HENDERSON,,,POWELL,ST,,,,,LETCHER,,COTTAGE,37.82772906,-87.57920947,,2023-05-12,1615,2,2,0,0,CLOUDY,DRY,False,1 VEHICLE PARKED POSITION (NOT PARKING LOT/DRIVEWAY),ANGLE,STRAIGHT & LEVEL,DAYLIGHT,,,45061.54277,False,73,Accepted,5,5,O,,INATTENTION,TIRE FAILURE,2023,1
6216,31631210,0510100,HENDERSON POLICE DEPARTMENT,Accepted,HENDERSON,US0041A,,GREEN,ST,S,,WASHINGTON,,,,,37.83625849,-87.59082441,15.665,2023-05-10,1627,2,2,0,0,CLEAR,DRY,False,ANGLE COLLISION - OTHER,ANGLE,STRAIGHT & HILLCREST,DAYLIGHT,,,45061.5429,False,34,Accepted,5,5,O,,"DISREGARD TRAFFIC CONTROL, DISTRACTION",,2023,1
6217,31631211,0510100,HENDERSON POLICE DEPARTMENT,Accepted,HENDERSON,US0041A,,GREEN,ST,S,,,,POWELL,,WASHINGTON,37.83566067,-87.59124156,15.615,2023-05-13,1322,2,2,0,0,CLEAR,DRY,False,1 VEHICLE ENTERING/LEAVING ENTRANCE,ANGLE,STRAIGHT & LEVEL,DAYLIGHT,,,45061.54308,False,34,Accepted,5,5,O,,"INATTENTION, OTHER",,2023,1
6219,31635832,0510100,HENDERSON POLICE DEPARTMENT,Accepted,HENDERSON,KY1539,226,LARUE,RD,,,,,,,,37.82996773,-87.55724901,0.122,2023-05-14,1537,1,1,0,0,CLEAR,DRY,False,OTHER COLLISIONS ON SHOULDER,SINGLE VEHICLE,STRAIGHT & LEVEL,DAYLIGHT,,,45062.44902,False,9,Accepted,5,5,O,,INATTENTION,,2023,1