OBJECTID,IncidentID,AgencyORI,AgencyName,IncidentStatusDesc,County,RdwyNumber,Street,RoadwayName,StreetSfx,StreetDir,IntersectionRdwy,IntersectionRdwyName,BetweenStRdwy1,BetweenStRdwyName1,BetweenStRdwy2,BetweenStRdwyName2,Latitude,Longitude,Milepoint,CollisionDate,CollisionTime,UnitsInvolved,MotorVehiclesInvolved,NumberKilled,NumberInjured,Weather,RdwyConditionCode,HitandRun,DirAnalysisCode,MannerofCollision,RdwyCharacter,LightCondition,RampFromRdwyId,RampToRdwyId,AcceptedDate,IsSecondaryCollision,OwnerBadge,IncidentStatus,InjurySeverityCde,KABCO_Code,KABCO,Environmental_Factors,Human_Factors,Vehicular_Factors,CollisionYear,CityCrash
6221,31640163,0510100,HENDERSON POLICE DEPARTMENT,Accepted,HENDERSON,US0041A,,GREEN,ST,S,,,,DR MARTIN LUTHER KING JR,,JEFFERSON,37.83245673,-87.59448722,15.314,2023-05-16,1515,2,2,0,0,CLOUDY,DRY,False,OTHER ROADWAY OR MID-BLOCK COLLISION,REAR TO REAR,STRAIGHT & LEVEL,DAYLIGHT,,,45063.42773,False,49,Accepted,5,5,O,,,BRAKES DEFECTIVE,2023,1
6222,31640481,0510100,HENDERSON POLICE DEPARTMENT,Accepted,HENDERSON,,523,ELM,ST,S,,,,,,,37.83189023,-87.59740129,0.753,2023-05-13,1545,1,1,0,0,CLEAR,DRY,True,COLLISION WITH FIXED OBJECT NON - INTERSECTION - FIRST EVENT COLLISION 09 - 32 EXCLUDING 16,SINGLE VEHICLE,STRAIGHT & GRADE,DAYLIGHT,,,45063.46535,False,47,Accepted,5,5,O,,OTHER,,2023,1
6223,31646229,0510100,HENDERSON POLICE DEPARTMENT,Accepted,HENDERSON,US0041A,,GREEN,ST,N,,,,CRESTVIEW,,12TH,37.85162335,-87.5806448,16.875,2023-05-13,1537,2,2,0,0,CLEAR,DRY,True,SIDESWIPE COLLISION - SAME DIRECTION,SIDESWIPE-SAME DIRECTION,STRAIGHT & LEVEL,DAYLIGHT,,,45064.55472,False,34,Accepted,5,5,O,,,,2023,1
6224,31646341,0510100,HENDERSON POLICE DEPARTMENT,Accepted,HENDERSON,US0041A,,GREEN,ST,S,,,,KRESGE,,DRURY,37.81496049,-87.61638549,,2023-05-16,1540,1,1,0,0,CLOUDY,DRY,False,COLLISION WITH ANIMAL NON INTERSECTION,SINGLE VEHICLE,STRAIGHT & LEVEL,DAYLIGHT,,,45064.5685,False,73,Accepted,5,5,O,ANIMALS ACTION,,,2023,1
6225,31646343,0510100,HENDERSON POLICE DEPARTMENT,Accepted,HENDERSON,US0041,,US HWY 41,,N,,,,,,,37.87336733,-87.56870973,,2023-05-18,645,2,2,0,0,CLEAR,DRY,False,OTHER ROADWAY OR MID-BLOCK COLLISION,REAR END,STRAIGHT & LEVEL,DAYLIGHT,,,45064.56863,False,82,Accepted,5,5,O,BACKUP DUE TO REGULAR CONGESTION,INATTENTION,,2023,1
6226,31646344,0510100,HENDERSON POLICE DEPARTMENT,Accepted,HENDERSON,,,US HWY 60,,,,,,,,,37.86036582,-87.56654365,,2023-05-18,735,2,2,0,0,CLEAR,DRY,False,OTHER ROADWAY OR MID-BLOCK COLLISION,REAR END,STRAIGHT & LEVEL,DAYLIGHT,,,45064.56869,False,82,Accepted,5,5,O,BACKUP DUE TO REGULAR CONGESTION,INATTENTION,,2023,1
6229,31659878,0510100,HENDERSON POLICE DEPARTMENT,Accepted,HENDERSON,US0041,,US41,,N,,MARYWOOD,,,,,37.86726917,-87.57220847,16.802,2023-05-21,1622,2,2,0,0,CLEAR,DRY,False,OTHER INTERSECTION COLLISIONS,REAR END,STRAIGHT & LEVEL,DAYLIGHT,,,45068.36141,True,49,Accepted,5,5,O,,"FOLLOWING TOO CLOSE, INATTENTION",,2023,1
6231,31660502,0510100,HENDERSON POLICE DEPARTMENT,Accepted,HENDERSON,US0041A,301,GREEN,ST,S,,,,,,,37.83316343,-87.59386378,15.387,2023-05-15,746,2,2,0,0,CLEAR,DRY,False,OTHER ROADWAY OR MID-BLOCK COLLISION,OPPOSING LEFT TURN,STRAIGHT & LEVEL,DAYLIGHT,,,45068.44367,False,42,Accepted,5,5,O,,"FAILED TO YIELD RIGHT OF WAY, TURNING IMPROPERLY",,2023,1
6233,31663272,0510100,HENDERSON POLICE DEPARTMENT,Accepted,HENDERSON,US0041A,,GREEN,ST,N,,10TH,,,,,37.84943796,-87.58202364,16.704,2023-05-18,1703,2,2,0,0,CLEAR,DRY,False,OTHER INTERSECTION COLLISIONS,REAR END,STRAIGHT & GRADE,DAYLIGHT,,,45068.84952,False,34,Accepted,5,5,O,,"DISTRACTION, INATTENTION",,2023,1
6234,31663273,0510100,HENDERSON POLICE DEPARTMENT,Accepted,HENDERSON,US0041A,,GREEN,ST,N,,,,RICHARDSON,,HERRON,37.85525957,-87.57706248,17.196,2023-05-19,655,2,2,0,0,CLEAR,DRY,False,SIDESWIPE COLLISION - SAME DIRECTION,SIDESWIPE-SAME DIRECTION,STRAIGHT & LEVEL,DAYLIGHT,,,45068.84958,False,34,Accepted,5,5,O,,INATTENTION,,2023,1
6235,31663274,0510100,HENDERSON POLICE DEPARTMENT,Accepted,HENDERSON,US0041,,U S HIGHWAY 41 N,,,,,,,,,37.8589017,-87.57512594,0.014,2023-05-19,1115,2,2,0,0,CLEAR,DRY,False,OTHER RAMP RELATED COLLISIONS NOT LISTED ABOVE,SIDESWIPE-SAME DIRECTION,CURVE & LEVEL,DAYLIGHT,US0041,US0060,45068.84963,False,29,Accepted,5,5,O,,"MISJUDGE CLEARANCE, INATTENTION",,2023,1
6236,31665376,0510100,HENDERSON POLICE DEPARTMENT,Accepted,HENDERSON,,,GREEN,ST,S,,TURNER,,,,,37.82461702,-87.60227767,,2023-05-21,1325,2,2,0,0,CLEAR,DRY,False,SIDESWIPE-SAME DIRECTION,SIDESWIPE-SAME DIRECTION,STRAIGHT & LEVEL,DAYLIGHT,,,45069.35111,False,73,Accepted,5,5,O,,INATTENTION,,2023,1
6237,31667175,0510100,HENDERSON POLICE DEPARTMENT,Accepted,HENDERSON,,527,BARRET,BLVD,,,,,,,,37.8628448,-87.57103442,0.72,2023-05-16,1,1,1,0,0,CLEAR,DRY,True,OTHER ROADWAY OR MID-BLOCK COLLISION,SINGLE VEHICLE,CURVE & GRADE,DARK-HWY LIGHTED/ON,,,45069.63722,False,32,Accepted,5,5,O,,"EXCEEDED STATED SPEED LIMIT, NOT UNDER PROPER CONTROL, TURNING IMPROPERLY",,2023,1
6238,31675770,0510100,HENDERSON POLICE DEPARTMENT,Accepted,HENDERSON,,,2ND,,,,GREEN,,,,,37.83955363,-87.58844416,,2023-05-23,1220,2,2,0,0,CLEAR,DRY,False,OTHER INTERSECTION COLLISIONS,REAR END,STRAIGHT & LEVEL,DAYLIGHT,,,45071.33699,False,82,Accepted,5,5,O,,INATTENTION,,2023,1
6239,31675784,0510100,HENDERSON POLICE DEPARTMENT,Accepted,HENDERSON,US0041,2611,US41,,N,,,,,,,37.86848191,-87.57151307,16.89,2023-05-02,646,1,1,0,0,CLEAR,DRY,True,COLLISION WITH FIXED OBJECT NON - INTERSECTION - FIRST EVENT COLLISION 09 - 32 EXCLUDING 16,SINGLE VEHICLE,STRAIGHT & LEVEL,DAYLIGHT,,,45071.3394,False,17,Accepted,5,5,O,,,,2023,1
6243,31679357,0510100,HENDERSON POLICE DEPARTMENT,Accepted,HENDERSON,,,FAIR,ST,,,,,FAIRGROUND ,,GREEN,37.8209081,-87.60235673,,2023-05-20,1150,2,2,0,0,CLEAR,DRY,False,VEHICLE BACKING NON INTERSECTION,BACKING,STRAIGHT & LEVEL,DAYLIGHT,,,45071.89177,False,73,Accepted,5,5,O,,INATTENTION,,2023,1
6244,31679358,0510100,HENDERSON POLICE DEPARTMENT,Accepted,HENDERSON,,,WATSON,LN,,,WILLOW,,,,,37.87590819,-87.57032221,,2023-05-25,900,1,1,0,0,CLEAR,DRY,False,COLLISION WITH FIXED OBJECT IN INTERSECTION - FIRST EVENT COLLISION 09 - 32,SINGLE VEHICLE,STRAIGHT & LEVEL,DAYLIGHT,,,45071.89182,False,82,Accepted,5,5,O,,OTHER,,2023,1
6245,31679359,0510100,HENDERSON POLICE DEPARTMENT,Accepted,HENDERSON,,945,BARRET,BLVD,,,,,,,,37.85991557,-87.56762388,,2023-05-25,1220,2,2,0,0,CLEAR,DRY,False,1 VEHICLE ENTERING/LEAVING ENTRANCE,ANGLE,STRAIGHT & LEVEL,DAYLIGHT,,,45071.89186,False,82,Accepted,5,5,O,BACKUP DUE TO REGULAR CONGESTION,OTHER,,2023,1
6246,31679360,0510100,HENDERSON POLICE DEPARTMENT,Accepted,HENDERSON,,506,GREEN,ST,N,,,,,,,37.84362105,-87.58578016,,2023-05-25,1300,2,2,0,0,CLEAR,DRY,False,SIDESWIPE COLLISION - SAME DIRECTION,SIDESWIPE-SAME DIRECTION,STRAIGHT & LEVEL,DAYLIGHT,,,45071.8919,False,82,Accepted,5,5,O,,INATTENTION,,2023,1
6247,31682332,0510100,HENDERSON POLICE DEPARTMENT,Accepted,HENDERSON,US0041,,US41,,N,US0041,US41 RAMP TO US41 N,,,,,37.85914751,-87.57518846,16.209,2023-05-25,647,2,2,0,0,CLEAR,DRY,False,SIDESWIPE-SAME DIRECTION,SIDESWIPE-SAME DIRECTION,CURVE & LEVEL,DAYLIGHT,,,45072.57593,False,67,Accepted,5,5,O,,INATTENTION,,2023,1
6248,31691558,0510100,HENDERSON POLICE DEPARTMENT,Accepted,HENDERSON,,,1ST,ST,,,,,HOLLOWAY,,JULIA,37.83524927,-87.58162536,0.759,2023-05-22,2000,2,2,0,0,CLEAR,DRY,False,1 VEHICLE PARKED POSITION (NOT PARKING LOT/DRIVEWAY),BACKING,STRAIGHT & LEVEL,DARK (UNKNOWN ROADWAY LIGHTING),,,45075.46543,False,34,Accepted,5,5,O,,MISJUDGE CLEARANCE,,2023,1
6249,31691583,0510100,HENDERSON POLICE DEPARTMENT,Accepted,HENDERSON,,,GREEN,ST,S,,CLAY,,,,,37.83377277,-87.59327285,,2023-05-26,1320,2,2,0,1,CLEAR,DRY,False,OTHER INTERSECTION COLLISIONS,REAR END,STRAIGHT & LEVEL,DAYLIGHT,,,45075.47514,False,73,Accepted,4,4,C,,INATTENTION,,2023,1
6250,31691584,0510100,HENDERSON POLICE DEPARTMENT,Accepted,HENDERSON,US0060,,US60,,E,US0041,US41 W RAMP TO US41 N,,,,,37.85904906,-87.56987127,10.481,2023-05-26,1104,2,2,0,1,CLEAR,DRY,False,SIDESWIPE-SAME DIRECTION,SIDESWIPE-SAME DIRECTION,STRAIGHT & LEVEL,DAYLIGHT,,,45075.47519,False,17,Accepted,5,4,C,,FAILED TO YIELD RIGHT OF WAY,,2023,1
6251,31691585,0510100,HENDERSON POLICE DEPARTMENT,Accepted,HENDERSON,US0060,,US60,,E,,,US0041,US41 E RAMP TO US41 N,US0041,US41 N EXIT81 OFF RAMP TO US60 W,37.85762937,-87.57255326,10.327,2023-05-24,1516,2,2,0,0,CLEAR,DRY,False,REAR END IN TRAFFIC LANES BOTH VEHICLES MOVING,REAR END,STRAIGHT & LEVEL,DAYLIGHT,,,45075.47524,False,34,Accepted,5,5,O,"NON-HIGHWAY WORK: WORK ZONE (Utility, Tree, etc.)","FOLLOWING TOO CLOSE, INATTENTION",,2023,1
6252,31695961,0510100,HENDERSON POLICE DEPARTMENT,Accepted,HENDERSON,,,GARDEN MILE,RD,S,,,,GARDEN MILE,,GARDEN MILE,37.81946603,-87.55935931,0.127,2023-05-23,1547,2,2,0,0,CLEAR,DRY,False,OTHER ROADWAY OR MID-BLOCK COLLISION,REAR END,STRAIGHT & LEVEL,DAYLIGHT,,,45076.36845,False,65,Accepted,5,5,O,,INATTENTION,,2023,1
6253,31695963,0510100,HENDERSON POLICE DEPARTMENT,Accepted,HENDERSON,US0041,,US41,,N,,,,BARKER,,PAUL,37.87338675,-87.56898002,17.258,2023-05-24,641,2,2,0,0,CLEAR,DRY,False,REAR END IN TRAFFIC LANES BOTH VEHICLES MOVING,REAR END,STRAIGHT & LEVEL,DAYLIGHT,,,45076.36866,False,49,Accepted,5,5,O,GLARE (SUN),,,2023,1
6257,31697311,0510000,HENDERSON COUNTY SHERIFF DEPT.,Accepted,HENDERSON,US0041,,,,,,,,,,,37.85591093,-87.57393343,0.131,2023-05-26,703,2,2,0,1,CLEAR,DRY,False,OTHER RAMP RELATED COLLISIONS NOT LISTED ABOVE,REAR END,CURVE & LEVEL,DAYLIGHT,US0041,US0041,45076.50407,False,132,Accepted,5,4,C,,INATTENTION,,2023,1
6259,31700997,0510100,HENDERSON POLICE DEPARTMENT,Accepted,HENDERSON,,818,MILL,ST,,,,,,,,37.82290807,-87.5849568,0.277,2023-05-13,1800,2,2,0,0,CLEAR,DRY,True,1 VEHICLE PARKED POSITION (NOT PARKING LOT/DRIVEWAY),SIDESWIPE-SAME DIRECTION,STRAIGHT & LEVEL,DAYLIGHT,,,45077.06504,False,36,Accepted,5,5,O,,"FAILED TO KEEP PROPER LANE, INATTENTION, NOT UNDER PROPER CONTROL",,2023,1
6260,31701002,0510100,HENDERSON POLICE DEPARTMENT,Accepted,HENDERSON,US0041A,,GREEN,ST,N,,14TH,,,,,37.85471466,-87.57800905,17.14,2023-05-19,1849,2,2,0,0,CLOUDY,DRY,False,SIDESWIPE-SAME DIRECTION,SIDESWIPE-SAME DIRECTION,STRAIGHT & LEVEL,DAYLIGHT,,,45077.0652,False,38,Accepted,5,5,O,,INATTENTION,,2023,1
6261,31701007,0510100,HENDERSON POLICE DEPARTMENT,Accepted,HENDERSON,,1069,OAKCREST,CT,,,MILLCREEK,,,,,37.8660568,-87.53877537,0.001,2023-05-19,505,1,1,0,0,CLOUDY,DRY,False,OTHER INTERSECTION COLLISIONS,SINGLE VEHICLE,CURVE & LEVEL,DAWN,,,45077.06527,False,32,Accepted,5,5,O,,"NOT UNDER PROPER CONTROL, OVERCORRECTING/OVERSTEERING",,2023,1
6262,31701010,0510100,HENDERSON POLICE DEPARTMENT,Accepted,HENDERSON,US0041A,517,GREEN,ST,N,,,,,,,37.84344342,-87.5859731,16.209,2023-05-20,1452,2,2,0,0,CLEAR,DRY,False,SIDESWIPE COLLISION - SAME DIRECTION,SIDESWIPE-SAME DIRECTION,STRAIGHT & LEVEL,DAYLIGHT,,,45077.06537,False,23,Accepted,5,5,O,,CELL PHONE,,2023,1
6263,31701021,0510100,HENDERSON POLICE DEPARTMENT,Accepted,HENDERSON,,116,MEADOW,ST,,,,,,,,37.83013215,-87.58264968,0.513,2023-05-13,2023,2,2,0,0,CLEAR,DRY,False,1 VEHICLE PARKED POSITION (NOT PARKING LOT/DRIVEWAY),BACKING,STRAIGHT & LEVEL,DAYLIGHT,,,45077.06723,False,50,Accepted,5,5,O,,INATTENTION,,2023,1
6264,31702221,0510100,HENDERSON POLICE DEPARTMENT,Accepted,HENDERSON,,,ALVASIA,ST,N,,1ST,,,,,37.83587576,-87.58346804,0.39,2023-05-25,1402,2,2,0,1,CLEAR,DRY,False,ANGLE COLLISION - OTHER,ANGLE,STRAIGHT & HILLCREST,DAYLIGHT,,,45077.33652,False,42,Accepted,5,3,B,,INATTENTION,,2023,1
6265,31702682,0510100,HENDERSON POLICE DEPARTMENT,Accepted,HENDERSON,US0041A,,GREEN,ST,N,,8TH,,,,,37.84709925,-87.5835705,16.515,2023-05-30,928,2,2,0,1,CLEAR,DRY,False,ANGLE COLLISION - OTHER,ANGLE,STRAIGHT & LEVEL,DAYLIGHT,,,45077.41516,False,49,Accepted,5,2,A,,"FAILED TO YIELD RIGHT OF WAY, INATTENTION",,2023,1
6268,31705373,0510100,HENDERSON POLICE DEPARTMENT,Accepted,HENDERSON,,,CLAY,ST,,,ATKINSON,,,,,37.82477794,-87.57797979,0.028,2023-05-17,1659,2,2,0,0,CLEAR,DRY,False,OPPOSITE DIRECTION - BOTH VEHICLES GOING STRAIGHT AHEAD,SIDESWIPE-OPPOSITE DIRECTION,STRAIGHT & LEVEL,DAYLIGHT,,,45077.78603,False,42,Accepted,5,5,O,,"FAILED TO KEEP PROPER LANE, MISJUDGE CLEARANCE",,2023,1
6271,31707978,0510000,HENDERSON COUNTY SHERIFF DEPT.,Accepted,HENDERSON,KY2084,,KY2084,,S,,,,,,,37.80156483,-87.57206153,0.826,2021-05-02,1200,2,2,0,5,CLEAR,DRY,False,OTHER ROADWAY OR MID-BLOCK COLLISION,OPPOSING LEFT TURN,STRAIGHT & GRADE,DAYLIGHT,,,45078.40856,False,138,Accepted,2,2,A,,"EMOTIONAL, FAILED TO YIELD RIGHT OF WAY, INATTENTION",,2021,1
6273,31713780,0510100,HENDERSON POLICE DEPARTMENT,Accepted,HENDERSON,US0041A,1100,GREEN,ST,S,,,,,,,37.82411771,-87.60278802,14.564,2023-06-01,1550,2,2,0,0,CLEAR,DRY,False,1 VEHICLE ENTERING/LEAVING ENTRANCE,ANGLE,STRAIGHT & LEVEL,DAYLIGHT,,,45079.57395,False,47,Accepted,5,5,O,,INATTENTION,,2023,1
6274,31713813,0510100,HENDERSON POLICE DEPARTMENT,Accepted,HENDERSON,,400,HOFFMAN,DR,,,,,,,,37.83533923,-87.57020952,0.055,2023-06-01,1620,2,2,0,0,CLEAR,DRY,False,1 VEHICLE PARKED POSITION (NOT PARKING LOT/DRIVEWAY),SIDESWIPE-SAME DIRECTION,STRAIGHT & LEVEL,DAYLIGHT,,,45079.58084,False,47,Accepted,5,5,O,,MISJUDGE CLEARANCE,,2023,1
6275,31715451,0510100,HENDERSON POLICE DEPARTMENT,Accepted,HENDERSON,US0041A,,GREEN,ST,N,,,,,,,37.83806482,-87.58937867,15.815,2023-05-27,1811,2,2,0,0,CLEAR,DRY,False,SIDESWIPE COLLISION - SAME DIRECTION,SIDESWIPE-SAME DIRECTION,STRAIGHT & LEVEL,DAYLIGHT,,,45079.92453,False,50,Accepted,5,5,O,,INATTENTION,,2023,1
6276,31715454,0510100,HENDERSON POLICE DEPARTMENT,Accepted,HENDERSON,,,OLD HENDERSON CORYDON,RD,,,PARAGON,,,,,37.80088782,-87.63789849,0.206,2023-05-29,2137,2,2,0,0,CLEAR,DRY,False,OPPOSITE DIRECTION - BOTH VEHICLES GOING STRAIGHT AHEAD,SIDESWIPE-OPPOSITE DIRECTION,CURVE & LEVEL,DARK-HWY NOT LIGHTED,,,45079.92471,False,23,Accepted,5,5,O,,"INATTENTION, PHYSICAL DISABILITY",,2023,1
6277,31723294,0510100,HENDERSON POLICE DEPARTMENT,Accepted,HENDERSON,US0060,,US60,,E,,,US0041,US41 N EXIT81 OFF RAMP TO US60 E,US0041,US41 W RAMP TO US41 N,37.85926596,-87.56955553,10.478,2023-05-31,1603,2,2,0,0,CLOUDY,DRY,False,OTHER ROADWAY OR MID-BLOCK COLLISION,REAR END,STRAIGHT & GRADE,DAYLIGHT,,,45082.34528,False,67,Accepted,5,5,O,,INATTENTION,,2023,1
6278,31723295,0510100,HENDERSON POLICE DEPARTMENT,Accepted,HENDERSON,,,ELM,ST,N,,12TH,,,,,37.85278756,-87.58193935,1.145,2023-05-31,1654,2,2,0,1,CLEAR,DRY,False,ANGLE COLLISION - OTHER,ANGLE,STRAIGHT & LEVEL,DAYLIGHT,,,45082.34532,False,67,Accepted,5,3,B,,INATTENTION,,2023,1
6279,31723298,0510100,HENDERSON POLICE DEPARTMENT,Accepted,HENDERSON,,,COLE TRAILER PARK B,,,,RACETRACK,,,,,37.88486317,-87.56482718,0.062,2023-06-04,1348,2,2,0,0,CLEAR,DRY,False,ANGLE COLLISION - OTHER,ANGLE,STRAIGHT & LEVEL,DAYLIGHT,,,45082.3454,False,67,Accepted,5,5,O,,INATTENTION,,2023,1
6284,31725312,0510100,HENDERSON POLICE DEPARTMENT,Accepted,HENDERSON,US0041,2452,US41,,N,,,,,,,37.87094903,-87.57005189,17.08,2023-06-01,1104,2,2,0,0,CLEAR,DRY,False,REAR END IN TRAFFIC LANES BOTH VEHICLES MOVING,REAR END,STRAIGHT & LEVEL,DAYLIGHT,,,45082.57388,False,29,Accepted,5,5,O,,"INATTENTION, MISJUDGE CLEARANCE",,2023,1
6285,31725465,0510100,HENDERSON POLICE DEPARTMENT,Accepted,HENDERSON,US0041,2236,US41,,N,,BARKER,,,,,37.87155809,-87.56971184,17.125,2023-06-02,1144,2,2,0,2,CLEAR,DRY,False,OTHER INTERSECTION COLLISIONS,REAR END,STRAIGHT & LEVEL,DAYLIGHT,,,45082.58708,False,29,Accepted,5,3,B,,INATTENTION,,2023,1
6286,31725466,0510100,HENDERSON POLICE DEPARTMENT,Accepted,HENDERSON,US0041A,1350,GREEN,ST,N,,,,,,,37.8544092,-87.57850186,17.058,2023-06-03,1308,2,2,0,0,CLEAR,DRY,True,REAR END IN TRAFFIC LANES BOTH VEHICLES MOVING,REAR END,STRAIGHT & LEVEL,DAWN,,,45082.58715,False,42,Accepted,5,5,O,,INATTENTION,,2023,1
6287,31725548,0510100,HENDERSON POLICE DEPARTMENT,Accepted,HENDERSON,,,GREEN,ST,,,KRESGE,,,,,37.81628155,-87.61475108,,2023-06-02,1150,2,2,0,0,CLEAR,DRY,False,ANGLE COLLISION - OTHER,ANGLE,STRAIGHT & LEVEL,DAYLIGHT,,,45082.59935,False,82,Accepted,5,5,O,,OTHER,,2023,1
6294,31739003,0510100,HENDERSON POLICE DEPARTMENT,Accepted,HENDERSON,,,US HWY 41,,,,,,,,,37.87176876,-87.56958526,,2023-06-05,1345,2,2,0,0,CLEAR,DRY,False,REAR END IN TRAFFIC LANES BOTH VEHICLES MOVING,REAR END,STRAIGHT & LEVEL,DAYLIGHT,,,45085.3275,False,82,Accepted,5,5,O,OTHER,OTHER,,2023,1
6295,31740218,0510100,HENDERSON POLICE DEPARTMENT,Accepted,HENDERSON,US0041A,,GREEN,ST,N,,,,5TH,,4TH,37.84273683,-87.58639852,16.174,2023-06-01,1530,2,2,0,0,CLEAR,DRY,False,REAR END IN TRAFFIC LANES BOTH VEHICLES MOVING,REAR END,STRAIGHT & LEVEL,DAYLIGHT,,,45085.48161,False,34,Accepted,5,5,O,,INATTENTION,,2023,1
6296,31740219,0510100,HENDERSON POLICE DEPARTMENT,Accepted,HENDERSON,US0041A,,GREEN,ST,N,,,,RICHARDSON,,HERRON,37.85505108,-87.5774521,17.178,2023-06-06,1148,1,1,0,1,CLEAR,DRY,False,COLLISION WITH FIXED OBJECT NON - INTERSECTION - FIRST EVENT COLLISION 09 - 32 EXCLUDING 16,SINGLE VEHICLE,STRAIGHT & LEVEL,DARK (UNKNOWN ROADWAY LIGHTING),,,45085.48172,False,34,Accepted,3,3,B,,"ALCOHOL INVOLVEMENT, PHYSICAL DISABILITY",,2023,1
6298,31740700,0510100,HENDERSON POLICE DEPARTMENT,Accepted,HENDERSON,,,US HWY 60,,,,,,,,,37.85769888,-87.5745282,,2023-06-07,805,1,1,0,0,FOG WITH RAIN,WET,False,COLLISION WITH FIXED OBJECT NON - INTERSECTION - FIRST EVENT COLLISION 09 - 32 EXCLUDING 16,SINGLE VEHICLE,CURVE & GRADE,DAYLIGHT,,,45085.5595,False,82,Accepted,5,5,O,SLIPPERY SURFACE,OTHER,,2023,1
6299,31742934,0510100,HENDERSON POLICE DEPARTMENT,Accepted,HENDERSON,US0041A,,GREEN,ST,N,,14TH,,,,,37.85409634,-87.57891252,17.072,2023-06-02,1506,2,2,0,5,CLEAR,DRY,False,OPPOSING LEFT TURN,OPPOSING LEFT TURN,STRAIGHT & LEVEL,DAYLIGHT,,,45086.01039,False,23,Accepted,3,3,B,,"INATTENTION, MISJUDGE CLEARANCE",,2023,1
6301,31742940,0510100,HENDERSON POLICE DEPARTMENT,Accepted,HENDERSON,US0041A,,US41 ALT,,,,COLLIER,,,,,37.80722736,-87.62219952,12.806,2023-05-25,2228,1,1,0,0,CLEAR,DRY,False,OTHER INTERSECTION COLLISIONS,SINGLE VEHICLE,STRAIGHT & LEVEL,DARK-HWY LIGHTED/ON,,,45086.01061,False,51,Accepted,5,5,O,,INATTENTION,,2023,1
6305,31755016,0510100,HENDERSON POLICE DEPARTMENT,Accepted,HENDERSON,US0041,,US41,,N,,,,BARRET,,MARYWOOD,37.86466453,-87.57355669,16.607,2023-06-08,1248,2,2,0,0,CLEAR,DRY,True,SIDESWIPE COLLISION - SAME DIRECTION,SIDESWIPE-SAME DIRECTION,STRAIGHT & LEVEL,DAYLIGHT,,,45089.48053,False,67,Accepted,5,5,O,,INATTENTION,,2023,1
6306,31755020,0510100,HENDERSON POLICE DEPARTMENT,Accepted,HENDERSON,,431,SOUTHSIDE,DR,,,,,,,,37.81733888,-87.57032173,0.093,2023-06-08,1544,2,2,0,0,CLEAR,DRY,True,1 VEHICLE PARKED POSITION (NOT PARKING LOT/DRIVEWAY),REAR END,STRAIGHT & LEVEL,DAYLIGHT,,,45089.48118,False,8,Accepted,5,5,O,,,,2023,1
6307,31755092,0510000,HENDERSON COUNTY SHERIFF DEPT.,Accepted,HENDERSON,US0060,,GREEN,ST,S,,,,,,,37.80500542,-87.63436967,9.519,2023-06-01,1604,2,2,0,1,CLEAR,DRY,False,REAR END IN TRAFFIC LANES BOTH VEHICLES MOVING,REAR END,STRAIGHT & LEVEL,DAYLIGHT,,,45089.49443,False,140,Accepted,5,3,B,,FOLLOWING TOO CLOSE,,2023,1
6314,31758313,0510100,HENDERSON POLICE DEPARTMENT,Accepted,HENDERSON,US0041,1900,US41,,N,,,,,,,37.86531656,-87.57332832,16.654,2023-06-07,1649,2,2,0,0,CLEAR,DRY,False,1 VEHICLE ENTERING/LEAVING ENTRANCE,ANGLE,STRAIGHT & LEVEL,DAYLIGHT,,,45090.07062,False,50,Accepted,5,5,O,,INATTENTION,,2023,1
6315,31758317,0510100,HENDERSON POLICE DEPARTMENT,Accepted,HENDERSON,US0060,2208,US60,,E,,,,,,,37.86109958,-87.56448973,10.779,2023-06-08,2144,2,2,0,1,CLEAR,DRY,False,1 VEHICLE ENTERING/LEAVING ENTRANCE,ANGLE,STRAIGHT & LEVEL,DARK-HWY LIGHTED/ON,,,45090.07078,False,51,Accepted,4,4,C,,"FAILED TO YIELD RIGHT OF WAY, INATTENTION",,2023,1
6316,31758318,0510100,HENDERSON POLICE DEPARTMENT,Accepted,HENDERSON,US0041A,,GREEN,ST,N,,12TH,,,,,37.85221031,-87.58025012,16.895,2023-06-03,1938,2,2,0,0,CLEAR,DRY,False,ANGLE COLLISION - ONE VEHICLE TURNING LEFT,ANGLE,STRAIGHT & LEVEL,DAYLIGHT,,,45090.07089,False,51,Accepted,5,5,O,,"DISREGARD TRAFFIC CONTROL, INATTENTION",,2023,1
6317,31759347,0510100,HENDERSON POLICE DEPARTMENT,Accepted,HENDERSON,,301,GREEN,ST,S,,,,,,,37.83356652,-87.59354453,,2023-06-08,1300,2,2,0,0,CLEAR,DRY,False,1 VEHICLE ENTERING/LEAVING ENTRANCE,ANGLE,STRAIGHT & LEVEL,DAYLIGHT,,,45090.33688,False,82,Accepted,5,5,O,,INATTENTION,,2023,1
6318,31759350,0510100,HENDERSON POLICE DEPARTMENT,Accepted,HENDERSON,,,GREEN,ST,,,12TH,,,,,37.85185737,-87.58042663,,2023-06-09,820,2,2,0,0,CLEAR,DRY,False,SIDESWIPE-SAME DIRECTION,SIDESWIPE-SAME DIRECTION,STRAIGHT & LEVEL,DAYLIGHT,,,45090.33703,False,82,Accepted,5,5,O,,INATTENTION,,2023,1