OBJECTID,IncidentID,AgencyORI,AgencyName,IncidentStatusDesc,County,RdwyNumber,Street,RoadwayName,StreetSfx,StreetDir,IntersectionRdwy,IntersectionRdwyName,BetweenStRdwy1,BetweenStRdwyName1,BetweenStRdwy2,BetweenStRdwyName2,Latitude,Longitude,Milepoint,CollisionDate,CollisionTime,UnitsInvolved,MotorVehiclesInvolved,NumberKilled,NumberInjured,Weather,RdwyConditionCode,HitandRun,DirAnalysisCode,MannerofCollision,RdwyCharacter,LightCondition,RampFromRdwyId,RampToRdwyId,AcceptedDate,IsSecondaryCollision,OwnerBadge,IncidentStatus,InjurySeverityCde,KABCO_Code,KABCO,Environmental_Factors,Human_Factors,Vehicular_Factors,CollisionYear,CityCrash
6319,31759352,0510100,HENDERSON POLICE DEPARTMENT,Accepted,HENDERSON,,,GREEN,ST,,,1ST,,,,,37.83796988,-87.58944079,,2023-06-09,1045,2,2,0,0,CLEAR,DRY,False,OTHER INTERSECTION COLLISIONS,REAR END,STRAIGHT & LEVEL,DAYLIGHT,,,45090.33713,False,82,Accepted,5,5,O,,OTHER,,2023,1
6320,31759541,0510100,HENDERSON POLICE DEPARTMENT,Accepted,HENDERSON,US0041,,US41,,N,US0041,US41 RAMP FROM KY351,,,,,37.83175673,-87.5659909,14.176,2023-06-12,730,2,2,0,1,CLEAR,DRY,False,OTHER INTERSECTION COLLISIONS,REAR END,STRAIGHT & LEVEL,DAYLIGHT,,,45090.379,False,29,Accepted,5,4,C,BACKUP DUE TO REGULAR CONGESTION,FOLLOWING TOO CLOSE,,2023,1
6321,31759545,0510100,HENDERSON POLICE DEPARTMENT,Accepted,HENDERSON,US0060,,US60,,E,,WATSON,,,,,37.86474182,-87.55503945,11.394,2023-06-09,1144,2,2,0,0,CLEAR,DRY,False,VEHICLE BACKING IN INTERSECTION,BACKING,STRAIGHT & LEVEL,DAYLIGHT,,,45090.37958,False,67,Accepted,5,5,O,,INATTENTION,,2023,1
6326,31763240,0510100,HENDERSON POLICE DEPARTMENT,Accepted,HENDERSON,,,5TH,ST,,,HEILMAN,,,,,37.83938968,-87.57632736,0.357,2023-05-26,2338,1,1,0,1,CLEAR,DRY,False,NON-COLLISION OBJECT COLLISION,SINGLE VEHICLE,STRAIGHT & LEVEL,DARK-HWY LIGHTED/ON,,,45091.01682,False,25,Accepted,3,3,B,,ALCOHOL INVOLVEMENT,,2023,1
6327,31763242,0510100,HENDERSON POLICE DEPARTMENT,Accepted,HENDERSON,US0060,,GREEN,ST,S,,,,,,,37.80011201,-87.64720184,8.741,2023-06-09,2101,2,2,0,0,CLEAR,DRY,False,REAR END IN TRAFFIC LANES BOTH VEHICLES MOVING,REAR END,STRAIGHT & LEVEL,DARK-HWY LIGHTED/OFF,,,45091.01689,False,31,Accepted,5,5,O,,DISREGARD TRAFFIC CONTROL,,2023,1
6329,31765697,0510100,HENDERSON POLICE DEPARTMENT,Accepted,HENDERSON,US0041,,US41,,N,,WATSON,,,,,37.87531169,-87.56770944,17.414,2023-06-13,617,2,2,0,0,CLEAR,DRY,False,SIDESWIPE-SAME DIRECTION,SIDESWIPE-SAME DIRECTION,STRAIGHT & LEVEL,DAYLIGHT,,,45091.50993,False,67,Accepted,5,5,O,,INATTENTION,,2023,1
6330,31768031,0510100,HENDERSON POLICE DEPARTMENT,Accepted,HENDERSON,US0041A,,GREEN,ST,N,,12TH,,,,,37.85219589,-87.58028477,16.896,2023-05-25,2044,2,2,0,0,CLEAR,DRY,False,HEAD-ON COLLISION,HEAD ON,STRAIGHT & LEVEL,DARK-HWY LIGHTED/ON,,,45091.81663,False,51,Accepted,5,5,O,,"FAILED TO KEEP PROPER LANE, INATTENTION",,2023,1
6331,31768434,0510100,HENDERSON POLICE DEPARTMENT,Accepted,HENDERSON,,,ELM,ST,N,,6TH,,,,,37.84516117,-87.58665286,0.55,2023-06-12,1927,2,2,0,1,CLOUDY,DRY,False,ANGLE COLLISION - OTHER,ANGLE,STRAIGHT & LEVEL,DUSK,,,45091.95437,False,38,Accepted,5,3,B,,"DISREGARD TRAFFIC CONTROL, INATTENTION",,2023,1
6332,31768662,0510100,HENDERSON POLICE DEPARTMENT,Accepted,HENDERSON,KY0351,,2ND,ST,,,PRIEST,,,,,37.8330473,-87.57289069,0.966,2023-05-31,2133,2,2,0,0,CLEAR,DRY,False,ANGLE COLLISION - OTHER,ANGLE,STRAIGHT & GRADE,DARK-HWY LIGHTED/ON,,,45091.99708,False,58,Accepted,5,5,O,,INATTENTION,,2023,1
6333,31768663,0510100,HENDERSON POLICE DEPARTMENT,Accepted,HENDERSON,,,2ND,ST,,,,,,,,37.8395857,-87.58866132,0.013,2023-06-08,1906,2,2,0,0,CLEAR,DRY,False,OTHER ROADWAY OR MID-BLOCK COLLISION,OPPOSING LEFT TURN,STRAIGHT & LEVEL,DAYLIGHT,,,45091.99714,False,58,Accepted,5,5,O,,"FAILED TO YIELD RIGHT OF WAY, INATTENTION",,2023,1
6337,31775797,0510100,HENDERSON POLICE DEPARTMENT,Accepted,HENDERSON,,,ATKINSON,ST,,,OBYRNE,,,,,37.82313402,-87.57880839,0.368,2023-06-13,1618,2,2,0,1,CLEAR,DRY,False,ANGLE COLLISION - OTHER,ANGLE,STRAIGHT & LEVEL,DAYLIGHT,,,45093.51906,False,76,Accepted,5,4,C,,INATTENTION,,2023,1
6338,31775854,0510100,HENDERSON POLICE DEPARTMENT,Accepted,HENDERSON,,,CLAY,ST,,,ADAMS,,,,,37.83230698,-87.59092536,,2023-06-14,630,3,3,0,0,CLEAR,DRY,False,ANGLE COLLISION - OTHER,ANGLE,STRAIGHT & LEVEL,DAYLIGHT,,,45093.53209,False,73,Accepted,5,5,O,,INATTENTION,,2023,1
6339,31775856,0510100,HENDERSON POLICE DEPARTMENT,Accepted,HENDERSON,,,US HWY 41,,,,,,,,,37.83878446,-87.56454611,,2023-06-14,1300,1,1,0,0,CLEAR,DRY,False,OTHER ROADWAY OR MID-BLOCK COLLISION,SINGLE VEHICLE,STRAIGHT & LEVEL,DAYLIGHT,,,45093.53229,False,82,Accepted,5,5,O,CONSTRUCTION WORK ZONE,OTHER,,2023,1
6340,31775859,0510100,HENDERSON POLICE DEPARTMENT,Accepted,HENDERSON,KY2084,,KY2084,,S,,,,,,,37.80763706,-87.57272508,,2023-06-15,1425,2,2,0,0,CLEAR,DRY,False,REAR END IN TRAFFIC LANES BOTH VEHICLES MOVING,REAR END,CURVE & LEVEL,DAYLIGHT,,,45093.53251,False,82,Accepted,5,5,O,,INATTENTION,,2023,1
6341,31775860,0510100,HENDERSON POLICE DEPARTMENT,Accepted,HENDERSON,,,GREEN,ST,S,,US HWY 425,,,,,37.79999254,-87.64704914,,2023-06-15,1510,2,2,0,0,CLEAR,DRY,False,OTHER INTERSECTION COLLISIONS,REAR END,STRAIGHT & LEVEL,DAYLIGHT,,,45093.53259,False,82,Accepted,5,5,O,,INATTENTION,,2023,1
6342,31778101,0510100,HENDERSON POLICE DEPARTMENT,Accepted,HENDERSON,US0060,,US60,,E,,,,,,,37.86132419,-87.56407117,10.832,2023-06-13,2222,1,1,0,0,CLEAR,DRY,False,COLLISION WITH ANIMAL NON INTERSECTION,SINGLE VEHICLE,STRAIGHT & LEVEL,DARK (UNKNOWN ROADWAY LIGHTING),,,45094.09951,False,16,Accepted,5,5,O,ANIMALS ACTION,ALCOHOL INVOLVEMENT,,2023,1
6343,31784819,0510100,HENDERSON POLICE DEPARTMENT,Accepted,HENDERSON,US0041,,US41,,N,,,,RACETRACK,,STRATMAN,37.88311172,-87.56334901,17.982,2023-06-14,1706,2,2,0,0,CLEAR,DRY,False,1 VEHICLE ENTERING/LEAVING ENTRANCE,ANGLE,STRAIGHT & LEVEL,DAYLIGHT,,,45096.38638,False,67,Accepted,5,5,O,,INATTENTION,,2023,1
6344,31784824,0510100,HENDERSON POLICE DEPARTMENT,Accepted,HENDERSON,US0041,,US41,,N,,,,BARRET,,MARYWOOD,37.86621727,-87.57275476,16.724,2023-06-18,949,2,2,0,0,CLOUDY,DRY,False,OTHER ROADWAY OR MID-BLOCK COLLISION,REAR END,STRAIGHT & LEVEL,DAYLIGHT,,,45096.38655,False,67,Accepted,5,5,O,,INATTENTION,,2023,1
6345,31784826,0510100,HENDERSON POLICE DEPARTMENT,Accepted,HENDERSON,US0041,,US41,,N,,,,BARRET,,MARYWOOD,37.86655398,-87.57251799,16.751,2023-06-18,1252,2,2,0,0,CLOUDY,DRY,False,OTHER ROADWAY OR MID-BLOCK COLLISION,REAR END,STRAIGHT & LEVEL,DAYLIGHT,,,45096.38663,False,67,Accepted,5,5,O,,INATTENTION,,2023,1
6346,31784828,0510100,HENDERSON POLICE DEPARTMENT,Accepted,HENDERSON,US0041A,,GREEN,ST,S,,CANOE CREEK,,,,,37.82043117,-87.60798937,14.167,2023-06-18,1319,2,2,0,0,CLOUDY,DRY,False,REAR END - ONE VEHICLE TURNING LEFT,REAR END,STRAIGHT & LEVEL,DAYLIGHT,,,45096.38668,False,67,Accepted,5,5,O,,"INATTENTION, OTHER",,2023,1
6347,31784970,KSP1600,"KY STATE POLICE, POST 16",Accepted,HENDERSON,US0041,,US41,,N,,,,,,,37.85475147,-87.57060743,15.821,2023-06-15,1831,1,1,0,0,CLEAR,DRY,False,COLLISION WITH FIXED OBJECT NON - INTERSECTION - FIRST EVENT COLLISION 09 - 32 EXCLUDING 16,SINGLE VEHICLE,STRAIGHT & GRADE,DAYLIGHT,,,45096.39599,False,178,Accepted,5,5,O,,FELL ASLEEP,,2023,1
6348,31788237,0510100,HENDERSON POLICE DEPARTMENT,Accepted,HENDERSON,,,1ST,ST,,,ELM,,,,,37.83888248,-87.59093722,,2023-06-16,1245,2,2,0,0,CLEAR,DRY,False,ANGLE COLLISION - OTHER,ANGLE,STRAIGHT & LEVEL,DAYLIGHT,,,45096.8185,False,82,Accepted,5,5,O,,OTHER,,2023,1
6349,31788983,0510100,HENDERSON POLICE DEPARTMENT,Accepted,HENDERSON,KY0351,,ZION,RD,,KY2084,KY2084,,,,,37.83127346,-87.56896031,1.213,2023-06-14,2055,2,2,0,1,CLEAR,DRY,False,ANGLE COLLISION - OTHER,ANGLE,STRAIGHT & LEVEL,DARK-HWY LIGHTED/ON,,,45097.07512,False,25,Accepted,5,3,B,,INATTENTION,,2023,1
6350,31788984,0510100,HENDERSON POLICE DEPARTMENT,Accepted,HENDERSON,US0041A,,GREEN,ST,N,,5TH,,,,,37.84326712,-87.58601354,16.216,2023-06-14,2052,2,1,0,1,CLEAR,DRY,False,COLLISION WITH PEDESTRIAN IN INTERSECTION,SINGLE VEHICLE,STRAIGHT & LEVEL,DARK-HWY LIGHTED/ON,,,45097.07517,False,51,Accepted,5,4,C,,INATTENTION,,2023,1
6351,31788991,0510100,HENDERSON POLICE DEPARTMENT,Accepted,HENDERSON,,,RAY,ST,,,,,,,,37.84640362,-87.58045893,0.17,2023-06-16,2032,1,1,0,1,CLEAR,DRY,False,RAN OFF ROADWAY (1 VEHICLE WITH/EARTH EMBANKMENT/DITCH),SINGLE VEHICLE,STRAIGHT & LEVEL,DARK-HWY LIGHTED/ON,,,45097.07538,False,50,Accepted,5,4,C,,OTHER,,2023,1
6352,31788997,0510100,HENDERSON POLICE DEPARTMENT,Accepted,HENDERSON,US0041A,,GREEN,ST,N,,,,,,,37.85348374,-87.5794801,17.021,2023-06-17,2222,2,2,0,0,CLEAR,DRY,False,1 VEHICLE ENTERING/LEAVING ENTRANCE,ANGLE,CURVE & LEVEL,DARK-HWY LIGHTED/ON,,,45097.07552,False,58,Accepted,5,5,O,,INATTENTION,,2023,1
6356,31791463,0510000,HENDERSON COUNTY SHERIFF DEPT.,Accepted,HENDERSON,AU9005,,AU9005 W,,,,,,,,,37.81052377,-87.54620968,0.949,2023-06-19,533,1,1,0,0,RAINING,WET,False,COLLISION WITH FIXED OBJECT NON - INTERSECTION - FIRST EVENT COLLISION 09 - 32 EXCLUDING 16,SINGLE VEHICLE,STRAIGHT & LEVEL,DAWN,,,45097.53208,False,131,Accepted,5,5,O,SLIPPERY SURFACE,NOT UNDER PROPER CONTROL,,2023,1
6358,31795867,0510100,HENDERSON POLICE DEPARTMENT,Accepted,HENDERSON,US0041A,,GREEN,ST,N,,,,HERRON,,14TH,37.85424293,-87.57867269,17.09,2023-06-15,1658,2,2,0,0,CLEAR,DRY,False,SIDESWIPE COLLISION - SAME DIRECTION,SIDESWIPE-SAME DIRECTION,STRAIGHT & LEVEL,DAYLIGHT,,,45098.48093,False,34,Accepted,5,5,O,,INATTENTION,,2023,1
6359,31795873,0510100,HENDERSON POLICE DEPARTMENT,Accepted,HENDERSON,,,2ND,ST,,,ELM,,,,,37.84011604,-87.58997114,,2023-06-20,910,2,2,0,0,CLEAR,DRY,False,VEHICLE BACKING IN INTERSECTION,BACKING,STRAIGHT & LEVEL,DAYLIGHT,,,45098.48108,False,82,Accepted,5,5,O,,INATTENTION,,2023,1
6360,31799524,0510100,HENDERSON POLICE DEPARTMENT,Accepted,HENDERSON,KY0351,,ZION,RD,,,,,,,,37.83110746,-87.56831627,1.256,2023-06-20,1258,2,2,0,0,CLEAR,DRY,False,SIDESWIPE COLLISION - SAME DIRECTION,SIDESWIPE-SAME DIRECTION,STRAIGHT & LEVEL,DAYLIGHT,,,45099.34581,False,76,Accepted,5,5,O,,INATTENTION,,2023,1
6361,31799526,0510100,HENDERSON POLICE DEPARTMENT,Accepted,HENDERSON,,,WASHINTON,ST,,,GREEN,,,,,37.83630028,-87.59076001,,2023-06-21,1220,2,2,0,0,CLEAR,DRY,False,ANGLE COLLISION - OTHER,ANGLE,STRAIGHT & LEVEL,DAYLIGHT,,,45099.34595,False,82,Accepted,5,5,O,,INATTENTION,,2023,1
6362,31799527,0510100,HENDERSON POLICE DEPARTMENT,Accepted,HENDERSON,US0041,2030,US41,,N,,,,,,,37.86459618,-87.57341837,,2023-06-21,1400,2,2,0,0,CLEAR,DRY,False,OTHER COLLISIONS ON SHOULDER,ANGLE,STRAIGHT & LEVEL,DAYLIGHT,,,45099.346,False,82,Accepted,5,5,O,,OTHER,,2023,1
6363,31799528,0510100,HENDERSON POLICE DEPARTMENT,Accepted,HENDERSON,,,US41,,N,,,,,,,37.87734333,-87.56647286,,2023-06-21,1450,2,2,0,0,CLEAR,DRY,False,REAR END IN TRAFFIC LANES BOTH VEHICLES MOVING,REAR END,STRAIGHT & LEVEL,DAYLIGHT,,,45099.34606,False,82,Accepted,5,5,O,,OTHER,,2023,1
6364,31799818,0510100,HENDERSON POLICE DEPARTMENT,Accepted,HENDERSON,US0041A,,GREEN,ST,N,,5TH,,,,,37.84329611,-87.58600252,16.217,2023-06-12,1629,3,3,0,0,CLEAR,DRY,False,OPPOSING LEFT TURN,OPPOSING LEFT TURN,STRAIGHT & LEVEL,DAYLIGHT,,,45099.39184,False,48,Accepted,5,5,O,,INATTENTION,,2023,1
6365,31799821,0510100,HENDERSON POLICE DEPARTMENT,Accepted,HENDERSON,,1300,COMMONWEALTH,DR,,,,,,,,37.81953936,-87.59085337,0.096,2023-06-20,1147,1,1,0,0,CLEAR,DRY,False,OTHER ROADWAY OR MID-BLOCK COLLISION,SINGLE VEHICLE,STRAIGHT & LEVEL,DAYLIGHT,,,45099.39193,False,48,Accepted,5,5,O,,INATTENTION,LOAD SECUREMENT,2023,1
6366,31799822,0510100,HENDERSON POLICE DEPARTMENT,Accepted,HENDERSON,KY0351,,2ND,ST,,,INGRAM,,,,,37.83888943,-87.58700283,0.087,2023-06-16,1128,2,2,0,0,CLEAR,DRY,False,ANGLE COLLISION - OTHER,ANGLE,STRAIGHT & LEVEL,DAYLIGHT,,,45099.39198,False,34,Accepted,5,5,O,,INATTENTION,,2023,1
6367,31800544,0510100,HENDERSON POLICE DEPARTMENT,Accepted,HENDERSON,,,MLK,BLVD,,,LETT,,,,,37.82741471,-87.58568873,,2023-06-17,1015,3,3,0,1,CLEAR,DRY,False,COLLISION WITH PARKED VEHICLE,HEAD ON,STRAIGHT & LEVEL,DAYLIGHT,,,45099.5111,False,73,Accepted,5,3,B,ANIMALS ACTION,OTHER,,2023,1
6368,31802811,0510100,HENDERSON POLICE DEPARTMENT,Accepted,HENDERSON,US0041A,460,GREEN,ST,S,,,,,,,37.82920673,-87.59773671,15.118,2023-06-17,2247,1,1,0,0,CLEAR,DRY,False,COLLISION WITH FIXED OBJECT NON - INTERSECTION - FIRST EVENT COLLISION 09 - 32 EXCLUDING 16,SINGLE VEHICLE,STRAIGHT & LEVEL,DARK-HWY LIGHTED/ON,,,45100.02474,False,42,Accepted,5,5,O,,"FAILED TO KEEP PROPER LANE, MISJUDGE CLEARANCE",,2023,1
6369,31806879,0510100,HENDERSON POLICE DEPARTMENT,Accepted,HENDERSON,,,WATER,ST,N,,2ND,,,,,37.84137721,-87.59320289,0.295,2023-06-15,1850,2,2,0,0,CLEAR,DRY,False,COLLISION WITH PARKED VEHICLE,ANGLE,STRAIGHT & GRADE,DAYLIGHT,,,45100.99577,False,22,Accepted,5,5,O,,"ALCOHOL INVOLVEMENT, INATTENTION, NOT UNDER PROPER CONTROL",TOW HITCH DEFECTIVE/UNIT SEPARATION,2023,1
6372,31815041,0510100,HENDERSON POLICE DEPARTMENT,Accepted,HENDERSON,US0060,,US60,,E,,KILLIECRANKIE,,,,,37.86251965,-87.56216161,10.961,2023-06-22,1123,1,1,0,0,CLEAR,DRY,True,COLLISION WITH FIXED OBJECT IN INTERSECTION - FIRST EVENT COLLISION 09 - 32,SINGLE VEHICLE,STRAIGHT & LEVEL,DAYLIGHT,,,45103.56234,False,67,Accepted,5,5,O,,MISJUDGE CLEARANCE,,2023,1
6373,31815042,0510100,HENDERSON POLICE DEPARTMENT,Accepted,HENDERSON,,,GREEN,ST,,,5TH,,,,,37.84328752,-87.58598508,,2023-06-23,945,2,2,0,0,CLEAR,DRY,False,ANGLE COLLISION - ONE VEHICLE TURNING LEFT,ANGLE,STRAIGHT & LEVEL,DAYLIGHT,,,45103.56241,False,82,Accepted,5,5,O,,OTHER,,2023,1
6374,31815043,0510100,HENDERSON POLICE DEPARTMENT,Accepted,HENDERSON,US0041A,,GREEN,ST,N,,10TH,,,,,37.84940015,-87.58210066,16.691,2023-06-22,1557,1,1,0,0,CLEAR,DRY,False,COLLISION WITH FIXED OBJECT IN INTERSECTION - FIRST EVENT COLLISION 09 - 32,SINGLE VEHICLE,STRAIGHT & LEVEL,DAYLIGHT,,,45103.56251,False,17,Accepted,5,5,O,,,,2023,1
6375,31818582,0510100,HENDERSON POLICE DEPARTMENT,Accepted,HENDERSON,,,MAIN,ST,,,WASHINGTON,,,,,37.83809417,-87.5937145,,2023-06-23,1320,2,2,0,0,CLEAR,DRY,False,ANGLE COLLISION - OTHER,ANGLE,STRAIGHT & LEVEL,DAYLIGHT,,,45104.36181,False,82,Accepted,5,5,O,,OTHER,,2023,1
6376,31818583,0510100,HENDERSON POLICE DEPARTMENT,Accepted,HENDERSON,,,MLK,AVE,,,ALVES,,,,,37.83060647,-87.59083495,,2023-06-23,1530,2,2,0,0,CLOUDY,DRY,False,COLLISION WITH PARKED VEHICLE,BACKING,STRAIGHT & LEVEL,DAYLIGHT,,,45104.36199,False,73,Accepted,5,5,O,"NON-HIGHWAY WORK: WORK ZONE (Utility, Tree, etc.)",INATTENTION,,2023,1
6377,31818584,0510100,HENDERSON POLICE DEPARTMENT,Accepted,HENDERSON,,,12TH,ST,,,ELM,,,,,37.85278532,-87.58187242,,2023-06-26,1445,2,2,0,0,CLEAR,DRY,False,ANGLE COLLISION - OTHER,ANGLE,STRAIGHT & LEVEL,DAYLIGHT,,,45104.36206,False,82,Accepted,5,5,O,,OTHER,,2023,1
6378,31818585,0510100,HENDERSON POLICE DEPARTMENT,Accepted,HENDERSON,US0041,,US41,,N,,,,BARRET,,RETTIG,37.86458262,-87.57359714,16.601,2023-06-25,1236,3,3,0,0,CLEAR,DRY,False,REAR END IN TRAFFIC LANES BOTH VEHICLES MOVING,REAR END,STRAIGHT & LEVEL,DAYLIGHT,,,45104.36212,False,65,Accepted,5,5,O,BACKUP DUE TO REGULAR CONGESTION,INATTENTION,,2023,1
6381,31821852,0510100,HENDERSON POLICE DEPARTMENT,Accepted,HENDERSON,,,INGRAM,ST,S,,WASHINGTON,,,,,37.8355091,-87.58975121,0.716,2023-06-12,1412,3,3,0,0,CLEAR,DRY,False,ANGLE COLLISION - OTHER,ANGLE,STRAIGHT & LEVEL,DAYLIGHT,,,45104.85648,False,29,Accepted,5,5,O,,"DISTRACTION, INATTENTION",,2023,1
6383,31822660,0510100,HENDERSON POLICE DEPARTMENT,Accepted,HENDERSON,KY0351,,2ND,ST,,,ALVES,,,,,37.83771861,-87.58409112,0.26,2023-06-23,2237,2,2,0,1,CLOUDY,DRY,False,ANGLE COLLISION - OTHER,ANGLE,STRAIGHT & LEVEL,DARK-HWY LIGHTED/ON,,,45105.10266,False,42,Accepted,4,4,C,,"FAILED TO YIELD RIGHT OF WAY, INATTENTION",,2023,1
6384,31823808,0510100,HENDERSON POLICE DEPARTMENT,Accepted,HENDERSON,,,US HWY 41,,,,ZION,,,,,37.83094432,-87.56718117,,2023-06-27,1345,2,2,0,0,CLEAR,DRY,False,ANGLE COLLISION - OTHER,ANGLE,STRAIGHT & LEVEL,DAYLIGHT,,,45105.37754,False,82,Accepted,5,5,O,,OTHER,,2023,1
6390,31835287,0510100,HENDERSON POLICE DEPARTMENT,Accepted,HENDERSON,US0060,2300,GREEN,ST,S,,,,,,,37.80332663,-87.63876851,9.252,2023-06-30,635,2,2,0,0,CLEAR,DRY,False,REAR END IN TRAFFIC LANES BOTH VEHICLES MOVING,REAR END,STRAIGHT & LEVEL,DAYLIGHT,,,45107.62769,False,47,Accepted,5,5,O,,ALCOHOL INVOLVEMENT,,2023,1
6392,31835474,0510100,HENDERSON POLICE DEPARTMENT,Accepted,HENDERSON,US0041,,US41,,N,,,,BARRET,,PARK,37.8642667,-87.57393196,16.571,2023-06-28,1619,2,2,0,1,CLOUDY,DRY,False,1 VEHICLE ENTERING/LEAVING ENTRANCE,ANGLE,STRAIGHT & LEVEL,DAYLIGHT,,,45107.65997,False,67,Accepted,4,4,C,OTHER,INATTENTION,,2023,1
6393,31835596,0510100,HENDERSON POLICE DEPARTMENT,Accepted,HENDERSON,US0041,,US41,,N,,,,KIMSEY,US0041,US41 N EXIT81 OFF RAMP TO US60 E,37.85439954,-87.57009717,15.785,2023-06-29,1105,1,1,0,0,RAINING,WET,False,OTHER ROADWAY OR MID-BLOCK COLLISION,SINGLE VEHICLE,STRAIGHT & LEVEL,DAYLIGHT,,,45107.67993,False,34,Accepted,5,5,O,WATER POOLING,TOO FAST FOR CONDITIONS,TIRES,2023,1
6394,31835598,0510100,HENDERSON POLICE DEPARTMENT,Accepted,HENDERSON,,1800,COLD SPRINGS,CT,,,,,,,,37.81271947,-87.61366248,0.029,2023-06-30,1245,2,2,0,0,CLEAR,DRY,False,1 VEHICLE PARKED POSITION (NOT PARKING LOT/DRIVEWAY),BACKING,STRAIGHT & LEVEL,DAYLIGHT,,,45107.68,False,47,Accepted,5,5,O,,INATTENTION,,2023,1
6395,31841531,0510100,HENDERSON POLICE DEPARTMENT,Accepted,HENDERSON,,,US HWY 41,SHL,,,MARYWOOD,,,,,37.86746098,-87.57223302,,2023-06-30,1120,2,2,0,0,CLEAR,DRY,False,OTHER INTERSECTION COLLISIONS,REAR END,STRAIGHT & LEVEL,DAYLIGHT,,,45109.85498,False,82,Accepted,5,5,O,,INATTENTION,,2023,1
6396,31841532,0510100,HENDERSON POLICE DEPARTMENT,Accepted,HENDERSON,,1943,WASHINGTON,ST,,,,,,,,37.82519942,-87.57156832,,2023-06-30,1415,2,2,0,0,CLEAR,DRY,False,OTHER ROADWAY OR MID-BLOCK COLLISION,REAR TO REAR,STRAIGHT & LEVEL,DAYLIGHT,,,45109.85503,False,82,Accepted,5,5,O,,OTHER,,2023,1
6397,31841636,0510100,HENDERSON POLICE DEPARTMENT,Accepted,HENDERSON,KY0351,,2ND,ST,,,,,,,,37.83931736,-87.5877646,0.038,2023-06-23,1938,2,2,0,0,CLEAR,DRY,False,OTHER ROADWAY OR MID-BLOCK COLLISION,OPPOSING LEFT TURN,STRAIGHT & LEVEL,DAYLIGHT,,,45109.88162,False,58,Accepted,5,5,O,,"CELL PHONE, INATTENTION",,2023,1
6401,31846177,0510100,HENDERSON POLICE DEPARTMENT,Accepted,HENDERSON,,2116,AUGUSTA,DR,,,,,,,,37.82096794,-87.56832202,0.281,2023-07-02,2338,2,2,0,0,CLOUDY,DRY,False,1 VEHICLE PARKED POSITION (NOT PARKING LOT/DRIVEWAY),BACKING,STRAIGHT & LEVEL,DARK-HWY LIGHTED/ON,,,45110.88871,False,58,Accepted,5,5,O,,INATTENTION,,2023,1
6402,31848095,0510100,HENDERSON POLICE DEPARTMENT,Accepted,HENDERSON,US0060,2900,US60,,E,,,,,,,37.86473719,-87.5476352,11.798,2023-06-30,1644,2,2,0,0,CLEAR,DRY,False,OTHER ROADWAY OR MID-BLOCK COLLISION,OPPOSING LEFT TURN,STRAIGHT & LEVEL,DAYLIGHT,,,45111.4845,False,59,Accepted,5,5,O,OTHER,"FAILED TO YIELD RIGHT OF WAY, INATTENTION",,2023,1
6403,31848098,0510100,HENDERSON POLICE DEPARTMENT,Accepted,HENDERSON,,,INGRAM,ST,N,,1ST,,,,,37.83757555,-87.58776077,0.575,2023-06-30,1427,2,2,0,0,CLEAR,DRY,False,OTHER INTERSECTION COLLISIONS,REAR END,STRAIGHT & LEVEL,DAYLIGHT,,,45111.48462,False,34,Accepted,5,5,O,,DISTRACTION,,2023,1
6404,31848101,0510100,HENDERSON POLICE DEPARTMENT,Accepted,HENDERSON,US0060,,US60,,E,,,US0041,US41 N EXIT81 OFF RAMP TO US60 E,,BARRET,37.85966444,-87.5681992,10.573,2023-06-30,1600,2,2,0,0,CLOUDY,DRY,True,SIDESWIPE COLLISION - SAME DIRECTION,SIDESWIPE-SAME DIRECTION,STRAIGHT & LEVEL,DAYLIGHT,,,45111.48482,False,34,Accepted,5,5,O,,,,2023,1
6405,31848104,0510100,HENDERSON POLICE DEPARTMENT,Accepted,HENDERSON,US0041,,US41,,N,,KIMSEY,,,,,37.84727874,-87.56650867,15.27,2023-07-03,1340,2,2,0,0,CLEAR,DRY,False,ANGLE COLLISION - OTHER,ANGLE,STRAIGHT & LEVEL,DAYLIGHT,,,45111.48496,False,17,Accepted,5,5,O,,INATTENTION,,2023,1
6406,31849097,0510100,HENDERSON POLICE DEPARTMENT,Accepted,HENDERSON,US0041,2000,US41,,N,,MARYWOOD,,,,,37.86732845,-87.5722395,16.8,2023-07-04,1422,2,2,0,0,CLEAR,DRY,False,OTHER INTERSECTION COLLISIONS,REAR END,STRAIGHT & LEVEL,DAYLIGHT,,,45111.77136,False,59,Accepted,5,5,O,,"FOLLOWING TOO CLOSE, INATTENTION",,2023,1
6407,31850009,0510100,HENDERSON POLICE DEPARTMENT,Accepted,HENDERSON,,1147,ARGYLLWAY,,,,,,,,,37.86167665,-87.55969327,0.088,2023-06-17,447,1,1,0,0,CLEAR,DRY,True,COLLISION WITH FIXED OBJECT NON - INTERSECTION - FIRST EVENT COLLISION 09 - 32 EXCLUDING 16,SINGLE VEHICLE,STRAIGHT & LEVEL,UNKNOWN,,,45112.04663,False,50,Accepted,5,5,O,,OTHER,,2023,1
6408,31850012,0510100,HENDERSON POLICE DEPARTMENT,Accepted,HENDERSON,US0041,2855,US41,,N,,,,,,,37.87893571,-87.56579005,17.677,2023-06-26,1749,2,2,0,0,CLEAR,DRY,False,1 VEHICLE ENTERING/LEAVING ENTRANCE,ANGLE,STRAIGHT & LEVEL,DAYLIGHT,,,45112.04681,False,23,Accepted,5,5,O,,"FAILED TO KEEP PROPER LANE, IMPROPER PASSING, TURNING IMPROPERLY",,2023,1