OBJECTID,IncidentID,AgencyORI,AgencyName,IncidentStatusDesc,County,RdwyNumber,Street,RoadwayName,StreetSfx,StreetDir,IntersectionRdwy,IntersectionRdwyName,BetweenStRdwy1,BetweenStRdwyName1,BetweenStRdwy2,BetweenStRdwyName2,Latitude,Longitude,Milepoint,CollisionDate,CollisionTime,UnitsInvolved,MotorVehiclesInvolved,NumberKilled,NumberInjured,Weather,RdwyConditionCode,HitandRun,DirAnalysisCode,MannerofCollision,RdwyCharacter,LightCondition,RampFromRdwyId,RampToRdwyId,AcceptedDate,IsSecondaryCollision,OwnerBadge,IncidentStatus,InjurySeverityCde,KABCO_Code,KABCO,Environmental_Factors,Human_Factors,Vehicular_Factors,CollisionYear,CityCrash
6410,31853524,0510100,HENDERSON POLICE DEPARTMENT,Accepted,HENDERSON,,320,POWELL,ST,,,,,,,,37.83550453,-87.59257483,0.251,2023-07-02,1230,2,2,0,0,CLEAR,DRY,True,1 VEHICLE PARKED POSITION (NOT PARKING LOT/DRIVEWAY),ANGLE,STRAIGHT & LEVEL,DAYLIGHT,,,45112.63912,False,47,Accepted,5,5,O,,OTHER,,2023,1
6411,31853525,0510100,HENDERSON POLICE DEPARTMENT,Accepted,HENDERSON,US0041A,300,GREEN,ST,N,,3RD,,,,,37.84075736,-87.58766611,16.003,2023-07-04,1515,2,2,0,1,CLEAR,DRY,False,ANGLE COLLISION - OTHER,ANGLE,STRAIGHT & LEVEL,DAYLIGHT,,,45112.63938,False,47,Accepted,3,3,B,,MISJUDGE CLEARANCE,,2023,1
6412,31857758,0510100,HENDERSON POLICE DEPARTMENT,Accepted,HENDERSON,,1347,WASHINGTON,ST,,,,,,,,37.82834604,-87.57751783,,2023-06-28,855,2,2,0,0,CLEAR,DRY,False,1 VEHICLE ENTERING/LEAVING ENTRANCE,ANGLE,STRAIGHT & LEVEL,DAYLIGHT,,,45113.50667,False,82,Accepted,5,5,O,,OTHER,,2023,1
6413,31857759,0510100,HENDERSON POLICE DEPARTMENT,Accepted,HENDERSON,,301,2ND,ST,,,,,,,,37.8400711,-87.58996617,,2023-07-03,1115,2,2,0,0,CLEAR,DRY,False,VEHICLE BACKING NON INTERSECTION,BACKING,STRAIGHT & LEVEL,DAYLIGHT,,,45113.50684,False,82,Accepted,5,5,O,,INATTENTION,,2023,1
6414,31857762,0510100,HENDERSON POLICE DEPARTMENT,Accepted,HENDERSON,,,GREEN,ST,,,3RD,,,,,37.84072483,-87.58768268,,2023-07-03,1435,2,2,0,0,CLEAR,DRY,False,ANGLE COLLISION - OTHER,ANGLE,STRAIGHT & LEVEL,DAYLIGHT,,,45113.50706,False,82,Accepted,5,5,O,OTHER,OTHER,,2023,1
6416,31862922,0510100,HENDERSON POLICE DEPARTMENT,Accepted,HENDERSON,KY0351,1000,2ND,ST,,,,,,,,37.83430475,-87.57562556,0.789,2023-07-05,1552,2,2,0,0,CLEAR,DRY,False,REAR END IN TRAFFIC LANES BOTH VEHICLES MOVING,REAR END,STRAIGHT & GRADE,DAYLIGHT,,,45114.58329,False,59,Accepted,5,5,O,,"DISTRACTION, INATTENTION",,2023,1
6417,31862999,0510100,HENDERSON POLICE DEPARTMENT,Accepted,HENDERSON,,,US HWY 41,,,,WATSON,,,,,37.87539779,-87.56786804,,2023-07-07,930,2,2,0,0,CLEAR,DRY,False,ANGLE COLLISION - OTHER,ANGLE,STRAIGHT & LEVEL,DAYLIGHT,,,45114.59704,False,82,Accepted,5,5,O,IMPROPER/NON-WORKING TRAFFIC CONTROLS,OTHER,,2023,1
6418,31865203,0510100,HENDERSON POLICE DEPARTMENT,Accepted,HENDERSON,US0041A,,GREEN,ST,N,,5TH,,,,,37.84329742,-87.58598091,16.218,2023-07-03,2207,2,2,0,0,CLEAR,DRY,False,ANGLE COLLISION - OTHER,ANGLE,STRAIGHT & LEVEL,DARK-HWY LIGHTED/ON,,,45115.10695,False,33,Accepted,5,5,O,,"INATTENTION, MISJUDGE CLEARANCE",,2023,1
6419,31865204,0510100,HENDERSON POLICE DEPARTMENT,Accepted,HENDERSON,US0041A,,GREEN,ST,N,,7TH,,,,,37.84596493,-87.58431303,16.428,2023-05-19,1911,2,2,0,0,CLEAR,DRY,True,OTHER INTERSECTION COLLISIONS,REAR END,STRAIGHT & LEVEL,DAYLIGHT,,,45115.10727,False,20,Accepted,5,5,O,,DISTRACTION,,2023,1
6420,31865205,0510100,HENDERSON POLICE DEPARTMENT,Accepted,HENDERSON,US0060,,US60,,E,,,,,,,37.85912839,-87.5697635,10.481,2023-06-29,2109,2,2,0,1,CLOUDY,DRY,False,REAR END IN TRAFFIC LANES BOTH VEHICLES MOVING,REAR END,STRAIGHT & GRADE,DARK-HWY LIGHTED/ON,,,45115.10763,False,32,Accepted,5,3,B,,DISTRACTION,,2023,1
6421,31865206,0510100,HENDERSON POLICE DEPARTMENT,Accepted,HENDERSON,US0041,1956,US41,,N,,,,,,,37.86064585,-87.57533486,16.21,2023-06-26,2358,1,1,0,0,CLEAR,DRY,False,COLLISION WITH ANIMAL NON INTERSECTION,SINGLE VEHICLE,STRAIGHT & LEVEL,DARK-HWY LIGHTED/OFF,,,45115.10793,False,29,Accepted,5,5,O,ANIMALS ACTION,,,2023,1
6422,31865208,0510100,HENDERSON POLICE DEPARTMENT,Accepted,HENDERSON,US0041A,,US41 ALT,,,,,,,,,37.85566596,-87.57632991,17.239,2023-06-24,1931,2,2,0,0,CLEAR,DRY,False,SIDESWIPE COLLISION - SAME DIRECTION,SIDESWIPE-SAME DIRECTION,STRAIGHT & LEVEL,DUSK,,,45115.10865,False,29,Accepted,5,5,O,,INATTENTION,,2023,1
6423,31865209,0510100,HENDERSON POLICE DEPARTMENT,Accepted,HENDERSON,,,GREEN RIVER,RD,,,WATSON,,,,,37.86869201,-87.55760402,0.713,2023-07-02,2151,2,2,0,0,CLEAR,DRY,False,ANGLE COLLISION - OTHER,ANGLE,STRAIGHT & LEVEL,DARK-HWY LIGHTED/OFF,,,45115.10905,False,42,Accepted,5,5,O,,"FAILED TO YIELD RIGHT OF WAY, INATTENTION",,2023,1
6424,31867751,0510100,HENDERSON POLICE DEPARTMENT,Accepted,HENDERSON,,,INGRAM,ST,N,,5TH,,,,,37.84270895,-87.58447309,0.193,2023-06-25,1747,1,1,0,0,CLEAR,DRY,True,COLLISION WITH FIXED OBJECT IN INTERSECTION - FIRST EVENT COLLISION 09 - 32,SINGLE VEHICLE,STRAIGHT & LEVEL,DAYLIGHT,,,45116.06057,False,29,Accepted,5,5,O,,"ALCOHOL INVOLVEMENT, INATTENTION, NOT UNDER PROPER CONTROL",,2023,1
6429,31876699,0510100,HENDERSON POLICE DEPARTMENT,Accepted,HENDERSON,US0060,2400,GREEN,ST,S,,,,,,,37.80130942,-87.64408308,8.931,2023-07-06,2030,1,1,0,0,CLEAR,DRY,False,COLLISION WITH ANIMAL NON INTERSECTION,SINGLE VEHICLE,STRAIGHT & LEVEL,DUSK,,,45118.27948,False,18,Accepted,5,5,O,ANIMALS ACTION,,,2023,1
6434,31888144,0510100,HENDERSON POLICE DEPARTMENT,Accepted,HENDERSON,,1802,COLD SPRINGS,CT,,,,,,,,37.81277585,-87.61351102,0.02,2023-06-24,1817,2,2,0,0,CLEAR,DRY,False,1 VEHICLE PARKED POSITION (NOT PARKING LOT/DRIVEWAY),BACKING,STRAIGHT & LEVEL,DAYLIGHT,,,45120.4964,False,50,Accepted,5,5,O,,INATTENTION,,2023,1
6435,31888145,0510100,HENDERSON POLICE DEPARTMENT,Accepted,HENDERSON,,1700,WASHINGTON,ST,,,,,,,,37.82724827,-87.5756049,0.169,2023-07-06,1155,2,2,0,0,CLEAR,DRY,False,1 VEHICLE ENTERING/LEAVING ENTRANCE,ANGLE,STRAIGHT & LEVEL,DAYLIGHT,,,45120.49651,False,8,Accepted,5,5,O,,OTHER,OTHER,2023,1
6436,31888146,0510100,HENDERSON POLICE DEPARTMENT,Accepted,HENDERSON,US0041,3113,US41,,N,,,,,,,37.88161189,-87.56443279,17.864,2023-07-06,1252,2,2,0,0,CLEAR,DRY,False,1 VEHICLE ENTERING/LEAVING ENTRANCE,ANGLE,STRAIGHT & LEVEL,DAYLIGHT,,,45120.4966,False,17,Accepted,5,5,O,VIEW OBSTRUCTED/LIMITED DUE TO RDWY,INATTENTION,,2023,1
6437,31891158,0510100,HENDERSON POLICE DEPARTMENT,Accepted,HENDERSON,,255,LAKECREST,RD,,,FOX HOLLOW,,,,,37.81926289,-87.56464733,0.07,2023-06-25,2329,2,2,0,0,CLEAR,DRY,False,COLLISION WITH PARKED VEHICLE,BACKING,STRAIGHT & LEVEL,DARK-HWY NOT LIGHTED,,,45121.12399,False,29,Accepted,5,5,O,,IMPROPER BACKING,,2023,1
6438,31891159,0510100,HENDERSON POLICE DEPARTMENT,Accepted,HENDERSON,US0041A,,GREEN,ST,N,,CENTER,,,,,37.83748053,-87.58968596,15.769,2023-07-05,40,1,1,0,0,CLEAR,DRY,False,COLLISION WITH FIXED OBJECT IN INTERSECTION - FIRST EVENT COLLISION 09 - 32,SINGLE VEHICLE,STRAIGHT & LEVEL,DARK-HWY LIGHTED/ON,,,45121.12407,False,29,Accepted,5,5,O,,"CELL PHONE, INATTENTION",,2023,1
6439,31891161,0510100,HENDERSON POLICE DEPARTMENT,Accepted,HENDERSON,KY0812,,AIRLINE,RD,,KY2084,KY2084,,,,,37.82018365,-87.56953986,7.387,2023-07-10,2003,2,2,0,0,CLEAR,DRY,True,OTHER INTERSECTION COLLISIONS,REAR END,STRAIGHT & LEVEL,DAYLIGHT,,,45121.12415,False,29,Accepted,5,5,O,,,BRAKES DEFECTIVE,2023,1
6440,31891164,0510100,HENDERSON POLICE DEPARTMENT,Accepted,HENDERSON,,859,CHEROKEE,DR,,,,,,,,37.86269967,-87.56761646,0.223,2023-07-03,1927,1,1,0,0,CLEAR,DRY,False,COLLISION WITH FIXED OBJECT NON - INTERSECTION - FIRST EVENT COLLISION 09 - 32 EXCLUDING 16,SINGLE VEHICLE,STRAIGHT & LEVEL,DAYLIGHT,,,45121.12423,False,51,Accepted,5,5,O,,"LOST CONSCIOUSNESS/FAINTED, SICK",,2023,1
6441,31891176,0510100,HENDERSON POLICE DEPARTMENT,Accepted,HENDERSON,US0041,2000,US41,,N,,,,,,,37.86430729,-87.57377543,16.579,2023-07-02,1920,2,2,0,0,CLEAR,DRY,False,SIDESWIPE COLLISION - SAME DIRECTION,SIDESWIPE-SAME DIRECTION,STRAIGHT & LEVEL,DAYLIGHT,,,45121.12454,False,42,Accepted,5,5,O,,FAILED TO KEEP PROPER LANE,,2023,1
6443,31892917,0510000,HENDERSON COUNTY SHERIFF DEPT.,Accepted,HENDERSON,KY2084,,KY2084 TURN LANE,,,,,,,,,37.83112577,-87.56880871,0.01,2023-07-13,1549,2,2,0,0,CLEAR,DRY,False,REAR END IN TRAFFIC LANES BOTH VEHICLES MOVING,REAR END,CURVE & LEVEL,DARK-HWY NOT LIGHTED,,,45121.49068,False,140,Accepted,5,5,O,,CELL PHONE,,2023,1
6444,31900584,0510100,HENDERSON POLICE DEPARTMENT,Accepted,HENDERSON,,,GREEN,ST,,,7TH,,,,,37.84568534,-87.58441677,,2023-07-11,1330,2,2,0,0,CLEAR,DRY,False,ANGLE COLLISION - ONE VEHICLE TURNING RIGHT,ANGLE,STRAIGHT & LEVEL,DAYLIGHT,,,45124.02602,False,82,Accepted,5,5,O,,OTHER,,2023,1
6445,31900585,0510100,HENDERSON POLICE DEPARTMENT,Accepted,HENDERSON,,1700,GREEN,ST,S,,,,,,,37.81497518,-87.61650561,,2023-07-11,1430,2,2,0,0,CLEAR,DRY,False,1 VEHICLE ENTERING/LEAVING ENTRANCE,ANGLE,STRAIGHT & LEVEL,DAYLIGHT,,,45124.02607,False,82,Accepted,5,5,O,,OTHER,,2023,1
6446,31900753,0510100,HENDERSON POLICE DEPARTMENT,Accepted,HENDERSON,US0041,,US41,,N,,,US0041,US41 S EXIT81 OFF RAMP TO US60 W,,CINEMA,37.86138477,-87.57543619,16.365,2023-07-16,1342,2,2,0,0,CLEAR,DRY,False,SIDESWIPE COLLISION - SAME DIRECTION,SIDESWIPE-SAME DIRECTION,STRAIGHT & LEVEL,DAYLIGHT,,,45124.06517,False,67,Accepted,5,5,O,OTHER,INATTENTION,,2023,1
6447,31900754,0510100,HENDERSON POLICE DEPARTMENT,Accepted,HENDERSON,US0041,,US41,,N,,,,BARRET,,MARYWOOD,37.86625943,-87.57272079,16.728,2023-07-15,1607,2,2,0,0,CLEAR,DRY,False,OTHER ROADWAY OR MID-BLOCK COLLISION,REAR END,STRAIGHT & LEVEL,DAYLIGHT,,,45124.06522,False,67,Accepted,5,5,O,,INATTENTION,,2023,1
6448,31900755,0510100,HENDERSON POLICE DEPARTMENT,Accepted,HENDERSON,,,DR MARTIN LUTHER KING JR,,,,ALVASIA,,,,,37.82969721,-87.58944099,,2023-07-14,1405,2,2,0,0,CLEAR,DRY,False,COLLISION WITH PARKED VEHICLE,BACKING,STRAIGHT & LEVEL,DAYLIGHT,,,45124.06527,False,82,Accepted,5,5,O,,INATTENTION,,2023,1
6449,31900757,0510100,HENDERSON POLICE DEPARTMENT,Accepted,HENDERSON,US0041A,1900,GREEN,ST,S,,BORAX,,,,,37.8115658,-87.62208185,13.144,2023-07-13,1455,2,2,0,2,CLEAR,DRY,True,HEAD-ON COLLISION,HEAD ON,STRAIGHT & LEVEL,DAYLIGHT,,,45124.06536,False,47,Accepted,5,3,B,,"DRUG INVOLVEMENT, INATTENTION",,2023,1
6450,31900759,0510100,HENDERSON POLICE DEPARTMENT,Accepted,HENDERSON,,,ZION,RD,,,OLD ORCHARD,,,,,37.8275073,-87.55468617,,2023-07-13,1250,1,1,0,0,CLEAR,GRAVEL,False,OTHER INTERSECTION COLLISIONS,SINGLE VEHICLE,STRAIGHT & LEVEL,DAYLIGHT,,,45124.06545,False,82,Accepted,5,5,O,DEBRIS IN ROADWAY,,,2023,1
6455,31903672,0510100,HENDERSON POLICE DEPARTMENT,Accepted,HENDERSON,US0041A,,GREEN,ST,N,,14TH,,,,,37.85408011,-87.57885925,17.075,2023-07-10,1459,2,2,0,0,CLEAR,DRY,False,ANGLE COLLISION - OTHER,ANGLE,STRAIGHT & LEVEL,DAYLIGHT,,,45124.56421,False,65,Accepted,5,5,O,,"MISJUDGE CLEARANCE, OTHER",,2023,1
6456,31903722,0510100,HENDERSON POLICE DEPARTMENT,Accepted,HENDERSON,,29,MCKINLEY,ST,N,,,,,,,37.83212015,-87.57520384,0.163,2023-07-11,724,1,1,0,0,CLEAR,DRY,False,COLLISION WITH FIXED OBJECT NON - INTERSECTION - FIRST EVENT COLLISION 09 - 32 EXCLUDING 16,SINGLE VEHICLE,STRAIGHT & LEVEL,DAYLIGHT,,,45124.57613,False,17,Accepted,5,5,O,,FELL ASLEEP,,2023,1
6457,31903762,0510100,HENDERSON POLICE DEPARTMENT,Accepted,HENDERSON,KY0351,500,2ND,ST,,,,,,,,37.83809117,-87.58506735,0.203,2023-07-12,1240,2,2,0,0,CLEAR,DRY,False,OTHER ROADWAY OR MID-BLOCK COLLISION,REAR END,STRAIGHT & LEVEL,DAYLIGHT,,,45124.58486,False,9,Accepted,5,5,O,,INATTENTION,,2023,1
6458,31908085,0510100,HENDERSON POLICE DEPARTMENT,Accepted,HENDERSON,,727,3RD,ST,,,,,,,,37.83734715,-87.58325399,,2023-07-17,1205,2,2,0,0,CLEAR,DRY,False,SIDESWIPE COLLISION - OPPOSITE DIRECTION,SIDESWIPE-OPPOSITE DIRECTION,STRAIGHT & LEVEL,DAYLIGHT,,,45125.48795,False,82,Accepted,5,5,O,,OTHER,,2023,1
6459,31908561,0510100,HENDERSON POLICE DEPARTMENT,Accepted,HENDERSON,,1000,WASHINGTON,ST,,,JULIA,,,,,37.83180421,-87.58338467,0.687,2023-07-11,1119,2,2,0,3,CLEAR,DRY,False,ANGLE COLLISION - OTHER,ANGLE,STRAIGHT & LEVEL,DAYLIGHT,,,45125.58297,False,47,Accepted,5,3,B,,INATTENTION,,2023,1
6460,31910249,0510100,HENDERSON POLICE DEPARTMENT,Accepted,HENDERSON,,230,WATER,ST,S,,,,,,,37.83707597,-87.59676817,0.253,2023-07-03,2134,2,2,0,0,CLEAR,DRY,True,1 VEHICLE PARKED POSITION (NOT PARKING LOT/DRIVEWAY),BACKING,STRAIGHT & LEVEL,DARK-HWY LIGHTED/ON,,,45125.89061,False,58,Accepted,5,5,O,,INATTENTION,,2023,1
6461,31910250,0510100,HENDERSON POLICE DEPARTMENT,Accepted,HENDERSON,US0041A,,GREEN,ST,N,,5TH,,,,,37.84327487,-87.58596124,16.216,2023-07-06,2045,2,2,0,1,CLEAR,DRY,False,ANGLE COLLISION - OTHER,ANGLE,STRAIGHT & LEVEL,DARK-HWY LIGHTED/ON,,,45125.89066,False,42,Accepted,5,4,C,,"INATTENTION, MISJUDGE CLEARANCE",,2023,1
6462,31910251,0510100,HENDERSON POLICE DEPARTMENT,Accepted,HENDERSON,,,PRIEST,ST,,KY0351,2ND,,,,,37.83305537,-87.57293478,0.022,2023-07-06,1758,2,2,0,0,CLEAR,DRY,False,REAR END - ONE VEHICLE TURNING RIGHT,REAR END,STRAIGHT & HILLCREST,DAYLIGHT,,,45125.89073,False,25,Accepted,5,5,O,,INATTENTION,,2023,1
6466,31912380,0510100,HENDERSON POLICE DEPARTMENT,Accepted,HENDERSON,,2120,ELM,ST,N,,,,,,,37.8668897,-87.57512454,2.208,2023-07-11,1634,1,1,0,0,CLEAR,DRY,True,COLLISION WITH FIXED OBJECT NON - INTERSECTION - FIRST EVENT COLLISION 09 - 32 EXCLUDING 16,SINGLE VEHICLE,STRAIGHT & LEVEL,DAYLIGHT,,,45126.46212,False,67,Accepted,5,5,O,,INATTENTION,,2023,1
6467,31914858,0510100,HENDERSON POLICE DEPARTMENT,Accepted,HENDERSON,US0041,,,,,KY0351,ZION,,,,,37.83097443,-87.56719457,0.203,2023-07-12,2135,2,2,0,0,CLEAR,DRY,False,ANGLE COLLISION - ONE VEHICLE TURNING LEFT,ANGLE,STRAIGHT & LEVEL,DARK-HWY LIGHTED/ON,,,45126.93739,False,25,Accepted,5,5,O,,"DISREGARD TRAFFIC CONTROL, INATTENTION",,2023,1
6468,31916353,0510100,HENDERSON POLICE DEPARTMENT,Accepted,HENDERSON,KY0351,,ZION,RD,,US0041,US41 RAMP KY351,,,,,37.83094037,-87.56718343,1.308,2023-07-13,1326,2,2,0,1,CLEAR,DRY,False,ANGLE COLLISION - ONE VEHICLE TURNING LEFT,ANGLE,STRAIGHT & LEVEL,DAYLIGHT,,,45127.30443,False,65,Accepted,5,4,C,CONSTRUCTION WORK ZONE,DISREGARD TRAFFIC CONTROL,,2023,1
6469,31917598,0510100,HENDERSON POLICE DEPARTMENT,Accepted,HENDERSON,,,1ST,ST,,,,,MAIN,,WATER,37.83972849,-87.59320791,0.053,2023-07-13,1453,2,2,0,0,CLEAR,DRY,False,1 VEHICLE PARKED POSITION (NOT PARKING LOT/DRIVEWAY),BACKING,STRAIGHT & LEVEL,DAYLIGHT,,,45127.47533,False,65,Accepted,5,5,O,,INATTENTION,,2023,1
6470,31917599,0510100,HENDERSON POLICE DEPARTMENT,Accepted,HENDERSON,,200,WALNUT,LN,,,,,,,,37.88115672,-87.56998905,0.063,2023-07-18,1217,2,2,0,0,CLEAR,DRY,True,SIDESWIPE COLLISION - OPPOSITE DIRECTION,SIDESWIPE-OPPOSITE DIRECTION,STRAIGHT & LEVEL,DAYLIGHT,,,45127.47541,False,59,Accepted,5,5,O,,,,2023,1
6471,31917663,0510100,HENDERSON POLICE DEPARTMENT,Accepted,HENDERSON,US0041,2504,US41,,N,,,,,,,37.87367187,-87.56866905,17.282,2023-07-13,1620,2,2,0,0,CLEAR,DRY,False,1 VEHICLE ENTERING/LEAVING ENTRANCE,ANGLE,STRAIGHT & LEVEL,DAYLIGHT,,,45127.48828,False,17,Accepted,5,5,O,,INATTENTION,,2023,1
6472,31921542,0510100,HENDERSON POLICE DEPARTMENT,Accepted,HENDERSON,,,INGRAM,ST,S,,,,CLAY,,MLK,37.83219979,-87.59282079,,2023-07-16,100,2,2,0,0,CLEAR,DRY,True,1 VEHICLE PARKED POSITION (NOT PARKING LOT/DRIVEWAY),HEAD ON,STRAIGHT & LEVEL,DARK-HWY NOT LIGHTED,,,45128.33333,False,73,Accepted,5,5,O,,INATTENTION,,2023,1
6473,31921837,0510100,HENDERSON POLICE DEPARTMENT,Accepted,HENDERSON,US0041,,US41,,N,US0041,US41 RAMP KY351,,,,,37.83120703,-87.566077,14.138,2023-07-16,1128,2,2,0,0,CLEAR,DRY,False,SIDESWIPE-SAME DIRECTION,SIDESWIPE-SAME DIRECTION,STRAIGHT & LEVEL,DAYLIGHT,,,45128.40538,False,17,Accepted,5,5,O,,INATTENTION,,2023,1
6474,31921839,0510100,HENDERSON POLICE DEPARTMENT,Accepted,HENDERSON,,189,GARDEN MILE,RD,N,,,,,,,37.82730881,-87.55802113,,2023-07-20,850,2,2,0,0,CLEAR,DRY,False,1 VEHICLE ENTERING/LEAVING ENTRANCE,ANGLE,STRAIGHT & LEVEL,DAYLIGHT,,,45128.40551,False,82,Accepted,5,5,O,,INATTENTION,,2023,1
6475,31921840,0510100,HENDERSON POLICE DEPARTMENT,Accepted,HENDERSON,,,GREEN,ST,,,DRURY,,,,,37.81406947,-87.61799189,,2023-07-20,1215,2,2,0,0,CLOUDY,DRY,False,OPPOSITE DIRECTION - BOTH VEHICLES GOING STRAIGHT AHEAD,SIDESWIPE-OPPOSITE DIRECTION,STRAIGHT & LEVEL,DAYLIGHT,,,45128.40556,False,82,Accepted,5,5,O,,MISJUDGE CLEARANCE,,2023,1
6476,31922052,0510100,HENDERSON POLICE DEPARTMENT,Accepted,HENDERSON,US0041,,US41,,N,,PAUL,,,,,37.87421949,-87.56832051,17.324,2023-07-12,948,2,2,0,0,CLEAR,DRY,False,ANGLE COLLISION - OTHER,ANGLE,STRAIGHT & LEVEL,DAYLIGHT,,,45128.44842,False,67,Accepted,5,5,O,BACKUP DUE TO REGULAR CONGESTION,INATTENTION,,2023,1
6477,31924807,0510100,HENDERSON POLICE DEPARTMENT,Accepted,HENDERSON,US0060,,US60,,E,,WATHEN,,,,,37.86453698,-87.53766385,12.342,2023-07-15,443,2,2,0,2,CLEAR,DRY,False,HEAD-ON COLLISION,OPPOSING LEFT TURN,STRAIGHT & LEVEL,DARK-HWY NOT LIGHTED,,,45129.07752,False,23,Accepted,2,2,A,,"INATTENTION, MISJUDGE CLEARANCE, TURNING IMPROPERLY, EXCEEDED STATED SPEED LIMIT",,2023,1
6478,31924810,0510100,HENDERSON POLICE DEPARTMENT,Accepted,HENDERSON,KY0812,,AIRLINE,RD,,,GLOVER,,,,,37.82070598,-87.57031956,7.461,2023-07-16,1957,2,2,0,0,CLEAR,DRY,True,OPPOSING LEFT TURN,OPPOSING LEFT TURN,STRAIGHT & LEVEL,DAYLIGHT,,,45129.07761,False,29,Accepted,5,5,O,,INATTENTION,,2023,1
6479,31924811,0510100,HENDERSON POLICE DEPARTMENT,Accepted,HENDERSON,US0041A,,GREEN,ST,N,,10TH,,,,,37.84941316,-87.58203024,16.689,2023-07-19,1948,2,2,0,0,CLOUDY,DRY,False,SIDESWIPE-SAME DIRECTION,SIDESWIPE-SAME DIRECTION,STRAIGHT & LEVEL,DAYLIGHT,,,45129.07767,False,38,Accepted,5,5,O,,"ALCOHOL INVOLVEMENT, INATTENTION",,2023,1
6480,31924812,0510100,HENDERSON POLICE DEPARTMENT,Accepted,HENDERSON,US0060,,US60,,E,,WATSON,,,,,37.86471622,-87.55499374,11.393,2023-07-19,2053,2,2,0,0,CLEAR,DRY,False,OPPOSING LEFT TURN,OPPOSING LEFT TURN,STRAIGHT & LEVEL,DARK-HWY LIGHTED/ON,,,45129.07772,False,23,Accepted,5,5,O,,FAILED TO YIELD RIGHT OF WAY,,2023,1
6481,31932120,0510100,HENDERSON POLICE DEPARTMENT,Accepted,HENDERSON,,,10TH,ST,,US0041A,GREEN,,,,,37.84965133,-87.58203571,0.186,2023-07-21,1335,2,2,0,0,CLEAR,DRY,False,ANGLE COLLISION - OTHER,ANGLE,STRAIGHT & LEVEL,DAYLIGHT,,,45131.40675,False,17,Accepted,5,5,O,,INATTENTION,,2023,1
6482,31932121,0510100,HENDERSON POLICE DEPARTMENT,Accepted,HENDERSON,,,ADAMS,ST,N,,HERRON,,,,,37.85384624,-87.57549222,1.376,2023-07-18,1630,2,2,0,0,CLOUDY,DRY,False,ANGLE COLLISION - OTHER,ANGLE,STRAIGHT & LEVEL,DAYLIGHT,,,45131.40695,False,48,Accepted,5,5,O,,INATTENTION,,2023,1
6483,31932123,0510100,HENDERSON POLICE DEPARTMENT,Accepted,HENDERSON,US0041,2700,US41,,N,,,,,,,37.87881354,-87.56581719,17.669,2023-07-22,1159,2,2,0,0,CLEAR,DRY,False,REAR END IN TRAFFIC LANES BOTH VEHICLES MOVING,REAR END,STRAIGHT & LEVEL,DAYLIGHT,,,45131.40726,False,59,Accepted,5,5,O,,INATTENTION,,2023,1
6484,31932124,0510100,HENDERSON POLICE DEPARTMENT,Accepted,HENDERSON,KY0351,2500,ZION,RD,,,GARDEN MILE,,,,,37.82827995,-87.5577505,1.859,2023-07-23,945,2,2,0,0,CLEAR,DRY,False,OTHER INTERSECTION COLLISIONS,REAR END,STRAIGHT & LEVEL,DAYLIGHT,,,45131.40745,False,47,Accepted,5,5,O,,MEDICATION,,2023,1
6489,31934594,0510100,HENDERSON POLICE DEPARTMENT,Accepted,HENDERSON,,,PRIEST,ST,,,2ND,,,,,37.83302193,-87.57309138,,2023-07-17,1445,2,2,0,0,CLEAR,DRY,False,REAR END - ONE VEHICLE TURNING RIGHT,REAR END,STRAIGHT & LEVEL,DAYLIGHT,,,45131.79693,False,82,Accepted,5,5,O,,INATTENTION,,2023,1
6490,31936756,0510100,HENDERSON POLICE DEPARTMENT,Accepted,HENDERSON,,301,GREEN,ST,S,,,,,,,37.83422007,-87.59287745,,2023-07-24,710,2,2,0,0,CLEAR,DRY,False,1 VEHICLE ENTERING/LEAVING ENTRANCE,ANGLE,STRAIGHT & LEVEL,DAYLIGHT,,,45132.38446,False,82,Accepted,5,5,O,,INATTENTION,,2023,1
6492,31951869,0510100,HENDERSON POLICE DEPARTMENT,Accepted,HENDERSON,,,US41,,N,,,,,,,37.84847681,-87.56685955,,2023-07-24,1315,2,2,0,0,CLEAR,DRY,False,SIDESWIPE COLLISION - SAME DIRECTION,SIDESWIPE-SAME DIRECTION,CURVE & LEVEL,DAYLIGHT,,,45133.40621,False,82,Accepted,5,5,O,CONSTRUCTION WORK ZONE,OTHER,,2023,1
6493,31952066,0510100,HENDERSON POLICE DEPARTMENT,Accepted,HENDERSON,KY0136,600,SAND,LN,,,FAIRGROUND,,,,,37.82132635,-87.59939432,19.811,2023-07-25,650,2,2,0,0,CLEAR,DRY,False,SIDESWIPE-SAME DIRECTION,SIDESWIPE-SAME DIRECTION,STRAIGHT & LEVEL,DAYLIGHT,,,45133.43042,False,47,Accepted,5,5,O,"NON-HIGHWAY WORK: WORK ZONE (Utility, Tree, etc.)",IMPROPER PASSING,,2023,1