OBJECTID,IncidentID,AgencyORI,AgencyName,IncidentStatusDesc,County,RdwyNumber,Street,RoadwayName,StreetSfx,StreetDir,IntersectionRdwy,IntersectionRdwyName,BetweenStRdwy1,BetweenStRdwyName1,BetweenStRdwy2,BetweenStRdwyName2,Latitude,Longitude,Milepoint,CollisionDate,CollisionTime,UnitsInvolved,MotorVehiclesInvolved,NumberKilled,NumberInjured,Weather,RdwyConditionCode,HitandRun,DirAnalysisCode,MannerofCollision,RdwyCharacter,LightCondition,RampFromRdwyId,RampToRdwyId,AcceptedDate,IsSecondaryCollision,OwnerBadge,IncidentStatus,InjurySeverityCde,KABCO_Code,KABCO,Environmental_Factors,Human_Factors,Vehicular_Factors,CollisionYear,CityCrash
6494,31952067,0510100,HENDERSON POLICE DEPARTMENT,Accepted,HENDERSON,,,US41,,N,,,,,,,37.85327661,-87.56914705,,2023-07-25,1130,2,2,0,0,CLEAR,DRY,False,SIDESWIPE COLLISION - SAME DIRECTION,SIDESWIPE-SAME DIRECTION,STRAIGHT & LEVEL,DAYLIGHT,,,45133.43054,False,82,Accepted,5,5,O,,INATTENTION,,2023,1
6501,31981499,0510100,HENDERSON POLICE DEPARTMENT,Accepted,HENDERSON,US0041,2400,US41,,N,,,,,,,37.87165984,-87.56987792,17.128,2023-07-27,1713,3,3,0,0,CLEAR,DRY,False,REAR END IN TRAFFIC LANES BOTH VEHICLES MOVING,REAR END,STRAIGHT & LEVEL,DAYLIGHT,,,45138.39723,False,59,Accepted,5,5,O,,INATTENTION,,2023,1
6502,31981501,0510100,HENDERSON POLICE DEPARTMENT,Accepted,HENDERSON,US0041,2709,US41,,N,,,,,,,37.87575168,-87.56760187,17.438,2023-07-25,1557,2,2,0,0,CLEAR,DRY,False,REAR END IN TRAFFIC LANES BOTH VEHICLES MOVING,REAR END,STRAIGHT & LEVEL,DAYLIGHT,,,45138.39741,False,8,Accepted,5,5,O,,INATTENTION,,2023,1
6503,31981503,0510100,HENDERSON POLICE DEPARTMENT,Accepted,HENDERSON,US0041,,US41,,N,,,,WALNUT,,WATSON,37.87810376,-87.56617616,17.617,2023-07-26,1640,1,1,0,0,CLOUDY,DRY,False,COLLISION WITH FIXED OBJECT NON - INTERSECTION - FIRST EVENT COLLISION 09 - 32 EXCLUDING 16,SINGLE VEHICLE,STRAIGHT & LEVEL,DAYLIGHT,,,45138.39755,False,67,Accepted,5,5,O,,INATTENTION,,2023,1
6504,31981508,0510100,HENDERSON POLICE DEPARTMENT,Accepted,HENDERSON,,1195,BARRET,BLVD,,,,,,,,37.85756648,-87.56755542,0.173,2023-07-29,613,1,1,0,0,CLOUDY,DRY,False,COLLISION WITH FIXED OBJECT NON - INTERSECTION - FIRST EVENT COLLISION 09 - 32 EXCLUDING 16,SINGLE VEHICLE,STRAIGHT & LEVEL,DAYLIGHT,,,45138.39783,False,67,Accepted,5,5,O,,INATTENTION,,2023,1
6505,31981510,0510100,HENDERSON POLICE DEPARTMENT,Accepted,HENDERSON,US0041A,1739,GREEN,ST,S,,,,,,,37.81556443,-87.61516956,13.629,2023-07-28,1306,2,2,0,0,CLEAR,DRY,False,SIDESWIPE COLLISION - SAME DIRECTION,SIDESWIPE-SAME DIRECTION,STRAIGHT & LEVEL,DAYLIGHT,,,45138.39803,False,50,Accepted,5,5,O,,"INATTENTION, OTHER",,2023,1
6506,31981515,0510100,HENDERSON POLICE DEPARTMENT,Accepted,HENDERSON,US0041,,US41,,N,,ROBIN,,,,,37.86859709,-87.57141301,16.898,2023-07-29,1529,2,2,0,0,CLEAR,DRY,False,OTHER INTERSECTION COLLISIONS,REAR END,STRAIGHT & LEVEL,DAYLIGHT,,,45138.39821,False,67,Accepted,5,5,O,,INATTENTION,,2023,1
6507,31981996,0510100,HENDERSON POLICE DEPARTMENT,Accepted,HENDERSON,US0041,2500,US41,,N,,BARKER,,,,,37.87220731,-87.56947125,17.177,2023-07-28,810,2,2,0,0,CLEAR,DRY,False,ANGLE COLLISION - ONE VEHICLE TURNING LEFT,ANGLE,STRAIGHT & LEVEL,DAYLIGHT,,,45138.44645,False,59,Accepted,5,5,O,,"FAILED TO YIELD RIGHT OF WAY, INATTENTION",,2023,1
6509,31983483,0510000,HENDERSON COUNTY SHERIFF DEPT.,Accepted,HENDERSON,US0041A,,US41 ALT,,,,,,,,,37.80251037,-87.62047853,12.374,2023-07-29,1620,1,1,0,1,CLEAR,DRY,False,RAN OFF ROADWAY (1 VEHICLE WITH/EARTH EMBANKMENT/DITCH),SINGLE VEHICLE,CURVE & LEVEL,DAYLIGHT,,,45138.68441,False,126,Accepted,5,3,B,,INATTENTION,,2023,1
6510,31984683,0510100,HENDERSON POLICE DEPARTMENT,Accepted,HENDERSON,KY0136,1544,MADISON,ST,,,ATKINSON,,,,,37.81738063,-87.58402516,20.739,2023-07-22,2013,3,3,0,0,CLEAR,DRY,True,COLLISION WITH PARKED VEHICLE,HEAD ON,STRAIGHT & LEVEL,DUSK,,,45138.97724,False,32,Accepted,5,5,O,,NOT UNDER PROPER CONTROL,,2023,1
6511,31984684,0510100,HENDERSON POLICE DEPARTMENT,Accepted,HENDERSON,,1135,BARRET,BLVD,,,,,,,,37.85918265,-87.56731315,0.294,2023-07-06,1746,2,2,0,2,CLEAR,DRY,False,1 VEHICLE ENTERING/LEAVING ENTRANCE,ANGLE,STRAIGHT & LEVEL,DAYLIGHT,,,45138.9773,False,51,Accepted,4,4,C,,"INATTENTION, MISJUDGE CLEARANCE",,2023,1
6512,31984685,0510100,HENDERSON POLICE DEPARTMENT,Accepted,HENDERSON,US0041A,,GREEN,ST,N,,2ND,,,,,37.83967661,-87.58836639,15.912,2023-07-24,1750,3,3,0,0,CLOUDY,DRY,False,OTHER INTERSECTION COLLISIONS,REAR END,STRAIGHT & LEVEL,DAYLIGHT,,,45138.9774,False,32,Accepted,5,5,O,BACKUP DUE TO REGULAR CONGESTION,,,2023,1
6514,31987226,0510100,HENDERSON POLICE DEPARTMENT,Accepted,HENDERSON,,,WATSON,LN,,,SUREWAY,,,,,37.87507521,-87.56665264,1.033,2023-07-26,716,3,3,0,0,CLEAR,DRY,False,ANGLE COLLISION - OTHER,ANGLE,STRAIGHT & LEVEL,DAYLIGHT,,,45139.48482,False,34,Accepted,5,5,O,,INATTENTION,,2023,1
6515,31987229,0510100,HENDERSON POLICE DEPARTMENT,Accepted,HENDERSON,,1200,ELM,ST,N,,12TH,,,,,37.85278411,-87.58194443,1.145,2023-07-28,1611,2,2,0,0,CLEAR,DRY,False,ANGLE COLLISION - OTHER,ANGLE,STRAIGHT & LEVEL,DAYLIGHT,,,45139.48495,False,47,Accepted,5,5,O,,INATTENTION,,2023,1
6516,31991047,0510100,HENDERSON POLICE DEPARTMENT,Accepted,HENDERSON,,1204,LOEB,ST,,,,,,,,37.8251599,-87.58371682,0.132,2023-07-30,1150,2,2,0,0,CLEAR,DRY,False,VEHICLE BACKING NON INTERSECTION,BACKING,STRAIGHT & LEVEL,DAYLIGHT,,,45140.28753,False,17,Accepted,5,5,O,VIEW OBSTRUCTED/LIMITED DUE TO RDWY,INATTENTION,,2023,1
6518,31991977,0510100,HENDERSON POLICE DEPARTMENT,Accepted,HENDERSON,US0041,2200,US41,,N,,,,,,,37.86654515,-87.57264031,16.748,2023-07-28,1700,2,2,0,0,CLEAR,DRY,False,REAR END IN TRAFFIC LANES BOTH VEHICLES MOVING,REAR END,STRAIGHT & LEVEL,DAYLIGHT,,,45140.41514,False,59,Accepted,5,5,O,,INATTENTION,,2023,1
6519,31996418,0510100,HENDERSON POLICE DEPARTMENT,Accepted,HENDERSON,US0041A,1320,GREEN,ST,N,,,,,,,37.85322567,-87.57957202,16.99,2023-07-31,831,3,3,0,1,CLEAR,DRY,False,REAR END IN TRAFFIC LANES BOTH VEHICLES MOVING,REAR END,STRAIGHT & LEVEL,DAYLIGHT,,,45141.34386,False,8,Accepted,5,3,B,GLARE (SUN),,,2023,1
6523,32004483,0510100,HENDERSON POLICE DEPARTMENT,Accepted,HENDERSON,US0041A,132,GREEN,ST,S,,,,,,,37.83566852,-87.5914066,15.61,2023-07-29,1745,2,2,0,0,CLEAR,DRY,False,1 VEHICLE ENTERING/LEAVING ENTRANCE,ANGLE,STRAIGHT & LEVEL,DAYLIGHT,,,45143.02124,False,42,Accepted,5,5,O,,"FAILED TO YIELD RIGHT OF WAY, INATTENTION",,2023,1
6524,32008440,0510100,HENDERSON POLICE DEPARTMENT,Accepted,HENDERSON,,,LETCHER,ST,,,,,,,,37.82677057,-87.57949399,0.148,2023-07-24,1506,2,2,0,0,CLEAR,DRY,False,COLLISION WITH FIXED OBJECT NON - INTERSECTION - FIRST EVENT COLLISION 09 - 32 EXCLUDING 16,ANGLE,STRAIGHT & LEVEL,DAYLIGHT,,,45144.42537,True,50,Accepted,5,5,O,DEBRIS IN ROADWAY,INATTENTION,BRAKES DEFECTIVE,2023,1
6525,32008442,0510100,HENDERSON POLICE DEPARTMENT,Accepted,HENDERSON,,123,RANKIN,AVE,,,,,,,,37.8289872,-87.58081284,0.021,2023-06-05,1045,1,1,0,0,CLEAR,DRY,True,COLLISION WITH FIXED OBJECT NON - INTERSECTION - FIRST EVENT COLLISION 09 - 32 EXCLUDING 16,SINGLE VEHICLE,STRAIGHT & LEVEL,DAYLIGHT,,,45144.42551,False,73,Accepted,5,5,O,,"INATTENTION, NOT UNDER PROPER CONTROL",,2023,1
6526,32009010,0510100,HENDERSON POLICE DEPARTMENT,Accepted,HENDERSON,,,US HWY 41,,,,,,,,,37.86964431,-87.57077038,,2023-08-04,1430,2,2,0,0,CLEAR,DRY,False,OTHER ROADWAY OR MID-BLOCK COLLISION,REAR END,STRAIGHT & LEVEL,DAYLIGHT,,,45144.71176,False,82,Accepted,5,5,O,BACKUP DUE TO REGULAR CONGESTION,OTHER,,2023,1
6527,32011912,0510100,HENDERSON POLICE DEPARTMENT,Accepted,HENDERSON,,800,ADAMS,ST,N,,,,,,,37.84670061,-87.58028883,0.816,2023-08-01,1737,2,1,0,1,CLEAR,DRY,False,COLLISION WITH BICYCLIST NON INTERSECTION,SINGLE VEHICLE,STRAIGHT & LEVEL,DAYLIGHT,,,45145.36068,False,59,Accepted,5,3,B,,INATTENTION,,2023,1
6528,32012100,0510100,HENDERSON POLICE DEPARTMENT,Accepted,HENDERSON,US0060,,US60,,E,,,US0041,US41 N EXIT81 OFF RAMP TO US60 W,US0041,US41 E RAMP TO US41 N,37.85841655,-87.57122259,10.406,2023-08-03,1611,2,2,0,1,CLOUDY,DRY,False,OTHER ROADWAY OR MID-BLOCK COLLISION,REAR END,STRAIGHT & GRADE,DAYLIGHT,,,45145.38154,False,67,Accepted,4,4,C,BACKUP DUE TO REGULAR CONGESTION,INATTENTION,,2023,1
6529,32012102,0510100,HENDERSON POLICE DEPARTMENT,Accepted,HENDERSON,,,WASHINGTON,ST,,US0041A,GREEN,,,,,37.83656396,-87.59124775,1.191,2023-08-04,1011,2,2,0,0,CLEAR,DRY,False,COLLISION WITH PARKED VEHICLE,ANGLE,STRAIGHT & LEVEL,DAYLIGHT,,,45145.38165,False,38,Accepted,5,5,O,OTHER,INATTENTION,,2023,1
6530,32012103,0510100,HENDERSON POLICE DEPARTMENT,Accepted,HENDERSON,,20,ALVASIA,ST,S,,,,,,,37.83417294,-87.58532797,0.043,2023-08-04,1623,2,2,0,0,CLEAR,DRY,False,1 VEHICLE PARKED POSITION (NOT PARKING LOT/DRIVEWAY),BACKING,STRAIGHT & LEVEL,DAYLIGHT,,,45145.38172,False,38,Accepted,5,5,O,,"INATTENTION, MISJUDGE CLEARANCE",,2023,1
6531,32012171,0510100,HENDERSON POLICE DEPARTMENT,Accepted,HENDERSON,US0041A,1666,GREEN,ST,S,,,,,,,37.81672607,-87.61381838,13.751,2023-07-26,1835,1,1,0,0,CLEAR,DRY,True,COLLISION WITH FIXED OBJECT NON - INTERSECTION - FIRST EVENT COLLISION 09 - 32 EXCLUDING 16,SINGLE VEHICLE,STRAIGHT & LEVEL,DAYLIGHT,,,45145.39469,False,50,Accepted,5,5,O,,INATTENTION,,2023,1
6532,32012175,0510100,HENDERSON POLICE DEPARTMENT,Accepted,HENDERSON,US0041,,US41,,N,,,,JOHN JAMES AUDUBON STATE,,WALNUT,37.87993303,-87.56532268,17.742,2023-07-27,1539,2,2,0,0,CLEAR,DRY,False,REAR END IN TRAFFIC LANES BOTH VEHICLES MOVING,REAR END,STRAIGHT & LEVEL,DAYLIGHT,,,45145.39493,False,48,Accepted,5,5,O,,INATTENTION,,2023,1
6533,32012473,0510100,HENDERSON POLICE DEPARTMENT,Accepted,HENDERSON,,978,MILLCREEK,DR,,,,,,,,37.86623253,-87.54085569,0.284,2023-08-03,939,2,2,0,0,CLEAR,DRY,True,1 VEHICLE PARKED POSITION (NOT PARKING LOT/DRIVEWAY),SIDESWIPE-OPPOSITE DIRECTION,STRAIGHT & LEVEL,UNKNOWN,,,45145.42424,False,17,Accepted,5,5,O,,,,2023,1
6534,32012478,0510100,HENDERSON POLICE DEPARTMENT,Accepted,HENDERSON,KY0351,,ZION,RD,,,OLD ORCHARD,,,,,37.82760273,-87.55509787,2.009,2023-08-03,1241,1,1,0,0,CLOUDY,DRY,False,OTHER INTERSECTION COLLISIONS,SINGLE VEHICLE,STRAIGHT & LEVEL,DAYLIGHT,,,45145.42434,False,17,Accepted,5,5,O,,,,2023,1
6535,32012481,0510100,HENDERSON POLICE DEPARTMENT,Accepted,HENDERSON,KY0351,,ZION,RD,,,OLD ORCHARD,,,,,37.82764674,-87.55532723,1.996,2023-08-03,1252,1,1,0,0,CLOUDY,DRY,False,OTHER INTERSECTION COLLISIONS,SINGLE VEHICLE,STRAIGHT & LEVEL,DAYLIGHT,,,45145.42452,False,17,Accepted,5,5,O,,,,2023,1
6536,32012485,0510100,HENDERSON POLICE DEPARTMENT,Accepted,HENDERSON,KY0351,,ZION,RD,,,OLD ORCHARD,,,,,37.82767583,-87.55511747,2.006,2023-08-03,1301,1,1,0,0,CLOUDY,DRY,False,OTHER INTERSECTION COLLISIONS,SINGLE VEHICLE,STRAIGHT & LEVEL,DAYLIGHT,,,45145.42469,False,17,Accepted,5,5,O,,,,2023,1
6537,32013524,0510100,HENDERSON POLICE DEPARTMENT,Accepted,HENDERSON,KY0351,,2ND,ST,,,PRIEST,,,,,37.83318255,-87.57303167,0.945,2023-08-04,1618,2,2,0,0,CLEAR,DRY,False,ANGLE COLLISION - OTHER,ANGLE,STRAIGHT & LEVEL,DAYLIGHT,,,45145.56353,False,17,Accepted,5,5,O,,INATTENTION,,2023,1
6538,32013684,0510100,HENDERSON POLICE DEPARTMENT,Accepted,HENDERSON,US0041A,1900,GREEN,ST,S,,BORAX,,,,,37.81116016,-87.62271878,13.1,2023-08-02,1530,2,2,0,0,CLEAR,DRY,False,ANGLE COLLISION - OTHER,ANGLE,STRAIGHT & LEVEL,DAYLIGHT,,,45145.57969,False,47,Accepted,5,5,O,,INATTENTION,,2023,1
6539,32017470,0510100,HENDERSON POLICE DEPARTMENT,Accepted,HENDERSON,US0041,,US41,,N,,,,WALNUT,,WATSON,37.87834903,-87.56624346,17.631,2023-08-04,1446,2,2,0,0,CLEAR,DRY,False,SIDESWIPE COLLISION - SAME DIRECTION,SIDESWIPE-SAME DIRECTION,STRAIGHT & LEVEL,DAYLIGHT,,,45146.38421,False,67,Accepted,5,5,O,BACKUP DUE TO REGULAR CONGESTION,INATTENTION,,2023,1
6540,32017571,0510100,HENDERSON POLICE DEPARTMENT,Accepted,HENDERSON,,400,5TH,ST,,,,,,,,37.84277692,-87.58478211,0.849,2023-08-07,632,1,1,0,0,CLEAR,DRY,False,COLLISION WITH FIXED OBJECT NON - INTERSECTION - FIRST EVENT COLLISION 09 - 32 EXCLUDING 16,SINGLE VEHICLE,STRAIGHT & LEVEL,DAYLIGHT,,,45146.40278,False,50,Accepted,5,5,O,,"CELL PHONE, INATTENTION",,2023,1
6541,32017572,0510100,HENDERSON POLICE DEPARTMENT,Accepted,HENDERSON,US0041A,400,GREEN,ST,N,,,,,,,37.84213835,-87.58675568,16.116,2023-08-07,857,1,1,0,0,CLEAR,DRY,False,OTHER ROADWAY OR MID-BLOCK COLLISION,SINGLE VEHICLE,STRAIGHT & LEVEL,DAYLIGHT,,,45146.40311,False,50,Accepted,5,5,O,,OTHER,OTHER,2023,1
6542,32017811,0510100,HENDERSON POLICE DEPARTMENT,Accepted,HENDERSON,,1400,ELM,ST,N,,14TH,,,,,37.85480836,-87.58063815,1.302,2023-08-07,936,2,2,0,2,CLOUDY,WET,False,ANGLE COLLISION - OTHER,ANGLE,STRAIGHT & LEVEL,DAYLIGHT,,,45146.4391,False,47,Accepted,3,3,B,,INATTENTION,,2023,1
6549,32025135,0510100,HENDERSON POLICE DEPARTMENT,Accepted,HENDERSON,,,MERRITT,DR,,,12TH,,,,,37.85406346,-87.58513085,0.686,2023-08-01,1912,3,3,0,0,CLEAR,DRY,True,OPPOSING LEFT TURN,OPPOSING LEFT TURN,STRAIGHT & HILLCREST,DAYLIGHT,,,45147.92314,False,23,Accepted,5,5,O,,"DISREGARD TRAFFIC CONTROL, FAILED TO YIELD RIGHT OF WAY",,2023,1
6550,32027458,0510100,HENDERSON POLICE DEPARTMENT,Accepted,HENDERSON,US0041,,US41,,N,,,,VAN WYK,,KIMSEY,37.84470043,-87.56584129,15.083,2023-07-30,1618,2,2,0,0,CLEAR,DRY,False,SIDESWIPE COLLISION - SAME DIRECTION,SIDESWIPE-SAME DIRECTION,STRAIGHT & LEVEL,DAYLIGHT,,,45148.44804,False,34,Accepted,5,5,O,CONSTRUCTION WORK ZONE,FAILED TO KEEP PROPER LANE,,2023,1
6551,32027459,0510100,HENDERSON POLICE DEPARTMENT,Accepted,HENDERSON,,421,MAIN,ST,N,,,,,,,37.84443084,-87.58936435,0.383,2023-08-08,1342,2,2,0,1,CLEAR,OTHER,False,1 VEHICLE PARKED POSITION (NOT PARKING LOT/DRIVEWAY),ANGLE,STRAIGHT & LEVEL,DAYLIGHT,,,45148.44812,False,38,Accepted,5,3,B,,MISJUDGE CLEARANCE,,2023,1
6552,32027460,0510100,HENDERSON POLICE DEPARTMENT,Accepted,HENDERSON,US0041,2855,US41,,N,,,,,,,37.87701511,-87.56693646,17.532,2023-08-09,1457,2,2,0,4,RAINING,WET,False,1 VEHICLE ENTERING/LEAVING ENTRANCE,ANGLE,STRAIGHT & LEVEL,DAYLIGHT,,,45148.44821,False,38,Accepted,5,4,C,,INATTENTION,,2023,1
6553,32027924,KSP1600,"KY STATE POLICE, POST 16",Accepted,HENDERSON,US0041A,,GREEN,ST,N,,14TH,,,,,37.85408303,-87.57886313,17.075,2023-07-30,1702,3,3,0,2,CLEAR,DRY,False,NON-COLLISION OBJECT COLLISION,OPPOSING LEFT TURN,CURVE & GRADE,DAYLIGHT,,,45148.52231,False,311,Accepted,5,2,A,,EXCEEDED STATED SPEED LIMIT,,2023,1
6554,32031715,0510100,HENDERSON POLICE DEPARTMENT,Accepted,HENDERSON,KY0351,,ZION,RD,,US0041,US41 RAMP KY351,,,,,37.83080275,-87.56719133,1.313,2023-08-09,704,2,2,0,0,CLEAR,DRY,False,SIDESWIPE-SAME DIRECTION,SIDESWIPE-SAME DIRECTION,STRAIGHT & LEVEL,DAYLIGHT,,,45149.39705,False,17,Accepted,5,5,O,,INATTENTION,,2023,1
6555,32031757,KSP1600,"KY STATE POLICE, POST 16",Accepted,HENDERSON,US0060,,US60,,E,,,,,,,37.86037417,-87.56647555,10.681,2023-08-09,1418,2,2,0,0,CLOUDY,DRY,True,REAR END IN TRAFFIC LANES BOTH VEHICLES MOVING,REAR END,STRAIGHT & LEVEL,DAYLIGHT,,,45149.40395,False,469,Accepted,5,5,O,,"FOLLOWING TOO CLOSE, INATTENTION",,2023,1
6560,32031888,0510100,HENDERSON POLICE DEPARTMENT,Accepted,HENDERSON,,,1ST,ST,,,MAIN,,,,,37.83945608,-87.59251829,,2023-08-08,1300,2,2,0,0,CLEAR,DRY,False,VEHICLE BACKING IN INTERSECTION,BACKING,STRAIGHT & LEVEL,DAYLIGHT,,,45149.42284,False,82,Accepted,5,5,O,,INATTENTION,,2023,1
6561,32031890,0510100,HENDERSON POLICE DEPARTMENT,Accepted,HENDERSON,KY0351,1800,2ND,ST,,,,,,,,37.83191274,-87.57058899,1.109,2023-08-09,1528,2,2,0,0,CLOUDY,WET,False,REAR END IN TRAFFIC LANES BOTH VEHICLES MOVING,REAR END,STRAIGHT & LEVEL,DAYLIGHT,,,45149.42294,False,17,Accepted,5,5,O,SLIPPERY SURFACE,"INATTENTION, NOT UNDER PROPER CONTROL, TOO FAST FOR CONDITIONS",,2023,1
6562,32031940,0510100,HENDERSON POLICE DEPARTMENT,Accepted,HENDERSON,,,GREEN,ST,S,,,,KRESGE,,DRURY,37.81431327,-87.61756475,,2023-08-09,1615,2,2,0,0,CLOUDY,DRY,False,1 VEHICLE ENTERING/LEAVING ENTRANCE,ANGLE,STRAIGHT & LEVEL,DAYLIGHT,,,45149.43457,False,73,Accepted,5,5,O,,"FAILED TO YIELD RIGHT OF WAY, OTHER",,2023,1
6563,32039728,0510100,HENDERSON POLICE DEPARTMENT,Accepted,HENDERSON,US0041A,,GREEN,ST,N,,,,,,,37.83956362,-87.58837946,15.916,2023-08-01,1614,2,2,0,0,CLEAR,DRY,True,REAR END IN TRAFFIC LANES BOTH VEHICLES MOVING,REAR END,STRAIGHT & LEVEL,DAYLIGHT,,,45151.88461,False,50,Accepted,5,5,O,,INATTENTION,,2023,1
6564,32041063,0510100,HENDERSON POLICE DEPARTMENT,Accepted,HENDERSON,US0041,,US41,,N,US0041,US41 N EXIT81 OFF RAMP TO US60 W,,,,,37.85909924,-87.57516977,16.206,2023-08-12,1626,2,2,0,0,CLEAR,DRY,True,SIDESWIPE-SAME DIRECTION,SIDESWIPE-SAME DIRECTION,CURVE & LEVEL,DAYLIGHT,,,45152.32742,False,67,Accepted,5,5,O,,INATTENTION,,2023,1
6565,32041065,0510100,HENDERSON POLICE DEPARTMENT,Accepted,HENDERSON,US0041,,US41,,N,,,,WALNUT,,WATSON,37.87739694,-87.56668009,17.562,2023-08-12,933,3,3,0,0,CLOUDY,WET,False,OTHER ROADWAY OR MID-BLOCK COLLISION,REAR END,STRAIGHT & LEVEL,DAYLIGHT,,,45152.3275,False,34,Accepted,5,5,O,,"DISTRACTION, INATTENTION, TOO FAST FOR CONDITIONS",BRAKES DEFECTIVE,2023,1
6566,32042044,KSP1600,"KY STATE POLICE, POST 16",Accepted,HENDERSON,US0041,,US41,,N,,,,KIMSEY,US0041,US41 N EXIT81 OFF RAMP TO US60 E,37.85180856,-87.56861121,15.604,2023-08-12,1719,2,2,0,0,CLEAR,DRY,True,SIDESWIPE COLLISION - SAME DIRECTION,SIDESWIPE-SAME DIRECTION,CURVE & LEVEL,DAYLIGHT,,,45152.41813,False,784,Accepted,5,5,O,BACKUP DUE TO REGULAR CONGESTION,MISJUDGE CLEARANCE,,2023,1
6570,32045426,0510100,HENDERSON POLICE DEPARTMENT,Accepted,HENDERSON,,2011,ATKINSON PARK,CIR,,,,,,,,37.86455634,-87.57637614,0.241,2023-08-05,2228,1,1,0,0,CLEAR,DRY,False,COLLISION WITH FIXED OBJECT NON - INTERSECTION - FIRST EVENT COLLISION 09 - 32 EXCLUDING 16,SINGLE VEHICLE,STRAIGHT & LEVEL,DARK-HWY NOT LIGHTED,,,45153.11539,False,23,Accepted,5,5,O,,EXCEEDED STATED SPEED LIMIT,OTHER,2023,1
6571,32045427,0510100,HENDERSON POLICE DEPARTMENT,Accepted,HENDERSON,US0041A,1759,GREEN,ST,S,,,,,,,37.8152151,-87.61620924,13.566,2023-08-04,2355,1,1,0,0,CLEAR,DRY,False,OTHER ROADWAY OR MID-BLOCK COLLISION,SINGLE VEHICLE,STRAIGHT & LEVEL,DARK-HWY LIGHTED/ON,,,45153.11545,False,51,Accepted,5,5,O,GLARE (OTHER),"INATTENTION, MISJUDGE CLEARANCE",,2023,1
6572,32045428,0510100,HENDERSON POLICE DEPARTMENT,Accepted,HENDERSON,US0041,,US41,,N,,,,VAN WYK,,KIMSEY,37.84580929,-87.56647743,15.171,2023-08-10,1736,1,1,0,0,CLEAR,DRY,False,COLLISION WITH FIXED OBJECT NON - INTERSECTION - FIRST EVENT COLLISION 09 - 32 EXCLUDING 16,SINGLE VEHICLE,STRAIGHT & LEVEL,DAYLIGHT,,,45153.1155,False,32,Accepted,5,5,O,CONSTRUCTION WORK ZONE,CELL PHONE,,2023,1
6573,32045434,0510100,HENDERSON POLICE DEPARTMENT,Accepted,HENDERSON,,,BARRET,BLVD,,US0060,US60,,,,,37.85985587,-87.56774975,0.352,2023-08-13,1950,2,2,0,0,CLEAR,DRY,False,ANGLE COLLISION - ONE VEHICLE TURNING LEFT,ANGLE,STRAIGHT & LEVEL,DARK-HWY LIGHTED/ON,,,45153.11661,False,51,Accepted,5,5,O,,"DISREGARD TRAFFIC CONTROL, INATTENTION",,2023,1
6574,32046863,0510100,HENDERSON POLICE DEPARTMENT,Accepted,HENDERSON,,,US HWY 41,,,,MARYWOOD,,,,,37.86723304,-87.57209202,,2023-08-14,1020,2,2,0,0,CLEAR,DRY,False,OTHER INTERSECTION COLLISIONS,REAR END,STRAIGHT & LEVEL,DAYLIGHT,,,45153.42344,False,82,Accepted,5,5,O,,INATTENTION,,2023,1
6575,32054865,0510100,HENDERSON POLICE DEPARTMENT,Accepted,HENDERSON,,910,POND,ST,,,,,,,,37.82292587,-87.58712877,0.236,2023-08-11,1753,2,2,0,0,CLEAR,DRY,False,VEHICLE BACKING NON INTERSECTION,BACKING,STRAIGHT & LEVEL,DAYLIGHT,,,45154.91124,False,22,Accepted,5,5,O,,"INATTENTION, MISJUDGE CLEARANCE",,2023,1
6576,32055321,0510100,HENDERSON POLICE DEPARTMENT,Accepted,HENDERSON,,203,HICKS,ST,,,,,,,,37.82499571,-87.57393075,0.136,2023-07-26,1630,1,1,0,0,CLEAR,DRY,False,COLLISION WITH FIXED OBJECT NON - INTERSECTION - FIRST EVENT COLLISION 09 - 32 EXCLUDING 16,SINGLE VEHICLE,STRAIGHT & LEVEL,DAYLIGHT,,,45155.03561,False,23,Accepted,5,5,O,,MISJUDGE CLEARANCE,,2023,1
6577,32056706,0510100,HENDERSON POLICE DEPARTMENT,Accepted,HENDERSON,AU9005,,,,,,,,,,,37.81096938,-87.56659607,0.268,2023-08-05,1039,1,1,0,1,CLEAR,DRY,False,COLLISION WITH FIXED OBJECT NOT IN GORE ,SINGLE VEHICLE,CURVE & GRADE,DAYLIGHT,AU9005,US0041,45155.38,False,65,Accepted,5,2,A,,INATTENTION,,2023,1
6578,32056758,0510100,HENDERSON POLICE DEPARTMENT,Accepted,HENDERSON,,528,GREEN,ST,N,,,,,,,37.8441679,-87.58543224,,2023-08-15,915,2,2,0,0,CLEAR,DRY,False,SIDESWIPE COLLISION - SAME DIRECTION,SIDESWIPE-SAME DIRECTION,STRAIGHT & LEVEL,DAYLIGHT,,,45155.38913,False,82,Accepted,5,5,O,,INATTENTION,,2023,1
6579,32057033,0510100,HENDERSON POLICE DEPARTMENT,Accepted,HENDERSON,KY0425,,KY425,,,,,,,,,37.79976532,-87.64742726,0.014,2023-08-16,605,2,2,0,0,CLEAR,DRY,False,OTHER ROADWAY OR MID-BLOCK COLLISION,REAR END,STRAIGHT & LEVEL,DAYLIGHT,,,45155.43342,False,50,Accepted,5,5,O,,,BRAKES DEFECTIVE,2023,1