OBJECTID,IncidentID,AgencyORI,AgencyName,IncidentStatusDesc,County,RdwyNumber,Street,RoadwayName,StreetSfx,StreetDir,IntersectionRdwy,IntersectionRdwyName,BetweenStRdwy1,BetweenStRdwyName1,BetweenStRdwy2,BetweenStRdwyName2,Latitude,Longitude,Milepoint,CollisionDate,CollisionTime,UnitsInvolved,MotorVehiclesInvolved,NumberKilled,NumberInjured,Weather,RdwyConditionCode,HitandRun,DirAnalysisCode,MannerofCollision,RdwyCharacter,LightCondition,RampFromRdwyId,RampToRdwyId,AcceptedDate,IsSecondaryCollision,OwnerBadge,IncidentStatus,InjurySeverityCde,KABCO_Code,KABCO,Environmental_Factors,Human_Factors,Vehicular_Factors,CollisionYear,CityCrash
6580,32058088,0510100,HENDERSON POLICE DEPARTMENT,Accepted,HENDERSON,,1700,GREEN,ST,S,,,,,,,37.81501658,-87.6164132,,2023-08-16,1520,2,2,0,0,CLEAR,DRY,False,SIDESWIPE COLLISION - SAME DIRECTION,SIDESWIPE-SAME DIRECTION,STRAIGHT & LEVEL,DAYLIGHT,,,45155.60024,False,82,Accepted,5,5,O,,INATTENTION,,2023,1
6581,32059981,0510100,HENDERSON POLICE DEPARTMENT,Accepted,HENDERSON,,,CENTER,ST,,,INGRAM,,,,,37.83649652,-87.58850609,0.748,2023-08-11,1901,2,2,0,0,CLEAR,DRY,False,OTHER INTERSECTION COLLISIONS,REAR END,STRAIGHT & LEVEL,DAYLIGHT,,,45156.01934,False,22,Accepted,5,5,O,,LOST CONSCIOUSNESS/FAINTED,,2023,1
6582,32069108,0510100,HENDERSON POLICE DEPARTMENT,Accepted,HENDERSON,,,ATKINSON PARK,RD,,,,,,,,37.86099133,-87.57820947,0.298,2023-08-11,1130,2,2,0,0,CLEAR,DRY,True,HEAD-ON COLLISION,HEAD ON,STRAIGHT & LEVEL,DAYLIGHT,,,45158.75896,False,47,Accepted,5,5,O,,"EXCEEDED STATED SPEED LIMIT, NOT UNDER PROPER CONTROL, OTHER",,2023,1
6583,32071788,0510100,HENDERSON POLICE DEPARTMENT,Accepted,HENDERSON,US0060,,US60,,E,,PEBBLE CREEK,,,,,37.86466109,-87.54926874,11.708,2023-08-11,1322,2,2,0,2,CLEAR,DRY,False,ANGLE COLLISION - OTHER,ANGLE,STRAIGHT & GRADE,DAYLIGHT,,,45159.37571,False,15,Accepted,5,2,A,,MISJUDGE CLEARANCE,,2023,1
6584,32071991,0510100,HENDERSON POLICE DEPARTMENT,Accepted,HENDERSON,US0041,,US41,,N,US0041,US41 S RAMP TO EB9004,,,,,37.82341492,-87.5674495,13.22,2023-08-17,1707,2,2,0,0,CLOUDY,DRY,False,OTHER INTERSECTION COLLISIONS,REAR END,CURVE & GRADE,DAYLIGHT,,,45159.39565,False,38,Accepted,5,5,O,,INATTENTION,,2023,1
6585,32072002,0510100,HENDERSON POLICE DEPARTMENT,Accepted,HENDERSON,US0041,1927,US41,,N,,,,,,,37.8642325,-87.57402836,16.567,2023-08-18,1453,2,1,0,0,CLEAR,DRY,False,1 VEHICLE ENTERING/LEAVING ENTRANCE,ANGLE,STRAIGHT & LEVEL,DAYLIGHT,,,45159.37522,False,38,Accepted,5,5,O,,INATTENTION,,2023,1
6586,32072572,0510100,HENDERSON POLICE DEPARTMENT,Accepted,HENDERSON,,,3RD,ST,,,ELM,,,,,37.84132514,-87.58921956,,2023-08-18,1600,2,2,0,1,CLEAR,DRY,False,ANGLE COLLISION - OTHER,ANGLE,STRAIGHT & LEVEL,DAYLIGHT,,,45159.47217,False,73,Accepted,5,4,C,,"DISREGARD TRAFFIC CONTROL, INATTENTION",,2023,1
6587,32072573,0510100,HENDERSON POLICE DEPARTMENT,Accepted,HENDERSON,US0041A,,GREEN,ST,N,,,,10TH,,CRESTVIEW,37.8504699,-87.58138007,16.784,2023-08-18,1005,2,2,0,0,CLEAR,DRY,True,SIDESWIPE COLLISION - SAME DIRECTION,SIDESWIPE-SAME DIRECTION,STRAIGHT & GRADE,DAYLIGHT,,,45159.4723,False,34,Accepted,5,5,O,,INATTENTION,MIRRORS,2023,1
6590,32076648,0510100,HENDERSON POLICE DEPARTMENT,Accepted,HENDERSON,,300,HERRON,AVE,,,ELM,,,,,37.85572522,-87.57998704,0.225,2023-08-20,1135,2,2,0,0,CLEAR,DRY,False,HEAD-ON COLLISION,HEAD ON,STRAIGHT & LEVEL,DAYLIGHT,,,45160.32149,False,47,Accepted,5,5,O,OTHER,"MISJUDGE CLEARANCE, DISTRACTION",,2023,1
6591,32076823,0510100,HENDERSON POLICE DEPARTMENT,Accepted,HENDERSON,,,ATKINSON,ST,,,CLAY,,,,,37.82455242,-87.57754672,0.248,2023-08-16,748,2,2,0,0,CLEAR,DRY,False,OTHER INTERSECTION COLLISIONS,REAR END,STRAIGHT & LEVEL,DAYLIGHT,,,45160.36396,False,65,Accepted,5,5,O,,INATTENTION,,2023,1
6592,32076824,0510100,HENDERSON POLICE DEPARTMENT,Accepted,HENDERSON,US0041,2800,US41,,N,,,,,,,37.88262507,-87.56386232,17.999,2023-08-21,1550,2,2,0,0,CLEAR,DRY,False,REAR END IN TRAFFIC LANES BOTH VEHICLES MOVING,REAR END,STRAIGHT & LEVEL,DAYLIGHT,,,45160.36402,False,47,Accepted,5,5,O,BACKUP DUE TO REGULAR CONGESTION,DISTRACTION,,2023,1
6594,32077745,0510100,HENDERSON POLICE DEPARTMENT,Accepted,HENDERSON,US0041,,US41,,N,,,,BARRET,,MARYWOOD,37.86597288,-87.57277326,16.708,2023-08-19,2007,2,1,0,0,CLEAR,DRY,False,SIDESWIPE COLLISION - SAME DIRECTION,SIDESWIPE-SAME DIRECTION,STRAIGHT & LEVEL,DARK-HWY LIGHTED/ON,,,45160.44957,False,32,Accepted,5,5,O,,MISJUDGE CLEARANCE,,2023,1
6596,32077846,0510100,HENDERSON POLICE DEPARTMENT,Accepted,HENDERSON,,508,WATSON,LN,,,,,,,,37.87482423,-87.56535162,0.961,2023-08-17,518,1,1,0,0,CLEAR,DRY,False,COLLISION WITH ANIMAL NON INTERSECTION,SINGLE VEHICLE,STRAIGHT & LEVEL,DARK-HWY NOT LIGHTED,,,45160.49712,False,42,Accepted,5,5,O,ANIMALS ACTION,,,2023,1
6597,32081749,0510100,HENDERSON POLICE DEPARTMENT,Accepted,HENDERSON,,,1ST,ST,,,ALVASIA,,,,,37.83591318,-87.58354752,0.643,2023-08-18,1752,2,2,0,0,CLEAR,DRY,False,ANGLE COLLISION - OTHER,ANGLE,STRAIGHT & LEVEL,DAYLIGHT,,,45161.28484,False,25,Accepted,5,5,O,GLARE (SUN),"FAILED TO YIELD RIGHT OF WAY, INATTENTION",,2023,1
6598,32081834,0510100,HENDERSON POLICE DEPARTMENT,Accepted,HENDERSON,US0041,2000,US41,,N,,,,,,,37.8640912,-87.57384012,16.564,2023-08-22,749,2,2,0,0,CLEAR,DRY,False,SIDESWIPE COLLISION - OPPOSITE DIRECTION,SIDESWIPE-OPPOSITE DIRECTION,STRAIGHT & LEVEL,DAYLIGHT,,,45161.30996,False,67,Accepted,5,5,O,,INATTENTION,,2023,1
6599,32081836,0510100,HENDERSON POLICE DEPARTMENT,Accepted,HENDERSON,,,ELM,ST,N,,6TH,,,,,37.84456181,-87.58518262,,2023-08-22,1045,2,2,0,0,CLEAR,DRY,False,ANGLE COLLISION - OTHER,ANGLE,STRAIGHT & LEVEL,DAYLIGHT,,,45161.31004,False,82,Accepted,5,5,O,,INATTENTION,,2023,1
6600,32082833,0510100,HENDERSON POLICE DEPARTMENT,Accepted,HENDERSON,US0041A,,GREEN,ST,S,,WASHINGTON,,,,,37.83627625,-87.59067824,15.67,2023-08-18,1550,2,2,0,0,CLEAR,DRY,False,OTHER INTERSECTION COLLISIONS,REAR END,STRAIGHT & HILLCREST,DAYLIGHT,,,45161.47251,False,38,Accepted,5,5,O,,INATTENTION,,2023,1
6607,32093886,0510100,HENDERSON POLICE DEPARTMENT,Accepted,HENDERSON,,,STAPP,DR,,,,,,,,37.860583,-87.56806517,0.021,2023-08-21,1706,2,2,0,0,CLEAR,DRY,False,SIDESWIPE COLLISION - SAME DIRECTION,SIDESWIPE-SAME DIRECTION,STRAIGHT & LEVEL,DAYLIGHT,,,45163.80179,False,59,Accepted,5,5,O,,INATTENTION,,2023,1
6608,32093888,0510100,HENDERSON POLICE DEPARTMENT,Accepted,HENDERSON,US0060,,US60,,E,,,US0041,US41 N EXIT81 OFF RAMP TO US60 E,US0041,US41 W RAMP TO US41 N,37.85912067,-87.56975324,10.481,2023-08-23,932,3,3,0,0,CLEAR,DRY,True,OTHER ROADWAY OR MID-BLOCK COLLISION,REAR END,STRAIGHT & GRADE,DAYLIGHT,,,45163.80186,False,67,Accepted,5,5,O,,"INATTENTION, OTHER",,2023,1
6609,32093889,0510100,HENDERSON POLICE DEPARTMENT,Accepted,HENDERSON,,,US HWY 41,,,,,,,,,37.82482762,-87.56506433,,2023-08-23,1215,2,2,0,0,CLEAR,DRY,False,SIDESWIPE COLLISION - SAME DIRECTION,SIDESWIPE-SAME DIRECTION,CURVE & LEVEL,DAYLIGHT,,,45163.80191,False,82,Accepted,5,5,O,CONSTRUCTION WORK ZONE,OTHER,,2023,1
6610,32094732,0510100,HENDERSON POLICE DEPARTMENT,Accepted,HENDERSON,,,DIXON,ST,,US0041A,GREEN,,,,,37.83294386,-87.59417396,0.004,2023-08-13,2112,2,1,0,1,RAINING,WET,False,COLLISION WITH BICYCLE IN INTERSECTION,SINGLE VEHICLE,STRAIGHT & LEVEL,DARK-HWY LIGHTED/ON,,,45164.06085,False,29,Accepted,3,3,B,,INATTENTION,,2023,1
6611,32095222,0510100,HENDERSON POLICE DEPARTMENT,Accepted,HENDERSON,US0041,,US41,,N,,RETTIG,,,,,37.86729404,-87.57222115,16.802,2023-08-23,2048,2,2,0,0,CLEAR,DRY,False,OTHER INTERSECTION COLLISIONS,REAR END,STRAIGHT & LEVEL,DARK-HWY LIGHTED/ON,,,45164.2366,False,51,Accepted,5,5,O,,"CELL PHONE, DISTRACTION, INATTENTION",,2023,1
6612,32102102,0510100,HENDERSON POLICE DEPARTMENT,Accepted,HENDERSON,,300,INGRAM,ST,N,,4TH,,,,,37.84133412,-87.58538813,0.274,2023-08-24,1730,2,2,0,0,CLEAR,DRY,False,ANGLE COLLISION - OTHER,ANGLE,STRAIGHT & LEVEL,DAYLIGHT,,,45166.38774,False,47,Accepted,5,5,O,OTHER,INATTENTION,,2023,1
6613,32102108,0510100,HENDERSON POLICE DEPARTMENT,Accepted,HENDERSON,,,WATSON,LN,,,SUREWAY,,,,,37.87512018,-87.56665384,1.034,2023-08-23,1732,2,2,0,0,CLEAR,DRY,False,ANGLE COLLISION - OTHER,ANGLE,STRAIGHT & LEVEL,DAYLIGHT,,,45166.38786,False,67,Accepted,5,5,O,,INATTENTION,,2023,1
6615,32103689,0510100,HENDERSON POLICE DEPARTMENT,Accepted,HENDERSON,US0041A,400,GREEN,ST,N,,,,,,,37.84232735,-87.58665517,16.143,2023-08-25,1050,2,2,0,0,CLEAR,DRY,True,SIDESWIPE COLLISION - SAME DIRECTION,SIDESWIPE-SAME DIRECTION,STRAIGHT & LEVEL,DAYLIGHT,,,45166.59233,False,59,Accepted,5,5,O,,,,2023,1
6616,32103692,0510100,HENDERSON POLICE DEPARTMENT,Accepted,HENDERSON,,,WATSON,LN,,,,,FLINTLOCK,,DONALDSON,37.86616294,-87.55569204,0.109,2023-08-27,1334,1,1,0,1,CLEAR,DRY,False,COLLISION WITH FIXED OBJECT NON - INTERSECTION - FIRST EVENT COLLISION 09 - 32 EXCLUDING 16,SINGLE VEHICLE,CURVE & GRADE,DAYLIGHT,,,45166.59261,False,67,Accepted,5,3,B,,LOST CONSCIOUSNESS/FAINTED,,2023,1
6617,32105554,0510100,HENDERSON POLICE DEPARTMENT,Accepted,HENDERSON,,460,FAGAN,ST,,,,,,,,37.8277459,-87.58869225,0.17,2023-08-14,408,1,1,0,0,RAINING,WET,True,OTHER ROADWAY OR MID-BLOCK COLLISION,SINGLE VEHICLE,STRAIGHT & GRADE,DARK-HWY NOT LIGHTED,,,45166.95342,False,33,Accepted,5,5,O,,,,2023,1
6618,32107729,0510100,HENDERSON POLICE DEPARTMENT,Accepted,HENDERSON,,,US HWY 41,,,,WALKER,,,,,37.86982958,-87.57085524,,2023-08-25,1425,2,2,0,0,CLEAR,DRY,False,ANGLE COLLISION - ONE VEHICLE TURNING LEFT,ANGLE,STRAIGHT & LEVEL,DAYLIGHT,,,45167.40418,False,82,Accepted,5,5,O,,DISREGARD TRAFFIC CONTROL,,2023,1
6619,32107731,0510100,HENDERSON POLICE DEPARTMENT,Accepted,HENDERSON,,,GREEN,ST,,,12TH,,,,,37.8519277,-87.58040464,,2023-08-25,1600,2,2,0,0,CLEAR,DRY,False,OTHER INTERSECTION COLLISIONS,REAR END,STRAIGHT & LEVEL,DAYLIGHT,,,45167.40435,False,82,Accepted,5,5,O,,INATTENTION,,2023,1
6620,32108092,0510100,HENDERSON POLICE DEPARTMENT,Accepted,HENDERSON,KY1539,,ZION LARUE,RD,,,,,IRISH IVY,,KIMSEY,37.83621138,-87.55133347,0.657,2023-08-29,709,2,2,0,0,CLEAR,DRY,True,SIDESWIPE COLLISION - OPPOSITE DIRECTION,SIDESWIPE-OPPOSITE DIRECTION,STRAIGHT & LEVEL,DAYLIGHT,,,45167.45962,False,65,Accepted,5,5,O,,INATTENTION,,2023,1
6621,32108233,0510100,HENDERSON POLICE DEPARTMENT,Accepted,HENDERSON,,,SHELBY,ST,,,,,LOEB,,OBYRNE,37.82310519,-87.58078439,0.421,2023-08-20,1736,1,1,0,0,CLEAR,DRY,False,COLLISION WITH FIXED OBJECT NON - INTERSECTION - FIRST EVENT COLLISION 09 - 32 EXCLUDING 16,SINGLE VEHICLE,STRAIGHT & LEVEL,DAYLIGHT,,,45167.48255,False,65,Accepted,5,5,O,,INATTENTION,,2023,1
6622,32117506,0510100,HENDERSON POLICE DEPARTMENT,Accepted,HENDERSON,,,ELM,ST,N,,,,2ND,,3RD,37.84106712,-87.58943563,0.24,2023-08-25,1740,2,2,0,0,CLEAR,DRY,False,VEHICLE BACKING NON INTERSECTION,BACKING,STRAIGHT & LEVEL,DAYLIGHT,,,45169.2546,False,32,Accepted,5,5,O,,IMPROPER BACKING,,2023,1
6623,32117508,0510100,HENDERSON POLICE DEPARTMENT,Accepted,HENDERSON,US0041A,,GREEN,ST,S,,JEFFERSON,,,,,37.83269316,-87.59429641,15.333,2023-08-27,2037,2,2,0,0,CLEAR,DRY,False,OPPOSING LEFT TURN,OPPOSING LEFT TURN,STRAIGHT & LEVEL,DARK-HWY LIGHTED/ON,,,45169.25465,False,31,Accepted,5,5,O,,TURNING IMPROPERLY,,2023,1
6624,32117512,0510100,HENDERSON POLICE DEPARTMENT,Accepted,HENDERSON,,,GREEN RIVER,RD,,,LAMONT,,,,,37.86797349,-87.55875928,0.632,2023-08-26,1918,2,2,0,3,CLEAR,DRY,False,ANGLE COLLISION - OTHER,ANGLE,STRAIGHT & LEVEL,DAYLIGHT,,,45169.25472,False,51,Accepted,5,3,B,,INATTENTION,,2023,1
6625,32118279,0510100,HENDERSON POLICE DEPARTMENT,Accepted,HENDERSON,US0041,2800,US41,,N,,,,,,,37.87947648,-87.56557085,17.716,2023-08-30,1304,2,2,0,0,CLEAR,DRY,False,OTHER ROADWAY OR MID-BLOCK COLLISION,OPPOSING LEFT TURN,STRAIGHT & LEVEL,DAYLIGHT,,,45169.39397,False,59,Accepted,5,5,O,,FAILED TO YIELD RIGHT OF WAY,,2023,1
6626,32118280,0510100,HENDERSON POLICE DEPARTMENT,Accepted,HENDERSON,,,WOLF HILLS,BLVD,,,,,,,,37.87285923,-87.5344841,0.2,2023-08-30,631,2,2,0,0,CLEAR,DRY,False,1 VEHICLE ENTERING/LEAVING ENTRANCE,ANGLE,STRAIGHT & LEVEL,DAYLIGHT,,,45169.39403,False,50,Accepted,5,5,O,,INATTENTION,,2023,1
6628,32118695,0510100,HENDERSON POLICE DEPARTMENT,Accepted,HENDERSON,,,2ND,ST,,,INGRAM,,,,,37.83883395,-87.58692401,,2023-08-30,1035,2,2,0,0,CLEAR,DRY,False,ANGLE COLLISION - OTHER,ANGLE,STRAIGHT & LEVEL,DAYLIGHT,,,45169.45796,False,82,Accepted,5,5,O,,INATTENTION,,2023,1
6629,32118700,0510100,HENDERSON POLICE DEPARTMENT,Accepted,HENDERSON,,,US HWY 41,,,,,,,,,37.85809706,-87.57499623,,2023-08-30,1310,2,2,0,0,CLEAR,DRY,False,SIDESWIPE COLLISION - SAME DIRECTION,SIDESWIPE-SAME DIRECTION,CURVE & GRADE,DAYLIGHT,,,45169.45823,False,82,Accepted,5,5,O,,INATTENTION,,2023,1
6630,32122936,0510100,HENDERSON POLICE DEPARTMENT,Accepted,HENDERSON,US0041,3113,US41,,N,,,,STRATMAN,,RACETRACK,37.8836425,-87.56283369,18.028,2023-08-28,1244,2,2,0,0,CLEAR,DRY,False,1 VEHICLE ENTERING/LEAVING ENTRANCE,ANGLE,STRAIGHT & LEVEL,DAYLIGHT,,,45170.32358,False,34,Accepted,5,5,O,,"INATTENTION, OTHER",,2023,1
6631,32122938,0510100,HENDERSON POLICE DEPARTMENT,Accepted,HENDERSON,US0041,,US41,,N,,WATSON,,,,,37.87531485,-87.56771599,17.414,2023-08-31,1213,2,2,0,2,CLEAR,DRY,False,OTHER INTERSECTION COLLISIONS,REAR END,STRAIGHT & LEVEL,DAYLIGHT,,,45170.3237,False,67,Accepted,4,4,C,,INATTENTION,,2023,1
6635,32131589,KSP1600,"KY STATE POLICE, POST 16",Accepted,HENDERSON,US0041A,,GREEN,ST,S,,,,,,,37.82247009,-87.60445089,14.41,2023-08-25,305,2,2,0,0,CLEAR,DRY,False,SIDESWIPE COLLISION - SAME DIRECTION,SIDESWIPE-SAME DIRECTION,STRAIGHT & LEVEL,DAYLIGHT,,,45172.69751,False,690,Accepted,5,5,O,,FAILED TO YIELD RIGHT OF WAY,,2023,1
6636,32134248,0510100,HENDERSON POLICE DEPARTMENT,Accepted,HENDERSON,US0041A,,GREEN,ST,N,,CENTER,,,,,37.8372484,-87.58993802,15.748,2023-09-01,1705,2,2,0,0,CLEAR,DRY,False,ANGLE COLLISION - OTHER,ANGLE,STRAIGHT & LEVEL,DAYLIGHT,,,45173.33564,False,67,Accepted,5,5,O,BACKUP DUE TO REGULAR CONGESTION,INATTENTION,,2023,1
6637,32134249,0510100,HENDERSON POLICE DEPARTMENT,Accepted,HENDERSON,KY1539,,LARUE,RD,,,HEATHER,,,,,37.83322442,-87.5541255,0.394,2023-08-31,643,2,2,0,0,CLEAR,DRY,False,ANGLE COLLISION - OTHER,ANGLE,STRAIGHT & LEVEL,DAYLIGHT,,,45173.33572,False,17,Accepted,5,5,O,"VIEW OBSTRUCTED, LIMITED DUE TO WEATHER CONDITIONS",INATTENTION,,2023,1
6638,32134250,0510100,HENDERSON POLICE DEPARTMENT,Accepted,HENDERSON,US0041,14,US41,,N,,,,,,,37.83633361,-87.5646626,14.5,2023-09-01,630,2,2,0,1,CLEAR,DRY,False,SIDESWIPE COLLISION - SAME DIRECTION,SIDESWIPE-SAME DIRECTION,STRAIGHT & LEVEL,DAYLIGHT,,,45173.3358,False,17,Accepted,5,4,C,,INATTENTION,,2023,1
6639,32134251,0510100,HENDERSON POLICE DEPARTMENT,Accepted,HENDERSON,US0041,1905,US41,,N,,,,,,,37.86220901,-87.57490431,16.423,2023-09-01,1127,3,3,0,0,CLEAR,DRY,False,SIDESWIPE COLLISION - SAME DIRECTION,SIDESWIPE-SAME DIRECTION,STRAIGHT & LEVEL,DAYLIGHT,,,45173.33588,False,17,Accepted,5,5,O,,"FAILED TO KEEP PROPER LANE, INATTENTION",,2023,1
6640,32134252,0510100,HENDERSON POLICE DEPARTMENT,Accepted,HENDERSON,US0041,,US41,,N,,WATSON,,,,,37.87532462,-87.56777103,17.411,2023-08-30,725,2,2,0,0,CLEAR,DRY,False,SIDESWIPE-SAME DIRECTION,SIDESWIPE-SAME DIRECTION,STRAIGHT & LEVEL,DAYLIGHT,,,45173.33595,False,59,Accepted,5,5,O,,"FAILED TO KEEP PROPER LANE, WEAVING IN TRAFFIC",,2023,1
6641,32134253,0510100,HENDERSON POLICE DEPARTMENT,Accepted,HENDERSON,,1000,WATSON,LN,,,,,,,,37.8666952,-87.55615488,0.154,2023-09-02,1152,2,1,0,1,CLOUDY,DRY,False,COLLISION WITH PEDESTRIAN NON - INTERSECTION,SINGLE VEHICLE,STRAIGHT & LEVEL,DAYLIGHT,,,45173.33601,False,59,Accepted,5,3,B,OTHER,,,2023,1
6642,32134254,0510100,HENDERSON POLICE DEPARTMENT,Accepted,HENDERSON,US0041,2700,US41,,N,,,,,,,37.87373841,-87.56872114,17.286,2023-09-03,1213,2,2,0,0,CLEAR,DRY,False,SIDESWIPE COLLISION - SAME DIRECTION,SIDESWIPE-SAME DIRECTION,STRAIGHT & LEVEL,DAYLIGHT,,,45173.33607,False,59,Accepted,5,5,O,,INATTENTION,,2023,1
6643,32134344,0510100,HENDERSON POLICE DEPARTMENT,Accepted,HENDERSON,,1008,CENTER,ST,,,,,,,,37.83260257,-87.58083432,0.249,2023-09-03,930,2,2,0,0,CLEAR,DRY,True,1 VEHICLE PARKED POSITION (NOT PARKING LOT/DRIVEWAY),SIDESWIPE-SAME DIRECTION,STRAIGHT & LEVEL,DARK-HWY NOT LIGHTED,,,45173.36903,False,48,Accepted,5,5,O,,OTHER,,2023,1
6644,32134354,0510100,HENDERSON POLICE DEPARTMENT,Accepted,HENDERSON,,,ADAMS,ST,S,,,,CLAY,,DR MARTIN LUTHER KING JR,37.83166,-87.5915661,0.373,2023-09-03,1038,2,2,0,0,CLEAR,DRY,True,1 VEHICLE PARKED POSITION (NOT PARKING LOT/DRIVEWAY),SIDESWIPE-OPPOSITE DIRECTION,STRAIGHT & LEVEL,UNKNOWN,,,45173.3766,False,65,Accepted,5,5,O,,,,2023,1
6645,32138267,0510100,HENDERSON POLICE DEPARTMENT,Accepted,HENDERSON,KY0812,,AIRLINE,RD,,,,,,,,37.82215918,-87.57285946,7.617,2023-09-03,1238,2,2,0,0,CLEAR,DRY,False,1 VEHICLE ENTERING/LEAVING ENTRANCE,ANGLE,STRAIGHT & LEVEL,DAYLIGHT,,,45174.33663,False,50,Accepted,5,5,O,,INATTENTION,MIRRORS,2023,1
6646,32138268,0510100,HENDERSON POLICE DEPARTMENT,Accepted,HENDERSON,US0041,3100,US41,,N,,RACETRACK,,,,,37.88293159,-87.56341199,17.973,2023-09-01,1611,3,3,0,3,CLEAR,DRY,False,OPPOSING LEFT TURN,OPPOSING LEFT TURN,STRAIGHT & LEVEL,DAYLIGHT,,,45174.33668,False,76,Accepted,4,4,C,,"FAILED TO YIELD RIGHT OF WAY, INATTENTION",,2023,1
6647,32142364,0510100,HENDERSON POLICE DEPARTMENT,Accepted,HENDERSON,US0041,,US41,,N,,RACETRACK,,,,,37.88386193,-87.56284215,18.04,2023-08-23,2110,2,2,0,0,CLEAR,DRY,False,ANGLE COLLISION - OTHER,ANGLE,STRAIGHT & LEVEL,DARK-HWY LIGHTED/ON,,,45174.921,False,42,Accepted,5,5,O,,"FAILED TO YIELD RIGHT OF WAY, INATTENTION, MISJUDGE CLEARANCE",HEADLIGHTS DEFECTIVE,2023,1
6648,32142388,0510100,HENDERSON POLICE DEPARTMENT,Accepted,HENDERSON,,,CLAY,ST,,,HOLLOWAY,,,,,37.83000896,-87.58711447,0.644,2023-09-01,2240,2,2,0,0,CLEAR,DRY,True,COLLISION WITH PARKED VEHICLE,SIDESWIPE-SAME DIRECTION,STRAIGHT & LEVEL,DARK-HWY NOT LIGHTED,,,45174.92589,False,33,Accepted,5,5,O,,ALCOHOL INVOLVEMENT,,2023,1
6649,32144282,0510100,HENDERSON POLICE DEPARTMENT,Accepted,HENDERSON,US0060,,GREEN,ST,S,,,,DANA,,COMMUNITY ,37.80427847,-87.63619251,,2023-09-05,1100,2,2,0,1,CLOUDY,DRY,False,VEHICLE BACKING NON INTERSECTION,BACKING,STRAIGHT & LEVEL,DAYLIGHT,,,45175.369,False,73,Accepted,5,4,C,,"FAILED TO YIELD RIGHT OF WAY, INATTENTION",,2023,1
6650,32144285,0510100,HENDERSON POLICE DEPARTMENT,Accepted,HENDERSON,,,GREEN,ST,N,,2ND,,,,,37.83941448,-87.5884864,,2023-09-05,1145,2,2,0,0,CLEAR,DRY,False,OTHER INTERSECTION COLLISIONS,REAR END,STRAIGHT & LEVEL,DAYLIGHT,,,45175.3694,False,82,Accepted,5,5,O,,NOT UNDER PROPER CONTROL,,2023,1
6651,32158077,0510100,HENDERSON POLICE DEPARTMENT,Accepted,HENDERSON,,46,CLARK,ST,,,,,,,,37.83318418,-87.57985307,0.059,2023-09-02,356,1,1,0,1,CLEAR,DRY,False,COLLISION WITH FIXED OBJECT NON - INTERSECTION - FIRST EVENT COLLISION 09 - 32 EXCLUDING 16,SINGLE VEHICLE,STRAIGHT & LEVEL,DARK-HWY LIGHTED/ON,,,45176.07978,False,25,Accepted,5,2,A,,"FELL ASLEEP, INATTENTION",,2023,1
6652,32158165,0510100,HENDERSON POLICE DEPARTMENT,Accepted,HENDERSON,,1518,OBYRNE,ST,,,,,,,,37.8234663,-87.57936701,0.392,2023-08-31,1838,2,1,0,1,CLEAR,DRY,True,COLLISION WITH PEDESTRIAN NON - INTERSECTION,SINGLE VEHICLE,STRAIGHT & LEVEL,DAYLIGHT,,,45176.12192,False,33,Accepted,3,3,B,,,,2023,1
6653,32164654,0510100,HENDERSON POLICE DEPARTMENT,Accepted,HENDERSON,US0060,,US60,,E,,MANOR,,,,,37.86064809,-87.56581325,10.721,2023-09-06,728,2,2,0,0,CLEAR,DRY,False,ANGLE COLLISION - OTHER,ANGLE,STRAIGHT & LEVEL,DAYLIGHT,,,45177.42599,False,67,Accepted,5,5,O,,INATTENTION,,2023,1
6654,32164658,0510100,HENDERSON POLICE DEPARTMENT,Accepted,HENDERSON,,,WATSON,LN,,,,,GREEN RIVER,,TIPPECANOE,37.86863973,-87.55757729,0.309,2023-08-25,1620,2,2,0,1,CLEAR,DRY,False,OTHER ROADWAY OR MID-BLOCK COLLISION,REAR END,STRAIGHT & LEVEL,DAYLIGHT,,,45177.42615,False,65,Accepted,4,4,C,,INATTENTION,BRAKES DEFECTIVE,2023,1
6655,32165234,0510100,HENDERSON POLICE DEPARTMENT,Accepted,HENDERSON,,,GREEN,ST,N,,2ND,,,,,37.83943589,-87.58840939,,2023-09-06,1305,2,2,0,0,CLOUDY,DRY,False,OTHER INTERSECTION COLLISIONS,REAR END,STRAIGHT & LEVEL,DAYLIGHT,,,45177.53875,False,82,Accepted,5,5,O,,OTHER,,2023,1
6656,32165235,0510100,HENDERSON POLICE DEPARTMENT,Accepted,HENDERSON,US0041A,,GREEN,ST,S,,,,ROCKS,,MCLAIN,37.81776982,-87.61214943,,2023-09-06,1430,2,2,0,1,CLOUDY,DRY,False,OTHER ROADWAY OR MID-BLOCK COLLISION,REAR END,STRAIGHT & LEVEL,DAYLIGHT,,,45177.53882,False,73,Accepted,5,4,C,,INATTENTION,,2023,1
6657,32174471,0510100,HENDERSON POLICE DEPARTMENT,Accepted,HENDERSON,US0041,,US41,,N,,,,WATSON,,WALNUT,37.87850016,-87.5661804,,2023-09-06,1630,2,2,0,0,CLEAR,DRY,False,SIDESWIPE COLLISION - SAME DIRECTION,SIDESWIPE-SAME DIRECTION,STRAIGHT & LEVEL,DAYLIGHT,,,45180.36871,False,73,Accepted,5,5,O,,"FAILED TO YIELD RIGHT OF WAY, INATTENTION",,2023,1