OBJECTID,IncidentID,AgencyORI,AgencyName,IncidentStatusDesc,County,RdwyNumber,Street,RoadwayName,StreetSfx,StreetDir,IntersectionRdwy,IntersectionRdwyName,BetweenStRdwy1,BetweenStRdwyName1,BetweenStRdwy2,BetweenStRdwyName2,Latitude,Longitude,Milepoint,CollisionDate,CollisionTime,UnitsInvolved,MotorVehiclesInvolved,NumberKilled,NumberInjured,Weather,RdwyConditionCode,HitandRun,DirAnalysisCode,MannerofCollision,RdwyCharacter,LightCondition,RampFromRdwyId,RampToRdwyId,AcceptedDate,IsSecondaryCollision,OwnerBadge,IncidentStatus,InjurySeverityCde,KABCO_Code,KABCO,Environmental_Factors,Human_Factors,Vehicular_Factors,CollisionYear,CityCrash
6658,32175497,0510100,HENDERSON POLICE DEPARTMENT,Accepted,HENDERSON,,1651,GREEN,ST,S,,,,,,,37.81739786,-87.61270278,,2023-09-08,1440,2,2,0,0,CLEAR,DRY,False,REAR END IN TRAFFIC LANES BOTH VEHICLES MOVING,REAR END,STRAIGHT & LEVEL,DAYLIGHT,,,45180.48434,False,82,Accepted,5,5,O,OTHER,OTHER,,2023,1
6659,32175501,0510100,HENDERSON POLICE DEPARTMENT,Accepted,HENDERSON,KY0351,,ZION,RD,,,,,ARLINGTON,KY1539,LARUE,37.82883136,-87.5597098,1.747,2023-09-07,1715,1,1,0,0,CLEAR,DRY,False,COLLISION WITH FIXED OBJECT NON - INTERSECTION - FIRST EVENT COLLISION 09 - 32 EXCLUDING 16,SINGLE VEHICLE,STRAIGHT & LEVEL,DAYLIGHT,,,45180.48456,False,65,Accepted,5,5,O,OTHER,OTHER,,2023,1
6660,32175758,0510100,HENDERSON POLICE DEPARTMENT,Accepted,HENDERSON,,,US HWY 41,,,,,,,,,37.8755828,-87.56751478,,2023-08-31,1255,2,2,0,0,CLEAR,DRY,False,1 VEHICLE ENTERING/LEAVING ENTRANCE,ANGLE,STRAIGHT & LEVEL,DAYLIGHT,,,45180.52584,False,82,Accepted,5,5,O,,OTHER,,2023,1
6665,32184265,0510100,HENDERSON POLICE DEPARTMENT,Accepted,HENDERSON,US0041,,US41,,N,,,,,,,37.86436091,-87.57381227,16.578,2023-09-03,2304,2,2,0,0,CLEAR,DRY,False,SIDESWIPE COLLISION - SAME DIRECTION,SIDESWIPE-SAME DIRECTION,STRAIGHT & LEVEL,DARK-HWY NOT LIGHTED,,,45182.2591,False,29,Accepted,5,5,O,,INATTENTION,,2023,1
6666,32184266,0510100,HENDERSON POLICE DEPARTMENT,Accepted,HENDERSON,US0041A,,GREEN,ST,S,,,,,,,37.82624095,-87.6005914,14.81,2023-09-08,1848,2,2,0,1,CLEAR,DRY,False,REAR END IN TRAFFIC LANES BOTH VEHICLES MOVING,REAR END,STRAIGHT & LEVEL,DAYLIGHT,,,45182.25916,False,58,Accepted,5,4,C,,OTHER,,2023,1
6669,32185565,0510100,HENDERSON POLICE DEPARTMENT,Accepted,HENDERSON,,,CENTER,ST,,,CENTER,,,,,37.83173393,-87.57901932,0.128,2023-09-11,1437,2,2,0,0,CLEAR,DRY,False,VEHICLE BACKING IN INTERSECTION,BACKING,STRAIGHT & LEVEL,DAYLIGHT,,,45182.47511,False,17,Accepted,5,5,O,,INATTENTION,,2023,1
6670,32185566,0510100,HENDERSON POLICE DEPARTMENT,Accepted,HENDERSON,US0041A,,GREEN,ST,N,,5TH,,,,,37.84330279,-87.58596632,16.217,2023-09-11,1443,2,2,0,1,CLEAR,DRY,False,OTHER INTERSECTION COLLISIONS,REAR END,STRAIGHT & LEVEL,DAYLIGHT,,,45182.47518,False,38,Accepted,5,4,C,,INATTENTION,,2023,1
6671,32185794,0510100,HENDERSON POLICE DEPARTMENT,Accepted,HENDERSON,KY0812,5600,AIRLINE,RD,,,GARDEN MILE,,,,,37.81498423,-87.56039443,6.793,2023-09-12,737,3,3,0,0,RAINING,WET,False,OTHER INTERSECTION COLLISIONS,REAR END,STRAIGHT & HILLCREST,DAYLIGHT,,,45182.53621,True,47,Accepted,5,5,O,"BACKUP DUE TO REGULAR CONGESTION, SLIPPERY SURFACE",OTHER,TIRES,2023,1
6672,32189460,0510100,HENDERSON POLICE DEPARTMENT,Accepted,HENDERSON,US0041,2400,US41,,N,,,,,,,37.87175189,-87.56975764,17.196,2023-09-13,608,2,2,0,0,CLEAR,DRY,False,REAR END IN TRAFFIC LANES BOTH VEHICLES MOVING,REAR END,STRAIGHT & LEVEL,DARK-HWY LIGHTED/ON,,,45183.31377,False,59,Accepted,5,5,O,,INATTENTION,,2023,1
6673,32189461,0510100,HENDERSON POLICE DEPARTMENT,Accepted,HENDERSON,,500,ATKINSON,ST,,,OBYRNE,,,,,37.82312975,-87.57879627,0.368,2023-09-13,633,2,2,0,0,CLEAR,DRY,False,ANGLE COLLISION - OTHER,ANGLE,STRAIGHT & LEVEL,DAYLIGHT,,,45183.31383,False,47,Accepted,5,5,O,"IMPROPERLY PARKED VEHICLE(S), OTHER",INATTENTION,,2023,1
6674,32189462,0510100,HENDERSON POLICE DEPARTMENT,Accepted,HENDERSON,US0041,2000,US41,,N,,,,,,,37.86724414,-87.57230744,16.797,2023-09-12,748,2,2,0,1,CLOUDY,WET,False,REAR END IN TRAFFIC LANES BOTH VEHICLES MOVING,REAR END,STRAIGHT & LEVEL,DAYLIGHT,,,45183.31388,False,59,Accepted,3,3,B,SLIPPERY SURFACE,INATTENTION,,2023,1
6675,32189463,0510100,HENDERSON POLICE DEPARTMENT,Accepted,HENDERSON,,600,CLAY,ST,,,,,,,,37.83207719,-87.59063754,0.884,2023-09-13,1034,1,1,0,0,CLEAR,DRY,False,COLLISION WITH FIXED OBJECT NON - INTERSECTION - FIRST EVENT COLLISION 09 - 32 EXCLUDING 16,SINGLE VEHICLE,STRAIGHT & LEVEL,DAYLIGHT,,,45183.31393,False,50,Accepted,5,5,O,,INATTENTION,,2023,1
6676,32189627,0510100,HENDERSON POLICE DEPARTMENT,Accepted,HENDERSON,,,ADAMS,ST,N,,7TH,,,,,37.8446058,-87.5816711,0.647,2023-09-12,1018,2,2,0,1,CLEAR,DRY,False,ANGLE COLLISION - OTHER,ANGLE,STRAIGHT & LEVEL,DAYLIGHT,,,45183.34771,False,48,Accepted,5,3,B,,INATTENTION,,2023,1
6678,32194051,0510100,HENDERSON POLICE DEPARTMENT,Accepted,HENDERSON,,1776,MADISON,ST,,,,,,,,37.81394561,-87.58107057,,2023-09-14,730,1,1,0,2,CLEAR,DRY,False,COLLISION WITH FIXED OBJECT NON - INTERSECTION - FIRST EVENT COLLISION 09 - 32 EXCLUDING 16,SINGLE VEHICLE,CURVE & LEVEL,DAYLIGHT,,,45184.3331,False,73,Accepted,5,3,B,,OTHER,TIRE FAILURE,2023,1
6679,32194227,0510100,HENDERSON POLICE DEPARTMENT,Accepted,HENDERSON,,,2ND,ST,,,US HWY 41,,,,,37.83073275,-87.56647307,,2023-09-14,1540,2,2,0,0,CLEAR,DRY,False,SIDESWIPE-SAME DIRECTION,SIDESWIPE-SAME DIRECTION,STRAIGHT & LEVEL,DAYLIGHT,,,45184.37768,False,82,Accepted,5,5,O,CONSTRUCTION WORK ZONE,INATTENTION,,2023,1
6680,32195373,0510100,HENDERSON POLICE DEPARTMENT,Accepted,HENDERSON,,,ELM,ST,N,,5TH,,,,,37.84390707,-87.58754577,0.461,2023-09-15,717,2,2,0,0,CLEAR,DRY,True,ANGLE COLLISION - OTHER,ANGLE,STRAIGHT & LEVEL,DAYLIGHT,,,45184.56361,False,34,Accepted,5,5,O,,DISREGARD TRAFFIC CONTROL,,2023,1
6683,32205198,0510100,HENDERSON POLICE DEPARTMENT,Accepted,HENDERSON,US0060,,US60,,E,,BARRET,,,,,37.85970884,-87.56797939,10.583,2023-08-25,1617,2,2,0,0,CLOUDY,DRY,False,OTHER INTERSECTION COLLISIONS,REAR END,CURVE & GRADE,DAYLIGHT,,,45187.47235,False,10,Accepted,5,5,O,,INATTENTION,,2023,1
6684,32205286,0510100,HENDERSON POLICE DEPARTMENT,Accepted,HENDERSON,,790,WOLF HILLS,RD,,,,,,,,37.88777262,-87.5401206,,2023-09-16,1215,2,2,0,0,CLEAR,DRY,False,1 VEHICLE ENTERING/LEAVING ENTRANCE,ANGLE,STRAIGHT & LEVEL,DAYLIGHT,,,45187.48218,False,82,Accepted,5,5,O,,OTHER,,2023,1
6685,32205540,0510100,HENDERSON POLICE DEPARTMENT,Accepted,HENDERSON,,,2ND,ST,,,,US0041A,GREEN,,ELM,37.84012908,-87.58990768,0.09,2023-09-13,1733,1,1,0,0,CLEAR,DRY,False,COLLISION WITH FIXED OBJECT NON - INTERSECTION - FIRST EVENT COLLISION 09 - 32 EXCLUDING 16,SINGLE VEHICLE,STRAIGHT & LEVEL,DAYLIGHT,,,45187.48189,False,48,Accepted,5,5,O,,LOST CONSCIOUSNESS/FAINTED,,2023,1
6686,32206218,0510100,HENDERSON POLICE DEPARTMENT,Accepted,HENDERSON,,,ATKINSON,ST,,,MADISON,,,,,37.81737468,-87.58398429,,2023-09-13,1430,2,2,0,0,CLEAR,DRY,False,ANGLE COLLISION - ONE VEHICLE TURNING LEFT,ANGLE,STRAIGHT & LEVEL,DAYLIGHT,,,45187.61573,False,82,Accepted,5,5,O,,OTHER,,2023,1
6690,32214774,0510100,HENDERSON POLICE DEPARTMENT,Accepted,HENDERSON,US0041,,US41,,N,,,US0041,US41 N EXIT81 OFF RAMP TO US60 E,US0041,US41 N EXIT81 OFF RAMP TO US60 W,37.85684998,-87.5727865,16.007,2023-09-19,1053,2,2,0,0,CLEAR,DRY,False,OTHER ROADWAY OR MID-BLOCK COLLISION,REAR END,STRAIGHT & LEVEL,DAYLIGHT,,,45189.37017,False,67,Accepted,5,5,O,BACKUP DUE TO REGULAR CONGESTION,INATTENTION,,2023,1
6691,32214779,0510100,HENDERSON POLICE DEPARTMENT,Accepted,HENDERSON,,300,HARMONY,LN,,,ELM,,,,,37.86999267,-87.5726707,,2023-09-19,1040,2,2,0,0,CLEAR,DRY,False,COLLISION WITH PARKED VEHICLE,ANGLE,STRAIGHT & LEVEL,DAYLIGHT,,,45189.37042,False,82,Accepted,5,5,O,,MISJUDGE CLEARANCE,,2023,1
6692,32214780,0510100,HENDERSON POLICE DEPARTMENT,Accepted,HENDERSON,,,US41,,N,,,,,,,37.84696719,-87.56648405,,2023-09-19,1510,2,2,0,0,CLEAR,DRY,False,OTHER ROADWAY OR MID-BLOCK COLLISION,REAR END,STRAIGHT & LEVEL,DAYLIGHT,,,45189.37056,False,82,Accepted,5,5,O,BACKUP DUE TO REGULAR CONGESTION,OTHER,,2023,1
6693,32214781,0510100,HENDERSON POLICE DEPARTMENT,Accepted,HENDERSON,US0041,,US41,,N,,,,KIMSEY,US0041,US41 N EXIT81 OFF RAMP TO US60 E,37.85003209,-87.56739318,15.464,2023-09-19,1504,2,2,0,0,CLEAR,DRY,False,OTHER ROADWAY OR MID-BLOCK COLLISION,REAR END,STRAIGHT & LEVEL,DAYLIGHT,,,45189.37074,False,67,Accepted,5,5,O,,INATTENTION,,2023,1
6694,32215236,0510100,HENDERSON POLICE DEPARTMENT,Accepted,HENDERSON,,,ZION,RD,,,ARLINGTON,,,,,37.82947564,-87.56187823,,2023-09-19,1000,2,2,0,0,CLEAR,DRY,False,SIDESWIPE-SAME DIRECTION,SIDESWIPE-SAME DIRECTION,STRAIGHT & LEVEL,DAYLIGHT,,,45189.42924,False,82,Accepted,5,5,O,,INATTENTION,,2023,1
6695,32215242,0510100,HENDERSON POLICE DEPARTMENT,Accepted,HENDERSON,,,US41,,N,,,,,,,37.87039821,-87.570386,,2023-09-19,1110,2,2,0,0,CLEAR,DRY,False,OTHER ROADWAY OR MID-BLOCK COLLISION,REAR END,STRAIGHT & LEVEL,DAYLIGHT,,,45189.42957,False,82,Accepted,5,5,O,OTHER,DISTRACTION,,2023,1
6696,32215245,0510100,HENDERSON POLICE DEPARTMENT,Accepted,HENDERSON,,,GARDEN MILE,RD,N,KY0351,ZION,,,,,37.82827946,-87.55774574,0.001,2023-09-19,711,2,2,0,0,CLEAR,DRY,True,OTHER INTERSECTION COLLISIONS,REAR END,STRAIGHT & LEVEL,DAYLIGHT,,,45189.43007,False,38,Accepted,5,5,O,,"ALCOHOL INVOLVEMENT, DRUG INVOLVEMENT, INATTENTION",,2023,1
6697,32215421,0510100,HENDERSON POLICE DEPARTMENT,Accepted,HENDERSON,US0060,2000,US60,,E,,,,,,,37.85725962,-87.57331409,10.283,2023-09-19,1548,2,2,0,0,CLEAR,DRY,False,REAR END IN TRAFFIC LANES BOTH VEHICLES MOVING,REAR END,STRAIGHT & LEVEL,DAYLIGHT,,,45189.45303,False,14,Accepted,5,5,O,BACKUP DUE TO REGULAR CONGESTION,INATTENTION,,2023,1
6699,32219845,0510100,HENDERSON POLICE DEPARTMENT,Accepted,HENDERSON,US0041,,US41,,N,,,,,,,37.82676321,-87.56641289,13.746,2023-09-20,624,1,1,0,0,CLEAR,DRY,False,COLLISION WITH FIXED OBJECT NON - INTERSECTION - FIRST EVENT COLLISION 09 - 32 EXCLUDING 16,SINGLE VEHICLE,CURVE & GRADE,DAYLIGHT,,,45190.3459,False,38,Accepted,5,5,O,,FELL ASLEEP,,2023,1
6703,32225788,0510100,HENDERSON POLICE DEPARTMENT,Accepted,HENDERSON,,300,GREEN,ST,S,,,,,,,37.83383894,-87.59319708,,2023-09-21,1400,2,2,0,0,CLEAR,DRY,False,OTHER ROADWAY OR MID-BLOCK COLLISION,REAR END,STRAIGHT & LEVEL,DAYLIGHT,,,45191.45648,False,82,Accepted,5,5,O,OTHER,DISTRACTION,,2023,1
6704,32231205,0510100,HENDERSON POLICE DEPARTMENT,Accepted,HENDERSON,,,REID,DR,,KY2084,KY2084,,,,,37.81840319,-87.56985477,0.001,2023-09-19,2114,2,2,0,0,CLEAR,DRY,False,ANGLE COLLISION - OTHER,ANGLE,STRAIGHT & LEVEL,DARK-HWY LIGHTED/ON,,,45192.93839,False,25,Accepted,5,5,O,,"FAILED TO YIELD RIGHT OF WAY, INATTENTION",,2023,1
6707,32236718,0510100,HENDERSON POLICE DEPARTMENT,Accepted,HENDERSON,,,US41,,N,,MARYWOOD,,,,,37.86710041,-87.57222477,,2023-09-22,920,2,2,0,0,CLEAR,DRY,False,OTHER INTERSECTION COLLISIONS,REAR END,STRAIGHT & LEVEL,DAYLIGHT,,,45194.43638,False,82,Accepted,5,5,O,,DISTRACTION,,2023,1
6708,32237017,0510000,HENDERSON COUNTY SHERIFF DEPT.,Accepted,HENDERSON,US0041A,,GREEN,ST,S,,,,,,,37.81385683,-87.61846117,13.453,2023-09-23,138,1,1,0,0,CLEAR,DRY,False,COLLISION WITH ANIMAL NON INTERSECTION,SINGLE VEHICLE,STRAIGHT & LEVEL,DARK-HWY NOT LIGHTED,,,45194.46573,False,137,Accepted,5,5,O,ANIMALS ACTION,,,2023,1
6711,32237022,0510100,HENDERSON POLICE DEPARTMENT,Accepted,HENDERSON,,,MARTIN LUTHER KING,,,,,,LETT,,LETT,37.82762004,-87.58606628,,2023-09-24,400,2,2,0,0,CLEAR,DRY,True,1 VEHICLE PARKED POSITION (NOT PARKING LOT/DRIVEWAY),SIDESWIPE-SAME DIRECTION,STRAIGHT & LEVEL,DAYLIGHT,,,45194.46601,False,73,Accepted,5,5,O,,,,2023,1
6713,32239598,0510100,HENDERSON POLICE DEPARTMENT,Accepted,HENDERSON,KY0285,,OLD MADISONVILLE,RD,,,,,,,,37.81322812,-87.58653271,2.413,2023-09-18,1950,1,1,0,0,CLEAR,DRY,False,COLLISION WITH ANIMAL NON INTERSECTION,SINGLE VEHICLE,STRAIGHT & LEVEL,DARK-HWY NOT LIGHTED,,,45194.92517,False,49,Accepted,5,5,O,,,,2023,1
6714,32240611,0510100,HENDERSON POLICE DEPARTMENT,Accepted,HENDERSON,,,US41,,N,,,,,,,37.8835702,-87.56267758,,2023-09-25,900,2,2,0,0,CLEAR,DRY,False,SIDESWIPE COLLISION - SAME DIRECTION,SIDESWIPE-SAME DIRECTION,STRAIGHT & LEVEL,DAYLIGHT,,,45195.24814,False,82,Accepted,5,5,O,,INATTENTION,,2023,1
6715,32240613,0510100,HENDERSON POLICE DEPARTMENT,Accepted,HENDERSON,,,GREEN,ST,S,,KRESGE,,,,,37.8160804,-87.61474752,,2023-09-25,1110,2,2,0,0,CLEAR,DRY,False,ANGLE COLLISION - OTHER,ANGLE,STRAIGHT & LEVEL,DAYLIGHT,,,45195.24825,False,73,Accepted,5,5,O,,"FAILED TO YIELD RIGHT OF WAY, INATTENTION",,2023,1
6716,32240619,0510100,HENDERSON POLICE DEPARTMENT,Accepted,HENDERSON,US0041A,,GREEN,ST,N,KY0351,2ND,,,,,37.83945469,-87.58851584,15.92,2023-09-25,1618,2,2,0,0,CLEAR,DRY,False,OTHER INTERSECTION COLLISIONS,REAR END,STRAIGHT & LEVEL,DAYLIGHT,,,45195.24843,False,38,Accepted,5,5,O,,OTHER,,2023,1
6718,32255544,0510100,HENDERSON POLICE DEPARTMENT,Accepted,HENDERSON,KY0136,,MADISON,ST,,,,,,,,37.82031148,-87.5891336,20.397,2023-09-16,1951,2,2,0,0,CLEAR,DRY,False,HEAD-ON COLLISION,HEAD ON,CURVE & LEVEL,DARK-HWY LIGHTED/ON,,,45196.09048,False,58,Accepted,5,5,O,,ALCOHOL INVOLVEMENT,,2023,1
6719,32255605,0510100,HENDERSON POLICE DEPARTMENT,Accepted,HENDERSON,KY0812,,AIRLINE,RD,,,GLOVER,,,,,37.82106917,-87.57096069,7.494,2023-09-23,1830,2,2,0,0,CLEAR,DRY,False,REAR END - ONE VEHICLE TURNING RIGHT,REAR END,STRAIGHT & LEVEL,DUSK,,,45196.11636,False,42,Accepted,5,5,O,,INATTENTION,,2023,1
6720,32255606,0510100,HENDERSON POLICE DEPARTMENT,Accepted,HENDERSON,,,BARRET,BLVD,,US0041,US41,,,,,37.86427958,-87.57357843,0.892,2023-09-22,1930,2,2,0,0,CLEAR,DRY,True,OTHER INTERSECTION COLLISIONS,REAR END,STRAIGHT & LEVEL,DARK-HWY LIGHTED/ON,,,45196.11644,False,32,Accepted,5,5,O,,,,2023,1
6721,32255607,0510100,HENDERSON POLICE DEPARTMENT,Accepted,HENDERSON,US0041,,US41,,N,,WATSON,,,,,37.87532926,-87.5677542,17.412,2023-09-24,1804,2,2,0,0,CLEAR,DRY,False,SIDESWIPE-SAME DIRECTION,SIDESWIPE-SAME DIRECTION,STRAIGHT & LEVEL,DAYLIGHT,,,45196.11652,False,51,Accepted,5,5,O,,"FAILED TO KEEP PROPER LANE, INATTENTION",,2023,1
6722,32255608,0510100,HENDERSON POLICE DEPARTMENT,Accepted,HENDERSON,,1234,POWELL,ST,,,,,,,,37.82884934,-87.58123834,1.024,2023-09-26,1740,2,2,0,0,CLEAR,DRY,True,1 VEHICLE PARKED POSITION (NOT PARKING LOT/DRIVEWAY),SIDESWIPE-SAME DIRECTION,STRAIGHT & LEVEL,DUSK,,,45196.1166,False,49,Accepted,5,5,O,,INATTENTION,,2023,1
6724,32261749,0510100,HENDERSON POLICE DEPARTMENT,Accepted,HENDERSON,,,GREEN,ST,,,5TH,,,,,37.84328444,-87.58598101,,2023-09-27,825,2,2,0,0,RAINING,WET,False,ANGLE COLLISION - OTHER,ANGLE,STRAIGHT & LEVEL,DAYLIGHT,,,45197.37389,False,82,Accepted,5,5,O,,OTHER,,2023,1
6725,32261754,0510100,HENDERSON POLICE DEPARTMENT,Accepted,HENDERSON,KY2084,,KY2084,,S,,,,REID,KY0812,AIRLINE,37.81985745,-87.56943774,2.119,2023-09-22,1627,2,2,0,0,CLEAR,DRY,False,1 VEHICLE ENTERING/LEAVING ENTRANCE,ANGLE,STRAIGHT & LEVEL,DAYLIGHT,,,45197.37408,False,65,Accepted,5,5,O,,INATTENTION,,2023,1
6731,32277899,0510100,HENDERSON POLICE DEPARTMENT,Accepted,HENDERSON,US0041A,15,US41 ALT,,,,,,,,,37.8570196,-87.57376235,17.406,2023-09-28,1642,2,2,0,1,CLEAR,DRY,False,REAR END IN TRAFFIC LANES BOTH VEHICLES MOVING,REAR END,STRAIGHT & LEVEL,DAYLIGHT,,,45201.54898,False,14,Accepted,5,4,C,BACKUP DUE TO REGULAR CONGESTION,INATTENTION,,2023,1
6732,32278268,0510100,HENDERSON POLICE DEPARTMENT,Accepted,HENDERSON,KY0425,,KY425,,,,OLD HENDERSON CORYDON,,,,,37.79458552,-87.64378894,0.43,2023-09-28,908,2,2,0,1,CLOUDY,DRY,False,OTHER INTERSECTION COLLISIONS,REAR END,STRAIGHT & LEVEL,DAYLIGHT,,,45201.61653,False,34,Accepted,5,3,B,,INATTENTION,,2023,1
6733,32278279,0510100,HENDERSON POLICE DEPARTMENT,Accepted,HENDERSON,,,GREEN,ST,S,,FAIR,,,,,37.82238352,-87.6044328,,2023-09-29,1050,2,2,0,1,CLEAR,DRY,False,REAR END - ONE VEHICLE TURNING LEFT,REAR END,STRAIGHT & LEVEL,DAYLIGHT,,,45201.61699,False,73,Accepted,5,4,C,,"FOLLOWING TOO CLOSE, INATTENTION, OTHER",,2023,1
6734,32278282,0510100,HENDERSON POLICE DEPARTMENT,Accepted,HENDERSON,,,COMMUNITY,DR,,,GREEN,,,,,37.80389118,-87.63756255,,2023-09-29,1145,2,2,0,0,CLEAR,DRY,False,VEHICLE BACKING IN INTERSECTION,BACKING,STRAIGHT & GRADE,DAYLIGHT,,,45201.61714,False,82,Accepted,5,5,O,,INATTENTION,,2023,1
6735,32278290,0510100,HENDERSON POLICE DEPARTMENT,Accepted,HENDERSON,US0041,,US41,,N,,,,,,,37.85251378,-87.56865253,15.647,2023-09-29,1518,2,2,0,0,CLEAR,DRY,True,SIDESWIPE COLLISION - SAME DIRECTION,SIDESWIPE-SAME DIRECTION,STRAIGHT & LEVEL,DAYLIGHT,,,45201.61742,False,38,Accepted,5,5,O,,INATTENTION,,2023,1
6736,32278373,0510100,HENDERSON POLICE DEPARTMENT,Accepted,HENDERSON,US0060,,US60,,E,,,US0041,US41 W RAMP TO US41 N,US0041,US41 E RAMP TO US41 N,37.85736926,-87.57312924,10.294,2023-09-29,1551,3,3,0,0,CLOUDY,DRY,False,OTHER ROADWAY OR MID-BLOCK COLLISION,REAR TO REAR,CURVE & LEVEL,DAYLIGHT,,,45201.62897,False,10,Accepted,5,5,O,,INATTENTION,,2023,1
6737,32281393,0510100,HENDERSON POLICE DEPARTMENT,Accepted,HENDERSON,,722,ATKINSON,ST,,,,,,,,37.82167242,-87.58010224,0.491,2023-09-25,2223,1,1,0,0,CLEAR,DRY,True,COLLISION WITH FIXED OBJECT NON - INTERSECTION - FIRST EVENT COLLISION 09 - 32 EXCLUDING 16,SINGLE VEHICLE,STRAIGHT & LEVEL,DARK-HWY LIGHTED/ON,,,45202.32118,False,65,Accepted,5,5,O,,NOT UNDER PROPER CONTROL,,2023,1
6738,32281395,0510100,HENDERSON POLICE DEPARTMENT,Accepted,HENDERSON,US0060,1976,GREEN,ST,S,,,,,,,37.80726032,-87.62878619,9.861,2023-09-30,1552,2,2,0,0,CLEAR,DRY,True,VEHICLE BACKING NON INTERSECTION,BACKING,STRAIGHT & LEVEL,DAYLIGHT,,,45202.3213,False,50,Accepted,5,5,O,,"IMPROPER BACKING, INATTENTION",,2023,1
6739,32281396,0510100,HENDERSON POLICE DEPARTMENT,Accepted,HENDERSON,KY0812,,AIRLINE,RD,,,,,HALLWAY,,DOVE TRAIL,37.81853045,-87.56657482,7.212,2023-09-27,739,2,2,0,0,RAINING,WET,False,REAR END IN TRAFFIC LANES BOTH VEHICLES MOVING,REAR END,STRAIGHT & LEVEL,DAYLIGHT,,,45202.32146,False,65,Accepted,5,5,O,,"INATTENTION, NOT UNDER PROPER CONTROL",,2023,1
6741,32283136,0510100,HENDERSON POLICE DEPARTMENT,Accepted,HENDERSON,,,GREEN,ST,S,,SAND,,,,,37.823761,-87.60317543,,2023-10-02,1510,2,2,0,0,CLEAR,DRY,False,ANGLE COLLISION - OTHER,ANGLE,STRAIGHT & LEVEL,DAYLIGHT,,,45202.51127,False,82,Accepted,5,5,O,,INATTENTION,,2023,1
6742,32283139,0510100,HENDERSON POLICE DEPARTMENT,Accepted,HENDERSON,,,POWELL,ST,,,MEADOW,,,,,37.82984906,-87.58296706,0.908,2023-09-29,1720,2,2,0,3,CLEAR,DRY,False,ANGLE COLLISION - OTHER,ANGLE,STRAIGHT & LEVEL,DAYLIGHT,,,45202.51158,False,17,Accepted,5,4,C,,"FAILED TO YIELD RIGHT OF WAY, INATTENTION",,2023,1
6743,32283222,0510100,HENDERSON POLICE DEPARTMENT,Accepted,HENDERSON,US0041,,US41,,N,,,,RACETRACK,,STRATMAN,37.88329354,-87.56319296,17.997,2023-10-03,813,2,2,0,0,CLEAR,DRY,False,1 VEHICLE ENTERING/LEAVING ENTRANCE,ANGLE,STRAIGHT & LEVEL,DAWN,,,45202.52085,False,67,Accepted,5,5,O,,"INATTENTION, OTHER",,2023,1
6744,32287147,0510100,HENDERSON POLICE DEPARTMENT,Accepted,HENDERSON,,400,CHERRY,ST,,,GREEN,,,,,37.82893758,-87.59756523,,2023-10-03,1130,1,1,0,0,CLEAR,DRY,False,COLLISION WITH FIXED OBJECT IN INTERSECTION - FIRST EVENT COLLISION 09 - 32,SINGLE VEHICLE,STRAIGHT & LEVEL,DAYLIGHT,,,45203.35168,False,82,Accepted,5,5,O,,DISTRACTION,,2023,1
6745,32287151,0510100,HENDERSON POLICE DEPARTMENT,Accepted,HENDERSON,,,ARLINGTON,DR,N,KY0351,ZION,,,,,37.82941412,-87.56178199,0.001,2023-09-29,1530,4,1,0,0,CLEAR,DRY,True,COLLISION WITH PEDESTRIAN IN INTERSECTION,SINGLE VEHICLE,STRAIGHT & LEVEL,DAYLIGHT,,,45203.35187,False,34,Accepted,5,5,O,,,,2023,1
6748,32294682,0510100,HENDERSON POLICE DEPARTMENT,Accepted,HENDERSON,,,3RD,ST,,,,,ALVES,,ALVASIA,37.83850431,-87.58282331,0.596,2023-10-04,215,2,2,0,0,CLEAR,DRY,False,1 VEHICLE PARKED POSITION (NOT PARKING LOT/DRIVEWAY),SIDESWIPE-SAME DIRECTION,STRAIGHT & LEVEL,DARK-HWY NOT LIGHTED,,,45204.95545,False,33,Accepted,5,5,O,,FELL ASLEEP,,2023,1
6749,32298068,KSP1600,"KY STATE POLICE, POST 16",Accepted,HENDERSON,,,1ST,ST,,,,,,,,37.83815802,-87.58927241,0.291,2023-10-05,1425,2,2,0,0,RAINING,WET,False,1 VEHICLE ENTERING/LEAVING ENTRANCE,ANGLE,STRAIGHT & LEVEL,DAYLIGHT,,,45205.68745,False,473,Accepted,5,5,O,SLIPPERY SURFACE,"DISREGARD TRAFFIC CONTROL, FAILED TO YIELD RIGHT OF WAY",,2023,1
6750,32299621,0510100,HENDERSON POLICE DEPARTMENT,Accepted,HENDERSON,,,12TH,ST,,US0041A,GREEN,,,,,37.85219615,-87.58022915,0.294,2023-10-04,1641,2,2,0,0,CLEAR,DRY,True,OTHER INTERSECTION COLLISIONS,REAR END,STRAIGHT & LEVEL,DAYLIGHT,,,45206.11572,False,23,Accepted,5,5,O,,NOT UNDER PROPER CONTROL,,2023,1