OBJECTID,IncidentID,AgencyORI,AgencyName,IncidentStatusDesc,County,RdwyNumber,Street,RoadwayName,StreetSfx,StreetDir,IntersectionRdwy,IntersectionRdwyName,BetweenStRdwy1,BetweenStRdwyName1,BetweenStRdwy2,BetweenStRdwyName2,Latitude,Longitude,Milepoint,CollisionDate,CollisionTime,UnitsInvolved,MotorVehiclesInvolved,NumberKilled,NumberInjured,Weather,RdwyConditionCode,HitandRun,DirAnalysisCode,MannerofCollision,RdwyCharacter,LightCondition,RampFromRdwyId,RampToRdwyId,AcceptedDate,IsSecondaryCollision,OwnerBadge,IncidentStatus,InjurySeverityCde,KABCO_Code,KABCO,Environmental_Factors,Human_Factors,Vehicular_Factors,CollisionYear,CityCrash
6751,32299661,0510100,HENDERSON POLICE DEPARTMENT,Accepted,HENDERSON,,,MARTIN,DR,,,,,,,,37.79702742,-87.63993273,0.035,2023-10-04,700,2,1,0,1,CLEAR,DRY,True,OTHER ROADWAY OR MID-BLOCK COLLISION,SINGLE VEHICLE,STRAIGHT & LEVEL,DAYLIGHT,,,45206.12082,False,58,Accepted,4,4,C,,,,2023,1
6752,32299911,0510100,HENDERSON POLICE DEPARTMENT,Accepted,HENDERSON,KY1539,324,LARUE,RD,,,,,,,,37.83239903,-87.55484886,0.334,2023-10-06,2210,1,1,0,0,CLEAR,DRY,False,RAN OFF ROADWAY (1 VEHICLE WITH/EARTH EMBANKMENT/DITCH),SINGLE VEHICLE,STRAIGHT & LEVEL,DARK-HWY NOT LIGHTED,,,45206.21356,False,23,Accepted,5,5,O,,"EXCEEDED STATED SPEED LIMIT, NOT UNDER PROPER CONTROL, OVERCORRECTING/OVERSTEERING",,2023,1
6753,32304501,0510100,HENDERSON POLICE DEPARTMENT,Accepted,HENDERSON,KY0136,,MADISON,ST,,,,,,,,37.81629814,-87.58239247,20.84,2023-10-07,440,1,1,0,0,CLEAR,DRY,False,RAN OFF ROADWAY (1 VEHICLE WITH/EARTH EMBANKMENT/DITCH),SINGLE VEHICLE,CURVE & HILLCREST,DARK-HWY NOT LIGHTED,,,45208.00807,False,58,Accepted,5,5,O,,INATTENTION,TIRE FAILURE,2023,1
6754,32304656,0510100,HENDERSON POLICE DEPARTMENT,Accepted,HENDERSON,US0041,,US41,,N,,,,,,,37.8545836,-87.57038545,15.817,2023-10-07,2237,1,1,0,1,CLEAR,DRY,False,RAN OFF ROADWAY (1 VEHICLE WITH/EARTH EMBANKMENT/DITCH),SINGLE VEHICLE,STRAIGHT & LEVEL,DARK-HWY NOT LIGHTED,,,45208.05244,False,42,Accepted,5,3,B,,"FAILED TO KEEP PROPER LANE, INATTENTION",,2023,1
6755,32306929,0510100,HENDERSON POLICE DEPARTMENT,Accepted,HENDERSON,,1200,ATKINSON,ST,,,,,,,,37.81751969,-87.58381529,0.842,2023-10-05,1042,2,2,0,1,RAINING,WET,True,OTHER ROADWAY OR MID-BLOCK COLLISION,REAR END,STRAIGHT & LEVEL,DAYLIGHT,,,45208.49031,False,50,Accepted,5,4,C,,INATTENTION,,2023,1
6756,32310131,0510100,HENDERSON POLICE DEPARTMENT,Accepted,HENDERSON,US0041,2600,US41,,N,,,,,,,37.87343269,-87.56874864,17.265,2023-10-08,426,1,1,0,0,CLEAR,DRY,False,COLLISION WITH FIXED OBJECT NON - INTERSECTION - FIRST EVENT COLLISION 09 - 32 EXCLUDING 16,SINGLE VEHICLE,STRAIGHT & LEVEL,DARK-HWY LIGHTED/ON,,,45209.01302,False,42,Accepted,5,5,O,,,"TIRE FAILURE, TIRES",2023,1
6757,32312730,0510100,HENDERSON POLICE DEPARTMENT,Accepted,HENDERSON,,1000,GREEN,ST,N,,,,,,,37.84959158,-87.58191742,,2023-10-04,1335,2,2,0,0,CLEAR,DRY,False,1 VEHICLE ENTERING/LEAVING ENTRANCE,ANGLE,STRAIGHT & GRADE,DAYLIGHT,,,45209.57471,False,82,Accepted,5,5,O,,OTHER,,2023,1
6758,32312735,0510100,HENDERSON POLICE DEPARTMENT,Accepted,HENDERSON,,1300,ELM,ST,N,,13TH,,,,,37.8538183,-87.58125248,1.217,2023-10-05,1635,2,2,0,0,RAINING,WET,False,OTHER INTERSECTION COLLISIONS,REAR END,STRAIGHT & LEVEL,DAYLIGHT,,,45209.575,False,47,Accepted,5,5,O,SLIPPERY SURFACE,INATTENTION,,2023,1
6759,32312740,0510100,HENDERSON POLICE DEPARTMENT,Accepted,HENDERSON,US0041A,,GREEN,ST,N,,,,,,,37.83817049,-87.58930425,15.823,2023-10-05,1724,2,2,0,1,CLOUDY,WET,False,OTHER ROADWAY OR MID-BLOCK COLLISION,REAR END,STRAIGHT & LEVEL,DAYLIGHT,,,45209.5753,False,50,Accepted,5,4,C,,INATTENTION,,2023,1
6760,32312743,0510100,HENDERSON POLICE DEPARTMENT,Accepted,HENDERSON,KY0136,,MADISON,ST,,,,,,,,37.81747844,-87.58416995,20.729,2023-10-06,748,2,2,0,0,CLEAR,DRY,False,OTHER ROADWAY OR MID-BLOCK COLLISION,REAR END,STRAIGHT & LEVEL,DAYLIGHT,,,45209.5756,False,50,Accepted,5,5,O,,OTHER,BRAKES DEFECTIVE,2023,1
6761,32312746,0510100,HENDERSON POLICE DEPARTMENT,Accepted,HENDERSON,,,OHIO,DR,,,,,,,,37.80657605,-87.63434374,0.12,2023-10-06,1554,2,2,0,0,CLEAR,DRY,False,OTHER ROADWAY OR MID-BLOCK COLLISION,REAR END,STRAIGHT & HILLCREST,DAYLIGHT,,,45209.5759,False,50,Accepted,5,5,O,,"DISTRACTION, INATTENTION",,2023,1
6762,32315873,0510100,HENDERSON POLICE DEPARTMENT,Accepted,HENDERSON,,300,ADAMS,ST,S,,,,,,,37.8319564,-87.59122811,0.296,2023-10-05,1422,2,2,0,0,RAINING,WET,False,SIDESWIPE COLLISION - SAME DIRECTION,SIDESWIPE-SAME DIRECTION,STRAIGHT & LEVEL,DAYLIGHT,,,45210.31066,False,50,Accepted,5,5,O,,INATTENTION,,2023,1
6763,32315874,0510100,HENDERSON POLICE DEPARTMENT,Accepted,HENDERSON,US0041,,US41,,N,US0041,US41 E RAMP TO US41 S,,,,,37.85472642,-87.57073186,15.874,2023-10-07,1735,2,2,0,0,CLEAR,DRY,False,SIDESWIPE-SAME DIRECTION,SIDESWIPE-SAME DIRECTION,STRAIGHT & LEVEL,DAYLIGHT,,,45210.31073,False,38,Accepted,5,5,O,,FAILED TO KEEP PROPER LANE,,2023,1
6764,32315907,0510100,HENDERSON POLICE DEPARTMENT,Accepted,HENDERSON,,,GREEN,ST,S,,BORAX ,,,,,37.81120632,-87.62244041,,2023-10-05,1430,2,2,0,0,RAINING,WET,False,ANGLE COLLISION - OTHER,ANGLE,STRAIGHT & LEVEL,DAYLIGHT,,,45210.32185,False,73,Accepted,5,5,O,,PHYSICAL DISABILITY,,2023,1
6765,32315910,0510100,HENDERSON POLICE DEPARTMENT,Accepted,HENDERSON,US0041,,US41,,N,,,,CINEMA,US0041,US41 S EXIT81 OFF RAMP TO US60 W,37.85957046,-87.57539072,16.249,2023-10-05,1616,2,2,0,0,RAINING,WET,False,REAR END IN TRAFFIC LANES BOTH VEHICLES MOVING,REAR END,CURVE & LEVEL,DAYLIGHT,,,45210.32194,False,65,Accepted,5,5,O,,INATTENTION,,2023,1
6766,32316663,0510100,HENDERSON POLICE DEPARTMENT,Accepted,HENDERSON,,,LAWNDALE,,,,,,LETT,,LETT,37.8274934,-87.58584086,,2023-10-07,300,2,2,0,0,CLEAR,DRY,True,1 VEHICLE PARKED POSITION (NOT PARKING LOT/DRIVEWAY),SIDESWIPE-SAME DIRECTION,STRAIGHT & LEVEL,DARK-HWY LIGHTED/ON,,,45210.42836,False,73,Accepted,5,5,O,,,,2023,1
6767,32322310,0510100,HENDERSON POLICE DEPARTMENT,Accepted,HENDERSON,,1100,BARRET,BLVD,,US0060,US60,,,,,37.85991136,-87.56775111,0.349,2023-10-10,1732,2,2,0,0,CLEAR,DRY,False,OPPOSITE DIRECTION - BOTH VEHICLES GOING STRAIGHT AHEAD,SIDESWIPE-OPPOSITE DIRECTION,STRAIGHT & LEVEL,DAYLIGHT,,,45211.54401,False,59,Accepted,5,5,O,,OVERCORRECTING/OVERSTEERING,,2023,1
6768,32323331,0510100,HENDERSON POLICE DEPARTMENT,Accepted,HENDERSON,US0041A,1800,GREEN,ST,S,,,,,,,37.81422869,-87.61781114,13.443,2023-10-10,1210,2,2,0,0,CLEAR,DRY,True,SIDESWIPE COLLISION - OPPOSITE DIRECTION,SIDESWIPE-OPPOSITE DIRECTION,STRAIGHT & LEVEL,DAYLIGHT,,,45211.65127,False,47,Accepted,5,5,O,,,,2023,1
6770,32325024,0510100,HENDERSON POLICE DEPARTMENT,Accepted,HENDERSON,US0041,,US41,,N,,,,,,,37.88382806,-87.56272667,18.042,2023-10-11,1845,1,1,0,0,CLEAR,DRY,False,COLLISION WITH ANIMAL NON INTERSECTION,SINGLE VEHICLE,STRAIGHT & LEVEL,DARK-HWY LIGHTED/ON,,,45212.06163,False,29,Accepted,5,5,O,ANIMALS ACTION,,,2023,1
6771,32326359,0510100,HENDERSON POLICE DEPARTMENT,Accepted,HENDERSON,,,1ST,ST,,,,,WATER,,MAIN,37.83961989,-87.5928471,0.074,2023-09-30,1617,2,2,0,0,CLEAR,DRY,False,SIDESWIPE COLLISION - SAME DIRECTION,SIDESWIPE-SAME DIRECTION,STRAIGHT & LEVEL,DAYLIGHT,,,45212.39094,False,48,Accepted,5,5,O,,IMPROPER PASSING,,2023,1
6773,32331288,0510100,HENDERSON POLICE DEPARTMENT,Accepted,HENDERSON,,,WATSON,LN,,,STONEGATE,,,,,37.87454542,-87.56408433,0.71,2023-10-13,1825,1,1,0,1,RAINING,WET,False,NON-COLLISION OBJECT COLLISION,SINGLE VEHICLE,CURVE & LEVEL,DUSK,,,45213.99095,False,42,Accepted,5,2,A,ANIMALS ACTION,FOLLOWING TOO CLOSE,,2023,1
6774,32331291,0510100,HENDERSON POLICE DEPARTMENT,Accepted,HENDERSON,US0041A,,GREEN,ST,N,,10TH,,,,,37.84937166,-87.58208744,16.692,2023-10-14,526,2,2,0,0,CLEAR,DRY,False,ANGLE COLLISION - ONE VEHICLE TURNING LEFT,ANGLE,STRAIGHT & HILLCREST,DARK-HWY LIGHTED/ON,,,45213.99107,False,42,Accepted,5,5,O,,MISJUDGE CLEARANCE,,2023,1
6775,32331292,0510100,HENDERSON POLICE DEPARTMENT,Accepted,HENDERSON,US0041,,US41,,N,,,,,,,37.85736655,-87.57331489,16.052,2023-10-14,449,1,1,0,0,CLEAR,DRY,False,COLLISION WITH FIXED OBJECT NON - INTERSECTION - FIRST EVENT COLLISION 09 - 32 EXCLUDING 16,SINGLE VEHICLE,STRAIGHT & LEVEL,DARK-HWY LIGHTED/ON,,,45213.99118,False,25,Accepted,5,5,O,,"ALCOHOL INVOLVEMENT, INATTENTION",,2023,1
6792,32339918,0510100,HENDERSON POLICE DEPARTMENT,Accepted,HENDERSON,US0041,2400,US41,,N,,,,,,,37.8725269,-87.5694441,17.193,2023-10-16,854,2,2,0,0,CLOUDY,DRY,False,REAR END IN TRAFFIC LANES BOTH VEHICLES MOVING,REAR END,STRAIGHT & LEVEL,DAYLIGHT,,,45216.34821,False,59,Accepted,5,5,O,,INATTENTION,,2023,1
6794,32340465,0510100,HENDERSON POLICE DEPARTMENT,Accepted,HENDERSON,,800,WATSON,LN,,,,,,,,37.87218718,-87.55904561,0.566,2023-10-07,1035,2,2,0,0,CLEAR,DRY,False,SIDESWIPE COLLISION - OPPOSITE DIRECTION,SIDESWIPE-OPPOSITE DIRECTION,CURVE & HILLCREST,DAYLIGHT,,,45216.46737,False,14,Accepted,5,5,O,,FAILED TO KEEP PROPER LANE,,2023,1
6795,32340480,0510100,HENDERSON POLICE DEPARTMENT,Accepted,HENDERSON,US0041,,US41,,N,,WATSON,,,,,37.87535542,-87.56779805,17.41,2023-10-15,1102,2,2,0,1,CLOUDY,DRY,False,SIDESWIPE-SAME DIRECTION,SIDESWIPE-SAME DIRECTION,STRAIGHT & LEVEL,DAYLIGHT,,,45216.46857,False,59,Accepted,3,3,B,,"DISREGARD TRAFFIC CONTROL, INATTENTION",,2023,1
6796,32340485,0510100,HENDERSON POLICE DEPARTMENT,Accepted,HENDERSON,,,SAND,LN,,,,,,,,37.82366355,-87.60297767,0.009,2023-10-15,1617,2,2,0,0,CLEAR,DRY,False,SIDESWIPE COLLISION - SAME DIRECTION,SIDESWIPE-SAME DIRECTION,STRAIGHT & LEVEL,DAYLIGHT,,,45216.46888,False,50,Accepted,5,5,O,,INATTENTION,,2023,1
6797,32341377,0510100,HENDERSON POLICE DEPARTMENT,Accepted,HENDERSON,US0041A,,GREEN,ST,N,,,,HERRON,,RICHARDSON,37.85487577,-87.57772493,17.159,2023-10-06,1610,2,2,0,2,CLEAR,DRY,False,REAR END IN TRAFFIC LANES BOTH VEHICLES MOVING,REAR END,STRAIGHT & LEVEL,DAYLIGHT,,,45216.60656,False,65,Accepted,4,4,C,,INATTENTION,BRAKES DEFECTIVE,2023,1
6798,32343935,0510100,HENDERSON POLICE DEPARTMENT,Accepted,HENDERSON,,,GREEN,ST,N,,,,,,,37.84157414,-87.58709519,,2023-10-13,1530,2,2,0,0,CLEAR,DRY,False,1 VEHICLE ENTERING/LEAVING ENTRANCE,ANGLE,STRAIGHT & LEVEL,DAYLIGHT,,,45217.28246,False,82,Accepted,5,5,O,,INATTENTION,,2023,1
6799,32344163,0510100,HENDERSON POLICE DEPARTMENT,Accepted,HENDERSON,,1776,MADISON,ST,,,,,,,,37.81196257,-87.58090694,,2023-10-17,930,2,2,0,0,CLEAR,DRY,False,1 VEHICLE PARKED POSITION (NOT PARKING LOT/DRIVEWAY),BACKING,STRAIGHT & GRADE,DAYLIGHT,,,45217.32101,False,82,Accepted,5,5,O,,INATTENTION,,2023,1
6801,32349267,0510100,HENDERSON POLICE DEPARTMENT,Accepted,HENDERSON,US0041A,,GREEN,ST,N,,6TH,,,,,37.84454974,-87.58515025,16.317,2023-10-18,1017,2,2,0,0,CLEAR,DRY,False,ANGLE COLLISION - OTHER,ANGLE,STRAIGHT & LEVEL,DAYLIGHT,,,45218.3542,False,49,Accepted,5,5,O,,FAILED TO YIELD RIGHT OF WAY,,2023,1
6805,32360298,0510100,HENDERSON POLICE DEPARTMENT,Accepted,HENDERSON,US0041A,100,GREEN,ST,N,,,,,,,37.83878738,-87.58896452,15.869,2023-10-19,1020,2,2,0,2,CLEAR,WET,False,1 VEHICLE ENTERING/LEAVING ENTRANCE,ANGLE,STRAIGHT & LEVEL,DAYLIGHT,,,45221.38305,False,47,Accepted,5,3,B,OTHER,OTHER,,2023,1
6806,32360324,0510100,HENDERSON POLICE DEPARTMENT,Accepted,HENDERSON,,2700,BRINSON,AVE,,,,,,,,37.87524089,-87.56610219,0.017,2023-10-21,1738,2,2,0,0,CLEAR,DRY,False,VEHICLE BACKING NON INTERSECTION,BACKING,STRAIGHT & LEVEL,DAYLIGHT,,,45221.39059,False,67,Accepted,5,5,O,,INATTENTION,,2023,1
6808,32360334,0510100,HENDERSON POLICE DEPARTMENT,Accepted,HENDERSON,,400,CLAY,ST,,,,,,,,37.83369819,-87.59315541,1.062,2023-10-19,741,2,2,0,0,CLEAR,DRY,False,VEHICLE BACKING NON INTERSECTION,BACKING,STRAIGHT & LEVEL,DAYLIGHT,,,45221.39647,False,50,Accepted,5,5,O,,INATTENTION,,2023,1
6809,32360431,0510100,HENDERSON POLICE DEPARTMENT,Accepted,HENDERSON,,,GREEN,ST,N,,HERRON,,,,,37.85495339,-87.57762274,,2023-10-19,1320,2,2,0,0,CLEAR,DRY,False,SIDESWIPE-SAME DIRECTION,SIDESWIPE-SAME DIRECTION,STRAIGHT & LEVEL,DAYLIGHT,,,45221.45109,False,82,Accepted,5,5,O,,INATTENTION,,2023,1
6810,32360432,0510100,HENDERSON POLICE DEPARTMENT,Accepted,HENDERSON,,,US HWY 2084,,,,,,,,,37.82008499,-87.56938049,,2023-10-19,1540,2,2,0,0,CLEAR,DRY,False,1 VEHICLE ENTERING/LEAVING ENTRANCE,ANGLE,STRAIGHT & LEVEL,DAYLIGHT,,,45221.45115,False,82,Accepted,5,5,O,,INATTENTION,,2023,1
6811,32360433,0510100,HENDERSON POLICE DEPARTMENT,Accepted,HENDERSON,,504,WATSON,LN,,,,,,,,37.87506947,-87.5665195,,2023-10-20,1425,2,2,0,0,CLEAR,DRY,False,1 VEHICLE ENTERING/LEAVING ENTRANCE,ANGLE,STRAIGHT & LEVEL,DAYLIGHT,,,45221.45121,False,82,Accepted,5,5,O,,INATTENTION,,2023,1
6812,32360434,0510100,HENDERSON POLICE DEPARTMENT,Accepted,HENDERSON,,,US HWY 41,,,,,,,,,37.82565259,-87.56616421,,2023-10-19,1350,2,2,0,0,CLEAR,DRY,False,OTHER ROADWAY OR MID-BLOCK COLLISION,REAR END,CURVE & LEVEL,DAYLIGHT,,,45221.45126,False,82,Accepted,5,5,O,CONSTRUCTION WORK ZONE,OTHER,,2023,1
6816,32364280,0510100,HENDERSON POLICE DEPARTMENT,Accepted,HENDERSON,,,GREEN,ST,,,CLAY,,,,,37.83365061,-87.59326033,,2023-10-18,1650,2,2,1,2,CLEAR,DRY,False,ANGLE COLLISION - OTHER,ANGLE,STRAIGHT & LEVEL,DAYLIGHT,,,45222.45478,False,73,Accepted,4,1,K,,"FAILED TO YIELD RIGHT OF WAY, INATTENTION",,2023,1
6817,32364281,0510100,HENDERSON POLICE DEPARTMENT,Accepted,HENDERSON,KY0285,,OLD MADISONVILLE,RD,,,,,MADISON,,LEE,37.81688985,-87.58395797,,2023-10-23,730,2,2,0,0,CLEAR,DRY,False,1 VEHICLE ENTERING/LEAVING ENTRANCE,ANGLE,STRAIGHT & LEVEL,DAYLIGHT,,,45222.45505,False,73,Accepted,5,5,O,,"FAILED TO YIELD RIGHT OF WAY, INATTENTION",,2023,1
6821,32370516,0510100,HENDERSON POLICE DEPARTMENT,Accepted,HENDERSON,,,MILL,ST,,,,,PRINGLE,,HANDY,37.82351087,-87.58452482,0.324,2023-10-15,1115,2,2,0,0,CLEAR,DRY,True,1 VEHICLE PARKED POSITION (NOT PARKING LOT/DRIVEWAY),SIDESWIPE-SAME DIRECTION,STRAIGHT & GRADE,DARK-HWY LIGHTED/OFF,,,45223.6643,False,48,Accepted,5,5,O,,,,2023,1
6822,32372187,0510100,HENDERSON POLICE DEPARTMENT,Accepted,HENDERSON,,,WASHINGTON,ST,,,ELM,,,,,37.83716696,-87.59219375,1.307,2023-10-17,1913,2,2,0,0,CLEAR,DRY,False,ANGLE COLLISION - OTHER,ANGLE,STRAIGHT & LEVEL,DARK-HWY LIGHTED/ON,,,45224.04938,False,58,Accepted,5,5,O,,"DISREGARD TRAFFIC CONTROL, FAILED TO YIELD RIGHT OF WAY",,2023,1
6824,32372190,0510100,HENDERSON POLICE DEPARTMENT,Accepted,HENDERSON,,,WATSON,LN,,,,,,,,37.87490845,-87.56541384,0.96,2023-10-15,1845,1,1,0,0,CLEAR,DRY,False,RAN OFF ROADWAY (1 VEHICLE WITH/EARTH EMBANKMENT/DITCH),SINGLE VEHICLE,STRAIGHT & LEVEL,DAYLIGHT,,,45224.0496,False,29,Accepted,5,5,O,,"ALCOHOL INVOLVEMENT, EXCEEDED STATED SPEED LIMIT, INATTENTION",,2023,1
6825,32372192,0510100,HENDERSON POLICE DEPARTMENT,Accepted,HENDERSON,,,WASHINGTON,ST,,,ATKINSON,,,,,37.82808716,-87.57695487,0.22,2023-10-16,1803,2,2,0,0,CLOUDY,DRY,False,ANGLE COLLISION - ONE VEHICLE TURNING LEFT,ANGLE,STRAIGHT & LEVEL,DARK-HWY NOT LIGHTED,,,45224.04978,False,38,Accepted,5,5,O,,OTHER,,2023,1
6826,32372196,0510100,HENDERSON POLICE DEPARTMENT,Accepted,HENDERSON,,606,3RD,ST,,,,,,,,37.83933299,-87.58455801,0.485,2023-10-16,1859,2,2,0,0,CLEAR,,True,OTHER ROADWAY OR MID-BLOCK COLLISION,,STRAIGHT & LEVEL,DAYLIGHT,,,45224.0499,False,22,Accepted,5,5,O,,,,2023,1
6828,32373505,0510100,HENDERSON POLICE DEPARTMENT,Accepted,HENDERSON,,,2ND,ST,,,,,,,,37.83147744,-87.56944459,,2023-10-23,1540,2,2,0,0,CLEAR,DRY,False,OTHER ROADWAY OR MID-BLOCK COLLISION,REAR END,STRAIGHT & LEVEL,DAYLIGHT,,,45224.39789,False,82,Accepted,5,5,O,BACKUP DUE TO REGULAR CONGESTION,INATTENTION,,2023,1
6829,32373734,0510100,HENDERSON POLICE DEPARTMENT,Accepted,HENDERSON,,,AUDUBON,ST,,,GREEN,,,,,37.83064847,-87.59637034,,2023-10-24,1340,2,1,0,0,CLEAR,DRY,False,OTHER INTERSECTION COLLISIONS,REAR END,STRAIGHT & LEVEL,DAYLIGHT,,,45224.39838,False,82,Accepted,5,5,O,,OTHER,,2023,1
6830,32376889,0510100,HENDERSON POLICE DEPARTMENT,Accepted,HENDERSON,,,WATSON,LN,,,,,SUNSET,,WILLOW,37.87643311,-87.57269236,1.374,2023-10-21,2314,2,1,0,0,CLEAR,DRY,True,COLLISION WITH BICYCLIST NON INTERSECTION,SINGLE VEHICLE,STRAIGHT & LEVEL,DARK-HWY LIGHTED/ON,,,45225.00471,False,22,Accepted,5,5,O,,"FAILED TO YIELD RIGHT OF WAY, IMPROPER PASSING",,2023,1
6831,32377344,0510100,HENDERSON POLICE DEPARTMENT,Accepted,HENDERSON,,,INGRAM,ST,S,,POWELL,,,,,37.83438968,-87.59068956,0.626,2023-10-24,1807,2,2,0,0,CLEAR,DRY,True,OTHER INTERSECTION COLLISIONS,REAR END,STRAIGHT & LEVEL,DAYLIGHT,,,45225.16121,False,22,Accepted,5,5,O,,"FOLLOWING TOO CLOSE, INATTENTION",,2023,1
6832,32378202,0510100,HENDERSON POLICE DEPARTMENT,Accepted,HENDERSON,KY0351,,ZION,RD,,US0041,US41 RAMP FROM KY351,,,,,37.83255484,-87.56585444,1.264,2023-10-20,2050,2,2,0,2,CLEAR,DRY,False,OPPOSING LEFT TURN,OPPOSING LEFT TURN,STRAIGHT & LEVEL,DARK-HWY LIGHTED/ON,,,45225.35805,False,19,Accepted,3,2,A,,INATTENTION,,2023,1
6833,32378204,0510100,HENDERSON POLICE DEPARTMENT,Accepted,HENDERSON,,7134,AIRLINE,RD,,,,,,,,37.80481686,-87.54389428,,2023-10-24,1535,2,2,0,0,CLEAR,DRY,False,REAR END IN TRAFFIC LANES BOTH VEHICLES MOVING,REAR END,STRAIGHT & LEVEL,DAYLIGHT,,,45225.35822,False,82,Accepted,5,5,O,OTHER,OTHER,,2023,1
6837,32379235,0510100,HENDERSON POLICE DEPARTMENT,Accepted,HENDERSON,US0041A,300,GREEN,ST,S,,,,,,,37.83388186,-87.59319582,15.438,2023-10-24,1719,2,2,0,0,CLEAR,DRY,False,SIDESWIPE COLLISION - SAME DIRECTION,SIDESWIPE-SAME DIRECTION,STRAIGHT & LEVEL,DAYLIGHT,,,45225.53986,False,47,Accepted,5,5,O,OTHER,INATTENTION,,2023,1
6838,32379487,0510100,HENDERSON POLICE DEPARTMENT,Accepted,HENDERSON,,,WATSON,LN,,,SUREWAY,,,,,37.87545965,-87.56756814,0.991,2023-10-24,1506,2,2,0,1,CLEAR,DRY,False,OPPOSITE DIRECTION - BOTH VEHICLES GOING STRAIGHT AHEAD,SIDESWIPE-OPPOSITE DIRECTION,STRAIGHT & LEVEL,DAYLIGHT,,,45225.58822,False,19,Accepted,5,4,C,,INATTENTION,,2023,1
6839,32379495,0510100,HENDERSON POLICE DEPARTMENT,Accepted,HENDERSON,US0041,2600,US41,,N,,WATSON,,,,,37.87539893,-87.56767657,17.417,2023-10-25,1630,2,2,0,0,CLEAR,DRY,False,OTHER INTERSECTION COLLISIONS,REAR END,STRAIGHT & LEVEL,DAYLIGHT,,,45225.5885,False,59,Accepted,5,5,O,,INATTENTION,,2023,1
6840,32379527,0510100,HENDERSON POLICE DEPARTMENT,Accepted,HENDERSON,US0041,,US41,,N,,,,,,,37.82839413,-87.56675756,13.925,2023-10-25,1059,2,2,0,0,CLEAR,DRY,False,SIDESWIPE COLLISION - SAME DIRECTION,SIDESWIPE-SAME DIRECTION,STRAIGHT & LEVEL,DAYLIGHT,,,45225.5976,False,19,Accepted,5,5,O,CONSTRUCTION WORK ZONE,"IMPROPER PASSING, INATTENTION, MISJUDGE CLEARANCE",,2023,1
6843,32386725,0510100,HENDERSON POLICE DEPARTMENT,Accepted,HENDERSON,US0041A,,GREEN,ST,N,,,,HERRON,,14TH,37.85465485,-87.57801494,17.137,2023-10-13,1745,2,2,0,0,CLEAR,DRY,False,SIDESWIPE COLLISION - SAME DIRECTION,SIDESWIPE-SAME DIRECTION,STRAIGHT & LEVEL,DAYLIGHT,,,45227.28166,False,33,Accepted,5,5,O,,"INATTENTION, TURNING IMPROPERLY",,2023,1
6844,32392591,0510000,HENDERSON COUNTY SHERIFF DEPT.,Accepted,HENDERSON,US0041A,,US41 ALT,,,,,,,,,37.81083463,-87.62253487,13.072,2023-10-27,1709,2,2,0,0,CLEAR,DRY,False,REAR END IN TRAFFIC LANES BOTH VEHICLES MOVING,REAR END,CURVE & LEVEL,DAYLIGHT,,,45229.43045,False,133,Accepted,5,5,O,,INATTENTION,,2023,1
6845,32392596,0510000,HENDERSON COUNTY SHERIFF DEPT.,Accepted,HENDERSON,US0060,,GREEN,ST,S,,,,,,,37.80387247,-87.63739157,9.336,2023-10-26,1425,1,1,0,0,CLEAR,DRY,False,COLLISION WITH FIXED OBJECT NON - INTERSECTION - FIRST EVENT COLLISION 09 - 32 EXCLUDING 16,SINGLE VEHICLE,STRAIGHT & LEVEL,DAYLIGHT,,,45229.43081,False,131,Accepted,5,5,O,,"INATTENTION, NOT UNDER PROPER CONTROL",,2023,1
6849,32392687,0510100,HENDERSON POLICE DEPARTMENT,Accepted,HENDERSON,,1110,PRINGLE,ST,,,,,,,,37.82421693,-87.58834089,0.554,2023-10-26,1633,2,1,1,0,CLEAR,DRY,False,COLLISION WITH PEDESTRIAN NON - INTERSECTION,SINGLE VEHICLE,STRAIGHT & LEVEL,DAYLIGHT,,,45229.43473,False,17,Accepted,5,1,K,,,,2023,1
6850,32392690,0510100,HENDERSON POLICE DEPARTMENT,Accepted,HENDERSON,,,BEND GATE,RD,,,,,GREEN RIVER,US0060,US60,37.8659499,-87.55732534,0.162,2023-10-27,1437,2,2,0,0,CLEAR,DRY,False,1 VEHICLE ENTERING/LEAVING ENTRANCE,ANGLE,STRAIGHT & LEVEL,DAYLIGHT,,,45229.43487,False,67,Accepted,5,5,O,BACKUP DUE TO REGULAR CONGESTION,INATTENTION,,2023,1
6851,32392698,0510100,HENDERSON POLICE DEPARTMENT,Accepted,HENDERSON,,,ELM,ST,N,,,,14TH,,HERRON,37.85485209,-87.58057806,1.298,2023-10-21,1930,2,2,0,0,CLEAR,DRY,True,1 VEHICLE PARKED POSITION (NOT PARKING LOT/DRIVEWAY),SIDESWIPE-OPPOSITE DIRECTION,STRAIGHT & LEVEL,DARK-HWY LIGHTED/ON,,,45229.43537,False,34,Accepted,5,5,O,,NOT UNDER PROPER CONTROL,,2023,1
6852,32392704,0510100,HENDERSON POLICE DEPARTMENT,Accepted,HENDERSON,US0041,,US41,,N,,,US0041,US41 CROSSOVER,US0041,US41 RAMP KY351,37.83475683,-87.56545947,14.385,2023-10-22,1537,1,1,0,0,CLEAR,DRY,False,OTHER ROADWAY OR MID-BLOCK COLLISION,SINGLE VEHICLE,STRAIGHT & LEVEL,DAYLIGHT,,,45229.43559,False,34,Accepted,5,5,O,"CONSTRUCTION WORK ZONE, OTHER",OVERCORRECTING/OVERSTEERING,,2023,1