OBJECTID,IncidentID,AgencyORI,AgencyName,IncidentStatusDesc,County,RdwyNumber,Street,RoadwayName,StreetSfx,StreetDir,IntersectionRdwy,IntersectionRdwyName,BetweenStRdwy1,BetweenStRdwyName1,BetweenStRdwy2,BetweenStRdwyName2,Latitude,Longitude,Milepoint,CollisionDate,CollisionTime,UnitsInvolved,MotorVehiclesInvolved,NumberKilled,NumberInjured,Weather,RdwyConditionCode,HitandRun,DirAnalysisCode,MannerofCollision,RdwyCharacter,LightCondition,RampFromRdwyId,RampToRdwyId,AcceptedDate,IsSecondaryCollision,OwnerBadge,IncidentStatus,InjurySeverityCde,KABCO_Code,KABCO,Environmental_Factors,Human_Factors,Vehicular_Factors,CollisionYear,CityCrash
6854,32393294,0510100,HENDERSON POLICE DEPARTMENT,Accepted,HENDERSON,KY0812,,AIRLINE,RD,,,,,GLOVER,KY2084,KY2084,37.8201403,-87.56937946,7.397,2023-10-28,1452,2,1,0,0,RAINING,WET,False,REAR END IN TRAFFIC LANES BOTH VEHICLES MOVING,REAR END,STRAIGHT & LEVEL,DAYLIGHT,,,45229.48147,False,65,Accepted,5,5,O,,INATTENTION,,2023,1
6855,32393730,0510100,HENDERSON POLICE DEPARTMENT,Accepted,HENDERSON,,1773,GREEN,ST,S,,,,,,,37.81429405,-87.61758,,2023-10-26,1535,2,2,0,0,CLEAR,DRY,False,1 VEHICLE ENTERING/LEAVING ENTRANCE,ANGLE,STRAIGHT & LEVEL,DAYLIGHT,,,45229.59597,False,82,Accepted,5,5,O,,OTHER,,2023,1
6856,32393732,0510100,HENDERSON POLICE DEPARTMENT,Accepted,HENDERSON,US0041A,,GREEN,ST,N,,14TH,,,,,37.85408499,-87.57877013,17.08,2023-10-27,718,2,2,0,0,CLOUDY,DRY,False,OPPOSING LEFT TURN,OPPOSING LEFT TURN,STRAIGHT & LEVEL,DAWN,,,45229.59615,False,19,Accepted,5,5,O,,"INATTENTION, MISJUDGE CLEARANCE",,2023,1
6857,32394327,0510100,HENDERSON POLICE DEPARTMENT,Accepted,HENDERSON,US0041,2000,US41,,N,,,,,,,37.86650857,-87.57276194,16.742,2023-10-29,1241,2,2,0,1,RAINING,WET,False,OTHER ROADWAY OR MID-BLOCK COLLISION,OPPOSING LEFT TURN,STRAIGHT & LEVEL,DAYLIGHT,,,45229.68519,False,59,Accepted,5,3,B,SLIPPERY SURFACE,"FAILED TO YIELD RIGHT OF WAY, INATTENTION",OTHER,2023,1
6859,32400547,0510100,HENDERSON POLICE DEPARTMENT,Accepted,HENDERSON,US0041A,,GREEN,ST,S,,,,,,,37.8161738,-87.61479757,13.67,2023-10-28,1947,1,1,0,0,RAINING,WET,False,OTHER ROADWAY OR MID-BLOCK COLLISION,SINGLE VEHICLE,STRAIGHT & LEVEL,DARK-HWY NOT LIGHTED,,,45231.07259,False,31,Accepted,5,5,O,,FAILED TO KEEP PROPER LANE,,2023,1
6860,32400550,0510100,HENDERSON POLICE DEPARTMENT,Accepted,HENDERSON,US0041A,,GREEN,ST,N,,,KY0351,2ND,,1ST,37.83889723,-87.58883524,15.879,2023-10-28,1808,2,2,0,0,CLOUDY,WET,False,1 VEHICLE ENTERING/LEAVING ENTRANCE,ANGLE,STRAIGHT & LEVEL,DARK-HWY LIGHTED/ON,,,45231.07268,False,22,Accepted,5,5,O,,"FAILED TO YIELD RIGHT OF WAY, INATTENTION",,2023,1
6867,32402212,0510100,HENDERSON POLICE DEPARTMENT,Accepted,HENDERSON,,,2ND,ST,,,ALVES,,,,,37.83773908,-87.58412277,,2023-10-30,1450,2,2,0,0,CLEAR,DRY,False,ANGLE COLLISION - OTHER,ANGLE,STRAIGHT & LEVEL,DAYLIGHT,,,45231.46291,False,82,Accepted,5,5,O,,INATTENTION,,2023,1
6868,32402215,0510100,HENDERSON POLICE DEPARTMENT,Accepted,HENDERSON,,,3RD,ST,,,,,ELM,,MAIN,37.84193503,-87.59064895,0.107,2023-10-31,1553,2,2,0,0,CLEAR,DRY,False,1 VEHICLE ENTERING/LEAVING ENTRANCE,ANGLE,STRAIGHT & LEVEL,DAYLIGHT,,,45231.46299,False,19,Accepted,5,5,O,,"INATTENTION, MISJUDGE CLEARANCE",,2023,1
6870,32404970,0510100,HENDERSON POLICE DEPARTMENT,Accepted,HENDERSON,US0041,2900,US41,,N,,,,,,,37.88367312,-87.56248735,18.042,2023-10-31,1753,1,1,0,0,CLEAR,DRY,False,COLLISION WITH FIXED OBJECT NON - INTERSECTION - FIRST EVENT COLLISION 09 - 32 EXCLUDING 16,SINGLE VEHICLE,STRAIGHT & LEVEL,DUSK,,,45232.01698,False,42,Accepted,5,5,O,,"MISJUDGE CLEARANCE, OVERCORRECTING/OVERSTEERING",,2023,1
6871,32406785,0510100,HENDERSON POLICE DEPARTMENT,Accepted,HENDERSON,KY0812,,AIRLINE,RD,,,DOVE TRAIL,,,,,37.81831677,-87.56614528,7.181,2023-10-31,754,2,2,0,0,CLEAR,DRY,False,ANGLE COLLISION - OTHER,ANGLE,STRAIGHT & LEVEL,DAYLIGHT,,,45232.4311,False,17,Accepted,5,5,O,GLARE (SUN),"FAILED TO YIELD RIGHT OF WAY, INATTENTION",,2023,1
6872,32406787,0510100,HENDERSON POLICE DEPARTMENT,Accepted,HENDERSON,,600,MAIN,ST,N,,6TH,,,,,37.84589493,-87.58835369,0.489,2023-10-30,1640,2,2,0,0,CLEAR,DRY,False,ANGLE COLLISION - OTHER,ANGLE,STRAIGHT & LEVEL,DAYLIGHT,,,45232.43152,False,47,Accepted,5,5,O,,INATTENTION,,2023,1
6873,32406843,0510100,HENDERSON POLICE DEPARTMENT,Accepted,HENDERSON,,1232,CLAY,ST,,,,,,,,37.82698757,-87.58184334,0.289,2023-11-01,1457,2,2,0,0,CLEAR,DRY,True,1 VEHICLE PARKED POSITION (NOT PARKING LOT/DRIVEWAY),SIDESWIPE-SAME DIRECTION,STRAIGHT & LEVEL,DAYLIGHT,,,45232.43782,False,17,Accepted,5,5,O,,FAILED TO KEEP PROPER LANE,,2023,1
6874,32406845,0510100,HENDERSON POLICE DEPARTMENT,Accepted,HENDERSON,,,ELM,ST,N,,12TH,,,,,37.85277711,-87.58193825,1.146,2023-10-28,1700,2,2,0,0,RAINING,WET,False,ANGLE COLLISION - OTHER,ANGLE,STRAIGHT & LEVEL,DUSK,,,45232.43802,False,48,Accepted,5,5,O,,INATTENTION,,2023,1
6875,32406846,0510100,HENDERSON POLICE DEPARTMENT,Accepted,HENDERSON,,,MILL,ST,,,WRIGHT,,,,,37.8215785,-87.58624608,0.159,2023-10-29,1054,2,2,0,0,RAINING,WET,False,OPPOSING LEFT TURN,OPPOSING LEFT TURN,STRAIGHT & LEVEL,DAYLIGHT,,,45232.43821,False,48,Accepted,5,5,O,,INATTENTION,,2023,1
6878,32408983,0510100,HENDERSON POLICE DEPARTMENT,Accepted,HENDERSON,,1320,GREEN,ST,N,,,,,,,37.85346937,-87.57936653,,2023-11-02,1005,2,2,0,0,CLEAR,DRY,False,OTHER ROADWAY OR MID-BLOCK COLLISION,REAR END,STRAIGHT & LEVEL,DAYLIGHT,,,45232.76097,False,82,Accepted,5,5,O,,OTHER,BRAKES DEFECTIVE,2023,1
6880,32421773,0510100,HENDERSON POLICE DEPARTMENT,Accepted,HENDERSON,,,BRINSON,AVE,,,,,WATSON,,TRAILER PARK,37.87548686,-87.56604035,0.034,2023-11-04,1152,2,2,0,0,CLOUDY,DRY,False,1 VEHICLE PARKED POSITION (NOT PARKING LOT/DRIVEWAY),BACKING,STRAIGHT & LEVEL,DAYLIGHT,,,45236.35049,False,67,Accepted,5,5,O,,INATTENTION,,2023,1
6881,32421775,0510100,HENDERSON POLICE DEPARTMENT,Accepted,HENDERSON,,,RAY,ST,,,,,ADAMS,US0041A,GREEN,37.84689377,-87.58153146,0.104,2023-11-04,1005,2,1,0,0,CLEAR,DRY,True,COLLISION WITH PEDESTRIAN NON - INTERSECTION,SINGLE VEHICLE,STRAIGHT & LEVEL,DAYLIGHT,,,45236.35057,False,19,Accepted,5,5,O,,OTHER,,2023,1
6882,32422269,0510100,HENDERSON POLICE DEPARTMENT,Accepted,HENDERSON,,,SAND,LN,,,GREEN,,,,,37.82372617,-87.60316119,,2023-11-04,1200,2,2,0,0,CLOUDY,DRY,False,SIDESWIPE-SAME DIRECTION,SIDESWIPE-SAME DIRECTION,STRAIGHT & LEVEL,DAYLIGHT,,,45236.38867,False,73,Accepted,5,5,O,,"OTHER, FAILED TO YIELD RIGHT OF WAY",,2023,1
6883,32422270,0510100,HENDERSON POLICE DEPARTMENT,Accepted,HENDERSON,,,US HWY 41,,,,MARYWOOD,,,,,37.86727849,-87.57213556,,2023-11-05,1305,2,2,0,0,CLEAR,DRY,True,OTHER INTERSECTION COLLISIONS,REAR END,STRAIGHT & LEVEL,DAYLIGHT,,,45236.38881,False,73,Accepted,5,5,O,,INATTENTION,,2023,1
6884,32422271,0510100,HENDERSON POLICE DEPARTMENT,Accepted,HENDERSON,US0041A,,GREEN,ST,N,KY0351,2ND,,,,,37.83949524,-87.58845879,15.922,2023-11-05,1326,2,2,0,0,CLEAR,DRY,False,OTHER INTERSECTION COLLISIONS,REAR END,STRAIGHT & LEVEL,DAYLIGHT,,,45236.38887,False,67,Accepted,5,5,O,,INATTENTION,,2023,1
6885,32422842,0510100,HENDERSON POLICE DEPARTMENT,Accepted,HENDERSON,,,ELM,ST,N,,5TH,,,,,37.84402208,-87.58747657,0.452,2023-11-05,1320,2,2,0,0,CLEAR,DRY,False,OTHER INTERSECTION COLLISIONS,REAR END,STRAIGHT & LEVEL,DAYLIGHT,,,45236.45452,False,19,Accepted,5,5,O,GLARE (SUN),INATTENTION,,2023,1
6887,32423011,KSP1600,"KY STATE POLICE, POST 16",Accepted,HENDERSON,KY0812,,AIRLINE,RD,,,,,,,,37.81975201,-87.56869384,7.353,2023-10-16,1012,2,2,0,0,CLOUDY,DRY,False,VEHICLE BACKING NON INTERSECTION,BACKING,STRAIGHT & LEVEL,DAYLIGHT,,,45236.47459,False,766,Accepted,5,5,O,"BACKUP DUE TO REGULAR CONGESTION, OTHER","IMPROPER BACKING, FOLLOWING TOO CLOSE",OTHER,2023,1
6890,32430610,0510100,HENDERSON POLICE DEPARTMENT,Accepted,HENDERSON,US0041A,425,GREEN,ST,N,,,,,,,37.84257467,-87.58644108,16.163,2023-11-02,1818,2,2,0,1,CLEAR,DRY,False,1 VEHICLE ENTERING/LEAVING ENTRANCE,ANGLE,STRAIGHT & LEVEL,DUSK,,,45238.00173,False,22,Accepted,5,4,C,,"FAILED TO YIELD RIGHT OF WAY, MISJUDGE CLEARANCE",,2023,1
6891,32432030,0510100,HENDERSON POLICE DEPARTMENT,Accepted,HENDERSON,US0041A,,GREEN,ST,S,,,,FAIR,,CANOE CREEK,37.8214254,-87.6059954,,2023-11-06,1555,2,2,0,0,CLEAR,DRY,False,REAR END IN TRAFFIC LANES BOTH VEHICLES MOVING,REAR END,STRAIGHT & LEVEL,DAYLIGHT,,,45238.34114,False,73,Accepted,5,5,O,,INATTENTION,,2023,1
6892,32432158,0510100,HENDERSON POLICE DEPARTMENT,Accepted,HENDERSON,,,GREEN,ST,S,,BORAX,,,,,37.81108205,-87.6227428,,2023-11-07,1330,2,2,0,0,CLEAR,DRY,False,REAR END - ONE VEHICLE TURNING LEFT,REAR END,STRAIGHT & LEVEL,DAYLIGHT,,,45238.36406,False,82,Accepted,5,5,O,,INATTENTION,,2023,1
6895,32437212,0510100,HENDERSON POLICE DEPARTMENT,Accepted,HENDERSON,,,US HWY 41,,,,,,,,,37.86225164,-87.57505318,,2023-11-08,1145,2,2,0,0,CLEAR,DRY,False,SIDESWIPE COLLISION - SAME DIRECTION,SIDESWIPE-SAME DIRECTION,STRAIGHT & LEVEL,DAYLIGHT,,,45239.40956,False,82,Accepted,5,5,O,,INATTENTION,,2023,1
6896,32437213,0510100,HENDERSON POLICE DEPARTMENT,Accepted,HENDERSON,US0041,1900,US41,,N,,,,,,,37.86026302,-87.57551353,16.294,2023-11-08,1706,2,2,0,0,CLEAR,DRY,True,SIDESWIPE COLLISION - SAME DIRECTION,SIDESWIPE-SAME DIRECTION,CURVE & LEVEL,DARK-HWY LIGHTED/ON,,,45239.40965,False,59,Accepted,5,5,O,,,,2023,1
6897,32437214,0510100,HENDERSON POLICE DEPARTMENT,Accepted,HENDERSON,,,ELM,ST,N,,12TH,,,,,37.85274647,-87.58193833,1.144,2023-11-06,1724,2,2,0,0,CLEAR,DRY,False,OTHER INTERSECTION COLLISIONS,REAR END,STRAIGHT & LEVEL,DARK-HWY NOT LIGHTED,,,45239.40973,False,67,Accepted,5,5,O,,INATTENTION,,2023,1
6898,32437273,KSP1600,"KY STATE POLICE, POST 16",Accepted,HENDERSON,US0041,,US41,,N,,,,,,,37.84141433,-87.56536784,14.857,2023-11-08,1030,1,1,0,0,CLEAR,DRY,False,OTHER ROADWAY OR MID-BLOCK COLLISION,SINGLE VEHICLE,CURVE & LEVEL,DAYLIGHT,,,45239.42001,False,892,Accepted,5,5,O,ANIMALS ACTION,DISTRACTION,,2023,1
6903,32446563,0510100,HENDERSON POLICE DEPARTMENT,Accepted,HENDERSON,,600,TEAL,LN,,,,,,,,37.80334245,-87.54192034,0.016,2023-11-05,137,1,1,0,0,CLEAR,DRY,True,OTHER ROADWAY OR MID-BLOCK COLLISION,SINGLE VEHICLE,STRAIGHT & LEVEL,DARK-HWY LIGHTED/ON,,,45242.04626,False,25,Accepted,5,5,O,,,,2023,1
6904,32446564,0510100,HENDERSON POLICE DEPARTMENT,Accepted,HENDERSON,US0041A,1126,GREEN,ST,S,,,,,,,37.82445626,-87.60242036,14.604,2023-11-10,1740,2,2,0,0,CLEAR,DRY,False,REAR END IN TRAFFIC LANES BOTH VEHICLES MOVING,REAR END,STRAIGHT & LEVEL,DARK-HWY NOT LIGHTED,,,45242.04649,False,23,Accepted,5,5,O,,INATTENTION,,2023,1
6905,32446565,0510100,HENDERSON POLICE DEPARTMENT,Accepted,HENDERSON,US0041,,US41,,,,,,,,,37.8095633,-87.56381994,12.509,2023-11-05,1910,1,1,0,0,CLOUDY,DRY,False,COLLISION WITH ANIMAL NON INTERSECTION,SINGLE VEHICLE,CURVE & LEVEL,DARK-HWY LIGHTED/ON,,,45242.04665,False,32,Accepted,5,5,O,ANIMALS ACTION,,,2023,1
6906,32446568,0510100,HENDERSON POLICE DEPARTMENT,Accepted,HENDERSON,,1400,CLAY,ST,,,,,,,,37.82580825,-87.57962334,0.143,2023-11-09,327,2,2,0,0,CLEAR,DRY,True,1 VEHICLE PARKED POSITION (NOT PARKING LOT/DRIVEWAY),REAR END,STRAIGHT & LEVEL,DARK-HWY LIGHTED/ON,,,45242.04712,False,49,Accepted,5,5,O,,INATTENTION,,2023,1
6907,32452426,0510100,HENDERSON POLICE DEPARTMENT,Accepted,HENDERSON,,1300,CLAY,ST,,,,,,,,37.82651605,-87.58090142,0.149,2023-11-11,1614,2,2,0,0,CLEAR,DRY,True,REAR END IN TRAFFIC LANES BOTH VEHICLES MOVING,REAR END,STRAIGHT & LEVEL,DAYLIGHT,,,45243.48531,False,14,Accepted,5,5,O,,INATTENTION,OTHER,2023,1
6908,32452429,0510100,HENDERSON POLICE DEPARTMENT,Accepted,HENDERSON,KY0812,,AIRLINE,RD,,KY6107,ADAMS,,,,,37.81103866,-87.55342022,6.322,2023-11-11,1211,2,2,0,0,CLEAR,DRY,False,ANGLE COLLISION - OTHER,ANGLE,STRAIGHT & LEVEL,DAYLIGHT,,,45243.48551,False,65,Accepted,5,5,O,,,,2023,1
6909,32452431,0510100,HENDERSON POLICE DEPARTMENT,Accepted,HENDERSON,US0041A,200,GREEN,ST,N,,,,,,,37.83940136,-87.58850778,15.917,2023-11-11,1449,2,2,0,0,CLEAR,DRY,True,REAR END IN TRAFFIC LANES BOTH VEHICLES MOVING,REAR END,STRAIGHT & LEVEL,DAYLIGHT,,,45243.48559,False,50,Accepted,5,5,O,,"EMOTIONAL, INATTENTION",,2023,1
6910,32452433,0510100,HENDERSON POLICE DEPARTMENT,Accepted,HENDERSON,US0041A,,GREEN,ST,S,,,,CHERRY,,JACKSON,37.82922743,-87.59774785,15.118,2023-11-03,1218,2,2,0,0,CLEAR,DRY,False,SIDESWIPE COLLISION - SAME DIRECTION,SIDESWIPE-SAME DIRECTION,STRAIGHT & LEVEL,DAYLIGHT,,,45243.4857,False,48,Accepted,5,5,O,,INATTENTION,,2023,1
6917,32457199,0510000,HENDERSON COUNTY SHERIFF DEPT.,Accepted,HENDERSON,US0060,,KY331,,,,,,,,,37.79640337,-87.65700904,8.147,2023-11-10,733,2,2,0,0,CLEAR,DRY,False,COLLISION WITH ANIMAL NON INTERSECTION,ANGLE,STRAIGHT & GRADE,DAYLIGHT,,,45244.45638,False,144,Accepted,5,5,O,ANIMALS ACTION,,,2023,1
6921,32462157,0510100,HENDERSON POLICE DEPARTMENT,Accepted,HENDERSON,,,US 60 E,,,,BARRET,,,,,37.85990571,-87.56774982,,2023-11-13,1225,2,2,0,0,CLEAR,DRY,False,REAR END - ONE VEHICLE TURNING RIGHT,REAR END,STRAIGHT & LEVEL,DAYLIGHT,,,45245.38347,False,82,Accepted,5,5,O,,INATTENTION,,2023,1
6922,32462159,0510100,HENDERSON POLICE DEPARTMENT,Accepted,HENDERSON,US0041,,US41,,N,,,,,,,37.83432947,-87.56520103,,2023-11-13,1245,2,2,0,0,CLEAR,DRY,False,SIDESWIPE COLLISION - SAME DIRECTION,SIDESWIPE-SAME DIRECTION,STRAIGHT & LEVEL,DAYLIGHT,,,45245.38372,False,82,Accepted,5,5,O,CONSTRUCTION WORK ZONE,FAILED TO YIELD RIGHT OF WAY,,2023,1
6923,32462161,0510100,HENDERSON POLICE DEPARTMENT,Accepted,HENDERSON,,,3RD,ST,,,MAIN,,,,,37.84199822,-87.59082841,,2023-11-13,1435,2,2,0,0,CLEAR,DRY,False,SIDESWIPE-SAME DIRECTION,SIDESWIPE-SAME DIRECTION,STRAIGHT & LEVEL,DAYLIGHT,,,45245.38393,False,82,Accepted,5,5,O,,OTHER,,2023,1
6924,32462164,0510100,HENDERSON POLICE DEPARTMENT,Accepted,HENDERSON,US0041A,,GREEN,ST,S,,,,,,,37.82366633,-87.60326511,14.514,2023-11-13,1444,2,2,0,0,CLEAR,DRY,False,1 VEHICLE ENTERING/LEAVING ENTRANCE,ANGLE,STRAIGHT & LEVEL,DAYLIGHT,,,45245.38414,False,50,Accepted,5,5,O,,MISJUDGE CLEARANCE,,2023,1
6925,32462165,0510100,HENDERSON POLICE DEPARTMENT,Accepted,HENDERSON,,,US HWY 41,,,,,,,,,37.85713212,-87.57327337,,2023-11-14,1030,2,2,0,0,CLEAR,DRY,False,REAR END IN TRAFFIC LANES BOTH VEHICLES MOVING,REAR END,CURVE & LEVEL,DAYLIGHT,,,45245.38428,False,82,Accepted,5,5,O,,OTHER,,2023,1
6927,32462634,0510100,HENDERSON POLICE DEPARTMENT,Accepted,HENDERSON,US0041A,529,GREEN,ST,N,,,,,,,37.84396994,-87.58562693,16.27,2023-11-10,815,2,2,0,0,CLEAR,DRY,False,REAR END IN TRAFFIC LANES BOTH VEHICLES MOVING,REAR END,STRAIGHT & LEVEL,DAYLIGHT,,,45245.445,False,15,Accepted,5,5,O,,FATIGUE,,2023,1
6928,32462636,0510100,HENDERSON POLICE DEPARTMENT,Accepted,HENDERSON,,140,MAIN,ST,N,,,,,,,37.84057483,-87.59174018,0.088,2023-11-10,1326,2,2,0,0,CLEAR,DRY,False,VEHICLE BACKING NON INTERSECTION,BACKING,STRAIGHT & LEVEL,DAYLIGHT,,,45245.44511,False,15,Accepted,5,5,O,,IMPROPER BACKING,,2023,1
6930,32463547,0510100,HENDERSON POLICE DEPARTMENT,Accepted,HENDERSON,US0041,,US41,,N,,,,CANARY,,RETTIG,37.86740921,-87.57222416,16.814,2023-11-14,1555,2,2,0,0,CLOUDY,DRY,True,OTHER ROADWAY OR MID-BLOCK COLLISION,REAR END,STRAIGHT & LEVEL,DAYLIGHT,,,45245.6001,False,67,Accepted,5,5,O,,INATTENTION,,2023,1
6937,32472918,0510100,HENDERSON POLICE DEPARTMENT,Accepted,HENDERSON,,,US HWY 60,,,,BARRET,,,,,37.85918202,-87.56968471,,2023-11-15,1612,2,2,0,0,CLEAR,DRY,False,SIDESWIPE-SAME DIRECTION,SIDESWIPE-SAME DIRECTION,STRAIGHT & LEVEL,DAYLIGHT,,,45247.55644,False,82,Accepted,5,5,O,,INATTENTION,,2023,1
6938,32472919,0510100,HENDERSON POLICE DEPARTMENT,Accepted,HENDERSON,KY0285,,OLD MADISONVILLE,RD,,,,,,,,37.81116752,-87.58793454,2.253,2023-11-14,1013,1,1,0,0,CLEAR,DRY,False,COLLISION WITH FIXED OBJECT NON - INTERSECTION - FIRST EVENT COLLISION 09 - 32 EXCLUDING 16,SINGLE VEHICLE,STRAIGHT & LEVEL,DAYLIGHT,,,45247.55661,False,50,Accepted,5,5,O,,DISTRACTION,,2023,1
6939,32478125,0510100,HENDERSON POLICE DEPARTMENT,Accepted,HENDERSON,,,PAUL,DR,,US0041,US41,,,,,37.87423477,-87.56833251,0.002,2023-11-01,1729,2,2,0,0,CLEAR,DRY,True,ANGLE COLLISION - ONE VEHICLE TURNING LEFT,ANGLE,STRAIGHT & LEVEL,DAYLIGHT,,,45249.14525,False,23,Accepted,5,5,O,,FAILED TO KEEP PROPER LANE,,2023,1
6940,32478126,0510100,HENDERSON POLICE DEPARTMENT,Accepted,HENDERSON,US0041,,US41,,N,,,US0041,US41 RAMP TO US41 N,,CINEMA,37.86117831,-87.57525512,16.353,2023-11-09,513,1,1,0,0,CLEAR,DRY,False,COLLISION WITH ANIMAL NON INTERSECTION,SINGLE VEHICLE,CURVE & LEVEL,DARK-HWY LIGHTED/ON,,,45249.14537,False,32,Accepted,5,5,O,ANIMALS ACTION,,,2023,1
6941,32478189,0510100,HENDERSON POLICE DEPARTMENT,Accepted,HENDERSON,KY0351,2375,ZION,RD,,,,,,,,37.82952213,-87.56222878,1.601,2023-11-12,108,1,1,0,0,CLEAR,DRY,False,COLLISION WITH ANIMAL NON INTERSECTION,SINGLE VEHICLE,STRAIGHT & LEVEL,DARK-HWY LIGHTED/ON,,,45249.16202,False,49,Accepted,5,5,O,,,,2023,1
6942,32478194,0510100,HENDERSON POLICE DEPARTMENT,Accepted,HENDERSON,US0041,,US41,,N,,,,,,,37.8835384,-87.56299018,18.017,2023-11-12,430,1,1,0,0,CLEAR,DRY,False,COLLISION WITH FIXED OBJECT NON - INTERSECTION - FIRST EVENT COLLISION 09 - 32 EXCLUDING 16,SINGLE VEHICLE,CURVE & LEVEL,DAYLIGHT,,,45249.16229,False,29,Accepted,5,5,O,ANIMALS ACTION,ALCOHOL INVOLVEMENT,,2023,1
6946,32482712,0510000,HENDERSON COUNTY SHERIFF DEPT.,Accepted,HENDERSON,,,WATHEN,LN,,,,,,,,37.87847537,-87.5248553,1.188,2023-11-16,1751,1,1,0,0,CLEAR,DRY,False,COLLISION WITH ANIMAL NON INTERSECTION,SINGLE VEHICLE,STRAIGHT & GRADE,DARK-HWY NOT LIGHTED,,,45250.43641,False,131,Accepted,5,5,O,ANIMALS ACTION,,,2023,1
6948,32482942,0510100,HENDERSON POLICE DEPARTMENT,Accepted,HENDERSON,,,3RD,ST,,,MAIN,,,,,37.84199852,-87.59084783,0.095,2023-11-16,1419,2,1,0,1,CLEAR,DRY,False,COLLISION WITH PEDESTRIAN IN INTERSECTION,SINGLE VEHICLE,STRAIGHT & LEVEL,DAYLIGHT,,,45250.47383,False,19,Accepted,5,3,B,,INATTENTION,,2023,1
6949,32482947,0510100,HENDERSON POLICE DEPARTMENT,Accepted,HENDERSON,,,GREEN,ST,S,,POWELL,,,,,37.8351361,-87.59195461,,2023-11-17,1215,2,2,0,0,CLOUDY,WET,False,ANGLE COLLISION - OTHER,ANGLE,STRAIGHT & LEVEL,DAYLIGHT,,,45250.47404,False,82,Accepted,5,5,O,,INATTENTION,,2023,1
6950,32482955,0510100,HENDERSON POLICE DEPARTMENT,Accepted,HENDERSON,US0041A,,GREEN,ST,S,,DRURY,,,,,37.81398333,-87.61800634,13.433,2023-11-18,1303,2,2,0,0,CLEAR,DRY,False,ANGLE COLLISION - OTHER,ANGLE,STRAIGHT & LEVEL,DAYLIGHT,,,45250.47424,False,17,Accepted,5,5,O,,INATTENTION,,2023,1
6951,32483063,0510100,HENDERSON POLICE DEPARTMENT,Accepted,HENDERSON,,,US HWY 41,,,,,,,,,37.85633346,-87.57227122,,2023-11-16,1420,2,2,0,0,CLEAR,DRY,False,SIDESWIPE COLLISION - SAME DIRECTION,SIDESWIPE-SAME DIRECTION,CURVE & GRADE,DAYLIGHT,,,45250.48675,False,82,Accepted,5,5,O,,OTHER,,2023,1
6952,32483066,0510100,HENDERSON POLICE DEPARTMENT,Accepted,HENDERSON,,,OLD ORCHARD,LN,,,HONEYSUCKLE,,,,,37.830271,-87.55344173,0.196,2023-11-18,1328,1,1,0,3,CLEAR,DRY,False,NON-COLLISION OBJECT COLLISION,SINGLE VEHICLE,STRAIGHT & LEVEL,DAYLIGHT,,,45250.48719,False,9,Accepted,3,3,B,,"DISTRACTION, MISJUDGE CLEARANCE, NOT UNDER PROPER CONTROL",,2023,1
6957,32488955,0510100,HENDERSON POLICE DEPARTMENT,Accepted,HENDERSON,US0041,,US41,,N,,,,HARMONY,,ROBIN,37.86899698,-87.57135284,16.926,2023-11-19,1721,2,2,0,0,CLEAR,DRY,False,OTHER ROADWAY OR MID-BLOCK COLLISION,REAR END,STRAIGHT & LEVEL,DARK-HWY NOT LIGHTED,,,45251.6271,False,67,Accepted,5,5,O,BACKUP DUE TO REGULAR CONGESTION,INATTENTION,,2023,1
6958,32488960,0510100,HENDERSON POLICE DEPARTMENT,Accepted,HENDERSON,,,WATSON,LN,,US0041,US41,,,,,37.87529194,-87.5676208,1.096,2023-11-20,1056,2,2,0,0,CLOUDY,DRY,True,SIDESWIPE-SAME DIRECTION,SIDESWIPE-SAME DIRECTION,STRAIGHT & LEVEL,DAYLIGHT,,,45251.62736,False,67,Accepted,5,5,O,,INATTENTION,,2023,1
6959,32488966,0510100,HENDERSON POLICE DEPARTMENT,Accepted,HENDERSON,,,INGRAM,ST,N,,,KY0351,2ND,,3RD,37.83960512,-87.5865113,0.426,2023-11-20,1454,2,2,0,1,CLOUDY,DRY,False,1 VEHICLE PARKED POSITION (NOT PARKING LOT/DRIVEWAY),SIDESWIPE-OPPOSITE DIRECTION,STRAIGHT & LEVEL,DAYLIGHT,,,45251.62771,False,67,Accepted,5,4,C,,LOST CONSCIOUSNESS/FAINTED,,2023,1
6960,32489288,0510100,HENDERSON POLICE DEPARTMENT,Accepted,HENDERSON,US0041,,US41,,N,,,,BARRET,,PARK,37.86398193,-87.5739512,16.555,2023-11-19,1454,2,2,0,0,CLOUDY,DRY,False,1 VEHICLE ENTERING/LEAVING ENTRANCE,ANGLE,STRAIGHT & LEVEL,DAYLIGHT,,,45251.67252,False,67,Accepted,5,5,O,GLARE (SUN),INATTENTION,,2023,1
6961,32489354,0510100,HENDERSON POLICE DEPARTMENT,Accepted,HENDERSON,US0041A,1725,GREEN,ST,S,,,,,,,37.8159956,-87.61489664,13.665,2023-11-16,1143,3,3,0,0,CLEAR,DRY,False,1 VEHICLE ENTERING/LEAVING ENTRANCE,ANGLE,STRAIGHT & LEVEL,DAYLIGHT,,,45251.68457,False,50,Accepted,5,5,O,,OTHER,,2023,1