OBJECTID,IncidentID,AgencyORI,AgencyName,IncidentStatusDesc,County,RdwyNumber,Street,RoadwayName,StreetSfx,StreetDir,IntersectionRdwy,IntersectionRdwyName,BetweenStRdwy1,BetweenStRdwyName1,BetweenStRdwy2,BetweenStRdwyName2,Latitude,Longitude,Milepoint,CollisionDate,CollisionTime,UnitsInvolved,MotorVehiclesInvolved,NumberKilled,NumberInjured,Weather,RdwyConditionCode,HitandRun,DirAnalysisCode,MannerofCollision,RdwyCharacter,LightCondition,RampFromRdwyId,RampToRdwyId,AcceptedDate,IsSecondaryCollision,OwnerBadge,IncidentStatus,InjurySeverityCde,KABCO_Code,KABCO,Environmental_Factors,Human_Factors,Vehicular_Factors,CollisionYear,CityCrash
6962,32491432,0510100,HENDERSON POLICE DEPARTMENT,Accepted,HENDERSON,US0041,,US41,,N,,,,BARKER,,WALKER,37.8714914,-87.56997982,17.115,2023-11-17,1612,3,3,0,0,CLEAR,DRY,False,OTHER ROADWAY OR MID-BLOCK COLLISION,REAR END,STRAIGHT & LEVEL,DARK-HWY LIGHTED/ON,,,45252.26206,False,48,Accepted,5,5,O,,INATTENTION,,2023,1
6965,32494919,0510100,HENDERSON POLICE DEPARTMENT,Accepted,HENDERSON,,115,MAIN,ST,S,,,,,,,37.837684,-87.59401717,2.074,2023-11-15,1805,2,2,0,0,CLEAR,DRY,False,1 VEHICLE PARKED POSITION (NOT PARKING LOT/DRIVEWAY),SIDESWIPE-SAME DIRECTION,STRAIGHT & LEVEL,DARK-HWY NOT LIGHTED,,,45252.93025,False,23,Accepted,5,5,O,,INATTENTION,,2023,1
6966,32494920,0510100,HENDERSON POLICE DEPARTMENT,Accepted,HENDERSON,US0060,3001,US60,,E,,,,CHAMBERS,,WATHEN,37.86471476,-87.54070136,12.175,2023-11-15,1817,1,1,0,0,CLEAR,DRY,False,COLLISION WITH ANIMAL NON INTERSECTION,SINGLE VEHICLE,STRAIGHT & LEVEL,DARK-HWY LIGHTED/ON,,,45252.93035,False,32,Accepted,5,5,O,ANIMALS ACTION,,,2023,1
6967,32495135,0510100,HENDERSON POLICE DEPARTMENT,Accepted,HENDERSON,US0041,2044,US41,,N,,,,,,,37.86465027,-87.57351818,16.607,2023-11-17,1952,2,2,0,0,CLEAR,DRY,False,SIDESWIPE COLLISION - SAME DIRECTION,SIDESWIPE-SAME DIRECTION,STRAIGHT & LEVEL,DARK-HWY LIGHTED/ON,,,45252.99777,False,22,Accepted,5,5,O,,"FOLLOWING TOO CLOSE, NOT UNDER PROPER CONTROL, TURNING IMPROPERLY",,2023,1
6968,32497568,0510100,HENDERSON POLICE DEPARTMENT,Accepted,HENDERSON,,,VINE,ST,,,,,,,,37.83111141,-87.5955627,0.013,2023-11-21,1954,2,2,0,0,CLOUDY,DRY,False,1 VEHICLE PARKED POSITION (NOT PARKING LOT/DRIVEWAY),REAR END,STRAIGHT & LEVEL,DARK-HWY LIGHTED/ON,,,45254.09034,False,58,Accepted,5,5,O,,INATTENTION,,2023,1
6969,32498462,0510100,HENDERSON POLICE DEPARTMENT,Accepted,HENDERSON,US0060,,GREEN,ST,S,,,,,,,37.80394804,-87.63714897,9.307,2023-11-22,929,3,3,0,0,CLEAR,DRY,False,OTHER ROADWAY OR MID-BLOCK COLLISION,REAR END,STRAIGHT & LEVEL,DAYLIGHT,,,45254.47166,False,50,Accepted,5,5,O,,OTHER,,2023,1
6970,32498465,0510100,HENDERSON POLICE DEPARTMENT,Accepted,HENDERSON,US0041A,1300,GREEN,ST,S,,,,,,,37.82347088,-87.60352179,14.494,2023-11-22,1651,1,1,0,0,CLEAR,DRY,False,COLLISION WITH FIXED OBJECT NON - INTERSECTION - FIRST EVENT COLLISION 09 - 32 EXCLUDING 16,SINGLE VEHICLE,STRAIGHT & LEVEL,DARK-HWY LIGHTED/ON,,,45254.47179,False,50,Accepted,5,5,O,,"INATTENTION, OTHER",,2023,1
6971,32499901,0510100,HENDERSON POLICE DEPARTMENT,Accepted,HENDERSON,US0041,,US41,,N,,,,,,,37.85380744,-87.56987632,15.911,2023-11-09,1749,2,2,0,0,CLEAR,DRY,True,SIDESWIPE COLLISION - SAME DIRECTION,SIDESWIPE-SAME DIRECTION,STRAIGHT & LEVEL,DUSK,,,45254.90284,False,42,Accepted,5,5,O,,"FAILED TO KEEP PROPER LANE, INATTENTION",,2023,1
6972,32500507,0510100,HENDERSON POLICE DEPARTMENT,Accepted,HENDERSON,,,4TH,ST,,,,,INGRAM,,ADAMS,37.84103015,-87.58489076,0.266,2023-11-22,1950,1,1,0,0,CLEAR,DRY,False,COLLISION WITH FIXED OBJECT NON - INTERSECTION - FIRST EVENT COLLISION 09 - 32 EXCLUDING 16,SINGLE VEHICLE,STRAIGHT & LEVEL,DARK-HWY LIGHTED/OFF,,,45255.0514,False,32,Accepted,5,5,O,ANIMALS ACTION,,,2023,1
6973,32500596,0510100,HENDERSON POLICE DEPARTMENT,Accepted,HENDERSON,KY0136,,SAND,LN,,,,,MADISON,,MCCLURE,37.82044172,-87.5930652,20.174,2023-11-23,512,1,1,0,0,CLEAR,DRY,False,COLLISION WITH ANIMAL NON INTERSECTION,SINGLE VEHICLE,STRAIGHT & LEVEL,DARK-HWY LIGHTED/OFF,,,45255.0783,False,32,Accepted,5,5,O,ANIMALS ACTION,,,2023,1
6974,32507121,0510100,HENDERSON POLICE DEPARTMENT,Accepted,HENDERSON,US0041,,US41,,N,,,,WALNUT,,WATSON,37.87947109,-87.56534242,17.718,2023-11-26,1507,2,2,0,0,RAINING,WET,False,REAR END IN TRAFFIC LANES BOTH VEHICLES MOVING,REAR END,STRAIGHT & LEVEL,DAYLIGHT,,,45257.3464,False,48,Accepted,5,5,O,SLIPPERY SURFACE,INATTENTION,,2023,1
6975,32507590,0510100,HENDERSON POLICE DEPARTMENT,Accepted,HENDERSON,US0041,2757,US41,,N,,,,,,,37.87805563,-87.56636939,17.61,2023-11-26,1412,3,3,0,1,CLOUDY,WET,False,REAR END IN TRAFFIC LANES BOTH VEHICLES MOVING,REAR END,STRAIGHT & LEVEL,DAYLIGHT,,,45257.38145,False,50,Accepted,5,4,C,SLIPPERY SURFACE,OTHER,,2023,1
6976,32507785,0510100,HENDERSON POLICE DEPARTMENT,Accepted,HENDERSON,,,2ND,ST,,US0041A,GREEN,,,,,37.8394694,-87.58845495,0.001,2023-11-21,1255,2,2,0,2,CLOUDY,DRY,False,ANGLE COLLISION - OTHER,ANGLE,STRAIGHT & LEVEL,DAYLIGHT,,,45257.39916,False,48,Accepted,5,3,B,MAINTENANCE/UTILITY WORK ZONE,"DISREGARD TRAFFIC CONTROL, INATTENTION",,2023,1
6977,32507787,0510100,HENDERSON POLICE DEPARTMENT,Accepted,HENDERSON,KY0351,,2ND,ST,,,,,ALVASIA,,HOLLOWAY,37.83700302,-87.5822335,0.376,2023-11-23,1340,2,2,0,0,CLEAR,DRY,False,SIDESWIPE COLLISION - SAME DIRECTION,SIDESWIPE-SAME DIRECTION,STRAIGHT & LEVEL,DAYLIGHT,,,45257.39936,False,34,Accepted,5,5,O,,"INATTENTION, MISJUDGE CLEARANCE",,2023,1
6978,32507788,0510100,HENDERSON POLICE DEPARTMENT,Accepted,HENDERSON,,,BARRET,BLVD,,,,US0041,US41,,BARRET,37.86413432,-87.57325846,0.871,2023-11-24,1600,2,2,0,1,CLOUDY,DRY,False,1 VEHICLE ENTERING/LEAVING ENTRANCE,ANGLE,STRAIGHT & LEVEL,DUSK,,,45257.3995,False,34,Accepted,5,3,B,,OTHER,,2023,1
6979,32507789,0510100,HENDERSON POLICE DEPARTMENT,Accepted,HENDERSON,KY0812,,AIRLINE,RD,,,GARDEN MILE,,,,,37.81487241,-87.560113,6.771,2023-11-24,1108,2,2,0,0,CLEAR,DRY,False,ANGLE COLLISION - OTHER,ANGLE,STRAIGHT & LEVEL,DAYLIGHT,,,45257.39963,False,17,Accepted,5,5,O,,FAILED TO YIELD RIGHT OF WAY,,2023,1
6980,32507790,0510100,HENDERSON POLICE DEPARTMENT,Accepted,HENDERSON,US0041,2746,US41,,N,,,,,,,37.87630706,-87.56702927,17.485,2023-11-26,1336,2,2,0,0,RAINING,WET,False,REAR END IN TRAFFIC LANES BOTH VEHICLES MOVING,REAR END,STRAIGHT & LEVEL,DAYLIGHT,,,45257.39974,False,48,Accepted,5,5,O,SLIPPERY SURFACE,,,2023,1
6981,32507791,0510100,HENDERSON POLICE DEPARTMENT,Accepted,HENDERSON,,34,PARAGON,DR,,,,,,,,37.801039,-87.63993439,0.129,2023-11-27,640,2,2,0,0,CLEAR,DRY,False,1 VEHICLE PARKED POSITION (NOT PARKING LOT/DRIVEWAY),BACKING,STRAIGHT & LEVEL,DAYLIGHT,,,45257.39983,False,47,Accepted,5,5,O,,INATTENTION,,2023,1
6984,32508410,0510000,HENDERSON COUNTY SHERIFF DEPT.,Accepted,HENDERSON,KY2084,,KY2084,,S,,,,,,,37.80434354,-87.57255656,1.025,2023-11-22,11,1,1,0,0,CLEAR,DRY,False,OTHER COLLISIONS ON SHOULDER,SINGLE VEHICLE,STRAIGHT & LEVEL,DARK-HWY NOT LIGHTED,,,45257.4379,False,137,Accepted,5,5,O,,"ALCOHOL INVOLVEMENT, NOT UNDER PROPER CONTROL",,2023,1
6985,32508766,0510100,HENDERSON POLICE DEPARTMENT,Accepted,HENDERSON,,,WATSON,LN,,,GREEN RIVER,,,,,37.86863549,-87.55756323,,2023-11-27,850,2,2,0,0,CLEAR,DRY,False,ANGLE COLLISION - OTHER,ANGLE,STRAIGHT & LEVEL,DAYLIGHT,,,45257.46675,False,82,Accepted,5,5,O,,INATTENTION,,2023,1
6987,32511875,0510100,HENDERSON POLICE DEPARTMENT,Accepted,HENDERSON,US0060,,GREEN,ST,S,,,,,,,37.80749491,-87.62849649,9.883,2023-11-18,347,2,1,1,0,CLEAR,DRY,False,COLLISION WITH PEDESTRIAN NON - INTERSECTION,SINGLE VEHICLE,STRAIGHT & LEVEL,DARK-HWY NOT LIGHTED,,,45258.00496,False,58,Accepted,1,1,K,,,,2023,1
6988,32512022,0510100,HENDERSON POLICE DEPARTMENT,Accepted,HENDERSON,US0060,,GREEN,ST,S,,OLD HENDERSON CORYDON,,,,,37.80377232,-87.63745856,9.323,2023-11-23,1838,2,2,0,0,CLEAR,DRY,False,OPPOSING LEFT TURN,OPPOSING LEFT TURN,STRAIGHT & LEVEL,DARK-HWY LIGHTED/ON,,,45258.04745,False,23,Accepted,5,5,O,,"DISREGARD TRAFFIC CONTROL, FAILED TO YIELD RIGHT OF WAY, INATTENTION",,2023,1
6989,32512055,0510100,HENDERSON POLICE DEPARTMENT,Accepted,HENDERSON,US0041,15,US41,,N,,,,,,,37.84820689,-87.56676719,15.335,2023-11-24,150,1,1,0,1,CLEAR,DRY,False,OTHER ROADWAY OR MID-BLOCK COLLISION,SINGLE VEHICLE,STRAIGHT & LEVEL,DARK-HWY NOT LIGHTED,,,45258.06315,False,23,Accepted,3,3,B,DEBRIS IN ROADWAY,,,2023,1
6990,32512183,0510100,HENDERSON POLICE DEPARTMENT,Accepted,HENDERSON,,,2ND,ST,,US0041A,GREEN,,,,,37.8395691,-87.58866898,0.013,2023-11-24,1927,2,2,0,0,CLEAR,DRY,False,REAR END - ONE VEHICLE TURNING RIGHT,REAR END,STRAIGHT & LEVEL,DUSK,,,45258.09564,False,42,Accepted,5,5,O,,"INATTENTION, MISJUDGE CLEARANCE",,2023,1
6991,32512868,0510100,HENDERSON POLICE DEPARTMENT,Accepted,HENDERSON,US0041,2625,US41,,N,,WALNUT,,,,,37.88117018,-87.56468484,17.812,2023-11-26,1456,2,2,0,0,RAINING,WET,False,OTHER INTERSECTION COLLISIONS,REAR END,STRAIGHT & LEVEL,DUSK,,,45258.31336,False,27,Accepted,5,5,O,SLIPPERY SURFACE,INATTENTION,,2023,1
6992,32513993,0510100,HENDERSON POLICE DEPARTMENT,Accepted,HENDERSON,US0060,,GREEN,ST,S,KY0425,KY425,,,,,37.79989376,-87.64792687,8.701,2023-11-26,1124,2,2,0,0,RAINING,WET,False,OPPOSING LEFT TURN,OPPOSING LEFT TURN,STRAIGHT & LEVEL,DAYLIGHT,,,45258.49254,False,27,Accepted,5,5,O,SLIPPERY SURFACE,FAILED TO YIELD RIGHT OF WAY,,2023,1
6993,32513994,0510100,HENDERSON POLICE DEPARTMENT,Accepted,HENDERSON,,500,WASHINGTON,ST,,,ADAMS,,,,,37.83552359,-87.5895833,1.123,2023-11-25,1734,2,2,0,1,CLEAR,DRY,False,OPPOSING LEFT TURN,OPPOSING LEFT TURN,STRAIGHT & LEVEL,DUSK,,,45258.49277,False,27,Accepted,5,3,B,,FAILED TO YIELD RIGHT OF WAY,,2023,1
6995,32516810,0510100,HENDERSON POLICE DEPARTMENT,Accepted,HENDERSON,,,GREEN RIVER,RD,,,OSAGE,,,,,37.87160094,-87.55112128,1.126,2023-11-26,1853,1,1,0,1,RAINING,WET,False,COLLISION WITH FIXED OBJECT IN INTERSECTION - FIRST EVENT COLLISION 09 - 32,SINGLE VEHICLE,STRAIGHT & LEVEL,DARK-HWY LIGHTED/ON,,,45259.06817,False,29,Accepted,5,4,C,,"ALCOHOL INVOLVEMENT, INATTENTION",,2023,1
6996,32517452,0510100,HENDERSON POLICE DEPARTMENT,Accepted,HENDERSON,KY0351,2424,ZION,RD,,,,,,,,37.82886471,-87.55984628,,2023-11-27,1535,2,2,0,0,CLEAR,DRY,False,1 VEHICLE ENTERING/LEAVING ENTRANCE,ANGLE,STRAIGHT & LEVEL,DAYLIGHT,,,45259.33689,False,82,Accepted,5,5,O,BACKUP DUE TO REGULAR CONGESTION,OTHER,,2023,1
6997,32517506,0510100,HENDERSON POLICE DEPARTMENT,Accepted,HENDERSON,US0060,,US60,,E,,BARRET,,,,,37.85990756,-87.56776276,10.599,2023-11-28,902,2,2,0,3,CLEAR,DRY,False,OPPOSING LEFT TURN,OPPOSING LEFT TURN,STRAIGHT & LEVEL,DAYLIGHT,,,45259.34909,False,67,Accepted,4,3,B,,INATTENTION,,2023,1
6998,32517507,0510100,HENDERSON POLICE DEPARTMENT,Accepted,HENDERSON,US0041A,,GREEN,ST,N,,,,8TH,,7TH,37.84655145,-87.583912,16.474,2023-11-28,1329,4,4,0,0,CLEAR,DRY,True,REAR END IN TRAFFIC LANES BOTH VEHICLES MOVING,REAR END,STRAIGHT & LEVEL,DAYLIGHT,,,45259.34915,False,34,Accepted,5,5,O,OTHER,"INATTENTION, FOLLOWING TOO CLOSE",,2023,1
7000,32521196,0510100,HENDERSON POLICE DEPARTMENT,Accepted,HENDERSON,,177,GARDEN MILE,RD,N,,,,,,,37.8273573,-87.55809163,0.066,2023-11-28,1811,2,2,0,1,CLEAR,DRY,False,REAR END IN TRAFFIC LANES BOTH VEHICLES MOVING,REAR END,STRAIGHT & LEVEL,DARK-HWY LIGHTED/ON,,,45260.03127,False,25,Accepted,5,3,B,,FOLLOWING TOO CLOSE,BRAKES DEFECTIVE,2023,1
7001,32521258,0510100,HENDERSON POLICE DEPARTMENT,Accepted,HENDERSON,US0060,,GREEN,ST,S,,,,,,,37.80730177,-87.62870413,9.867,2023-11-29,0,1,1,0,0,CLEAR,DRY,False,COLLISION WITH ANIMAL NON INTERSECTION,SINGLE VEHICLE,STRAIGHT & LEVEL,DARK-HWY LIGHTED/OFF,,,45260.05279,False,31,Accepted,5,5,O,ANIMALS ACTION,,,2023,1
7003,32522939,0510100,HENDERSON POLICE DEPARTMENT,Accepted,HENDERSON,US0060,,US60,,E,,MARYWOOD,,,,,37.86101939,-87.56475887,10.79,2023-11-28,1731,2,2,0,0,CLEAR,DRY,False,SIDESWIPE-SAME DIRECTION,SIDESWIPE-SAME DIRECTION,STRAIGHT & LEVEL,DARK-HWY NOT LIGHTED,,,45260.42693,False,67,Accepted,5,5,O,,INATTENTION,,2023,1
7004,32522968,0510100,HENDERSON POLICE DEPARTMENT,Accepted,HENDERSON,,,US HWY 60 E,,,,,,,,,37.86059686,-87.5658437,,2023-11-29,1450,2,2,0,0,CLEAR,DRY,False,SIDESWIPE COLLISION - SAME DIRECTION,SIDESWIPE-SAME DIRECTION,STRAIGHT & LEVEL,DAYLIGHT,,,45260.4357,False,82,Accepted,5,5,O,,INATTENTION,,2023,1
7005,32522969,0510100,HENDERSON POLICE DEPARTMENT,Accepted,HENDERSON,,268,FOX HOLLOW,RUN,E,,,,,,,37.81999586,-87.56362279,0.228,2023-11-27,1750,2,2,0,0,CLEAR,DRY,False,1 VEHICLE PARKED POSITION (NOT PARKING LOT/DRIVEWAY),BACKING,STRAIGHT & LEVEL,DARK (UNKNOWN ROADWAY LIGHTING),,,45260.43581,False,17,Accepted,5,5,O,,INATTENTION,,2023,1
7006,32522971,0510100,HENDERSON POLICE DEPARTMENT,Accepted,HENDERSON,,1400,PRINGLE,ST,,,,,,,,37.82176258,-87.58403381,0.256,2023-11-29,630,1,1,0,0,CLEAR,DRY,True,COLLISION WITH FIXED OBJECT NON - INTERSECTION - FIRST EVENT COLLISION 09 - 32 EXCLUDING 16,SINGLE VEHICLE,STRAIGHT & LEVEL,DAYLIGHT,,,45260.43598,False,17,Accepted,5,5,O,,"NOT UNDER PROPER CONTROL, TURNING IMPROPERLY",,2023,1
7008,32526356,0510100,HENDERSON POLICE DEPARTMENT,Accepted,HENDERSON,,100,ALVASIA,ST,S,,,,,,,37.83175283,-87.58765218,0.254,2023-11-27,2143,2,2,0,0,CLEAR,DRY,False,1 VEHICLE PARKED POSITION (NOT PARKING LOT/DRIVEWAY),HEAD ON,STRAIGHT & LEVEL,DARK-HWY NOT LIGHTED,,,45261.02302,False,18,Accepted,5,5,O,,"INATTENTION, MISJUDGE CLEARANCE",,2023,1
7009,32528371,0510100,HENDERSON POLICE DEPARTMENT,Accepted,HENDERSON,US0041,2800,US41,,N,,,,,,,37.87860385,-87.56591708,17.654,2023-11-27,1550,2,2,0,0,CLEAR,DRY,False,1 VEHICLE ENTERING/LEAVING ENTRANCE,ANGLE,STRAIGHT & LEVEL,DAYLIGHT,,,45261.45783,False,47,Accepted,5,5,O,"BACKUP DUE TO REGULAR CONGESTION, OTHER",OTHER,,2023,1
7010,32528372,0510100,HENDERSON POLICE DEPARTMENT,Accepted,HENDERSON,US0041,,US41,,N,,,,,,,37.84876859,-87.56687164,,2023-11-30,1510,2,2,0,0,CLEAR,DRY,False,VEHICLE BACKING NON INTERSECTION,BACKING,STRAIGHT & LEVEL,DAYLIGHT,,,45261.45797,False,82,Accepted,5,5,O,CONSTRUCTION WORK ZONE,"OTHER, OVERCORRECTING/OVERSTEERING",,2023,1
7011,32528373,0510100,HENDERSON POLICE DEPARTMENT,Accepted,HENDERSON,US0041,2230,US41,,N,,,,,,,37.86970466,-87.57076177,16.985,2023-11-27,1611,2,2,0,0,CLEAR,DRY,True,1 VEHICLE ENTERING/LEAVING ENTRANCE,ANGLE,STRAIGHT & LEVEL,DUSK,,,45261.45812,False,48,Accepted,5,5,O,,"INATTENTION, MISJUDGE CLEARANCE",,2023,1
7016,32530907,0510100,HENDERSON POLICE DEPARTMENT,Accepted,HENDERSON,US0041A,1651,GREEN,ST,S,,MCCLAIN,,,,,37.81750971,-87.6125835,13.843,2023-11-30,1758,2,2,0,1,CLOUDY,DRY,False,OTHER INTERSECTION COLLISIONS,REAR END,STRAIGHT & LEVEL,DARK-HWY LIGHTED/ON,,,45262.03915,False,32,Accepted,5,3,B,,,OTHER LIGHTING DEFECTIVE,2023,1
7017,32530972,0510100,HENDERSON POLICE DEPARTMENT,Accepted,HENDERSON,,,FAGAN,ST,,,MADISON,,,,,37.82585509,-87.59054107,0.004,2023-12-01,526,1,1,0,0,RAINING,WET,False,COLLISION WITH FIXED OBJECT IN INTERSECTION - FIRST EVENT COLLISION 09 - 32,SINGLE VEHICLE,STRAIGHT & LEVEL,DARK-HWY LIGHTED/ON,,,45262.04926,False,32,Accepted,5,5,O,SLIPPERY SURFACE,,,2023,1
7018,32531006,0510100,HENDERSON POLICE DEPARTMENT,Accepted,HENDERSON,US0041A,437,GREEN,ST,N,,,,,,,37.84306349,-87.5861778,16.199,2023-11-29,2115,2,2,0,0,CLOUDY,DRY,False,SIDESWIPE COLLISION - OPPOSITE DIRECTION,SIDESWIPE-OPPOSITE DIRECTION,STRAIGHT & LEVEL,DARK (UNKNOWN ROADWAY LIGHTING),,,45262.06017,False,16,Accepted,5,5,O,,,"TIRE FAILURE, TIRES",2023,1
7019,32537414,0510100,HENDERSON POLICE DEPARTMENT,Accepted,HENDERSON,,122,MEADOW,ST,,,,,,,,37.83052389,-87.58226654,0.547,2023-12-03,1920,2,2,0,0,CLEAR,DRY,False,1 VEHICLE PARKED POSITION (NOT PARKING LOT/DRIVEWAY),BACKING,STRAIGHT & LEVEL,DARK-HWY LIGHTED/ON,,,45264.28672,False,25,Accepted,5,5,O,,INATTENTION,,2023,1
7020,32537626,0510100,HENDERSON POLICE DEPARTMENT,Accepted,HENDERSON,US0041A,,GREEN,ST,N,,,,6TH,,7TH,37.84564492,-87.58442668,16.416,2023-11-30,1611,2,2,0,0,CLEAR,DRY,False,REAR END IN TRAFFIC LANES BOTH VEHICLES MOVING,REAR END,STRAIGHT & LEVEL,DAYLIGHT,,,45264.33534,False,48,Accepted,5,5,O,OTHER,OTHER,,2023,1
7021,32537628,0510100,HENDERSON POLICE DEPARTMENT,Accepted,HENDERSON,,1100,POWELL,ST,,,,,,,,37.82991647,-87.5829705,0.912,2023-12-01,1423,2,2,0,0,RAINING,WET,False,SIDESWIPE COLLISION - OPPOSITE DIRECTION,SIDESWIPE-OPPOSITE DIRECTION,STRAIGHT & LEVEL,DAYLIGHT,,,45264.33542,False,27,Accepted,5,5,O,SLIPPERY SURFACE,DISTRACTION,,2023,1
7022,32537630,0510100,HENDERSON POLICE DEPARTMENT,Accepted,HENDERSON,US0041,2222,US41,,N,,,,,,,37.8731601,-87.56895516,17.244,2023-12-01,1535,2,2,0,0,CLEAR,WET,False,1 VEHICLE ENTERING/LEAVING ENTRANCE,ANGLE,STRAIGHT & LEVEL,DAYLIGHT,,,45264.33547,False,27,Accepted,5,5,O,SLIPPERY SURFACE,FAILED TO YIELD RIGHT OF WAY,,2023,1
7023,32537634,0510100,HENDERSON POLICE DEPARTMENT,Accepted,HENDERSON,US0041,,US41,,N,,,,JOHN JAMES AUDUBON STATE,,WALNUT,37.88110653,-87.56470046,17.814,2023-12-02,1026,2,2,0,3,CLOUDY,DRY,False,1 VEHICLE ENTERING/LEAVING ENTRANCE,ANGLE,STRAIGHT & LEVEL,DAYLIGHT,,,45264.33555,False,67,Accepted,4,3,B,,INATTENTION,,2023,1
7024,32537923,0510100,HENDERSON POLICE DEPARTMENT,Accepted,HENDERSON,,,2ND,ST,,,INGRAM,,,,,37.83832642,-87.58560045,,2023-12-01,1050,2,2,0,0,CLOUDY,WET,False,ANGLE COLLISION - OTHER,ANGLE,STRAIGHT & LEVEL,DAYLIGHT,,,45264.36004,False,82,Accepted,5,5,O,,OTHER,,2023,1
7025,32537930,0510100,HENDERSON POLICE DEPARTMENT,Accepted,HENDERSON,,128,JULIA,ST,S,,,,,,,37.83091439,-87.58401375,0.194,2023-12-01,739,1,1,0,0,RAINING,WET,True,COLLISION WITH FIXED OBJECT NON - INTERSECTION - FIRST EVENT COLLISION 09 - 32 EXCLUDING 16,SINGLE VEHICLE,STRAIGHT & LEVEL,DAYLIGHT,,,45264.36018,False,48,Accepted,5,5,O,,"IMPROPER BACKING, INATTENTION, NOT UNDER PROPER CONTROL",,2023,1
7026,32537936,0510100,HENDERSON POLICE DEPARTMENT,Accepted,HENDERSON,,,GARDEN MILE,RD,S,KY0812,AIRLINE,,,,,37.81482274,-87.56010416,,2023-12-01,1726,2,2,0,2,CLOUDY,WET,False,ANGLE COLLISION - OTHER,ANGLE,STRAIGHT & LEVEL,DARK-HWY LIGHTED/ON,,,45264.36026,False,65,Accepted,4,4,C,,"DISREGARD TRAFFIC CONTROL, INATTENTION",,2023,1
7027,32537945,0510100,HENDERSON POLICE DEPARTMENT,Accepted,HENDERSON,US0041A,,GREEN,ST,S,,WASHINGTON,,,,,37.83630529,-87.59081379,15.664,2023-12-02,640,2,2,0,0,FOG,WET,False,OTHER INTERSECTION COLLISIONS,REAR END,STRAIGHT & GRADE,DAWN,,,45264.36039,False,34,Accepted,5,5,O,OTHER,FOLLOWING TOO CLOSE,,2023,1
7028,32538220,0510100,HENDERSON POLICE DEPARTMENT,Accepted,HENDERSON,,,ELM,ST,N,,14TH,,,,,37.85484909,-87.58061626,1.299,2023-12-02,731,2,2,0,0,CLOUDY,WET,False,ANGLE COLLISION - OTHER,ANGLE,STRAIGHT & LEVEL,DAWN,,,45264.37884,False,34,Accepted,5,5,O,,INATTENTION,,2023,1
7029,32538222,0510100,HENDERSON POLICE DEPARTMENT,Accepted,HENDERSON,US0041A,,GREEN,ST,N,,14TH,,,,,37.85405291,-87.57885157,17.073,2023-12-02,1312,2,2,0,0,CLOUDY,DRY,False,OPPOSING LEFT TURN,OPPOSING LEFT TURN,STRAIGHT & LEVEL,DAYLIGHT,,,45264.37897,False,34,Accepted,5,5,O,,"INATTENTION, MISJUDGE CLEARANCE",,2023,1
7031,32540150,0510000,HENDERSON COUNTY SHERIFF DEPT.,Accepted,HENDERSON,,,2ND,ST,,,MAIN,,,,,37.84072964,-87.59150733,0.187,2023-12-02,856,2,2,0,0,CLOUDY,WET,False,COLLISION WITH PARKED VEHICLE,ANGLE,STRAIGHT & LEVEL,DAYLIGHT,,,45264.66136,False,139,Accepted,5,5,O,,MISJUDGE CLEARANCE,,2023,1
7035,32542211,0510100,HENDERSON POLICE DEPARTMENT,Accepted,HENDERSON,US0041A,1202,GREEN,ST,N,,,,,,,37.85211793,-87.58022285,16.897,2023-12-04,1724,2,2,0,0,CLEAR,DRY,False,SIDESWIPE COLLISION - SAME DIRECTION,SIDESWIPE-SAME DIRECTION,STRAIGHT & LEVEL,DARK-HWY LIGHTED/ON,,,45265.23774,False,23,Accepted,5,5,O,,"IMPROPER PASSING, INATTENTION",MIRRORS,2023,1
7036,32543489,0510100,HENDERSON POLICE DEPARTMENT,Accepted,HENDERSON,,,POWELL,ST,,,MILL,,,,,37.82830903,-87.5802407,1.089,2023-12-02,1432,2,2,0,0,CLEAR,DRY,False,ANGLE COLLISION - OTHER,ANGLE,STRAIGHT & LEVEL,DAYLIGHT,,,45265.50392,False,17,Accepted,5,5,O,,"FAILED TO YIELD RIGHT OF WAY, INATTENTION",,2023,1
7037,32543490,0510100,HENDERSON POLICE DEPARTMENT,Accepted,HENDERSON,KY2098,,WASHINGTON,ST,,,LINCOLN,,,,,37.82524916,-87.57211453,0.061,2023-12-03,1618,2,2,0,0,CLEAR,DRY,True,OPPOSITE DIRECTION - BOTH VEHICLES GOING STRAIGHT AHEAD,SIDESWIPE-OPPOSITE DIRECTION,STRAIGHT & LEVEL,DAYLIGHT,,,45265.50419,False,17,Accepted,5,5,O,,,,2023,1
7038,32543491,0510100,HENDERSON POLICE DEPARTMENT,Accepted,HENDERSON,,,MAIN,ST,S,,FAIRVIEW,,,,,37.82068753,-87.61114891,,2023-12-03,1650,2,2,0,1,CLEAR,DRY,False,ANGLE COLLISION - OTHER,ANGLE,STRAIGHT & LEVEL,DARK-HWY NOT LIGHTED,,,45265.50456,False,73,Accepted,5,4,C,,"FAILED TO YIELD RIGHT OF WAY, INATTENTION",,2023,1