OBJECTID,IncidentID,AgencyORI,AgencyName,IncidentStatusDesc,County,RdwyNumber,Street,RoadwayName,StreetSfx,StreetDir,IntersectionRdwy,IntersectionRdwyName,BetweenStRdwy1,BetweenStRdwyName1,BetweenStRdwy2,BetweenStRdwyName2,Latitude,Longitude,Milepoint,CollisionDate,CollisionTime,UnitsInvolved,MotorVehiclesInvolved,NumberKilled,NumberInjured,Weather,RdwyConditionCode,HitandRun,DirAnalysisCode,MannerofCollision,RdwyCharacter,LightCondition,RampFromRdwyId,RampToRdwyId,AcceptedDate,IsSecondaryCollision,OwnerBadge,IncidentStatus,InjurySeverityCde,KABCO_Code,KABCO,Environmental_Factors,Human_Factors,Vehicular_Factors,CollisionYear,CityCrash
7039,32543492,0510100,HENDERSON POLICE DEPARTMENT,Accepted,HENDERSON,KY0351,,2ND,ST,,,INGRAM,,,,,37.83894864,-87.58718012,0.077,2023-12-04,1338,2,2,0,0,CLEAR,DRY,False,COLLISION WITH PARKED VEHICLE,SIDESWIPE-SAME DIRECTION,STRAIGHT & LEVEL,DAYLIGHT,,,45265.50471,False,9,Accepted,5,5,O,,"DISTRACTION, MISJUDGE CLEARANCE",,2023,1
7040,32548269,0510100,HENDERSON POLICE DEPARTMENT,Accepted,HENDERSON,US0041,,US41,,N,,,,,,,37.82777133,-87.56694424,13.882,2023-12-01,1540,2,2,0,0,CLOUDY,WET,False,SIDESWIPE COLLISION - SAME DIRECTION,SIDESWIPE-SAME DIRECTION,CURVE & LEVEL,DAYLIGHT,,,45266.38521,False,47,Accepted,5,5,O,OTHER,INATTENTION,,2023,1
7042,32548912,KSP1600,"KY STATE POLICE, POST 16",Accepted,HENDERSON,KY2084,,KY2084,,S,,,,,,,37.81249606,-87.57146158,1.598,2023-12-04,1005,2,2,0,0,CLOUDY,WET,False,OTHER ROADWAY OR MID-BLOCK COLLISION,REAR END,STRAIGHT & LEVEL,DAYLIGHT,,,45266.45456,False,1000,Accepted,5,5,O,,INATTENTION,,2023,1
7045,32557636,0510100,HENDERSON POLICE DEPARTMENT,Accepted,HENDERSON,,2300,GREEN RIVER,RD,,US0060,US60,,,,,37.86132691,-87.56414525,0.003,2023-12-06,743,2,2,0,0,CLEAR,DRY,False,OTHER INTERSECTION COLLISIONS,REAR END,STRAIGHT & LEVEL,DAYLIGHT,,,45268.34324,False,47,Accepted,5,5,O,,INATTENTION,,2023,1
7046,32557641,0510100,HENDERSON POLICE DEPARTMENT,Accepted,HENDERSON,US0041,,US41,,N,,,,,,,37.87261096,-87.5693891,17.199,2023-12-05,1614,2,2,0,0,CLEAR,DRY,False,SIDESWIPE COLLISION - SAME DIRECTION,SIDESWIPE-SAME DIRECTION,STRAIGHT & LEVEL,DAYLIGHT,,,45268.34337,False,50,Accepted,5,5,O,,INATTENTION,,2023,1
7047,32557727,0510100,HENDERSON POLICE DEPARTMENT,Accepted,HENDERSON,US0060,,GREEN,ST,S,KY0425,KY425,,,,,37.7999779,-87.64780234,8.718,2023-12-06,701,2,2,0,0,CLEAR,DRY,False,ANGLE COLLISION - OTHER,ANGLE,STRAIGHT & LEVEL,DAYLIGHT,,,45268.35631,False,50,Accepted,5,5,O,,INATTENTION,,2023,1
7048,32558007,0510100,HENDERSON POLICE DEPARTMENT,Accepted,HENDERSON,US0041A,,GREEN,ST,S,,,,WASHINGTON,,CENTER,37.83656716,-87.59054157,15.688,2023-12-05,1240,2,2,0,0,CLEAR,DRY,True,SIDESWIPE COLLISION - SAME DIRECTION,SIDESWIPE-SAME DIRECTION,STRAIGHT & LEVEL,DAYLIGHT,,,45268.39796,False,65,Accepted,5,5,O,,INATTENTION,,2023,1
7051,32559156,0510100,HENDERSON POLICE DEPARTMENT,Accepted,HENDERSON,,122,GREEN,ST,S,,,,,,,37.83612151,-87.59094761,,2023-12-06,1130,2,2,0,0,CLEAR,DRY,False,REAR END IN TRAFFIC LANES BOTH VEHICLES MOVING,REAR END,STRAIGHT & LEVEL,DAYLIGHT,,,45268.60234,False,82,Accepted,5,5,O,,OTHER,,2023,1
7052,32562689,0510100,HENDERSON POLICE DEPARTMENT,Accepted,HENDERSON,US0041A,122,GREEN,ST,S,,,,,,,37.8359957,-87.59110637,15.637,2023-12-01,1914,2,2,0,3,CLOUDY,WET,False,1 VEHICLE ENTERING/LEAVING ENTRANCE,ANGLE,STRAIGHT & LEVEL,DARK-HWY LIGHTED/ON,,,45269.78966,False,22,Accepted,5,4,C,,"FAILED TO YIELD RIGHT OF WAY, INATTENTION",,2023,1
7053,32567139,0510100,HENDERSON POLICE DEPARTMENT,Accepted,HENDERSON,US0041A,,GREEN,ST,S,,,,KRESGE,,DRURY,37.8140759,-87.61797877,13.428,2023-12-06,755,2,2,0,0,CLEAR,DRY,False,OTHER ROADWAY OR MID-BLOCK COLLISION,REAR END,STRAIGHT & LEVEL,DAYLIGHT,,,45271.33858,False,65,Accepted,5,5,O,,INATTENTION,,2023,1
7056,32568518,0510100,HENDERSON POLICE DEPARTMENT,Accepted,HENDERSON,KY0351,423,2ND,ST,,,,,,,,37.8394041,-87.58829187,,2023-12-07,1300,2,2,0,0,CLEAR,DRY,False,1 VEHICLE PARKED POSITION (NOT PARKING LOT/DRIVEWAY),SIDESWIPE-SAME DIRECTION,STRAIGHT & LEVEL,DAYLIGHT,,,45271.49755,False,82,Accepted,5,5,O,,MISJUDGE CLEARANCE,,2023,1
7057,32568520,0510100,HENDERSON POLICE DEPARTMENT,Accepted,HENDERSON,US0041A,,GREEN,ST,S,,,,DRURY,,KRESGE ,37.81492501,-87.61664709,,2023-12-07,1720,2,1,0,1,CLEAR,DRY,False,COLLISION WITH PEDESTRIAN NON - INTERSECTION,SINGLE VEHICLE,STRAIGHT & LEVEL,DARK-HWY LIGHTED/ON,,,45271.49804,False,73,Accepted,4,4,C,,,,2023,1
7058,32568523,0510100,HENDERSON POLICE DEPARTMENT,Accepted,HENDERSON,US0041,,US41,,N,,,,,,,37.8611191,-87.57534212,16.349,2023-12-09,1720,1,1,0,0,CLEAR,WET,False,COLLISION WITH FIXED OBJECT NON - INTERSECTION - FIRST EVENT COLLISION 09 - 32 EXCLUDING 16,SINGLE VEHICLE,STRAIGHT & LEVEL,DAWN,,,45271.49836,False,27,Accepted,5,5,O,SLIPPERY SURFACE,"FATIGUE, FELL ASLEEP",,2023,1
7059,32568602,0510100,HENDERSON POLICE DEPARTMENT,Accepted,HENDERSON,US0041,,US41,,N,,,,CINEMA,,PARK,37.86353411,-87.57419396,16.521,2023-12-04,1607,2,2,0,0,CLEAR,DRY,True,REAR END IN TRAFFIC LANES BOTH VEHICLES MOVING,REAR END,STRAIGHT & LEVEL,DAYLIGHT,,,45271.50892,False,67,Accepted,5,5,O,,"INATTENTION, OTHER",,2023,1
7060,32569543,0510100,HENDERSON POLICE DEPARTMENT,Accepted,HENDERSON,US0060,,US60,,E,,,,BARRET,US0041,US41 N EXIT81 OFF RAMP TO US60 E,37.85961987,-87.56865409,10.552,2023-12-07,1615,2,2,0,0,CLEAR,DRY,True,SIDESWIPE COLLISION - SAME DIRECTION,SIDESWIPE-SAME DIRECTION,STRAIGHT & LEVEL,DAYLIGHT,,,45271.61067,False,67,Accepted,5,5,O,,INATTENTION,,2023,1
7061,32569721,0510100,HENDERSON POLICE DEPARTMENT,Accepted,HENDERSON,US0041,2000,US41,,N,,,,,,,37.86442628,-87.57370835,16.577,2023-12-10,1717,2,2,0,0,CLEAR,DRY,False,OTHER ROADWAY OR MID-BLOCK COLLISION,OPPOSING LEFT TURN,STRAIGHT & LEVEL,DARK-HWY LIGHTED/ON,,,45271.63272,False,27,Accepted,5,5,O,,FAILED TO YIELD RIGHT OF WAY,,2023,1
7062,32569726,0510100,HENDERSON POLICE DEPARTMENT,Accepted,HENDERSON,US0041A,1700,GREEN,ST,S,,,,,,,37.82425142,-87.6026689,14.579,2023-12-11,712,2,2,0,0,CLEAR,DRY,False,REAR END IN TRAFFIC LANES BOTH VEHICLES MOVING,REAR END,STRAIGHT & LEVEL,DAYLIGHT,,,45271.63306,False,27,Accepted,5,5,O,,"FOLLOWING TOO CLOSE, INATTENTION",,2023,1
7063,32572469,0510100,HENDERSON POLICE DEPARTMENT,Accepted,HENDERSON,,2106,ELM,ST,N,,ROONEY,,,,,37.86686965,-87.57509682,2.208,2023-12-01,2159,1,1,0,2,FOG,WET,True,COLLISION WITH FIXED OBJECT IN INTERSECTION - FIRST EVENT COLLISION 09 - 32,SINGLE VEHICLE,CURVE & LEVEL,DARK-HWY LIGHTED/ON,,,45272.15058,False,29,Accepted,5,3,B,"SLIPPERY SURFACE, VIEW OBSTRUCTED, LIMITED DUE TO WEATHER CONDITIONS",OVERCORRECTING/OVERSTEERING,,2023,1
7064,32572470,0510100,HENDERSON POLICE DEPARTMENT,Accepted,HENDERSON,US0060,2120,GREEN,ST,S,,,,,,,37.80493586,-87.63453447,9.508,2023-12-05,1938,2,2,0,1,CLEAR,DRY,False,1 VEHICLE ENTERING/LEAVING ENTRANCE,ANGLE,STRAIGHT & LEVEL,DARK-HWY LIGHTED/ON,,,45272.15068,False,49,Accepted,5,4,C,,"FAILED TO YIELD RIGHT OF WAY, INATTENTION",,2023,1
7065,32573149,0510100,HENDERSON POLICE DEPARTMENT,Accepted,HENDERSON,,,2ND,ST,,,KLUTEY PARK PLAZA,,,,,37.83240941,-87.57159572,,2023-12-11,1455,2,2,0,0,CLEAR,DRY,False,OTHER INTERSECTION COLLISIONS,REAR END,STRAIGHT & LEVEL,DAYLIGHT,,,45272.35425,False,82,Accepted,5,5,O,,OTHER,,2023,1
7070,32575886,0510100,HENDERSON POLICE DEPARTMENT,Accepted,HENDERSON,US0060,,GREEN,ST,S,KY0425,KY425,,,,,37.80008357,-87.64746059,8.729,2023-12-07,1935,1,1,0,0,CLEAR,DRY,False,COLLISION WITH ANIMAL IN INTERSECTION,SINGLE VEHICLE,STRAIGHT & LEVEL,DARK-HWY LIGHTED/ON,,,45272.89556,False,23,Accepted,5,5,O,,,,2023,1
7071,32579219,0510100,HENDERSON POLICE DEPARTMENT,Accepted,HENDERSON,,,KLUTEY PARK PLAZA,DR,,KY0351,2ND,,,,,37.83263182,-87.5713984,0.019,2023-12-12,749,2,2,0,0,CLEAR,DRY,False,OTHER INTERSECTION COLLISIONS,REAR END,STRAIGHT & LEVEL,DAYLIGHT,,,45273.54316,False,9,Accepted,5,5,O,,INATTENTION,,2023,1
7072,32579222,0510100,HENDERSON POLICE DEPARTMENT,Accepted,HENDERSON,,205,SPRINGWOOD,DR,,,,,,,,37.86961362,-87.57578848,0.131,2023-12-12,922,2,2,0,0,CLEAR,DRY,True,1 VEHICLE PARKED POSITION (NOT PARKING LOT/DRIVEWAY),SIDESWIPE-SAME DIRECTION,STRAIGHT & LEVEL,DARK (UNKNOWN ROADWAY LIGHTING),,,45273.54365,False,14,Accepted,5,5,O,,,,2023,1
7073,32579312,0510100,HENDERSON POLICE DEPARTMENT,Accepted,HENDERSON,,,OLD MADISONVILLE,RD,,,,,RUSSELL,,ILEX,37.80699697,-87.58777745,,2023-12-12,1615,2,2,0,0,CLEAR,DRY,False,REAR END IN TRAFFIC LANES BOTH VEHICLES MOVING,REAR END,STRAIGHT & LEVEL,DAYLIGHT,,,45273.5554,False,73,Accepted,5,5,O,,INATTENTION,,2023,1
7074,32581352,0510100,HENDERSON POLICE DEPARTMENT,Accepted,HENDERSON,,,POWELL,ST,,,HOLLOWAY,,,,,37.83147252,-87.58569392,0.72,2023-12-08,1941,2,2,0,0,CLEAR,DRY,False,ANGLE COLLISION - OTHER,ANGLE,STRAIGHT & LEVEL,DARK-HWY NOT LIGHTED,,,45273.93405,False,23,Accepted,5,5,O,,INATTENTION,,2023,1
7076,32587864,0510100,HENDERSON POLICE DEPARTMENT,Accepted,HENDERSON,,,GREEN,ST,N,,10TH,,,,,37.8493353,-87.58208799,,2023-12-13,1715,2,2,0,0,CLEAR,DRY,False,SIDESWIPE-SAME DIRECTION,SIDESWIPE-SAME DIRECTION,STRAIGHT & LEVEL,DARK-HWY LIGHTED/ON,,,45275.40156,False,73,Accepted,5,5,O,,INATTENTION,,2023,1
7077,32587870,0510100,HENDERSON POLICE DEPARTMENT,Accepted,HENDERSON,,,INGRAM,ST,N,,,,,,,37.84140376,-87.58530622,,2023-12-14,1500,1,1,0,0,CLEAR,DRY,False,OTHER ROADWAY OR MID-BLOCK COLLISION,SINGLE VEHICLE,STRAIGHT & LEVEL,DAYLIGHT,,,45275.40176,False,82,Accepted,5,5,O,,MISJUDGE CLEARANCE,,2023,1
7079,32607444,0510100,HENDERSON POLICE DEPARTMENT,Accepted,HENDERSON,,500,CLAY,ST,,,INGRAM,,,,,37.83305667,-87.59204148,0.983,2023-12-15,1720,2,2,0,0,CLEAR,DRY,False,ANGLE COLLISION - OTHER,ANGLE,STRAIGHT & LEVEL,DARK (UNKNOWN ROADWAY LIGHTING),,,45278.33519,False,59,Accepted,5,5,O,,"FAILED TO YIELD RIGHT OF WAY, INATTENTION",,2023,1
7080,32607445,0510100,HENDERSON POLICE DEPARTMENT,Accepted,HENDERSON,US0041,,US41,,N,,WATSON,,,,,37.87531001,-87.56763289,17.418,2023-12-12,1312,2,2,0,1,CLEAR,DRY,False,ANGLE COLLISION - OTHER,ANGLE,STRAIGHT & LEVEL,DAYLIGHT,,,45278.33527,False,14,Accepted,4,4,C,,OTHER,,2023,1
7081,32607450,0510100,HENDERSON POLICE DEPARTMENT,Accepted,HENDERSON,US0041,,US41,,N,,BARKER,,,,,37.87221791,-87.56943176,17.171,2023-12-16,1419,2,2,0,1,RAINING,WET,False,OTHER INTERSECTION COLLISIONS,REAR END,STRAIGHT & LEVEL,DAYLIGHT,,,45278.33537,False,67,Accepted,4,4,C,SLIPPERY SURFACE,INATTENTION,,2023,1
7083,32608996,0510100,HENDERSON POLICE DEPARTMENT,Accepted,HENDERSON,US0060,,US60,,E,,,,MANOR,,MARYWOOD,37.86065569,-87.56553432,10.739,2023-12-15,1642,2,2,0,0,CLEAR,DRY,False,SIDESWIPE COLLISION - SAME DIRECTION,SIDESWIPE-SAME DIRECTION,STRAIGHT & LEVEL,DUSK,,,45278.57277,False,34,Accepted,5,5,O,,OTHER,,2023,1
7084,32609000,0510100,HENDERSON POLICE DEPARTMENT,Accepted,HENDERSON,,1400,ELM,ST,N,,HERRON,,,,,37.85532417,-87.58034466,1.341,2023-12-17,1703,1,1,0,1,CLEAR,DRY,False,OTHER INTERSECTION COLLISIONS,SINGLE VEHICLE,STRAIGHT & LEVEL,DARK (UNKNOWN ROADWAY LIGHTING),,,45278.57298,False,47,Accepted,5,3,B,,OTHER,,2023,1
7085,32610878,0510100,HENDERSON POLICE DEPARTMENT,Accepted,HENDERSON,,,POWELL,ST,,,INGRAM,,,,,37.8345338,-87.59093984,0.363,2023-12-08,247,2,2,0,0,CLEAR,DRY,False,COLLISION WITH PARKED VEHICLE,REAR END,STRAIGHT & LEVEL,DARK-HWY NOT LIGHTED,,,45279.00938,False,23,Accepted,5,5,O,,ALCOHOL INVOLVEMENT,,2023,1
7086,32612983,0510000,HENDERSON COUNTY SHERIFF DEPT.,Accepted,HENDERSON,US0041A,,US41 ALT,,,,,,,,,37.80223432,-87.62090658,12.483,2023-12-18,1345,2,2,0,1,CLEAR,DRY,False,HEAD-ON COLLISION,HEAD ON,STRAIGHT & LEVEL,DAYLIGHT,,,45279.42715,False,130,Accepted,5,4,C,,INATTENTION,,2023,1
7088,32613451,0510100,HENDERSON POLICE DEPARTMENT,Accepted,HENDERSON,,,WASHINGTON,ST,,,ATKINSON,,,,,37.82801048,-87.57692325,,2023-12-18,1355,2,2,0,0,CLEAR,DRY,False,ANGLE COLLISION - OTHER,ANGLE,STRAIGHT & LEVEL,DAYLIGHT,,,45279.48506,False,82,Accepted,5,5,O,,MISJUDGE CLEARANCE,,2023,1
7089,32621078,0510100,HENDERSON POLICE DEPARTMENT,Accepted,HENDERSON,US0041A,,GREEN,ST,S,,,,,,,37.82229549,-87.60469229,14.392,2023-12-16,1837,2,2,0,0,RAINING,WET,True,REAR END IN TRAFFIC LANES BOTH VEHICLES MOVING,REAR END,STRAIGHT & LEVEL,DARK-HWY LIGHTED/OFF,,,45281.03477,False,31,Accepted,5,5,O,"VIEW OBSTRUCTED, LIMITED DUE TO WEATHER CONDITIONS","TURNING IMPROPERLY, INATTENTION",OTHER,2023,1
7090,32625873,0510100,HENDERSON POLICE DEPARTMENT,Accepted,HENDERSON,US0041A,,GREEN,ST,N,,14TH,,,,,37.85408132,-87.57885448,17.075,2023-12-12,2232,2,2,0,0,CLEAR,DRY,False,ANGLE COLLISION - OTHER,ANGLE,STRAIGHT & LEVEL,DARK-HWY LIGHTED/ON,,,45282.11579,False,22,Accepted,5,5,O,,FAILED TO YIELD RIGHT OF WAY,,2023,1
7091,32625875,0510100,HENDERSON POLICE DEPARTMENT,Accepted,HENDERSON,,306,ELM,PL,S,,,,,,,37.82659621,-87.60206844,0.076,2023-12-14,2157,2,2,0,0,CLEAR,DRY,False,1 VEHICLE PARKED POSITION (NOT PARKING LOT/DRIVEWAY),BACKING,STRAIGHT & LEVEL,DARK-HWY LIGHTED/ON,,,45282.11584,False,58,Accepted,5,5,O,,MISJUDGE CLEARANCE,,2023,1
7092,32627549,0510100,HENDERSON POLICE DEPARTMENT,Accepted,HENDERSON,US0060,,US60,,E,,,,,,,37.86255167,-87.56210988,10.937,2023-12-05,1437,2,2,0,10,CLEAR,DRY,False,REAR END IN TRAFFIC LANES BOTH VEHICLES MOVING,REAR END,STRAIGHT & LEVEL,DAYLIGHT,,,45282.4772,False,27,Accepted,5,3,B,GLARE (SUN),INATTENTION,,2023,1
7093,32627554,0510100,HENDERSON POLICE DEPARTMENT,Accepted,HENDERSON,,111,DIXON,ST,,,WATER,,,,,37.83469412,-87.59691138,0.195,2023-12-18,1200,1,1,0,0,CLEAR,DRY,True,COLLISION WITH FIXED OBJECT IN INTERSECTION - FIRST EVENT COLLISION 09 - 32,SINGLE VEHICLE,CURVE & LEVEL,DAYLIGHT,,,45282.47746,False,47,Accepted,5,5,O,,OTHER,,2023,1
7094,32627670,0510100,HENDERSON POLICE DEPARTMENT,Accepted,HENDERSON,US0060,,US60,,E,,,,,,,37.86021957,-87.5669003,10.654,2023-12-19,944,2,2,0,0,CLEAR,DRY,False,REAR END IN TRAFFIC LANES BOTH VEHICLES MOVING,REAR END,STRAIGHT & LEVEL,DAYLIGHT,,,45282.50602,False,27,Accepted,5,5,O,,INATTENTION,,2023,1
7095,32627674,0510100,HENDERSON POLICE DEPARTMENT,Accepted,HENDERSON,,500,WATSON,LN,,,,,,,,37.87520752,-87.56704164,1.027,2023-12-19,1708,2,2,0,0,CLEAR,DRY,False,OTHER ROADWAY OR MID-BLOCK COLLISION,REAR END,STRAIGHT & LEVEL,DARK-HWY LIGHTED/ON,,,45282.50612,False,27,Accepted,5,5,O,,"FOLLOWING TOO CLOSE, INATTENTION, NOT UNDER PROPER CONTROL",,2023,1
7096,32627713,0510100,HENDERSON POLICE DEPARTMENT,Accepted,HENDERSON,US0041,,US41,,N,,,,BARKER,,PAUL,37.87374696,-87.56861632,17.288,2023-12-21,700,2,2,0,0,CLEAR,DRY,False,OTHER ROADWAY OR MID-BLOCK COLLISION,REAR END,STRAIGHT & LEVEL,DAYLIGHT,,,45282.51353,False,67,Accepted,5,5,O,,INATTENTION,,2023,1
7097,32630626,0510100,HENDERSON POLICE DEPARTMENT,Accepted,HENDERSON,US0041A,600,GREEN,ST,N,,,,,,,37.83770113,-87.58965493,15.784,2023-12-10,1540,2,2,0,0,CLEAR,DRY,False,SIDESWIPE COLLISION - SAME DIRECTION,SIDESWIPE-SAME DIRECTION,STRAIGHT & LEVEL,DAYLIGHT,,,45283.46731,False,27,Accepted,5,5,O,,"FAILED TO KEEP PROPER LANE, FAILED TO YIELD RIGHT OF WAY",,2023,1
7098,32630628,0510100,HENDERSON POLICE DEPARTMENT,Accepted,HENDERSON,,,ATKINSON,ST,,,WASHINGTON,,,,,37.82799847,-87.57692874,,2023-12-21,820,1,1,0,0,CLEAR,DRY,False,COLLISION WITH FIXED OBJECT IN INTERSECTION - FIRST EVENT COLLISION 09 - 32,SINGLE VEHICLE,STRAIGHT & LEVEL,DAYLIGHT,,,45283.46739,False,82,Accepted,5,5,O,,MISJUDGE CLEARANCE,,2023,1
7099,32630631,0510100,HENDERSON POLICE DEPARTMENT,Accepted,HENDERSON,US0041,,US41,,N,,JOHN JAMES AUDUBON STATE,,,,,37.88170786,-87.56440008,17.865,2023-12-21,1649,2,2,0,0,CLEAR,DRY,True,OTHER INTERSECTION COLLISIONS,REAR END,STRAIGHT & LEVEL,DARK-HWY LIGHTED/ON,,,45283.46752,False,67,Accepted,5,5,O,,"INATTENTION, OTHER",,2023,1
7100,32630633,0510100,HENDERSON POLICE DEPARTMENT,Accepted,HENDERSON,,,BARRET,BLVD,,,US HWY 41,,,,,37.8643041,-87.5736395,,2023-12-22,1145,2,2,0,0,CLEAR,DRY,False,SIDESWIPE-SAME DIRECTION,SIDESWIPE-SAME DIRECTION,STRAIGHT & LEVEL,DAYLIGHT,,,45283.46761,False,82,Accepted,5,5,O,,INATTENTION,,2023,1
7101,32630634,0510100,HENDERSON POLICE DEPARTMENT,Accepted,HENDERSON,,1713,FRANKLIN,AVE,,,,,,,,37.82936041,-87.57145465,,2023-12-22,1435,2,2,0,0,CLEAR,GRAVEL,False,VEHICLE BACKING NON INTERSECTION,BACKING,STRAIGHT & LEVEL,DAYLIGHT,,,45283.46768,False,82,Accepted,5,5,O,,OTHER,,2023,1
7102,32630673,0510100,HENDERSON POLICE DEPARTMENT,Accepted,HENDERSON,,,US HWY 60,,,,PEBBLECREEK,,,,,37.86468179,-87.54917832,,2023-12-22,1535,2,2,0,0,CLEAR,DRY,False,ANGLE COLLISION - OTHER,ANGLE,STRAIGHT & LEVEL,DAYLIGHT,,,45283.49339,False,82,Accepted,5,5,O,,INATTENTION,,2023,1
7103,32630676,0510100,HENDERSON POLICE DEPARTMENT,Accepted,HENDERSON,,,GREEN,ST,N,,5TH,,,,,37.84321897,-87.58607357,,2023-12-22,1500,3,3,0,1,CLOUDY,DRY,False,ANGLE COLLISION - OTHER,ANGLE,STRAIGHT & LEVEL,DAYLIGHT,,,45283.49348,False,73,Accepted,5,4,C,,"FAILED TO YIELD RIGHT OF WAY, OTHER",,2023,1
7105,32634793,0510100,HENDERSON POLICE DEPARTMENT,Accepted,HENDERSON,,608,BITTERSWEET,LN,,,,,,,,37.83246388,-87.54845646,0.158,2023-12-18,1758,2,2,0,0,CLEAR,DRY,True,1 VEHICLE PARKED POSITION (NOT PARKING LOT/DRIVEWAY),REAR END,STRAIGHT & LEVEL,DARK-HWY LIGHTED/ON,,,45285.26549,False,25,Accepted,5,5,O,,,,2023,1
7106,32634794,0510100,HENDERSON POLICE DEPARTMENT,Accepted,HENDERSON,US0041,2820,US41,,N,,,,,,,37.87806141,-87.56616805,17.614,2023-12-19,1753,2,2,0,0,CLEAR,DRY,False,1 VEHICLE ENTERING/LEAVING ENTRANCE,ANGLE,STRAIGHT & LEVEL,DARK-HWY LIGHTED/ON,,,45285.26553,False,22,Accepted,5,5,O,,FAILED TO YIELD RIGHT OF WAY,,2023,1
7107,32634796,0510100,HENDERSON POLICE DEPARTMENT,Accepted,HENDERSON,US0060,2120,GREEN,ST,S,,,,,,,37.8052793,-87.63364992,9.562,2023-12-19,2053,2,2,0,0,CLEAR,DRY,False,1 VEHICLE ENTERING/LEAVING ENTRANCE,ANGLE,STRAIGHT & LEVEL,DARK-HWY LIGHTED/ON,,,45285.26558,False,22,Accepted,5,5,O,,FAILED TO YIELD RIGHT OF WAY,,2023,1
7109,32640478,0510100,HENDERSON POLICE DEPARTMENT,Accepted,HENDERSON,US0041,,US41,,N,,,,CINEMA,,PARK,37.86366725,-87.57410972,16.531,2023-12-22,1400,2,2,0,0,CLOUDY,DRY,False,OTHER COLLISIONS ON SHOULDER,ANGLE,STRAIGHT & LEVEL,DAYLIGHT,,,45287.45486,False,67,Accepted,5,5,O,BACKUP DUE TO REGULAR CONGESTION,"INATTENTION, OTHER",,2023,1
7110,32640483,0510100,HENDERSON POLICE DEPARTMENT,Accepted,HENDERSON,US0041,,US41,,N,,,,BARRET,,MARYWOOD,37.86457675,-87.57362454,16.6,2023-12-22,1442,2,2,0,0,CLOUDY,DRY,False,OTHER ROADWAY OR MID-BLOCK COLLISION,REAR END,STRAIGHT & LEVEL,DAYLIGHT,,,45287.45506,False,67,Accepted,5,5,O,,INATTENTION,,2023,1
7112,32640579,0510100,HENDERSON POLICE DEPARTMENT,Accepted,HENDERSON,,2700,TIPPECANOE,TRL,,,,,,,,37.86834141,-87.55580997,0.076,2023-12-23,909,2,2,0,0,CLOUDY,DRY,True,1 VEHICLE PARKED POSITION (NOT PARKING LOT/DRIVEWAY),SIDESWIPE-SAME DIRECTION,STRAIGHT & LEVEL,UNKNOWN,,,45287.47207,False,59,Accepted,5,5,O,,OTHER,,2023,1
7113,32640647,0510100,HENDERSON POLICE DEPARTMENT,Accepted,HENDERSON,,,OLD MADISONVILLE,RD,,,GREGORY,,,,,37.80289241,-87.58803445,,2023-12-25,1605,2,2,0,0,CLOUDY,WET,False,ANGLE COLLISION - OTHER,ANGLE,STRAIGHT & LEVEL,DAYLIGHT,,,45287.49088,False,73,Accepted,5,5,O,,"FAILED TO YIELD RIGHT OF WAY, INATTENTION",,2023,1
7114,32640651,0510100,HENDERSON POLICE DEPARTMENT,Accepted,HENDERSON,AU9005,,,,,,,,,,,37.80989518,-87.56323069,0.623,2023-12-25,1530,1,1,0,0,CLOUDY,WET,False,COLLISION WITH FIXED OBJECT NOT IN GORE ,SINGLE VEHICLE,CURVE & GRADE,DAYLIGHT,US0041,AU9005,45287.49127,False,50,Accepted,5,5,O,SLIPPERY SURFACE,,,2023,1
7115,32643089,0510100,HENDERSON POLICE DEPARTMENT,Accepted,HENDERSON,KY0425,,KY425,,,,,,,,,37.78887373,-87.63093539,1.258,2023-12-21,2112,2,2,0,0,CLEAR,DRY,True,1 VEHICLE ENTERING OR LEAVING PARKED POSITION (NOT PARKING LOT),SIDESWIPE-SAME DIRECTION,STRAIGHT & LEVEL,DARK-HWY LIGHTED/ON,,,45288.04407,False,31,Accepted,5,5,O,,INATTENTION,,2023,1
7116,32643091,0510100,HENDERSON POLICE DEPARTMENT,Accepted,HENDERSON,,,DR MARTIN LUTHER KING JR,AVE,,US0041A,GREEN,,,,,37.83270744,-87.59419976,0.005,2023-12-22,2046,1,1,0,0,CLEAR,DRY,False,COLLISION WITH FIXED OBJECT IN INTERSECTION - FIRST EVENT COLLISION 09 - 32,SINGLE VEHICLE,STRAIGHT & LEVEL,DARK (UNKNOWN ROADWAY LIGHTING),,,45288.04413,False,31,Accepted,5,5,O,,INATTENTION,,2023,1
7117,32643279,0510100,HENDERSON POLICE DEPARTMENT,Accepted,HENDERSON,,231,ALVASIA,ST,S,,,,WASHINGTON,,POWELL,37.8327687,-87.58660955,0.163,2023-12-24,2230,2,2,0,0,CLEAR,DRY,True,1 VEHICLE PARKED POSITION (NOT PARKING LOT/DRIVEWAY),SIDESWIPE-SAME DIRECTION,STRAIGHT & LEVEL,DARK-HWY LIGHTED/ON,,,45288.09515,False,32,Accepted,5,5,O,,NOT UNDER PROPER CONTROL,,2023,1