OBJECTID,IncidentID,AgencyORI,AgencyName,IncidentStatusDesc,County,RdwyNumber,Street,RoadwayName,StreetSfx,StreetDir,IntersectionRdwy,IntersectionRdwyName,BetweenStRdwy1,BetweenStRdwyName1,BetweenStRdwy2,BetweenStRdwyName2,Latitude,Longitude,Milepoint,CollisionDate,CollisionTime,UnitsInvolved,MotorVehiclesInvolved,NumberKilled,NumberInjured,Weather,RdwyConditionCode,HitandRun,DirAnalysisCode,MannerofCollision,RdwyCharacter,LightCondition,RampFromRdwyId,RampToRdwyId,AcceptedDate,IsSecondaryCollision,OwnerBadge,IncidentStatus,InjurySeverityCde,KABCO_Code,KABCO,Environmental_Factors,Human_Factors,Vehicular_Factors,CollisionYear,CityCrash
7118,32643280,0510100,HENDERSON POLICE DEPARTMENT,Accepted,HENDERSON,,642,5TH,ST,,,ALVASIA,,,,,37.84139396,-87.58138313,0.651,2023-12-25,55,2,2,0,0,CLOUDY,DRY,False,COLLISION WITH PARKED VEHICLE,REAR END,STRAIGHT & LEVEL,DARK-HWY LIGHTED/ON,,,45288.09524,False,32,Accepted,5,5,O,,DISTRACTION,,2023,1
7120,32652235,0510100,HENDERSON POLICE DEPARTMENT,Accepted,HENDERSON,,844,WATSON,LN,,,,,,,,37.87107857,-87.55851376,,2023-12-16,1500,2,2,0,0,RAINING,WET,False,OTHER ROADWAY OR MID-BLOCK COLLISION,REAR END,CURVE & HILLCREST,DAYLIGHT,,,45290.8758,False,82,Accepted,5,5,O,SLIPPERY SURFACE,OTHER,,2023,1
7121,32659089,0510100,HENDERSON POLICE DEPARTMENT,Accepted,HENDERSON,,,BARKER,RD,,,,,,,,37.87212485,-87.56944817,0.002,2023-12-29,2139,2,2,0,0,CLEAR,WET,False,SIDESWIPE COLLISION - SAME DIRECTION,SIDESWIPE-SAME DIRECTION,STRAIGHT & LEVEL,DARK-HWY LIGHTED/ON,,,45293.01226,False,29,Accepted,5,5,O,,INATTENTION,,2023,1
7122,32660821,0510100,HENDERSON POLICE DEPARTMENT,Accepted,HENDERSON,,,MAIN,ST,N,,6TH,,,,,37.84577468,-87.5884172,0.49,2023-12-28,1509,3,3,0,0,CLEAR,DRY,False,ANGLE COLLISION - OTHER,ANGLE,STRAIGHT & LEVEL,DAYLIGHT,,,45293.39283,False,14,Accepted,5,5,O,,"FAILED TO YIELD RIGHT OF WAY, INATTENTION",,2023,1
7134,32671843,0510100,HENDERSON POLICE DEPARTMENT,Accepted,HENDERSON,US0041A,500,GREEN,ST,N,,5TH,,,,,37.8432954,-87.58597925,16.218,2023-12-28,1350,2,2,0,4,CLEAR,DRY,False,OPPOSING LEFT TURN,OPPOSING LEFT TURN,STRAIGHT & LEVEL,DAYLIGHT,,,45293.52048,False,47,Accepted,2,2,A,,"FAILED TO YIELD RIGHT OF WAY, EXCEEDED STATED SPEED LIMIT",,2023,1
7136,32672331,0510100,HENDERSON POLICE DEPARTMENT,Accepted,HENDERSON,,213,MAIN,ST,N,,,,,,,37.84125563,-87.59141803,0.138,2023-12-19,1345,2,2,0,0,CLEAR,DRY,True,VEHICLE BACKING NON INTERSECTION,BACKING,STRAIGHT & LEVEL,DAYLIGHT,,,45293.56358,False,15,Accepted,5,5,O,,,,2023,1
7137,32675108,0510100,HENDERSON POLICE DEPARTMENT,Accepted,HENDERSON,US0041,14,US41,,N,,,,,,,37.83592471,-87.56509727,14.468,2024-01-01,525,1,1,0,0,CLEAR,DRY,False,COLLISION WITH FIXED OBJECT NON - INTERSECTION - FIRST EVENT COLLISION 09 - 32 EXCLUDING 16,SINGLE VEHICLE,STRAIGHT & LEVEL,DARK-HWY LIGHTED/ON,,,45294.03246,False,51,Accepted,5,5,O,,"ALCOHOL INVOLVEMENT, INATTENTION",,2024,1
7138,32676690,0510100,HENDERSON POLICE DEPARTMENT,Accepted,HENDERSON,US0041,,US HWY 60 E,,,,,,,,,37.85776417,-87.57419026,0.115,2023-12-29,1215,1,1,0,0,RAINING,WET,False,COLLISION WITH FIXED OBJECT NOT IN GORE ,SINGLE VEHICLE,CURVE & GRADE,DAYLIGHT,US0041,US0041,45294.38664,False,82,Accepted,5,5,O,SLIPPERY SURFACE,TOO FAST FOR CONDITIONS,,2023,1
7139,32676693,0510100,HENDERSON POLICE DEPARTMENT,Accepted,HENDERSON,US0060,,US60,,E,,MANOR,,,,,37.86054239,-87.56598119,10.712,2023-12-30,1608,2,2,0,0,CLEAR,DRY,False,ANGLE COLLISION - OTHER,ANGLE,STRAIGHT & LEVEL,DAYLIGHT,,,45294.38671,False,9,Accepted,5,5,O,,MISJUDGE CLEARANCE,,2023,1
7141,32682090,0510100,HENDERSON POLICE DEPARTMENT,Accepted,HENDERSON,US0041A,600,GREEN,ST,N,,,,,,,37.84467953,-87.58505566,16.309,2024-01-02,1604,2,2,0,0,CLEAR,DRY,False,1 VEHICLE ENTERING/LEAVING ENTRANCE,ANGLE,STRAIGHT & LEVEL,DAYLIGHT,,,45295.30787,False,50,Accepted,5,5,O,,INATTENTION,,2024,1
7142,32682092,0510100,HENDERSON POLICE DEPARTMENT,Accepted,HENDERSON,US0041,2800,US41,,N,,,,,,,37.8777141,-87.56647297,17.586,2024-01-02,1626,2,2,0,0,CLEAR,DRY,False,REAR END IN TRAFFIC LANES BOTH VEHICLES MOVING,REAR END,STRAIGHT & LEVEL,DUSK,,,45295.30798,False,59,Accepted,5,5,O,,DRUG INVOLVEMENT,,2024,1
7143,32682443,0510100,HENDERSON POLICE DEPARTMENT,Accepted,HENDERSON,,,1ST,ST,,,CARLISLE,,,,,37.83460263,-87.58020207,,2024-01-03,840,2,2,0,0,CLEAR,DRY,False,ANGLE COLLISION - OTHER,ANGLE,STRAIGHT & LEVEL,DAYLIGHT,,,45295.36027,False,82,Accepted,5,5,O,OTHER,OTHER,,2024,1
7144,32682445,0510100,HENDERSON POLICE DEPARTMENT,Accepted,HENDERSON,,,SINCLAIR,AVE,,,GREEN RIVER,,,,,37.86692913,-87.56079926,0.001,2023-12-29,1732,2,2,0,0,CLEAR,DRY,False,OPPOSING LEFT TURN,OPPOSING LEFT TURN,STRAIGHT & LEVEL,DARK (UNKNOWN ROADWAY LIGHTING),,,45295.36035,False,59,Accepted,5,5,O,,"MISJUDGE CLEARANCE, TURNING IMPROPERLY",,2023,1
7145,32682446,0510100,HENDERSON POLICE DEPARTMENT,Accepted,HENDERSON,,,WASHINGTON,ST,,US0041A,GREEN,,,,,37.83628826,-87.59084703,1.207,2024-01-02,712,2,2,0,0,CLOUDY,DRY,False,ANGLE COLLISION - OTHER,ANGLE,STRAIGHT & LEVEL,DAYLIGHT,,,45295.3604,False,25,Accepted,5,5,O,,"DISREGARD TRAFFIC CONTROL, FAILED TO YIELD RIGHT OF WAY, INATTENTION",,2024,1
7146,32682600,0510100,HENDERSON POLICE DEPARTMENT,Accepted,HENDERSON,,,WASHINGTON,ST,,,ADAMS,,,,,37.83482697,-87.58845567,,2024-01-03,1120,2,2,0,0,CLEAR,DRY,False,ANGLE COLLISION - OTHER,ANGLE,STRAIGHT & LEVEL,DAYLIGHT,,,45295.38852,False,82,Accepted,5,5,O,,OTHER,,2024,1
7149,32686160,0510100,HENDERSON POLICE DEPARTMENT,Accepted,HENDERSON,,,ELK,AVE,,,ELM,,,,,37.85739356,-87.57896845,0.002,2024-01-01,2049,2,2,0,0,CLEAR,DRY,False,HEAD-ON COLLISION,HEAD ON,STRAIGHT & LEVEL,DARK-HWY LIGHTED/OFF,,,45295.9756,False,23,Accepted,5,5,O,,ALCOHOL INVOLVEMENT,,2024,1
7150,32688298,0510100,HENDERSON POLICE DEPARTMENT,Accepted,HENDERSON,US0060,,US60,,E,,,,,,,37.85949566,-87.56883482,10.54,2024-01-04,1605,2,2,0,0,CLEAR,DRY,False,OTHER ROADWAY OR MID-BLOCK COLLISION,REAR END,STRAIGHT & GRADE,DUSK,,,45296.45007,False,66,Accepted,5,5,O,,INATTENTION,BRAKES DEFECTIVE,2024,1
7151,32698535,0510100,HENDERSON POLICE DEPARTMENT,Accepted,HENDERSON,,319,12TH,ST,,,,,,,,37.8522613,-87.58048573,0.284,2024-01-07,1147,1,1,0,0,CLOUDY,DRY,True,OTHER ROADWAY OR MID-BLOCK COLLISION,SINGLE VEHICLE,STRAIGHT & LEVEL,DARK-HWY LIGHTED/ON,,,45299.3622,False,25,Accepted,5,5,O,,,,2024,1
7152,32700076,0510100,HENDERSON POLICE DEPARTMENT,Accepted,HENDERSON,KY0351,,ZION,RD,,,,,,,,37.83064092,-87.56597534,,2024-01-04,1320,1,1,0,0,CLEAR,DRY,False,COLLISION WITH FIXED OBJECT NON - INTERSECTION - FIRST EVENT COLLISION 09 - 32 EXCLUDING 16,SINGLE VEHICLE,STRAIGHT & LEVEL,DAYLIGHT,,,45299.5731,False,82,Accepted,5,5,O,CONSTRUCTION WORK ZONE,INATTENTION,,2024,1
7153,32700079,0510100,HENDERSON POLICE DEPARTMENT,Accepted,HENDERSON,,,VINE,ST,,,,,,,,37.83118697,-87.59565285,,2024-01-05,940,4,4,0,0,CLEAR,DRY,False,1 VEHICLE ENTERING/LEAVING ENTRANCE,ANGLE,STRAIGHT & LEVEL,DAYLIGHT,,,45299.57318,False,82,Accepted,5,5,O,,OTHER,,2024,1
7154,32700083,0510100,HENDERSON POLICE DEPARTMENT,Accepted,HENDERSON,US0041A,,GREEN,ST,N,,,,7TH,,6TH,37.8450604,-87.58496397,16.296,2024-01-04,1722,2,2,0,0,CLEAR,DRY,False,SIDESWIPE COLLISION - SAME DIRECTION,SIDESWIPE-SAME DIRECTION,STRAIGHT & LEVEL,DARK-HWY LIGHTED/ON,,,45299.57346,False,34,Accepted,5,5,O,,MISJUDGE CLEARANCE,,2024,1
7159,32703421,0510100,HENDERSON POLICE DEPARTMENT,Accepted,HENDERSON,,1509,CLAY,ST,,,,,,,,37.82509094,-87.57842063,0.06,2024-01-08,1520,2,2,0,0,CLEAR,DRY,True,SIDESWIPE COLLISION - OPPOSITE DIRECTION,SIDESWIPE-OPPOSITE DIRECTION,STRAIGHT & LEVEL,DAYLIGHT,,,45300.31179,False,25,Accepted,5,5,O,,,,2024,1
7160,32703446,0510100,HENDERSON POLICE DEPARTMENT,Accepted,HENDERSON,,5,MAIN,ST,N,,,,,,,37.83911482,-87.59280347,0.018,2024-01-08,745,2,2,0,0,CLOUDY,DRY,False,VEHICLE BACKING NON INTERSECTION,BACKING,STRAIGHT & LEVEL,DAYLIGHT,,,45300.31693,False,25,Accepted,5,5,O,VIEW OBSTRUCTED/LIMITED DUE TO RDWY,"FAILED TO YIELD RIGHT OF WAY, INATTENTION, MISJUDGE CLEARANCE",,2024,1
7161,32706823,0510100,HENDERSON POLICE DEPARTMENT,Accepted,HENDERSON,,,MILL,ST,,,OBYRNE,,,,,37.8253416,-87.58268225,0.478,2024-01-01,2330,1,1,0,2,CLEAR,DRY,False,COLLISION WITH FIXED OBJECT IN INTERSECTION - FIRST EVENT COLLISION 09 - 32,SINGLE VEHICLE,STRAIGHT & LEVEL,DARK-HWY LIGHTED/ON,,,45300.94049,False,42,Accepted,5,2,A,,"ALCOHOL INVOLVEMENT, FAILED TO KEEP PROPER LANE",,2024,1
7163,32708638,0510100,HENDERSON POLICE DEPARTMENT,Accepted,HENDERSON,,,ALVES,ST,S,,CHERRY,,,,,37.82693654,-87.59438877,,2024-01-09,720,2,2,0,0,RAINING,WET,False,ANGLE COLLISION - OTHER,ANGLE,STRAIGHT & HILLCREST,DAYLIGHT,,,45301.38831,False,73,Accepted,5,5,O,,INATTENTION,,2024,1
7164,32708641,0510100,HENDERSON POLICE DEPARTMENT,Accepted,HENDERSON,,,US 60 E,,,,US HWY 41 S,,,,,37.85744664,-87.57363085,,2024-01-09,1445,1,1,0,0,RAINING,WET,False,COLLISION WITH FIXED OBJECT IN INTERSECTION - FIRST EVENT COLLISION 09 - 32,SINGLE VEHICLE,CURVE & GRADE,DAYLIGHT,,,45301.38844,False,82,Accepted,5,5,O,SLIPPERY SURFACE,INATTENTION,,2024,1
7165,32708642,0510100,HENDERSON POLICE DEPARTMENT,Accepted,HENDERSON,,,MAIN,ST,,,12TH,,,,,37.85330578,-87.58350955,,2024-01-09,1605,2,2,0,0,RAINING,WET,False,OTHER INTERSECTION COLLISIONS,REAR END,STRAIGHT & LEVEL,DAYLIGHT,,,45301.38852,False,82,Accepted,5,5,O,SLIPPERY SURFACE,INATTENTION,,2024,1
7168,32711577,0510100,HENDERSON POLICE DEPARTMENT,Accepted,HENDERSON,,,FRANKLIN,AVE,,,,KY0351,2ND,,1ST,37.83168994,-87.57008251,,2023-12-23,1610,2,2,0,0,CLOUDY,DRY,True,VEHICLE BACKING NON INTERSECTION,BACKING,STRAIGHT & LEVEL,DAYLIGHT,,,45301.80145,False,65,Accepted,5,5,O,,INATTENTION,,2023,1
7169,32712357,0510100,HENDERSON POLICE DEPARTMENT,Accepted,HENDERSON,US0041A,301,GREEN,ST,S,,,,,,,37.83344177,-87.59359076,15.413,2024-01-05,2322,1,1,0,1,CLEAR,DRY,False,COLLISION WITH FIXED OBJECT NON - INTERSECTION - FIRST EVENT COLLISION 09 - 32 EXCLUDING 16,SINGLE VEHICLE,STRAIGHT & LEVEL,DARK-HWY LIGHTED/OFF,,,45302.01687,False,51,Accepted,5,4,C,,,"TIRE FAILURE, TIRES",2024,1
7170,32713670,0510100,HENDERSON POLICE DEPARTMENT,Accepted,HENDERSON,,,CENTER,ST,,,INGRAM,,,,,37.83646558,-87.58850554,0.746,2024-01-09,1204,2,1,0,1,RAINING,WET,False,COLLISION WITH PEDESTRIAN IN INTERSECTION,SINGLE VEHICLE,STRAIGHT & LEVEL,DAYLIGHT,,,45302.37866,False,34,Accepted,5,3,B,,"DISREGARD TRAFFIC CONTROL, FAILED TO YIELD RIGHT OF WAY, INATTENTION",,2024,1
7171,32713673,0510100,HENDERSON POLICE DEPARTMENT,Accepted,HENDERSON,,,WASHINGTON,ST,,,HICKS,,,,,37.8258347,-87.57308268,,2024-01-10,1500,2,2,0,0,CLEAR,DRY,False,ANGLE COLLISION - ONE VEHICLE TURNING RIGHT,ANGLE,STRAIGHT & LEVEL,DAYLIGHT,,,45302.37883,False,82,Accepted,5,5,O,,INATTENTION,,2024,1
7172,32713677,0510100,HENDERSON POLICE DEPARTMENT,Accepted,HENDERSON,US0041A,,GREEN,ST,S,,POWELL,,,,,37.83540503,-87.59187426,15.581,2023-12-25,1329,2,2,0,0,CLEAR,DRY,False,COLLISION WITH FIXED OBJECT IN INTERSECTION - FIRST EVENT COLLISION 09 - 32,ANGLE,STRAIGHT & HILLCREST,DAYLIGHT,,,45302.37895,False,15,Accepted,5,5,O,,MISJUDGE CLEARANCE,,2023,1
7174,32715278,0510000,HENDERSON COUNTY SHERIFF DEPT.,Accepted,HENDERSON,,,DR MARTIN LUTHER KING JR,AVE,,,,,,,,37.83015775,-87.59012849,0.289,2024-01-11,1230,2,2,0,0,CLEAR,DRY,False,SIDESWIPE COLLISION - SAME DIRECTION,SIDESWIPE-SAME DIRECTION,STRAIGHT & LEVEL,DAYLIGHT,,,45302.64893,False,130,Accepted,5,5,O,,INATTENTION,,2024,1
7175,32716847,0510100,HENDERSON POLICE DEPARTMENT,Accepted,HENDERSON,US0041,2000,US41,,N,,,,,,,37.86416928,-87.57382305,16.57,2024-01-06,1557,2,2,0,1,CLEAR,DRY,False,REAR END IN TRAFFIC LANES BOTH VEHICLES MOVING,REAR END,STRAIGHT & LEVEL,DAYLIGHT,,,45302.9342,False,22,Accepted,5,4,C,,"FOLLOWING TOO CLOSE, MISJUDGE CLEARANCE",,2024,1
7176,32716848,0510100,HENDERSON POLICE DEPARTMENT,Accepted,HENDERSON,KY0136,,SAND,LN,,,,,,,,37.82074237,-87.59047465,20.316,2024-01-06,1739,2,2,0,0,RAINING,WET,False,HEAD-ON COLLISION,HEAD ON,CURVE & LEVEL,DARK-HWY LIGHTED/ON,,,45302.93426,False,58,Accepted,5,5,O,,,TIRE FAILURE,2024,1
7177,32717185,0510100,HENDERSON POLICE DEPARTMENT,Accepted,HENDERSON,US0041,,US41,,N,,,,VAN WYK,,KIMSEY,37.84550531,-87.56637505,15.149,2024-01-07,2058,1,1,0,0,CLOUDY,DRY,False,OTHER ROADWAY OR MID-BLOCK COLLISION,SINGLE VEHICLE,CURVE & LEVEL,DARK-HWY LIGHTED/ON,,,45303.02871,False,32,Accepted,5,5,O,CONSTRUCTION WORK ZONE,"DRUG INVOLVEMENT, NOT UNDER PROPER CONTROL",,2024,1
7178,32718810,0510100,HENDERSON POLICE DEPARTMENT,Accepted,HENDERSON,KY0351,2424,ZION,RD,,,,,,,,37.82917822,-87.56035695,1.706,2024-01-11,1530,2,2,0,1,CLOUDY,DRY,False,COLLISION WITH FIXED OBJECT NON - INTERSECTION - FIRST EVENT COLLISION 09 - 32 EXCLUDING 16,ANGLE,STRAIGHT & LEVEL,DAYLIGHT,,,45303.41248,False,25,Accepted,5,3,B,,"DISREGARD TRAFFIC CONTROL, INATTENTION",,2024,1
7179,32719015,0510100,HENDERSON POLICE DEPARTMENT,Accepted,HENDERSON,US0041A,122,GREEN,ST,S,,,,,,,37.83622101,-87.59088029,15.669,2024-01-11,1356,2,2,0,0,CLEAR,DRY,False,1 VEHICLE ENTERING/LEAVING ENTRANCE,ANGLE,STRAIGHT & LEVEL,DAYLIGHT,,,45303.44522,False,50,Accepted,5,5,O,,INATTENTION,,2024,1
7180,32719016,0510100,HENDERSON POLICE DEPARTMENT,Accepted,HENDERSON,US0041,2200,US41,,N,,,,,,,37.86887668,-87.57127986,16.921,2024-01-11,1715,2,2,0,0,CLEAR,DRY,False,VEHICLE BACKING NON INTERSECTION,BACKING,STRAIGHT & LEVEL,DARK-HWY LIGHTED/ON,,,45303.44543,False,59,Accepted,5,5,O,,"FAILED TO YIELD RIGHT OF WAY, IMPROPER BACKING, INATTENTION",,2024,1
7181,32727864,0510100,HENDERSON POLICE DEPARTMENT,Accepted,HENDERSON,US0041A,132,GREEN,ST,S,,,,,,,37.83537425,-87.59169173,15.548,2024-01-12,1538,2,2,0,0,RAINING,WET,False,1 VEHICLE ENTERING/LEAVING ENTRANCE,ANGLE,STRAIGHT & LEVEL,DAYLIGHT,,,45306.43863,False,50,Accepted,5,5,O,,INATTENTION,,2024,1
7182,32727900,0510100,HENDERSON POLICE DEPARTMENT,Accepted,HENDERSON,,181,GARDEN MILE,RD,N,,,,STADIUM,KY0351,ZION,37.8248456,-87.5587391,0.242,2024-01-12,704,2,2,0,0,RAINING,WET,False,1 VEHICLE ENTERING/LEAVING ENTRANCE,ANGLE,STRAIGHT & LEVEL,DAWN,,,45306.4497,False,65,Accepted,5,5,O,,INATTENTION,,2024,1
7183,32728298,0510100,HENDERSON POLICE DEPARTMENT,Accepted,HENDERSON,,,3RD,ST,,,,,WATER,,MAIN,37.8422835,-87.59160201,0.05,2024-01-12,1113,2,2,0,0,RAINING,WET,False,VEHICLE BACKING NON INTERSECTION,BACKING,STRAIGHT & GRADE,DAYLIGHT,,,45306.49601,False,34,Accepted,5,5,O,,MISJUDGE CLEARANCE,"WINDOWS, WINDSHIELD",2024,1
7184,32728299,0510100,HENDERSON POLICE DEPARTMENT,Accepted,HENDERSON,US0060,,US60,,E,,BARRET,,,,,37.85968038,-87.56837199,,2024-01-12,1105,2,2,0,0,RAINING,WATER (STANDING OR MOVING),False,OTHER INTERSECTION COLLISIONS,REAR END,STRAIGHT & GRADE,DAYLIGHT,,,45306.49607,False,82,Accepted,5,5,O,SLIPPERY SURFACE,INATTENTION,"WINDOWS, WINDSHIELD",2024,1
7185,32728300,0510100,HENDERSON POLICE DEPARTMENT,Accepted,HENDERSON,,,GREEN,ST,S,,BORAX,,,,,37.81104243,-87.62275547,,2024-01-15,600,2,2,0,1,CLOUDY,SNOW/SLUSH,False,ANGLE COLLISION - OTHER,ANGLE,STRAIGHT & LEVEL,DARK-HWY LIGHTED/ON,,,45306.49611,False,73,Accepted,5,4,C,,"FAILED TO YIELD RIGHT OF WAY, INATTENTION",,2024,1
7186,32728814,0510100,HENDERSON POLICE DEPARTMENT,Accepted,HENDERSON,,,CLAY,ST,,,ALVASIA,,,,,37.83084255,-87.58844541,0.73,2024-01-11,1950,2,2,0,0,CLEAR,DRY,False,OPPOSING LEFT TURN,OPPOSING LEFT TURN,STRAIGHT & LEVEL,DARK-HWY LIGHTED/ON,,,45306.65422,False,58,Accepted,5,5,O,,"FAILED TO YIELD RIGHT OF WAY, DISREGARD TRAFFIC CONTROL",,2024,1
7187,32728815,0510100,HENDERSON POLICE DEPARTMENT,Accepted,HENDERSON,US0041,,,,,,,,,,,37.85862883,-87.57161076,0.084,2024-01-14,2005,1,1,0,0,SNOWING,SNOW/SLUSH,False,OTHER RAMP RELATED COLLISIONS NOT LISTED ABOVE,SINGLE VEHICLE,CURVE & LEVEL,DARK-HWY LIGHTED/ON,US0041,US0041,45306.65427,False,29,Accepted,5,5,O,SLIPPERY SURFACE,TOO FAST FOR CONDITIONS,,2024,1
7188,32728816,0510100,HENDERSON POLICE DEPARTMENT,Accepted,HENDERSON,US0041,,US41,,N,,VAN WYK,,,,,37.84222431,-87.56544879,14.914,2024-01-13,2230,1,1,0,1,CLOUDY,DRY,False,COLLISION WITH FIXED OBJECT IN INTERSECTION - FIRST EVENT COLLISION 09 - 32,SINGLE VEHICLE,CURVE & LEVEL,DARK-HWY LIGHTED/ON,,,45306.65432,False,19,Accepted,5,3,B,CONSTRUCTION WORK ZONE,"INATTENTION, MISJUDGE CLEARANCE",,2024,1
7189,32730448,0510100,HENDERSON POLICE DEPARTMENT,Accepted,HENDERSON,,,WATSON,LN,,,GREEN RIVER,,,,,37.86870106,-87.55758968,0.305,2024-01-15,940,2,2,0,0,CLOUDY,SNOW/SLUSH,False,OTHER INTERSECTION COLLISIONS,REAR END,STRAIGHT & LEVEL,DAYLIGHT,,,45307.33197,False,67,Accepted,5,5,O,SLIPPERY SURFACE,INATTENTION,,2024,1
7194,32731100,0510100,HENDERSON POLICE DEPARTMENT,Accepted,HENDERSON,,,5TH,ST,,US0041A,GREEN,,,,,37.84331639,-87.58596319,0.951,2024-01-11,1002,2,1,0,1,CLOUDY,DRY,True,COLLISION WITH PEDESTRIAN IN INTERSECTION,SINGLE VEHICLE,STRAIGHT & LEVEL,DAYLIGHT,,,45307.46716,False,26,Accepted,5,2,A,,INATTENTION,,2024,1
7197,32741949,0510100,HENDERSON POLICE DEPARTMENT,Accepted,HENDERSON,,,GREEN,ST,,,12TH,,,,,37.85199196,-87.58037166,,2024-01-16,1045,2,2,0,0,CLEAR,SNOW/SLUSH,False,OTHER INTERSECTION COLLISIONS,REAR END,STRAIGHT & LEVEL,DAYLIGHT,,,45310.31795,False,82,Accepted,5,5,O,SLIPPERY SURFACE,OTHER,,2024,1
7198,32741952,0510100,HENDERSON POLICE DEPARTMENT,Accepted,HENDERSON,US0041A,1400,GREEN,ST,N,,14TH,,,,,37.85409057,-87.57891402,17.072,2024-01-16,1721,2,2,0,0,CLEAR,SNOW/SLUSH,False,OPPOSING LEFT TURN,OPPOSING LEFT TURN,STRAIGHT & LEVEL,DARK-HWY LIGHTED/ON,,,45310.31803,False,59,Accepted,5,5,O,,FAILED TO YIELD RIGHT OF WAY,,2024,1
7199,32741953,0510100,HENDERSON POLICE DEPARTMENT,Accepted,HENDERSON,,,WASHINGTON,ST,,,ADAMS,,,,,37.83483015,-87.58846208,,2024-01-17,800,2,2,0,0,CLEAR,SNOW/SLUSH,False,ANGLE COLLISION - OTHER,ANGLE,STRAIGHT & LEVEL,DAYLIGHT,,,45310.31808,False,82,Accepted,5,5,O,SLIPPERY SURFACE,OTHER,,2024,1
7201,32742092,0510100,HENDERSON POLICE DEPARTMENT,Accepted,HENDERSON,,1320,GREEN,ST,N,,,,,,,37.85324853,-87.57958315,,2024-01-17,1325,2,2,0,0,CLEAR,DRY,False,SIDESWIPE COLLISION - SAME DIRECTION,SIDESWIPE-SAME DIRECTION,STRAIGHT & LEVEL,DAYLIGHT,,,45310.3524,False,82,Accepted,5,5,O,,OTHER,,2024,1
7202,32742218,0510100,HENDERSON POLICE DEPARTMENT,Accepted,HENDERSON,,,ELM,ST,N,,HERRON,,,,,37.85573228,-87.58006903,1.373,2024-01-10,1615,2,2,0,1,CLEAR,DRY,False,OPPOSING LEFT TURN,OPPOSING LEFT TURN,STRAIGHT & GRADE,DUSK,,,45310.39603,False,34,Accepted,5,3,B,GLARE (SUN),MISJUDGE CLEARANCE,,2024,1
7203,32742219,0510100,HENDERSON POLICE DEPARTMENT,Accepted,HENDERSON,US0041A,,GREEN,ST,N,,3RD,,,,,37.8407387,-87.58770001,16.017,2024-01-13,1432,2,2,0,0,CLOUDY,DRY,False,ANGLE COLLISION - OTHER,ANGLE,STRAIGHT & LEVEL,DAYLIGHT,,,45310.39612,False,34,Accepted,5,5,O,,"DISREGARD TRAFFIC CONTROL, INATTENTION",,2024,1
7205,32745842,0510100,HENDERSON POLICE DEPARTMENT,Accepted,HENDERSON,,,US HWY 41,,,,MARYWOOD,,,,,37.86729746,-87.57228207,,2024-01-19,1020,2,2,0,0,CLEAR,SNOW/SLUSH,False,ANGLE COLLISION - OTHER,ANGLE,STRAIGHT & LEVEL,DAYLIGHT,,,45311.76537,False,82,Accepted,5,5,O,,INATTENTION,,2024,1
7206,32745844,0510100,HENDERSON POLICE DEPARTMENT,Accepted,HENDERSON,,,LINCOLN,AVE,,KY2098,WASHINGTON,,,,,37.82524656,-87.57208716,0.179,2023-12-22,2147,2,2,0,0,CLEAR,DRY,False,HEAD-ON COLLISION,HEAD ON,STRAIGHT & LEVEL,DARK-HWY LIGHTED/ON,,,45311.76547,False,25,Accepted,5,5,O,,INATTENTION,,2023,1
7207,32750201,0510100,HENDERSON POLICE DEPARTMENT,Accepted,HENDERSON,KY0351,1600,2ND,ST,,,,,,,,37.83225307,-87.57128606,1.065,2024-01-20,927,2,2,0,0,CLEAR,DRY,False,SIDESWIPE COLLISION - SAME DIRECTION,SIDESWIPE-SAME DIRECTION,STRAIGHT & LEVEL,DAYLIGHT,,,45313.35531,False,50,Accepted,5,5,O,,OTHER,,2024,1
7208,32750202,0510100,HENDERSON POLICE DEPARTMENT,Accepted,HENDERSON,US0041,2700,US41,,N,,,,,,,37.87914249,-87.56563268,17.694,2024-01-21,2024,2,2,0,0,CLEAR,DRY,False,SIDESWIPE COLLISION - SAME DIRECTION,SIDESWIPE-SAME DIRECTION,STRAIGHT & LEVEL,DAYLIGHT,,,45313.35536,False,59,Accepted,5,5,O,,"FAILED TO KEEP PROPER LANE, INATTENTION",,2024,1
7210,32750713,0510100,HENDERSON POLICE DEPARTMENT,Accepted,HENDERSON,US0041,2900,US41,,N,,,,,,,37.88020589,-87.56506353,17.722,2024-01-16,624,2,2,0,2,CLEAR,SNOW/SLUSH,False,REAR END IN TRAFFIC LANES BOTH VEHICLES MOVING,REAR END,STRAIGHT & LEVEL,DARK-HWY LIGHTED/ON,,,45313.41811,False,59,Accepted,3,3,B,,"OTHER, INATTENTION",,2024,1
7213,32751392,0510100,HENDERSON POLICE DEPARTMENT,Accepted,HENDERSON,US0041A,,GREEN,ST,N,,5TH,,,,,37.84328223,-87.58598731,16.217,2024-01-15,1645,2,2,0,0,CLEAR,DRY,False,OTHER INTERSECTION COLLISIONS,REAR END,STRAIGHT & LEVEL,DARK-HWY LIGHTED/ON,,,45313.52685,False,34,Accepted,5,5,O,,INATTENTION,,2024,1