OBJECTID,IncidentID,AgencyORI,AgencyName,IncidentStatusDesc,County,RdwyNumber,Street,RoadwayName,StreetSfx,StreetDir,IntersectionRdwy,IntersectionRdwyName,BetweenStRdwy1,BetweenStRdwyName1,BetweenStRdwy2,BetweenStRdwyName2,Latitude,Longitude,Milepoint,CollisionDate,CollisionTime,UnitsInvolved,MotorVehiclesInvolved,NumberKilled,NumberInjured,Weather,RdwyConditionCode,HitandRun,DirAnalysisCode,MannerofCollision,RdwyCharacter,LightCondition,RampFromRdwyId,RampToRdwyId,AcceptedDate,IsSecondaryCollision,OwnerBadge,IncidentStatus,InjurySeverityCde,KABCO_Code,KABCO,Environmental_Factors,Human_Factors,Vehicular_Factors,CollisionYear,CityCrash
7215,32757678,0510100,HENDERSON POLICE DEPARTMENT,Accepted,HENDERSON,KY2098,,WASHINGTON,ST,,,LINCOLN,,,,,37.82539079,-87.57234537,0.047,2024-01-17,501,1,1,0,0,BLOWING SAND/SOIL/DIRT/SNOW,DRY,False,COLLISION WITH FIXED OBJECT IN INTERSECTION - FIRST EVENT COLLISION 09 - 32,SINGLE VEHICLE,STRAIGHT & LEVEL,DARK-HWY NOT LIGHTED,,,45314.89323,False,49,Accepted,5,5,O,,INATTENTION,,2024,1
7216,32757770,0510100,HENDERSON POLICE DEPARTMENT,Accepted,HENDERSON,US0041,,US41,,,,,,,,,37.82120532,-87.56268549,2.18,2024-01-19,115,2,2,0,0,SNOWING,WET,True,SIDESWIPE COLLISION - SAME DIRECTION,SIDESWIPE-SAME DIRECTION,STRAIGHT & LEVEL,DARK-HWY LIGHTED/ON,,,45314.92256,False,19,Accepted,5,5,O,,INATTENTION,,2024,1
7222,32761137,0510100,HENDERSON POLICE DEPARTMENT,Accepted,HENDERSON,US0041,,US41,,N,,,,HARMONY,,ROBIN,37.86890164,-87.57123671,16.923,2024-01-24,630,3,3,0,0,RAINING,WET,False,VEHICLE BACKING NON INTERSECTION,BACKING,STRAIGHT & LEVEL,DARK-HWY LIGHTED/ON,,,45315.65817,False,67,Accepted,5,5,O,SLIPPERY SURFACE,"FAILED TO YIELD RIGHT OF WAY, INATTENTION",,2024,1
7223,32761336,0510100,HENDERSON POLICE DEPARTMENT,Accepted,HENDERSON,,,MADISON,ST,,,,,PRINGLE,,STEWART,37.82482392,-87.59026736,,2024-01-24,900,2,2,0,0,CLOUDY,WET,True,1 VEHICLE ENTERING/LEAVING ENTRANCE,ANGLE,STRAIGHT & LEVEL,DAYLIGHT,,,45315.68138,False,73,Accepted,5,5,O,,,,2024,1
7224,32762481,0510100,HENDERSON POLICE DEPARTMENT,Accepted,HENDERSON,,,OLD HENDERSON CORYDON,RD,,KY0425,KY425,,,,,37.79456517,-87.64382628,0.827,2024-01-23,1830,2,2,0,1,RAINING,WET,False,ANGLE COLLISION - OTHER,ANGLE,STRAIGHT & LEVEL,DARK-HWY LIGHTED/ON,,,45315.99608,False,51,Accepted,4,4,C,,"DISTRACTION, INATTENTION, MISJUDGE CLEARANCE",,2024,1
7225,32763895,0510100,HENDERSON POLICE DEPARTMENT,Accepted,HENDERSON,,,GREGORY,DR,,,OLD MADISONVILLE ,,,,,37.79853534,-87.58980928,,2024-01-24,1440,1,1,0,0,RAINING,WET,False,OTHER INTERSECTION COLLISIONS,SINGLE VEHICLE,STRAIGHT & LEVEL,DAYLIGHT,,,45316.38945,False,82,Accepted,5,5,O,,MISJUDGE CLEARANCE,,2024,1
7227,32763944,0510000,HENDERSON COUNTY SHERIFF DEPT.,Accepted,HENDERSON,,,GREEN RIVER,RD,,,,,,,,37.87794521,-87.54056578,1.855,2023-09-22,205,1,1,0,0,CLEAR,DRY,False,OTHER COLLISIONS ON SHOULDER,SINGLE VEHICLE,STRAIGHT & GRADE,DARK-HWY NOT LIGHTED,,,45316.39511,False,137,Accepted,5,5,O,,NOT UNDER PROPER CONTROL,,2023,1
7228,32772886,0510100,HENDERSON POLICE DEPARTMENT,Accepted,HENDERSON,US0060,,GREEN,ST,S,,,,OHIO,,COMMUNITY,37.80512145,-87.63412894,9.534,2024-01-24,1112,1,1,0,0,RAINING,WET,False,COLLISION WITH ANIMAL NON INTERSECTION,SINGLE VEHICLE,STRAIGHT & LEVEL,DAYLIGHT,,,45318.34479,False,67,Accepted,5,5,O,ANIMALS ACTION,OTHER,,2024,1
7229,32772887,0510100,HENDERSON POLICE DEPARTMENT,Accepted,HENDERSON,,,7TH,ST,,,,,INGRAM,,ADAMS,37.84484892,-87.58216121,0.433,2024-01-24,1115,2,2,0,0,CLOUDY,WET,False,1 VEHICLE PARKED POSITION (NOT PARKING LOT/DRIVEWAY),SIDESWIPE-OPPOSITE DIRECTION,STRAIGHT & LEVEL,DAYLIGHT,,,45318.34484,False,34,Accepted,5,5,O,,LOST CONSCIOUSNESS/FAINTED,,2024,1
7230,32772889,0510100,HENDERSON POLICE DEPARTMENT,Accepted,HENDERSON,,,WASHINGTON,ST,,,MEADOW,,,,,37.83107545,-87.58227127,0.587,2024-01-24,1012,2,2,0,0,RAINING,WET,False,COLLISION WITH FIXED OBJECT IN INTERSECTION - FIRST EVENT COLLISION 09 - 32,OPPOSING LEFT TURN,STRAIGHT & LEVEL,DAYLIGHT,,,45318.34494,False,27,Accepted,5,5,O,,INATTENTION,,2024,1
7231,32772890,0510100,HENDERSON POLICE DEPARTMENT,Accepted,HENDERSON,,,CENTER,ST,,,GREEN,,,,,37.83722447,-87.5899357,,2024-01-26,1410,2,2,0,0,CLEAR,DRY,False,ANGLE COLLISION - OTHER,ANGLE,STRAIGHT & LEVEL,DAYLIGHT,,,45318.34499,False,82,Accepted,5,5,O,,INATTENTION,,2024,1
7232,32772906,0510100,HENDERSON POLICE DEPARTMENT,Accepted,HENDERSON,,,WASHINGTON,ST,,,MEADOW,,,,,37.83079433,-87.582068,,2024-01-23,1620,1,1,0,0,CLOUDY,WET,False,COLLISION WITH FIXED OBJECT IN INTERSECTION - FIRST EVENT COLLISION 09 - 32,SINGLE VEHICLE,STRAIGHT & LEVEL,DAYLIGHT,,,45318.35642,False,82,Accepted,5,5,O,,OTHER,,2024,1
7236,32783636,0510100,HENDERSON POLICE DEPARTMENT,Accepted,HENDERSON,,,ELM,ST,N,,,,12TH,,13TH,37.85316469,-87.58169812,1.175,2024-01-29,1124,2,2,0,2,CLOUDY,DRY,False,OTHER ROADWAY OR MID-BLOCK COLLISION,REAR END,STRAIGHT & LEVEL,DAYLIGHT,,,45321.34509,False,67,Accepted,4,4,C,"NON-HIGHWAY WORK: WORK ZONE (Utility, Tree, etc.)",INATTENTION,,2024,1
7237,32784407,0510100,HENDERSON POLICE DEPARTMENT,Accepted,HENDERSON,,,US 41N,,,,ZION ,,,,,37.83061307,-87.5662486,,2024-01-29,1000,2,2,0,0,CLOUDY,DRY,False,SIDESWIPE-SAME DIRECTION,SIDESWIPE-SAME DIRECTION,STRAIGHT & LEVEL,DAYLIGHT,,,45321.43214,False,73,Accepted,5,5,O,,INATTENTION,,2024,1
7238,32784413,0510100,HENDERSON POLICE DEPARTMENT,Accepted,HENDERSON,KY0351,,ZION,RD,,,BITTERSWEET,,,,,37.82710414,-87.55307201,2.123,2024-01-26,1627,2,2,0,0,CLEAR,DRY,False,ANGLE COLLISION - OTHER,ANGLE,STRAIGHT & LEVEL,DAYLIGHT,,,45321.43236,False,65,Accepted,5,5,O,,INATTENTION,,2024,1
7241,32787804,0510100,HENDERSON POLICE DEPARTMENT,Accepted,HENDERSON,US0041,,US41,,N,,,,,,,37.84986438,-87.56739956,15.454,2024-01-22,1750,2,2,0,0,CLEAR,DRY,True,SIDESWIPE COLLISION - OPPOSITE DIRECTION,SIDESWIPE-OPPOSITE DIRECTION,STRAIGHT & LEVEL,DARK-HWY NOT LIGHTED,,,45322.00842,True,49,Accepted,5,5,O,CONSTRUCTION WORK ZONE,MISJUDGE CLEARANCE,,2024,1
7242,32787806,0510100,HENDERSON POLICE DEPARTMENT,Accepted,HENDERSON,US0041,2044,US41,,N,,RETTIG,,,,,37.8669349,-87.57261073,16.776,2024-01-23,1805,2,1,0,1,RAINING,WATER (STANDING OR MOVING),True,COLLISION WITH PEDESTRIAN IN INTERSECTION,SINGLE VEHICLE,STRAIGHT & LEVEL,DARK-HWY LIGHTED/ON,,,45322.00847,False,29,Accepted,3,3,B,"SLIPPERY SURFACE, VIEW OBSTRUCTED, LIMITED DUE TO WEATHER CONDITIONS",INATTENTION,,2024,1
7243,32787838,0510100,HENDERSON POLICE DEPARTMENT,Accepted,HENDERSON,,2820,CIRCLE B TRAILER PARK,,,,SUNSET,,,,,37.87817222,-87.57163584,0.257,2024-01-24,2056,2,2,0,0,FOG WITH RAIN,WET,True,COLLISION WITH PARKED VEHICLE,SIDESWIPE-OPPOSITE DIRECTION,STRAIGHT & LEVEL,DARK-HWY NOT LIGHTED,,,45322.02055,False,29,Accepted,5,5,O,GLARE (OTHER),INATTENTION,,2024,1
7245,32798129,0510100,HENDERSON POLICE DEPARTMENT,Accepted,HENDERSON,KY0136,,SAND,LN,,,,,,,,37.82147719,-87.59963271,19.795,2024-01-26,1931,1,1,0,0,CLOUDY,WET,False,RAN OFF ROADWAY (1 VEHICLE WITH/EARTH EMBANKMENT/DITCH),SINGLE VEHICLE,CURVE & LEVEL,DARK-HWY LIGHTED/ON,,,45323.99519,False,58,Accepted,5,5,O,DEBRIS IN ROADWAY,,,2024,1
7246,32798286,0510100,HENDERSON POLICE DEPARTMENT,Accepted,HENDERSON,US0041A,,GREEN,ST,N,,8TH,,,,,37.847156,-87.58357256,16.512,2024-01-27,1835,2,2,0,0,RAINING,WET,False,SIDESWIPE-SAME DIRECTION,SIDESWIPE-SAME DIRECTION,STRAIGHT & LEVEL,DARK-HWY LIGHTED/ON,,,45324.03936,False,42,Accepted,5,5,O,,MISJUDGE CLEARANCE,,2024,1
7247,32798416,0510100,HENDERSON POLICE DEPARTMENT,Accepted,HENDERSON,,1305,ELM,ST,N,,,,,,,37.85501614,-87.58049676,1.319,2024-01-28,1928,2,2,0,0,CLEAR,DRY,False,1 VEHICLE ENTERING/LEAVING ENTRANCE,ANGLE,STRAIGHT & HILLCREST,DARK-HWY LIGHTED/ON,,,45324.07557,False,23,Accepted,5,5,O,,"EXCEEDED STATED SPEED LIMIT, INATTENTION",,2024,1
7249,32811020,0510100,HENDERSON POLICE DEPARTMENT,Accepted,HENDERSON,US0041A,1700,GREEN,ST,S,,,,,,,37.81435576,-87.61767441,13.456,2024-01-31,1130,2,2,0,0,CLEAR,DRY,False,SIDESWIPE COLLISION - OPPOSITE DIRECTION,SIDESWIPE-OPPOSITE DIRECTION,STRAIGHT & LEVEL,DAYLIGHT,,,45327.36076,False,47,Accepted,5,5,O,,MISJUDGE CLEARANCE,,2024,1
7250,32811021,0510100,HENDERSON POLICE DEPARTMENT,Accepted,HENDERSON,,,OAKWAY,,,,,,,,,37.82930384,-87.60228743,0.092,2024-01-31,1604,3,3,0,1,CLEAR,DRY,False,OTHER ROADWAY OR MID-BLOCK COLLISION,REAR END,STRAIGHT & LEVEL,DAYLIGHT,,,45327.36085,False,50,Accepted,5,4,C,,INATTENTION,,2024,1
7251,32811022,0510100,HENDERSON POLICE DEPARTMENT,Accepted,HENDERSON,US0060,,US60,,E,,BARRET,,,,,37.85991598,-87.56774186,10.599,2024-01-31,1639,2,2,0,0,CLEAR,DRY,False,OPPOSING LEFT TURN,OPPOSING LEFT TURN,STRAIGHT & LEVEL,DAYLIGHT,,,45327.36092,False,33,Accepted,5,5,O,GLARE (SUN),OTHER,,2024,1
7252,32811024,0510100,HENDERSON POLICE DEPARTMENT,Accepted,HENDERSON,US0060,,US60,,E,,,,BEND GATE,,WATSON,37.86471381,-87.55505627,11.395,2024-02-02,712,2,2,0,0,CLEAR,DRY,False,OTHER ROADWAY OR MID-BLOCK COLLISION,REAR END,STRAIGHT & LEVEL,DAYLIGHT,,,45327.36099,False,67,Accepted,5,5,O,,INATTENTION,,2024,1
7253,32811027,0510100,HENDERSON POLICE DEPARTMENT,Accepted,HENDERSON,,,GARDEN MILE,RD,N,,,,,,,37.82663846,-87.55831122,0.117,2024-02-02,1545,2,2,0,0,CLEAR,DRY,False,REAR END IN TRAFFIC LANES BOTH VEHICLES MOVING,REAR END,STRAIGHT & LEVEL,DAYLIGHT,,,45327.36107,False,27,Accepted,5,5,O,,"DISTRACTION, FOLLOWING TOO CLOSE, INATTENTION",,2024,1
7254,32811030,0510100,HENDERSON POLICE DEPARTMENT,Accepted,HENDERSON,,,POWELL,ST,,US0041A,GREEN,,,,,37.83517143,-87.59195012,0.291,2024-02-03,1410,2,2,0,0,CLEAR,DRY,False,OTHER INTERSECTION COLLISIONS,REAR END,STRAIGHT & LEVEL,DAYLIGHT,,,45327.36113,False,25,Accepted,5,5,O,,"FOLLOWING TOO CLOSE, INATTENTION",,2024,1
7257,32811531,0510100,HENDERSON POLICE DEPARTMENT,Accepted,HENDERSON,US0041,1961,US41,,N,,,,,,,37.86336865,-87.57439677,,2024-01-31,1200,2,2,0,0,CLEAR,DRY,False,OTHER ROADWAY OR MID-BLOCK COLLISION,REAR END,STRAIGHT & LEVEL,DAYLIGHT,,,45327.42189,False,82,Accepted,5,5,O,,OTHER,BRAKES DEFECTIVE,2024,1
7258,32811532,0510100,HENDERSON POLICE DEPARTMENT,Accepted,HENDERSON,,,GREEN,ST,N,,4TH,,,,,37.84205471,-87.58681696,,2024-01-31,1245,3,3,0,0,CLEAR,DRY,False,OTHER INTERSECTION COLLISIONS,REAR END,STRAIGHT & LEVEL,DAYLIGHT,,,45327.42197,False,82,Accepted,5,5,O,,INATTENTION,,2024,1
7259,32811533,0510100,HENDERSON POLICE DEPARTMENT,Accepted,HENDERSON,,,MARYWOOD,DR,,,RETTIG,,,,,37.86727293,-87.57229977,,2024-01-31,1510,2,2,0,0,CLEAR,DRY,False,SIDESWIPE-SAME DIRECTION,SIDESWIPE-SAME DIRECTION,STRAIGHT & LEVEL,DAYLIGHT,,,45327.42203,False,82,Accepted,5,5,O,,OTHER,,2024,1
7260,32811534,0510100,HENDERSON POLICE DEPARTMENT,Accepted,HENDERSON,,,DR MARTIN LUTHER KING JR,AVE,,,ALVES,,,,,37.83056509,-87.59079706,,2024-01-31,1425,2,2,0,0,CLEAR,DRY,False,ANGLE COLLISION - ONE VEHICLE TURNING LEFT,ANGLE,STRAIGHT & LEVEL,DAYLIGHT,,,45327.42209,False,82,Accepted,5,5,O,,OTHER,,2024,1
7261,32811535,0510100,HENDERSON POLICE DEPARTMENT,Accepted,HENDERSON,,528,GREEN,ST,N,,,,,,,37.84415549,-87.58533761,,2024-02-01,1225,1,1,0,0,CLEAR,DRY,False,COLLISION WITH FIXED OBJECT NON - INTERSECTION - FIRST EVENT COLLISION 09 - 32 EXCLUDING 16,SINGLE VEHICLE,STRAIGHT & LEVEL,DAYLIGHT,,,45327.42214,False,82,Accepted,5,5,O,,OTHER,,2024,1
7262,32811537,0510100,HENDERSON POLICE DEPARTMENT,Accepted,HENDERSON,,,SUREWAY,DR,,,WATSON,,,,,37.8750949,-87.56665346,,2024-02-02,820,2,2,0,0,CLEAR,DRY,False,ANGLE COLLISION - ONE VEHICLE TURNING LEFT,ANGLE,STRAIGHT & LEVEL,DAYLIGHT,,,45327.42224,False,82,Accepted,5,5,O,,INATTENTION,,2024,1
7263,32811538,0510100,HENDERSON POLICE DEPARTMENT,Accepted,HENDERSON,,1927,US41,,N,,,,,,,37.86268484,-87.57479154,,2024-02-03,1520,2,2,0,0,CLEAR,DRY,False,1 VEHICLE ENTERING/LEAVING ENTRANCE,ANGLE,STRAIGHT & LEVEL,DAYLIGHT,,,45327.4223,False,82,Accepted,5,5,O,,INATTENTION,,2024,1
7267,32813058,0510100,HENDERSON POLICE DEPARTMENT,Accepted,HENDERSON,US0041A,,GREEN,ST,S,,,,POWELL,,WASHINGTON,37.83585046,-87.59124543,15.625,2024-01-24,1350,2,2,0,2,CLOUDY,WATER (STANDING OR MOVING),False,1 VEHICLE ENTERING/LEAVING ENTRANCE,ANGLE,STRAIGHT & LEVEL,DAYLIGHT,,,45327.60223,False,34,Accepted,5,4,C,,"INATTENTION, MISJUDGE CLEARANCE",,2024,1
7268,32813059,0510100,HENDERSON POLICE DEPARTMENT,Accepted,HENDERSON,US0041A,,GREEN,ST,N,,14TH,,,,,37.85409094,-87.57886378,17.074,2024-01-27,925,2,2,0,0,RAINING,WET,False,SIDESWIPE-SAME DIRECTION,SIDESWIPE-SAME DIRECTION,STRAIGHT & LEVEL,DAYLIGHT,,,45327.6023,False,34,Accepted,5,5,O,,"INATTENTION, MISJUDGE CLEARANCE",,2024,1
7269,32813060,0510100,HENDERSON POLICE DEPARTMENT,Accepted,HENDERSON,,,CENTER,ST,,US0041A,GREEN,,,,,37.83716169,-87.5898441,0.835,2024-01-27,1728,2,2,0,0,CLEAR,DRY,False,SIDESWIPE-SAME DIRECTION,SIDESWIPE-SAME DIRECTION,STRAIGHT & LEVEL,DARK-HWY LIGHTED/ON,,,45327.60238,False,34,Accepted,5,5,O,,INATTENTION,,2024,1
7270,32813067,0510100,HENDERSON POLICE DEPARTMENT,Accepted,HENDERSON,US0041,,US41,,N,,,,KIMSEY,US0041,US41 N EXIT81 OFF RAMP TO US60 E,37.85473435,-87.57053242,15.83,2024-02-02,717,2,2,0,0,CLEAR,DRY,False,OTHER COLLISIONS ON SHOULDER,SIDESWIPE-SAME DIRECTION,STRAIGHT & LEVEL,DAYLIGHT,,,45327.60251,False,34,Accepted,5,5,O,BACKUP DUE TO REGULAR CONGESTION,"INATTENTION, OTHER",,2024,1
7271,32813301,0510100,HENDERSON POLICE DEPARTMENT,Accepted,HENDERSON,,300,PRIEST,ST,,,,,,,,37.83589784,-87.57132558,0.085,2024-02-04,1200,1,1,0,0,CLEAR,DRY,False,COLLISION WITH FIXED OBJECT NON - INTERSECTION - FIRST EVENT COLLISION 09 - 32 EXCLUDING 16,SINGLE VEHICLE,CURVE & LEVEL,DAYLIGHT,,,45327.62707,False,47,Accepted,5,5,O,ANIMALS ACTION,OTHER,,2024,1
7272,32815498,0510100,HENDERSON POLICE DEPARTMENT,Accepted,HENDERSON,,915,ELM,ST,N,,,,,,,37.8494801,-87.58410687,0.889,2024-01-29,1809,2,2,0,0,CLEAR,DRY,True,1 VEHICLE PARKED POSITION (NOT PARKING LOT/DRIVEWAY),SIDESWIPE-SAME DIRECTION,STRAIGHT & LEVEL,DARK-HWY NOT LIGHTED,,,45328.03737,False,23,Accepted,5,5,O,,,,2024,1
7273,32815500,0510100,HENDERSON POLICE DEPARTMENT,Accepted,HENDERSON,,32,DR MARTIN LUTHER KING JR,AVE,,,,,,,,37.82801626,-87.58663114,0.531,2024-01-26,1905,2,2,0,0,CLEAR,DRY,True,1 VEHICLE PARKED POSITION (NOT PARKING LOT/DRIVEWAY),BACKING,STRAIGHT & LEVEL,DARK-HWY LIGHTED/ON,,,45328.03743,False,58,Accepted,5,5,O,,INATTENTION,,2024,1
7274,32817115,0510100,HENDERSON POLICE DEPARTMENT,Accepted,HENDERSON,US0041,,US41,,N,US0041,US41 E RAMP TO US41 N,,,,,37.85738012,-87.57349965,16.052,2024-02-04,1350,2,2,0,0,CLEAR,DRY,False,SIDESWIPE-SAME DIRECTION,SIDESWIPE-SAME DIRECTION,STRAIGHT & LEVEL,DAYLIGHT,,,45328.40331,False,47,Accepted,5,5,O,,INATTENTION,,2024,1
7275,32817158,0510100,HENDERSON POLICE DEPARTMENT,Accepted,HENDERSON,,,CLAY,ST,,US0041A,GREEN,,,,,37.83374648,-87.59321939,1.067,2024-02-05,727,2,2,0,0,CLEAR,DRY,False,SIDESWIPE-SAME DIRECTION,SIDESWIPE-SAME DIRECTION,STRAIGHT & LEVEL,DAYLIGHT,,,45328.41484,False,25,Accepted,5,5,O,GLARE (SUN),INATTENTION,,2024,1
7277,32820050,0510100,HENDERSON POLICE DEPARTMENT,Accepted,HENDERSON,US0041,,US41,,N,US0041,US41 S EXIT81 OFF RAMP TO US60 W,,,,,37.85838093,-87.57453923,16.148,2024-02-01,2201,2,2,0,0,CLEAR,DRY,False,SIDESWIPE-SAME DIRECTION,SIDESWIPE-SAME DIRECTION,STRAIGHT & LEVEL,DARK-HWY LIGHTED/ON,,,45328.89003,False,19,Accepted,5,5,O,,INATTENTION,,2024,1
7278,32820083,0510100,HENDERSON POLICE DEPARTMENT,Accepted,HENDERSON,US0060,,GREEN,ST,S,KY0136,KY136,,,,,37.79994413,-87.64760155,8.719,2024-02-02,1817,2,2,0,0,CLEAR,DRY,False,ANGLE COLLISION - OTHER,ANGLE,STRAIGHT & LEVEL,DARK-HWY LIGHTED/ON,,,45328.90517,False,51,Accepted,5,5,O,,"FAILED TO YIELD RIGHT OF WAY, INATTENTION, MISJUDGE CLEARANCE",,2024,1
7279,32820174,0510100,HENDERSON POLICE DEPARTMENT,Accepted,HENDERSON,,,ADAMS,ST,N,,7TH,,,,,37.84455383,-87.58163787,0.649,2024-02-02,1929,4,4,0,0,CLEAR,DRY,True,ANGLE COLLISION - OTHER,ANGLE,STRAIGHT & LEVEL,DARK-HWY LIGHTED/ON,,,45328.92927,True,23,Accepted,5,5,O,,,,2024,1
7280,32820580,0510100,HENDERSON POLICE DEPARTMENT,Accepted,HENDERSON,US0060,,GREEN,ST,S,KY0425,KY425,,,,,37.80002771,-87.64778286,8.719,2024-02-03,1951,2,2,0,2,CLOUDY,DRY,False,OPPOSING LEFT TURN,OPPOSING LEFT TURN,STRAIGHT & LEVEL,DARK-HWY NOT LIGHTED,,,45329.04302,False,58,Accepted,4,4,C,,"DISREGARD TRAFFIC CONTROL, INATTENTION",,2024,1
7281,32822368,0510100,HENDERSON POLICE DEPARTMENT,Accepted,HENDERSON,,1328,GREEN,ST,S,,,,,,,37.82335446,-87.60353086,,2024-02-06,1500,2,2,0,0,CLEAR,DRY,False,SIDESWIPE COLLISION - SAME DIRECTION,SIDESWIPE-SAME DIRECTION,STRAIGHT & LEVEL,DAYLIGHT,,,45329.40301,False,82,Accepted,5,5,O,,INATTENTION,,2024,1
7282,32830941,0510100,HENDERSON POLICE DEPARTMENT,Accepted,HENDERSON,US0041,2611,US41,,N,,,,,,,37.87386923,-87.56881886,17.291,2024-02-08,524,2,2,0,0,CLEAR,DRY,False,REAR END IN TRAFFIC LANES BOTH VEHICLES MOVING,REAR END,STRAIGHT & LEVEL,DARK-HWY LIGHTED/ON,,,45331.07454,False,29,Accepted,5,5,O,,,,2024,1
7283,32831988,0510100,HENDERSON POLICE DEPARTMENT,Accepted,HENDERSON,US0060,,US60,,E,,BARRET,,,,,37.85976057,-87.56791887,10.588,2024-02-06,1426,2,2,0,0,CLEAR,DRY,True,OTHER INTERSECTION COLLISIONS,REAR END,STRAIGHT & GRADE,DAYLIGHT,,,45331.33666,False,34,Accepted,5,5,O,,,,2024,1
7284,32831989,0510100,HENDERSON POLICE DEPARTMENT,Accepted,HENDERSON,US0041,,US41,,N,,,,BARRET,,MARYWOOD,37.86648701,-87.57258636,16.745,2024-02-07,637,2,2,0,1,CLOUDY,DRY,False,OTHER ROADWAY OR MID-BLOCK COLLISION,REAR END,STRAIGHT & LEVEL,DAYLIGHT,,,45331.33672,False,67,Accepted,4,4,C,,"INATTENTION, OTHER",,2024,1
7285,32831990,0510100,HENDERSON POLICE DEPARTMENT,Accepted,HENDERSON,US0041,2230,US41,,N,,,,,,,37.86954972,-87.57081962,16.972,2024-02-08,736,2,2,0,0,CLOUDY,DRY,False,1 VEHICLE ENTERING/LEAVING ENTRANCE,ANGLE,STRAIGHT & LEVEL,DAYLIGHT,,,45331.33677,False,25,Accepted,5,5,O,,"FAILED TO YIELD RIGHT OF WAY, INATTENTION",,2024,1
7290,32832590,0510100,HENDERSON POLICE DEPARTMENT,Accepted,HENDERSON,,,ZION,RD,,,ARLINGTON,,,,,37.82943188,-87.5618439,,2024-02-06,1545,2,2,0,0,CLEAR,DRY,False,OTHER INTERSECTION COLLISIONS,REAR END,STRAIGHT & LEVEL,DAYLIGHT,,,45331.45739,False,82,Accepted,5,5,O,,INATTENTION,,2024,1
7291,32832595,0510100,HENDERSON POLICE DEPARTMENT,Accepted,HENDERSON,,,1ST,ST,,,ELM,,,,,37.83878708,-87.59088349,,2024-02-08,1005,2,2,0,0,CLEAR,DRY,False,VEHICLE BACKING IN INTERSECTION,BACKING,STRAIGHT & LEVEL,DAYLIGHT,,,45331.45796,False,82,Accepted,5,5,O,,INATTENTION,,2024,1
7292,32835243,0510100,HENDERSON POLICE DEPARTMENT,Accepted,HENDERSON,,514,DR MARTIN LUTHER KING JR,AVE,,,,,,,,37.83078796,-87.5911452,0.218,2024-01-14,2112,2,2,0,0,SNOWING,SNOW/SLUSH,False,1 VEHICLE PARKED POSITION (NOT PARKING LOT/DRIVEWAY),REAR END,STRAIGHT & LEVEL,DARK-HWY LIGHTED/ON,,,45332.08122,False,51,Accepted,5,5,O,OTHER,OVERCORRECTING/OVERSTEERING,,2024,1
7293,32842014,0510100,HENDERSON POLICE DEPARTMENT,Accepted,HENDERSON,US0041A,100,GREEN,ST,S,,,,,,,37.83600487,-87.59110107,15.638,2024-02-10,1158,1,1,0,0,CLEAR,DRY,False,COLLISION WITH FIXED OBJECT NON - INTERSECTION - FIRST EVENT COLLISION 09 - 32 EXCLUDING 16,SINGLE VEHICLE,STRAIGHT & LEVEL,DAYLIGHT,,,45334.34447,False,14,Accepted,5,5,O,,FELL ASLEEP,,2024,1
7296,32845436,0510100,HENDERSON POLICE DEPARTMENT,Accepted,HENDERSON,,1011,BOOK,ST,,,,,,,,37.84914049,-87.57959348,0.048,2024-02-09,2339,2,2,0,0,CLEAR,DRY,False,1 VEHICLE PARKED POSITION (NOT PARKING LOT/DRIVEWAY),BACKING,STRAIGHT & LEVEL,DARK-HWY LIGHTED/OFF,,,45334.96526,False,23,Accepted,5,5,O,,INATTENTION,MIRRORS,2024,1
7297,32846507,0510100,HENDERSON POLICE DEPARTMENT,Accepted,HENDERSON,US0041A,,GREEN,ST,N,,5TH,,,,,37.84329996,-87.585989,16.217,2024-02-12,1242,2,2,0,0,CLOUDY,DRY,False,ANGLE COLLISION - OTHER,ANGLE,STRAIGHT & LEVEL,DAYLIGHT,,,45335.31604,False,67,Accepted,5,5,O,,INATTENTION,,2024,1
7298,32846508,0510100,HENDERSON POLICE DEPARTMENT,Accepted,HENDERSON,US0041A,,GREEN,ST,S,,CLAY,,,,,37.83379436,-87.59323738,15.447,2024-02-12,1440,2,2,0,0,CLOUDY,DRY,False,OPPOSING LEFT TURN,OPPOSING LEFT TURN,STRAIGHT & LEVEL,DAYLIGHT,,,45335.31609,False,9,Accepted,5,5,O,,INATTENTION,,2024,1
7300,32852304,0510100,HENDERSON POLICE DEPARTMENT,Accepted,HENDERSON,,,CLAY,ST,,,,,,,,37.82447032,-87.57742766,0.007,2024-02-12,1002,2,2,0,0,CLEAR,DRY,False,OTHER ROADWAY OR MID-BLOCK COLLISION,REAR END,STRAIGHT & LEVEL,DAYLIGHT,,,45336.3964,False,50,Accepted,5,5,O,,INATTENTION,,2024,1
7301,32857044,0510100,HENDERSON POLICE DEPARTMENT,Accepted,HENDERSON,,,ZION,RD,,,GARDEN MILE,,,,,37.82828456,-87.5577383,,2024-02-14,805,2,2,0,0,CLEAR,DRY,False,OTHER INTERSECTION COLLISIONS,REAR END,STRAIGHT & LEVEL,DAYLIGHT,,,45337.3473,False,82,Accepted,5,5,O,GLARE (SUN),OTHER,,2024,1
7302,32857117,0510100,HENDERSON POLICE DEPARTMENT,Accepted,HENDERSON,US0041A,900,GREEN,ST,S,,,,,,,37.82655413,-87.60023262,14.841,2024-02-12,1627,2,2,0,1,CLEAR,DRY,False,REAR END IN TRAFFIC LANES BOTH VEHICLES MOVING,REAR END,STRAIGHT & LEVEL,DAYLIGHT,,,45337.36132,False,24,Accepted,4,4,C,,"FATIGUE, INATTENTION",,2024,1