OBJECTID,IncidentID,AgencyORI,AgencyName,IncidentStatusDesc,County,RdwyNumber,Street,RoadwayName,StreetSfx,StreetDir,IntersectionRdwy,IntersectionRdwyName,BetweenStRdwy1,BetweenStRdwyName1,BetweenStRdwy2,BetweenStRdwyName2,Latitude,Longitude,Milepoint,CollisionDate,CollisionTime,UnitsInvolved,MotorVehiclesInvolved,NumberKilled,NumberInjured,Weather,RdwyConditionCode,HitandRun,DirAnalysisCode,MannerofCollision,RdwyCharacter,LightCondition,RampFromRdwyId,RampToRdwyId,AcceptedDate,IsSecondaryCollision,OwnerBadge,IncidentStatus,InjurySeverityCde,KABCO_Code,KABCO,Environmental_Factors,Human_Factors,Vehicular_Factors,CollisionYear,CityCrash
7303,32859254,0510100,HENDERSON POLICE DEPARTMENT,Accepted,HENDERSON,,,LAKEVIEW,DR,,,,,SUMMIT,,WOOD,37.86820439,-87.56582246,0.045,2024-02-12,814,2,2,0,0,CLEAR,DRY,False,1 VEHICLE PARKED POSITION (NOT PARKING LOT/DRIVEWAY),BACKING,STRAIGHT & LEVEL,DAYLIGHT,,,45337.6167,False,67,Accepted,5,5,O,,INATTENTION,,2024,1
7306,32866011,0510100,HENDERSON POLICE DEPARTMENT,Accepted,HENDERSON,,,9TH,ST,,US0041A,GREEN,,,,,37.84824887,-87.58289964,0.163,2024-02-15,1753,2,2,0,1,CLEAR,DRY,False,REAR END - ONE VEHICLE TURNING LEFT,REAR END,STRAIGHT & LEVEL,DUSK,,,45339.03532,False,42,Accepted,5,3,B,,INATTENTION,,2024,1
7307,32867387,0510100,HENDERSON POLICE DEPARTMENT,Accepted,HENDERSON,US0041,2600,US41,,N,,,,,,,37.87418701,-87.56831972,17.317,2024-02-13,709,2,2,0,0,CLEAR,DRY,False,OTHER ROADWAY OR MID-BLOCK COLLISION,REAR END,STRAIGHT & LEVEL,DAYLIGHT,,,45339.7069,False,33,Accepted,5,5,O,,INATTENTION,,2024,1
7309,32873403,0510100,HENDERSON POLICE DEPARTMENT,Accepted,HENDERSON,US0060,1900,US60,,E,,,,,,,37.85928219,-87.56940999,10.509,2024-02-18,1150,2,2,0,0,CLEAR,DRY,False,REAR END IN TRAFFIC LANES BOTH VEHICLES MOVING,REAR END,STRAIGHT & GRADE,DAYLIGHT,,,45341.4213,False,14,Accepted,5,5,O,BACKUP DUE TO REGULAR CONGESTION,FOLLOWING TOO CLOSE,,2024,1
7310,32878546,0510100,HENDERSON POLICE DEPARTMENT,Accepted,HENDERSON,US0041A,3649,US41 ALT,,,,,,,,,37.80224678,-87.62092974,12.484,2024-02-19,1635,2,2,0,0,CLEAR,DRY,False,REAR END IN TRAFFIC LANES BOTH VEHICLES MOVING,REAR END,STRAIGHT & LEVEL,DAYLIGHT,,,45342.43498,False,25,Accepted,5,5,O,,INATTENTION,,2024,1
7311,32878810,0510100,HENDERSON POLICE DEPARTMENT,Accepted,HENDERSON,US0041A,,GREEN,ST,N,,5TH,,,,,37.84325357,-87.58601644,16.215,2024-02-12,1105,2,2,0,0,CLEAR,DRY,False,OTHER INTERSECTION COLLISIONS,REAR END,STRAIGHT & LEVEL,DAYLIGHT,,,45342.47302,False,34,Accepted,5,5,O,,INATTENTION,BRAKES DEFECTIVE,2024,1
7315,32879174,0510100,HENDERSON POLICE DEPARTMENT,Accepted,HENDERSON,US0041,,US41,,N,,,,WALNUT,,WATSON,37.87580466,-87.56758847,17.442,2024-02-14,1744,2,2,0,0,CLEAR,DRY,False,1 VEHICLE ENTERING/LEAVING ENTRANCE,ANGLE,STRAIGHT & LEVEL,DARK-HWY LIGHTED/ON,,,45342.55958,False,34,Accepted,5,5,O,,INATTENTION,,2024,1
7316,32879175,0510100,HENDERSON POLICE DEPARTMENT,Accepted,HENDERSON,,,ELM,ST,,,10TH,,,,,37.85023833,-87.58362553,,2024-02-16,1500,2,2,0,0,CLOUDY,WET,False,REAR END - ONE VEHICLE TURNING LEFT,REAR END,STRAIGHT & LEVEL,DAYLIGHT,,,45342.55968,False,82,Accepted,5,5,O,,INATTENTION,,2024,1
7318,32881595,0510100,HENDERSON POLICE DEPARTMENT,Accepted,HENDERSON,KY0136,1800,MADISON,ST,,,,,,,,37.8125076,-87.57877221,21.2,2024-02-16,1728,2,2,0,0,"SLEET, HAIL, FREEZING RAIN",ICE,False,OTHER ROADWAY OR MID-BLOCK COLLISION,REAR END,STRAIGHT & HILLCREST,DARK-HWY NOT LIGHTED,,,45342.983,False,23,Accepted,5,5,O,SLIPPERY SURFACE,NOT UNDER PROPER CONTROL,,2024,1
7320,32881640,0510100,HENDERSON POLICE DEPARTMENT,Accepted,HENDERSON,US0041A,,GREEN,ST,N,,10TH,,,,,37.84964473,-87.58237421,16.678,2024-02-16,1813,2,2,0,0,SNOWING,WET,False,REAR END - ONE VEHICLE TURNING LEFT,REAR END,STRAIGHT & GRADE,DARK-HWY LIGHTED/ON,,,45342.99662,False,42,Accepted,5,5,O,SLIPPERY SURFACE,FOLLOWING TOO CLOSE,,2024,1
7321,32881984,0510100,HENDERSON POLICE DEPARTMENT,Accepted,HENDERSON,US0041,1927,US41,,N,,,,,,,37.86129964,-87.57546149,16.359,2024-02-17,1904,2,2,0,1,CLEAR,DRY,False,SIDESWIPE COLLISION - SAME DIRECTION,SIDESWIPE-SAME DIRECTION,STRAIGHT & LEVEL,DARK-HWY LIGHTED/ON,,,45343.08294,False,49,Accepted,5,4,C,,"FAILED TO YIELD RIGHT OF WAY, MISJUDGE CLEARANCE",,2024,1
7324,32886221,0510100,HENDERSON POLICE DEPARTMENT,Accepted,HENDERSON,,1407,ILEX,DR,,,,,,,,37.80555983,-87.59066646,0.155,2023-09-19,404,2,2,0,0,CLEAR,DRY,True,1 VEHICLE PARKED POSITION (NOT PARKING LOT/DRIVEWAY),HEAD ON,CURVE & LEVEL,DARK-HWY LIGHTED/ON,,,45343.85283,False,58,Accepted,5,5,O,,"NOT UNDER PROPER CONTROL, TOO FAST FOR CONDITIONS",,2023,1
7325,32886422,0510100,HENDERSON POLICE DEPARTMENT,Accepted,HENDERSON,US0041A,,GREEN,ST,N,,,,,,,37.85467744,-87.57806341,17.136,2024-02-19,1034,2,2,0,1,CLEAR,DRY,False,REAR END IN TRAFFIC LANES BOTH VEHICLES MOVING,REAR END,STRAIGHT & LEVEL,DAYLIGHT,,,45343.92495,False,51,Accepted,5,3,B,,"DISTRACTION, INATTENTION",,2024,1
7326,32887911,0510100,HENDERSON POLICE DEPARTMENT,Accepted,HENDERSON,KY0136,1800,MADISON,ST,,,,,,,,37.82045656,-87.58937025,20.381,2024-02-16,1719,3,3,0,2,"SLEET, HAIL, FREEZING RAIN",ICE,False,HEAD-ON COLLISION,HEAD ON,CURVE & GRADE,DARK (UNKNOWN ROADWAY LIGHTING),,,45344.33783,False,14,Accepted,4,4,C,SLIPPERY SURFACE,NOT UNDER PROPER CONTROL,,2024,1
7327,32887912,0510100,HENDERSON POLICE DEPARTMENT,Accepted,HENDERSON,,,US HWY 41,,,,WATSON,,,,,37.87521176,-87.567735,,2024-02-20,1430,2,2,0,0,CLEAR,DRY,False,SIDESWIPE-SAME DIRECTION,SIDESWIPE-SAME DIRECTION,STRAIGHT & LEVEL,DAYLIGHT,,,45344.3379,False,82,Accepted,5,5,O,,OTHER,,2024,1
7328,32888192,0510100,HENDERSON POLICE DEPARTMENT,Accepted,HENDERSON,US0060,,US60,,E,,,,GREEN LEAF,,SADDLEBROOK,37.86475349,-87.54611276,11.881,2024-02-21,633,2,2,0,0,CLEAR,DRY,True,SIDESWIPE COLLISION - SAME DIRECTION,SIDESWIPE-SAME DIRECTION,STRAIGHT & LEVEL,DARK (UNKNOWN ROADWAY LIGHTING),,,45344.39504,False,67,Accepted,5,5,O,,"OTHER, INATTENTION",,2024,1
7329,32888575,0510100,HENDERSON POLICE DEPARTMENT,Accepted,HENDERSON,US0041,2000,US41,,N,,,,,,,37.8676642,-87.57196415,16.831,2024-02-22,641,2,2,0,0,CLOUDY,WET,False,REAR END IN TRAFFIC LANES BOTH VEHICLES MOVING,REAR END,STRAIGHT & LEVEL,DAYLIGHT,,,45344.4493,False,64,Accepted,5,5,O,SLIPPERY SURFACE,FOLLOWING TOO CLOSE,,2024,1
7330,32888931,0510100,HENDERSON POLICE DEPARTMENT,Accepted,HENDERSON,,128,2ND,ST,,,,,,,,37.8412688,-87.59290302,,2024-02-20,1320,2,2,0,0,CLEAR,DRY,False,VEHICLE BACKING NON INTERSECTION,BACKING,STRAIGHT & LEVEL,DAYLIGHT,,,45344.51769,False,82,Accepted,5,5,O,,OTHER,,2024,1
7335,32893165,KSP1600,"KY STATE POLICE, POST 16",Accepted,HENDERSON,US0041,,US41,,N,,,,,,,37.85097175,-87.56806773,15.538,2024-02-22,2356,1,1,0,0,RAINING,WET,True,OTHER ROADWAY OR MID-BLOCK COLLISION,SINGLE VEHICLE,STRAIGHT & LEVEL,DARK-HWY NOT LIGHTED,,,45345.4459,False,353,Accepted,5,5,O,"CONSTRUCTION WORK ZONE, SLIPPERY SURFACE",,,2024,1
7336,32903699,0510100,HENDERSON POLICE DEPARTMENT,Accepted,HENDERSON,US0060,2100,US60,,E,,,,,,,37.8604616,-87.56623809,10.696,2024-02-23,1656,3,3,0,0,CLEAR,DRY,False,OTHER ROADWAY OR MID-BLOCK COLLISION,REAR END,STRAIGHT & LEVEL,DAYLIGHT,,,45348.37514,False,33,Accepted,5,5,O,,INATTENTION,,2024,1
7337,32903704,0510100,HENDERSON POLICE DEPARTMENT,Accepted,HENDERSON,,451,ALVES,ST,S,,,,,,,37.8296321,-87.59170546,0.713,2024-02-21,1735,1,1,0,0,CLEAR,DRY,False,COLLISION WITH FIXED OBJECT NON - INTERSECTION - FIRST EVENT COLLISION 09 - 32 EXCLUDING 16,SINGLE VEHICLE,STRAIGHT & LEVEL,DUSK,,,45348.37548,False,17,Accepted,5,5,O,,OTHER,,2024,1
7338,32903705,0510100,HENDERSON POLICE DEPARTMENT,Accepted,HENDERSON,US0041,,US41,,N,,,,,,,37.83779499,-87.56481279,14.699,2024-02-24,1508,2,2,0,0,CLEAR,DRY,False,REAR END IN TRAFFIC LANES BOTH VEHICLES MOVING,REAR END,STRAIGHT & LEVEL,DAYLIGHT,,,45348.37562,False,24,Accepted,5,5,O,,INATTENTION,,2024,1
7339,32903749,0510100,HENDERSON POLICE DEPARTMENT,Accepted,HENDERSON,US0041A,,GREEN,ST,N,,5TH,,,,,37.84329523,-87.58601055,16.217,2024-02-25,820,2,2,0,0,CLEAR,DRY,False,OTHER INTERSECTION COLLISIONS,REAR END,STRAIGHT & LEVEL,DAYLIGHT,,,45348.38401,False,30,Accepted,5,5,O,,INATTENTION,,2024,1
7340,32903753,0510100,HENDERSON POLICE DEPARTMENT,Accepted,HENDERSON,,,GREEN RIVER,RD,,,SINCLAIR,,,,,37.86691496,-87.56080951,0.504,2024-02-23,1225,2,2,0,0,CLEAR,DRY,False,ANGLE COLLISION - OTHER,ANGLE,STRAIGHT & LEVEL,DAYLIGHT,,,45348.38411,False,65,Accepted,5,5,O,,INATTENTION,,2024,1
7342,32907344,0510100,HENDERSON POLICE DEPARTMENT,Accepted,HENDERSON,,421,PLUM,ST,,,,,,,,37.82974407,-87.59616821,0.044,2024-02-14,1938,2,2,0,0,CLEAR,DRY,False,1 VEHICLE PARKED POSITION (NOT PARKING LOT/DRIVEWAY),HEAD ON,STRAIGHT & LEVEL,DARK-HWY NOT LIGHTED,,,45348.88233,False,58,Accepted,5,5,O,,INATTENTION,,2024,1
7343,32907567,0510100,HENDERSON POLICE DEPARTMENT,Accepted,HENDERSON,,8,JULIA,ST,N,,CENTER,,,,,37.83334294,-87.58145007,0.108,2024-02-23,1900,2,2,0,0,CLEAR,DRY,True,OPPOSITE DIRECTION - BOTH VEHICLES GOING STRAIGHT AHEAD,SIDESWIPE-OPPOSITE DIRECTION,STRAIGHT & LEVEL,DARK-HWY LIGHTED/ON,,,45348.94086,False,32,Accepted,5,5,O,,,,2024,1
7344,32909087,0510100,HENDERSON POLICE DEPARTMENT,Accepted,HENDERSON,,2600,WATSON,LN,,US0041,US41,,,,,37.87590414,-87.56750145,0.991,2024-02-26,747,2,2,0,0,CLEAR,DRY,False,OPPOSING LEFT TURN,OPPOSING LEFT TURN,STRAIGHT & LEVEL,DAYLIGHT,,,45349.33322,False,24,Accepted,5,5,O,,INATTENTION,,2024,1
7345,32909088,0510100,HENDERSON POLICE DEPARTMENT,Accepted,HENDERSON,,1616,STERLING CREEK,DR,,,,,,,,37.80687112,-87.58686603,0.057,2024-02-26,730,2,2,0,0,CLEAR,DRY,False,1 VEHICLE PARKED POSITION (NOT PARKING LOT/DRIVEWAY),SIDESWIPE-SAME DIRECTION,STRAIGHT & LEVEL,DAYLIGHT,,,45349.33327,False,30,Accepted,5,5,O,,INATTENTION,,2024,1
7346,32909089,0510100,HENDERSON POLICE DEPARTMENT,Accepted,HENDERSON,,,US HWY 41,,,,BARRET,,,,,37.86435376,-87.57371582,,2024-02-26,945,2,2,0,0,CLEAR,DRY,False,SIDESWIPE-SAME DIRECTION,SIDESWIPE-SAME DIRECTION,STRAIGHT & LEVEL,DAYLIGHT,,,45349.33332,False,82,Accepted,5,5,O,,OTHER,,2024,1
7347,32909090,0510100,HENDERSON POLICE DEPARTMENT,Accepted,HENDERSON,,129,ELM,ST,N,,,,,,,37.83984337,-87.59022327,,2024-02-26,1310,2,2,0,0,CLEAR,DRY,False,OTHER COLLISIONS ON SHOULDER,BACKING,STRAIGHT & LEVEL,DAYLIGHT,,,45349.33336,False,82,Accepted,5,5,O,,OTHER,,2024,1
7351,32910250,0510100,HENDERSON POLICE DEPARTMENT,Accepted,HENDERSON,US0041,2452,US41,,N,,,,,,,37.86965345,-87.57080077,,2024-02-27,740,2,2,0,0,CLOUDY,WET,False,OTHER ROADWAY OR MID-BLOCK COLLISION,REAR END,STRAIGHT & LEVEL,DAYLIGHT,,,45349.55364,False,82,Accepted,5,5,O,SLIPPERY SURFACE,OTHER,,2024,1
7353,32919736,0510100,HENDERSON POLICE DEPARTMENT,Accepted,HENDERSON,,41,QUAIL,RUN,S,,,,,,,37.82233205,-87.55149312,,2024-02-28,1440,2,2,0,0,CLEAR,DRY,False,VEHICLE BACKING NON INTERSECTION,BACKING,STRAIGHT & LEVEL,DAYLIGHT,,,45351.60271,False,82,Accepted,5,5,O,,INATTENTION,,2024,1
7354,32919738,0510100,HENDERSON POLICE DEPARTMENT,Accepted,HENDERSON,US0041,2757,US41,,N,,,,,,,37.87734624,-87.56656043,17.561,2024-02-28,922,2,2,0,1,CLOUDY,DRY,False,1 VEHICLE ENTERING/LEAVING ENTRANCE,ANGLE,STRAIGHT & LEVEL,DAYLIGHT,,,45351.60276,False,35,Accepted,5,3,B,,MISJUDGE CLEARANCE,,2024,1
7355,32923439,0510100,HENDERSON POLICE DEPARTMENT,Accepted,HENDERSON,,700,ELM,ST,N,,7TH,,,,,37.84641867,-87.58591675,0.648,2024-02-28,1452,2,2,0,0,CLEAR,DRY,False,ANGLE COLLISION - OTHER,ANGLE,STRAIGHT & LEVEL,DAYLIGHT,,,45352.38333,False,47,Accepted,5,5,O,IMPROPERLY PARKED VEHICLE(S),OTHER,,2024,1
7356,32923932,0510100,HENDERSON POLICE DEPARTMENT,Accepted,HENDERSON,,,POWELL,ST,,,,,MEADOW,,RANKIN,37.82923042,-87.58189478,0.979,2024-02-28,618,2,2,0,0,CLEAR,DRY,True,1 VEHICLE PARKED POSITION (NOT PARKING LOT/DRIVEWAY),SIDESWIPE-SAME DIRECTION,STRAIGHT & LEVEL,UNKNOWN,,,45352.47089,False,65,Accepted,5,5,O,,,,2024,1
7357,32923936,0510100,HENDERSON POLICE DEPARTMENT,Accepted,HENDERSON,,,O'BYRNE,ST,,,ATKINSON,,,,,37.82311547,-87.57880644,,2024-02-28,1525,2,2,0,0,CLEAR,DRY,False,ANGLE COLLISION - OTHER,ANGLE,STRAIGHT & LEVEL,DAYLIGHT,,,45352.47108,False,82,Accepted,5,5,O,,INATTENTION,,2024,1
7358,32924216,0510100,HENDERSON POLICE DEPARTMENT,Accepted,HENDERSON,,,GREEN,ST,S,,,,,,,37.80518881,-87.63391519,,2024-02-29,1140,1,1,0,0,CLEAR,DRY,False,COLLISION WITH FIXED OBJECT NON - INTERSECTION - FIRST EVENT COLLISION 09 - 32 EXCLUDING 16,SINGLE VEHICLE,STRAIGHT & LEVEL,DAYLIGHT,,,45352.51664,False,82,Accepted,5,5,O,,MEDICATION,,2024,1
7361,32932867,0510100,HENDERSON POLICE DEPARTMENT,Accepted,HENDERSON,,,WATSON,LN,,,,,,,,37.87434525,-87.56313266,0.835,2024-02-25,130,1,1,0,0,CLEAR,DRY,False,COLLISION WITH ANIMAL NON INTERSECTION,SINGLE VEHICLE,STRAIGHT & LEVEL,DARK-HWY NOT LIGHTED,,,45355.19674,False,29,Accepted,5,5,O,ANIMALS ACTION,,,2024,1
7362,32932868,0510100,HENDERSON POLICE DEPARTMENT,Accepted,HENDERSON,,,WATER,ST,N,,,,,,,37.84133464,-87.59316267,0.291,2024-03-01,2102,2,2,0,0,RAINING,WET,False,1 VEHICLE ENTERING/LEAVING ENTRANCE,ANGLE,STRAIGHT & LEVEL,DARK-HWY LIGHTED/ON,,,45355.1968,False,29,Accepted,5,5,O,,INATTENTION,,2024,1
7363,32933119,0510100,HENDERSON POLICE DEPARTMENT,Accepted,HENDERSON,KY0425,,KY425,,,,,,,,,37.79646304,-87.64484078,0.288,2024-03-03,1859,1,1,0,0,CLEAR,DRY,False,COLLISION WITH ANIMAL NON INTERSECTION,SINGLE VEHICLE,STRAIGHT & LEVEL,DARK-HWY NOT LIGHTED,,,45355.26447,False,58,Accepted,5,5,O,ANIMALS ACTION,,,2024,1
7364,32933120,0510100,HENDERSON POLICE DEPARTMENT,Accepted,HENDERSON,,322,ALVASIA,ST,S,,,,,,,37.83040199,-87.58878097,0.365,2024-02-28,2007,2,2,0,0,CLEAR,DRY,True,1 VEHICLE PARKED POSITION (NOT PARKING LOT/DRIVEWAY),REAR END,STRAIGHT & GRADE,DARK-HWY LIGHTED/ON,,,45355.26453,False,58,Accepted,5,5,O,,,,2024,1
7365,32934047,0510100,HENDERSON POLICE DEPARTMENT,Accepted,HENDERSON,US0041,,US41,,N,US0041,US41 RAMP FROM KY351,,,,,37.82901441,-87.5670563,13.968,2024-02-24,1554,2,2,0,0,CLEAR,DRY,False,SIDESWIPE-SAME DIRECTION,SIDESWIPE-SAME DIRECTION,STRAIGHT & LEVEL,DAYLIGHT,,,45355.41603,False,24,Accepted,5,5,O,,FAILED TO YIELD RIGHT OF WAY,,2024,1
7371,32935404,0510100,HENDERSON POLICE DEPARTMENT,Accepted,HENDERSON,,1435,LOEB,ST,,,,,,,,37.82603843,-87.5851095,0.034,2024-03-01,842,1,1,0,0,CLOUDY,DRY,False,OTHER ROADWAY OR MID-BLOCK COLLISION,SINGLE VEHICLE,STRAIGHT & LEVEL,DAYLIGHT,,,45355.58287,False,33,Accepted,5,5,O,,,,2024,1
7372,32937740,0510100,HENDERSON POLICE DEPARTMENT,Accepted,HENDERSON,KY0351,,ZION,RD,,,GARDEN MILE,,,,,37.82823831,-87.55755909,1.853,2024-02-24,1847,2,2,0,0,CLEAR,DRY,False,SIDESWIPE-SAME DIRECTION,SIDESWIPE-SAME DIRECTION,STRAIGHT & LEVEL,DARK-HWY LIGHTED/ON,,,45356.06456,False,19,Accepted,5,5,O,,INATTENTION,,2024,1
7373,32937741,0510100,HENDERSON POLICE DEPARTMENT,Accepted,HENDERSON,US0041A,,GREEN,ST,N,,5TH,,,,,37.8433037,-87.58589196,16.213,2024-02-24,1945,2,2,0,0,CLEAR,DRY,False,REAR END - ONE VEHICLE TURNING LEFT,REAR END,STRAIGHT & LEVEL,DARK-HWY LIGHTED/ON,,,45356.06462,False,42,Accepted,5,5,O,,INATTENTION,,2024,1
7374,32937742,0510100,HENDERSON POLICE DEPARTMENT,Accepted,HENDERSON,,,FAIR,ST,,,FAIRGROUND,,,,,37.8199848,-87.60088993,0.002,2024-02-24,2237,2,2,0,0,CLEAR,DRY,False,HEAD-ON COLLISION,HEAD ON,STRAIGHT & LEVEL,DARK-HWY LIGHTED/ON,,,45356.06466,False,51,Accepted,5,5,O,,MISJUDGE CLEARANCE,,2024,1
7375,32938795,0510100,HENDERSON POLICE DEPARTMENT,Accepted,HENDERSON,,2945,US41,,N,,,,,,,37.87959614,-87.56551887,,2024-03-01,1530,2,2,0,0,CLOUDY,WET,False,OTHER ROADWAY OR MID-BLOCK COLLISION,REAR END,STRAIGHT & LEVEL,DAYLIGHT,,,45356.34555,False,82,Accepted,5,5,O,BACKUP DUE TO REGULAR CONGESTION,INATTENTION,,2024,1
7376,32938799,0510100,HENDERSON POLICE DEPARTMENT,Accepted,HENDERSON,,,GREEN,ST,S,,SAND,,,,,37.82375672,-87.60312854,,2024-03-02,1630,2,2,0,1,CLEAR,DRY,False,ANGLE COLLISION - OTHER,ANGLE,STRAIGHT & LEVEL,DAYLIGHT,,,45356.34566,False,73,Accepted,4,4,C,,FAILED TO YIELD RIGHT OF WAY,,2024,1
7377,32939116,0510100,HENDERSON POLICE DEPARTMENT,Accepted,HENDERSON,,2424,GARDEN MILE,RD,N,,STADIUM,,,,,37.82267516,-87.55994686,0.36,2024-03-01,740,2,2,0,0,CLOUDY,WET,False,OTHER INTERSECTION COLLISIONS,REAR END,STRAIGHT & LEVEL,DAWN,,,45356.38818,False,24,Accepted,5,5,O,SLIPPERY SURFACE,FOLLOWING TOO CLOSE,,2024,1
7379,32939654,0510100,HENDERSON POLICE DEPARTMENT,Accepted,HENDERSON,,,3RD,ST,,,INGRAM,,,,,37.84002859,-87.58625518,,2024-03-04,1310,2,2,0,0,CLEAR,DRY,False,ANGLE COLLISION - OTHER,ANGLE,STRAIGHT & LEVEL,DAYLIGHT,,,45356.45797,False,82,Accepted,5,5,O,,DISTRACTION,,2024,1
7380,32942227,0510100,HENDERSON POLICE DEPARTMENT,Accepted,HENDERSON,US0060,1999,US60,,E,,BARRET,,,,,37.85972714,-87.56836334,10.568,2024-02-21,1749,2,2,0,0,CLEAR,DRY,True,SIDESWIPE-SAME DIRECTION,SIDESWIPE-SAME DIRECTION,STRAIGHT & LEVEL,DARK-HWY LIGHTED/ON,,,45356.87687,False,29,Accepted,5,5,O,,INATTENTION,,2024,1
7381,32943350,0510100,HENDERSON POLICE DEPARTMENT,Accepted,HENDERSON,US0041,,,,,KY0351,ZION,,,,,37.83108279,-87.56707805,0.194,2024-03-05,714,2,2,0,0,CLEAR,DRY,False,OTHER INTERSECTION COLLISIONS,REAR END,STRAIGHT & GRADE,DAYLIGHT,,,45357.27903,False,30,Accepted,5,5,O,,INATTENTION,,2024,1
7382,32943985,0510100,HENDERSON POLICE DEPARTMENT,Accepted,HENDERSON,,,OLD MADISONVILLE,RD,,,,,MADISON,,LEE,37.81714743,-87.58380697,,2024-03-05,1515,2,2,0,0,CLEAR,DRY,False,OTHER ROADWAY OR MID-BLOCK COLLISION,REAR END,STRAIGHT & LEVEL,DAYLIGHT,,,45357.38747,False,73,Accepted,5,5,O,,INATTENTION,,2024,1
7385,32945229,0510100,HENDERSON POLICE DEPARTMENT,Accepted,HENDERSON,,,GREEN RIVER,RD,,,BENDGATE,,,,,37.86797703,-87.55881186,,2024-03-06,830,2,1,0,0,CLOUDY,DRY,False,ANGLE COLLISION - OTHER,ANGLE,STRAIGHT & LEVEL,DAYLIGHT,,,45357.56336,False,73,Accepted,5,5,O,,"FAILED TO YIELD RIGHT OF WAY, INATTENTION",,2024,1
7386,32947109,0510100,HENDERSON POLICE DEPARTMENT,Accepted,HENDERSON,US0041,,US41,,,,,,,,,37.81376643,-87.56313596,12.8,2024-02-29,2102,1,1,0,0,CLEAR,DRY,False,OTHER ROADWAY OR MID-BLOCK COLLISION,SINGLE VEHICLE,STRAIGHT & LEVEL,DARK (UNKNOWN ROADWAY LIGHTING),,,45357.99992,False,31,Accepted,5,5,O,,ALCOHOL INVOLVEMENT,,2024,1
7387,32948609,0510100,HENDERSON POLICE DEPARTMENT,Accepted,HENDERSON,,,US HWY 41,,,,,,,,,37.80669865,-87.56408067,,2024-03-06,820,1,1,0,0,CLOUDY,DRY,False,OTHER ROADWAY OR MID-BLOCK COLLISION,SINGLE VEHICLE,STRAIGHT & LEVEL,DAYLIGHT,,,45358.38685,False,82,Accepted,5,5,O,CONSTRUCTION WORK ZONE,,,2024,1
7388,32948610,0510100,HENDERSON POLICE DEPARTMENT,Accepted,HENDERSON,US0041A,,GREEN,ST,N,,,,7TH,,8TH,37.84632407,-87.58403514,16.457,2024-03-06,1253,2,2,0,2,CLOUDY,DRY,False,REAR END IN TRAFFIC LANES BOTH VEHICLES MOVING,REAR END,STRAIGHT & LEVEL,DAYLIGHT,,,45358.38692,False,30,Accepted,5,4,C,,"INATTENTION, OTHER",BRAKES DEFECTIVE,2024,1
7390,32952586,0510100,HENDERSON POLICE DEPARTMENT,Accepted,HENDERSON,,,MAIN,ST,S,,DIXON,,,,,37.83469913,-87.59703399,1.809,2024-03-01,2123,2,2,0,0,CLEAR,DRY,False,ANGLE COLLISION - OTHER,ANGLE,STRAIGHT & LEVEL,DARK-HWY LIGHTED/ON,,,45359.03823,False,51,Accepted,5,5,O,,"INATTENTION, MISJUDGE CLEARANCE",,2024,1
7392,32956788,0510100,HENDERSON POLICE DEPARTMENT,Accepted,HENDERSON,US0041,,US41,,N,,,,,,,37.8397324,-87.56477718,14.736,2024-03-05,1853,2,2,0,0,RAINING,WET,False,SIDESWIPE COLLISION - SAME DIRECTION,SIDESWIPE-SAME DIRECTION,STRAIGHT & LEVEL,DARK (UNKNOWN ROADWAY LIGHTING),,,45360.00043,False,31,Accepted,5,5,O,,"FAILED TO KEEP PROPER LANE, INATTENTION, TOO FAST FOR CONDITIONS",,2024,1
7393,32956805,0510100,HENDERSON POLICE DEPARTMENT,Accepted,HENDERSON,,945,BARRET,BLVD,,US0060,US60,,,,,37.86019829,-87.56796103,0.372,2024-03-05,1906,2,2,0,0,RAINING,WET,True,ANGLE COLLISION - OTHER,ANGLE,STRAIGHT & LEVEL,DARK-HWY LIGHTED/ON,,,45360.0033,False,19,Accepted,5,5,O,,INATTENTION,,2024,1
7394,32956818,0510100,HENDERSON POLICE DEPARTMENT,Accepted,HENDERSON,,231,SHENANDOAH,PL,,,,,,,,37.87497431,-87.57281389,0.053,2024-03-05,2124,2,2,0,0,RAINING,WET,False,1 VEHICLE PARKED POSITION (NOT PARKING LOT/DRIVEWAY),BACKING,STRAIGHT & LEVEL,DARK-HWY LIGHTED/ON,,,45360.00712,False,29,Accepted,5,5,O,,INATTENTION,,2024,1
7395,32957134,0510100,HENDERSON POLICE DEPARTMENT,Accepted,HENDERSON,US0060,,US60,,E,,BARRET,,,,,37.85990935,-87.56776153,10.6,2024-03-08,2217,2,1,0,0,RAINING,WET,False,COLLISION WITH BICYCLE IN INTERSECTION,SINGLE VEHICLE,STRAIGHT & LEVEL,DARK-HWY LIGHTED/ON,,,45360.0989,False,61,Accepted,5,5,O,,,,2024,1
7396,32963763,0510100,HENDERSON POLICE DEPARTMENT,Accepted,HENDERSON,,,WASHINGTON,ST,,US0041A,GREEN,,,,,37.8363479,-87.59087843,1.204,2024-03-07,1341,2,2,0,2,CLOUDY,DRY,False,ANGLE COLLISION - OTHER,ANGLE,STRAIGHT & LEVEL,DAYLIGHT,,,45362.34871,False,25,Accepted,5,3,B,,"FAILED TO YIELD RIGHT OF WAY, INATTENTION",,2024,1