OBJECTID,IncidentID,AgencyORI,AgencyName,IncidentStatusDesc,County,RdwyNumber,Street,RoadwayName,StreetSfx,StreetDir,IntersectionRdwy,IntersectionRdwyName,BetweenStRdwy1,BetweenStRdwyName1,BetweenStRdwy2,BetweenStRdwyName2,Latitude,Longitude,Milepoint,CollisionDate,CollisionTime,UnitsInvolved,MotorVehiclesInvolved,NumberKilled,NumberInjured,Weather,RdwyConditionCode,HitandRun,DirAnalysisCode,MannerofCollision,RdwyCharacter,LightCondition,RampFromRdwyId,RampToRdwyId,AcceptedDate,IsSecondaryCollision,OwnerBadge,IncidentStatus,InjurySeverityCde,KABCO_Code,KABCO,Environmental_Factors,Human_Factors,Vehicular_Factors,CollisionYear,CityCrash
7397,32963764,0510100,HENDERSON POLICE DEPARTMENT,Accepted,HENDERSON,,217,ALVES,ST,S,,,,,,,37.83266792,-87.58843794,0.988,2024-03-06,2200,2,2,0,0,CLEAR,DRY,True,COLLISION WITH FIXED OBJECT NON - INTERSECTION - FIRST EVENT COLLISION 09 - 32 EXCLUDING 16,SIDESWIPE-SAME DIRECTION,STRAIGHT & LEVEL,DARK (UNKNOWN ROADWAY LIGHTING),,,45362.34877,False,35,Accepted,5,5,O,,,,2024,1
7398,32963766,0510100,HENDERSON POLICE DEPARTMENT,Accepted,HENDERSON,,,WATSON,LN,,,GREEN RIVER,,,,,37.86863087,-87.55758393,,2024-03-08,1150,2,2,0,0,CLOUDY,WET,False,ANGLE COLLISION - OTHER,ANGLE,STRAIGHT & LEVEL,DAYLIGHT,,,45362.34882,False,82,Accepted,5,5,O,,"DISREGARD TRAFFIC CONTROL, INATTENTION",,2024,1
7399,32963768,0510100,HENDERSON POLICE DEPARTMENT,Accepted,HENDERSON,,,ELM,ST,N,,3RD,,,,,37.84134617,-87.58923851,,2024-03-08,1225,2,2,0,0,CLOUDY,WET,False,OTHER INTERSECTION COLLISIONS,REAR END,STRAIGHT & LEVEL,DAYLIGHT,,,45362.34892,False,82,Accepted,5,5,O,,INATTENTION,,2024,1
7400,32963770,0510100,HENDERSON POLICE DEPARTMENT,Accepted,HENDERSON,,1213,BARRET,BLVD,,,,,,,,37.85642605,-87.56821117,0.087,2024-03-06,2100,1,1,0,0,CLEAR,DRY,True,COLLISION WITH FIXED OBJECT NON - INTERSECTION - FIRST EVENT COLLISION 09 - 32 EXCLUDING 16,SINGLE VEHICLE,CURVE & GRADE,DARK-HWY LIGHTED/ON,,,45362.34898,False,35,Accepted,5,5,O,,MISJUDGE CLEARANCE,,2024,1
7401,32964681,0510100,HENDERSON POLICE DEPARTMENT,Accepted,HENDERSON,KY0425,,KY425,,,US0060,GREEN,,,,,37.79977675,-87.64743986,0.013,2024-03-08,720,2,2,0,0,RAINING,WATER (STANDING OR MOVING),True,SIDESWIPE-SAME DIRECTION,SIDESWIPE-SAME DIRECTION,STRAIGHT & LEVEL,DAYLIGHT,,,45362.43577,False,47,Accepted,5,5,O,"WATER POOLING, SLIPPERY SURFACE",OTHER,,2024,1
7402,32964686,0510100,HENDERSON POLICE DEPARTMENT,Accepted,HENDERSON,,,GREENBRIAR,DR,,,MELWOOD,,,,,37.8281354,-87.5657478,0.192,2024-03-06,1459,2,2,0,0,CLEAR,DRY,False,COLLISION WITH PARKED VEHICLE,OPPOSING LEFT TURN,STRAIGHT & LEVEL,DAYLIGHT,,,45362.43597,False,33,Accepted,5,5,O,CONSTRUCTION WORK ZONE,,,2024,1
7405,32966216,0510100,HENDERSON POLICE DEPARTMENT,Accepted,HENDERSON,KY0351,,2ND,ST,,,,,ALVES,,ALVASIA,37.83729141,-87.58298127,0.329,2024-03-10,1659,2,2,0,0,CLEAR,DRY,False,SIDESWIPE COLLISION - SAME DIRECTION,SIDESWIPE-SAME DIRECTION,STRAIGHT & LEVEL,DAYLIGHT,,,45362.65698,False,30,Accepted,5,5,O,,INATTENTION,,2024,1
7406,32967855,0510100,HENDERSON POLICE DEPARTMENT,Accepted,HENDERSON,US0041,,US41,,N,,,,,,,37.86207766,-87.57515551,16.411,2024-03-10,315,2,1,0,1,CLEAR,DRY,True,COLLISION WITH PEDESTRIAN NON - INTERSECTION,SINGLE VEHICLE,STRAIGHT & LEVEL,DARK-HWY LIGHTED/ON,,,45362.98714,False,19,Accepted,3,3,B,,,,2024,1
7407,32969843,0510100,HENDERSON POLICE DEPARTMENT,Accepted,HENDERSON,KY2084,980,KY2084,,S,,,,,,,37.81567521,-87.57054444,1.823,2024-03-11,852,2,2,0,0,CLEAR,DRY,False,1 VEHICLE ENTERING/LEAVING ENTRANCE,ANGLE,STRAIGHT & LEVEL,DAYLIGHT,,,45363.40759,False,33,Accepted,5,5,O,,INATTENTION,,2024,1
7408,32970095,KSP1600,"KY STATE POLICE, POST 16",Accepted,HENDERSON,,,2ND,ST,,,ELM,,,,,37.8401293,-87.59001087,0.096,2024-03-09,1743,2,2,0,0,CLEAR,DRY,True,OTHER INTERSECTION COLLISIONS,REAR END,STRAIGHT & LEVEL,DARK-HWY LIGHTED/ON,,,45363.4413,False,784,Accepted,5,5,O,,INATTENTION,,2024,1
7411,32980205,0510100,HENDERSON POLICE DEPARTMENT,Accepted,HENDERSON,US0041,2700,US41,,N,,,,,,,37.87630679,-87.56729623,17.48,2024-03-13,735,2,2,0,0,CLEAR,DRY,False,OTHER ROADWAY OR MID-BLOCK COLLISION,REAR END,STRAIGHT & LEVEL,DAYLIGHT,,,45365.45763,False,47,Accepted,5,5,O,BACKUP DUE TO REGULAR CONGESTION,INATTENTION,,2024,1
7412,32980207,0510100,HENDERSON POLICE DEPARTMENT,Accepted,HENDERSON,,,FAIRGROUND,LN,,,SAND,,,,,37.82128679,-87.59936915,,2024-03-13,825,2,2,0,0,CLEAR,DRY,False,ANGLE COLLISION - OTHER,ANGLE,STRAIGHT & LEVEL,DAYLIGHT,,,45365.45776,False,82,Accepted,5,5,O,GLARE (SUN),OTHER,,2024,1
7413,32980432,0510100,HENDERSON POLICE DEPARTMENT,Accepted,HENDERSON,US0041,41,US41,,N,,,,,,,37.82677151,-87.56680146,13.758,2024-03-11,1613,2,2,0,0,CLEAR,DRY,False,REAR END IN TRAFFIC LANES BOTH VEHICLES MOVING,REAR END,STRAIGHT & LEVEL,DAYLIGHT,,,45365.49794,False,24,Accepted,5,5,O,,INATTENTION,,2024,1
7414,32984602,0510100,HENDERSON POLICE DEPARTMENT,Accepted,HENDERSON,US0041,,US41,,N,,,US0041,US41 S EXIT81 OFF RAMP TO US60 W,,CINEMA,37.86099038,-87.5753652,16.34,2024-03-11,1621,2,2,0,0,CLEAR,DRY,False,SIDESWIPE COLLISION - SAME DIRECTION,SIDESWIPE-SAME DIRECTION,STRAIGHT & LEVEL,DAYLIGHT,,,45366.36707,False,67,Accepted,5,5,O,,INATTENTION,,2024,1
7415,32984604,0510100,HENDERSON POLICE DEPARTMENT,Accepted,HENDERSON,US0060,,US60,,E,,,US0041,US41 N EXIT81 OFF RAMP TO US60 E,,BARRET,37.85984461,-87.56802952,10.586,2024-03-11,1708,2,2,0,0,CLEAR,DRY,False,OTHER ROADWAY OR MID-BLOCK COLLISION,REAR END,STRAIGHT & LEVEL,DAYLIGHT,,,45366.36715,False,67,Accepted,5,5,O,,INATTENTION,,2024,1
7417,32995337,0510100,HENDERSON POLICE DEPARTMENT,Accepted,HENDERSON,,320,CHIMNEY HILL,LN,,,,,,,,37.82839933,-87.54933749,,2024-03-16,1116,1,1,0,0,CLEAR,DRY,False,COLLISION WITH FIXED OBJECT NON - INTERSECTION - FIRST EVENT COLLISION 09 - 32 EXCLUDING 16,SINGLE VEHICLE,STRAIGHT & LEVEL,DAYLIGHT,,,45369.41338,False,65,Accepted,5,5,O,,"INATTENTION, NOT UNDER PROPER CONTROL",,2024,1
7418,32995340,0510100,HENDERSON POLICE DEPARTMENT,Accepted,HENDERSON,KY0351,,ZION,RD,,,,,ARLINGTON,KY1539,LARUE,37.82906072,-87.56052109,1.7,2024-03-13,717,2,2,0,0,CLEAR,DRY,False,OTHER ROADWAY OR MID-BLOCK COLLISION,REAR END,STRAIGHT & LEVEL,DAYLIGHT,,,45369.41343,False,65,Accepted,5,5,O,,"INATTENTION, SICK",,2024,1
7419,32995642,0510100,HENDERSON POLICE DEPARTMENT,Accepted,HENDERSON,KY0351,,ZION,RD,,,,US0041,US41,US0041,US41 RAMP KY351,37.83052152,-87.56597088,1.373,2024-03-15,548,2,2,0,0,CLOUDY,DRY,True,SIDESWIPE COLLISION - SAME DIRECTION,SIDESWIPE-SAME DIRECTION,STRAIGHT & LEVEL,DARK-HWY NOT LIGHTED,,,45369.44028,False,67,Accepted,5,5,O,,INATTENTION,,2024,1
7420,32995643,0510100,HENDERSON POLICE DEPARTMENT,Accepted,HENDERSON,,,US  60 E,,N,,US HWY 41,,,,,37.85729322,-87.57326636,,2024-03-15,1050,2,2,0,0,CLOUDY,DRY,False,OTHER INTERSECTION COLLISIONS,REAR END,STRAIGHT & LEVEL,DAYLIGHT,,,45369.44035,False,82,Accepted,5,5,O,OTHER,"INATTENTION, OTHER",,2024,1
7421,32995644,0510100,HENDERSON POLICE DEPARTMENT,Accepted,HENDERSON,,,STARLIGHT,DR,,US0060,US60,,,,,37.86399849,-87.55851159,0.018,2024-03-15,1705,2,2,0,0,CLEAR,DRY,False,REAR END - ONE VEHICLE TURNING RIGHT,REAR END,STRAIGHT & HILLCREST,DAYLIGHT,,,45369.44043,False,33,Accepted,5,5,O,,DISTRACTION,,2024,1
7422,32995645,0510100,HENDERSON POLICE DEPARTMENT,Accepted,HENDERSON,US0041,2800,US41,,N,,,,,,,37.87842732,-87.56613364,17.638,2024-03-13,843,2,2,0,1,CLEAR,DRY,False,1 VEHICLE ENTERING/LEAVING ENTRANCE,ANGLE,STRAIGHT & LEVEL,DAYLIGHT,,,45369.44049,False,50,Accepted,5,4,C,,INATTENTION,,2024,1
7423,32996886,0510100,HENDERSON POLICE DEPARTMENT,Accepted,HENDERSON,,,6TH,ST,,US0041A,GREEN,,,,,37.84456055,-87.58511509,0.091,2024-03-18,948,2,2,0,0,CLOUDY,DRY,False,OTHER INTERSECTION COLLISIONS,REAR END,STRAIGHT & LEVEL,DAYLIGHT,,,45369.59995,False,25,Accepted,5,5,O,,"FOLLOWING TOO CLOSE, INATTENTION",BRAKES DEFECTIVE,2024,1
7425,32999350,0510100,HENDERSON POLICE DEPARTMENT,Accepted,HENDERSON,US0041,,US41,,N,,,,,,,37.86142659,-87.57544795,16.367,2023-12-10,2217,1,1,0,0,CLEAR,DRY,False,COLLISION WITH FIXED OBJECT NON - INTERSECTION - FIRST EVENT COLLISION 09 - 32 EXCLUDING 16,SINGLE VEHICLE,STRAIGHT & LEVEL,DARK-HWY LIGHTED/ON,,,45370.11613,False,29,Accepted,5,5,O,,ALCOHOL INVOLVEMENT,,2023,1
7426,33000390,0510100,HENDERSON POLICE DEPARTMENT,Accepted,HENDERSON,,628,ADAMS,ST,N,,,,,,,37.8379526,-87.58542088,0.17,2024-03-15,1435,2,2,0,0,CLEAR,DRY,False,1 VEHICLE PARKED POSITION (NOT PARKING LOT/DRIVEWAY),SIDESWIPE-SAME DIRECTION,STRAIGHT & LEVEL,DAYLIGHT,,,45370.38067,False,24,Accepted,5,5,O,,INATTENTION,,2024,1
7428,33000744,0510100,HENDERSON POLICE DEPARTMENT,Accepted,HENDERSON,,,GREEN,ST,,,5TH,,,,,37.84328715,-87.58598975,,2024-03-18,1500,2,2,0,0,CLEAR,DRY,False,OTHER INTERSECTION COLLISIONS,REAR END,STRAIGHT & LEVEL,DAYLIGHT,,,45370.44406,False,82,Accepted,5,5,O,,INATTENTION,,2024,1
7430,33003836,0510100,HENDERSON POLICE DEPARTMENT,Accepted,HENDERSON,US0041A,,GREEN,ST,N,,CENTER,,,,,37.83723095,-87.58993623,15.747,2024-03-18,1855,2,2,0,2,CLEAR,DRY,False,ANGLE COLLISION - OTHER,ANGLE,STRAIGHT & LEVEL,DARK-HWY LIGHTED/ON,,,45370.98568,False,32,Accepted,3,3,B,,MISJUDGE CLEARANCE,,2024,1
7431,33003861,0510100,HENDERSON POLICE DEPARTMENT,Accepted,HENDERSON,US0041A,2,GREEN,ST,N,,,,CENTER,,1ST,37.83759015,-87.58974804,15.774,2024-03-18,2345,1,1,0,0,CLEAR,DRY,False,OTHER ROADWAY OR MID-BLOCK COLLISION,SINGLE VEHICLE,CURVE & GRADE,DARK-HWY LIGHTED/ON,,,45370.99292,False,32,Accepted,5,5,O,,ALCOHOL INVOLVEMENT,,2024,1
7434,33008441,0510100,HENDERSON POLICE DEPARTMENT,Accepted,HENDERSON,,,WATSON,LN,,US0041,US41,,,,,37.87535136,-87.5675938,1.096,2024-03-20,440,2,2,0,0,CLEAR,DRY,False,REAR END - ONE VEHICLE TURNING RIGHT,REAR END,STRAIGHT & LEVEL,DARK-HWY LIGHTED/ON,,,45371.96638,False,19,Accepted,5,5,O,,DISTRACTION,,2024,1
7435,33009739,0510100,HENDERSON POLICE DEPARTMENT,Accepted,HENDERSON,US0041,,,,,KY0351,ZION,,,,,37.83053543,-87.56529239,0.01,2024-03-19,1242,2,2,0,0,CLEAR,DRY,False,OTHER INTERSECTION COLLISIONS,REAR END,CURVE & LEVEL,DAYLIGHT,,,45372.33142,False,30,Accepted,5,5,O,CONSTRUCTION WORK ZONE,INATTENTION,,2024,1
7436,33009741,0510100,HENDERSON POLICE DEPARTMENT,Accepted,HENDERSON,,,WASHINTON,ST,,,ALVES,,,,,37.83400753,-87.58713037,,2024-03-20,1340,2,2,0,0,CLEAR,DRY,False,ANGLE COLLISION - OTHER,ANGLE,STRAIGHT & HILLCREST,DAYLIGHT,,,45372.33153,False,82,Accepted,5,5,O,,OTHER,,2024,1
7437,33011152,0510100,HENDERSON POLICE DEPARTMENT,Accepted,HENDERSON,,,S GREEN ST,,,,CLAY,,,,,37.8337535,-87.59323393,,2024-03-19,1605,2,2,0,0,CLEAR,DRY,False,SIDESWIPE-SAME DIRECTION,SIDESWIPE-SAME DIRECTION,STRAIGHT & LEVEL,DAYLIGHT,,,45372.56571,False,73,Accepted,5,5,O,,INATTENTION,,2024,1
7438,33013573,0510100,HENDERSON POLICE DEPARTMENT,Accepted,HENDERSON,US0041,,US41,,N,,HARMONY,,,,,37.86936259,-87.57085393,17.017,2024-03-20,2005,2,2,0,0,CLEAR,DRY,False,ANGLE COLLISION - OTHER,ANGLE,STRAIGHT & LEVEL,DARK-HWY LIGHTED/ON,,,45373.05628,False,19,Accepted,5,5,O,,INATTENTION,,2024,1
7439,33018843,0510100,HENDERSON POLICE DEPARTMENT,Accepted,HENDERSON,,108,2ND,ST,,,,,,,,37.84131091,-87.59303179,,2024-03-22,1240,2,2,0,0,CLEAR,DRY,False,1 VEHICLE PARKED POSITION (NOT PARKING LOT/DRIVEWAY),BACKING,STRAIGHT & LEVEL,DAYLIGHT,,,45374.69618,False,82,Accepted,5,5,O,,"NOT UNDER PROPER CONTROL, OTHER",,2024,1
7440,33018844,0510100,HENDERSON POLICE DEPARTMENT,Accepted,HENDERSON,,,US HWY 41,,,,,,,,,37.87421396,-87.56835678,,2024-03-22,1545,2,2,0,0,CLEAR,DRY,False,HEAD-ON COLLISION,HEAD ON,STRAIGHT & LEVEL,DAYLIGHT,,,45374.69623,False,82,Accepted,5,5,O,BACKUP DUE TO REGULAR CONGESTION,OTHER,,2024,1
7441,33018846,0510100,HENDERSON POLICE DEPARTMENT,Accepted,HENDERSON,,918,CLAY,ST,,,,,,,,37.82966885,-87.58654173,0.606,2024-03-21,1722,1,1,0,0,CLEAR,DRY,False,COLLISION WITH FIXED OBJECT NON - INTERSECTION - FIRST EVENT COLLISION 09 - 32 EXCLUDING 16,SINGLE VEHICLE,STRAIGHT & LEVEL,DAYLIGHT,,,45374.69628,False,50,Accepted,5,5,O,,"INATTENTION, NOT UNDER PROPER CONTROL",,2024,1
7442,33018847,0510100,HENDERSON POLICE DEPARTMENT,Accepted,HENDERSON,US0060,,US60,,E,,BEND GATE,,,,,37.86466041,-87.55657493,11.309,2024-03-23,958,2,2,0,5,CLEAR,DRY,False,ANGLE COLLISION - OTHER,ANGLE,STRAIGHT & GRADE,DAYLIGHT,,,45374.69634,False,30,Accepted,5,3,B,,"FAILED TO YIELD RIGHT OF WAY, INATTENTION",,2024,1
7443,33024253,0510100,HENDERSON POLICE DEPARTMENT,Accepted,HENDERSON,US0041,,US41,,N,,RETTIG,,,,,37.86731125,-87.57229703,16.805,2024-03-24,1731,2,2,0,0,CLEAR,DRY,False,OTHER INTERSECTION COLLISIONS,REAR END,STRAIGHT & LEVEL,DAYLIGHT,,,45376.37856,False,67,Accepted,5,5,O,,INATTENTION,,2024,1
7444,33024311,0510100,HENDERSON POLICE DEPARTMENT,Accepted,HENDERSON,,234,WALNUT,LN,,,,,,,,37.88102967,-87.56958738,0.086,2024-03-24,1023,2,2,0,0,CLEAR,DRY,False,1 VEHICLE PARKED POSITION (NOT PARKING LOT/DRIVEWAY),ANGLE,STRAIGHT & LEVEL,DAYLIGHT,,,45376.3844,False,67,Accepted,5,5,O,,LOST CONSCIOUSNESS/FAINTED,,2024,1
7445,33024972,0510100,HENDERSON POLICE DEPARTMENT,Accepted,HENDERSON,US0041,,US41,,N,,,,WATSON,,WALNUT,37.87929464,-87.56539747,17.706,2024-03-24,1224,1,1,0,0,CLEAR,DRY,False,COLLISION WITH FIXED OBJECT NON - INTERSECTION - FIRST EVENT COLLISION 09 - 32 EXCLUDING 16,SINGLE VEHICLE,STRAIGHT & LEVEL,DAYLIGHT,,,45376.44898,False,34,Accepted,5,5,O,OTHER,OTHER,OTHER,2024,1
7446,33026719,0510000,HENDERSON COUNTY SHERIFF DEPT.,Accepted,HENDERSON,,,BEND GATE,RD,,,,,,,,37.86617464,-87.55740568,0.147,2024-03-17,518,1,1,0,0,CLEAR,DRY,False,COLLISION WITH ANIMAL NON INTERSECTION,SINGLE VEHICLE,STRAIGHT & LEVEL,DARK-HWY NOT LIGHTED,,,45376.69302,False,139,Accepted,5,5,O,ANIMALS ACTION,,,2024,1
7447,33027697,0510100,HENDERSON POLICE DEPARTMENT,Accepted,HENDERSON,,1235,CUMNOCK,ST,,,,,,,,37.82627225,-87.58246264,0.29,2024-03-13,1747,2,2,0,0,CLEAR,DRY,False,1 VEHICLE PARKED POSITION (NOT PARKING LOT/DRIVEWAY),BACKING,STRAIGHT & LEVEL,DAYLIGHT,,,45376.90656,False,23,Accepted,5,5,O,,IMPROPER BACKING,BRAKES DEFECTIVE,2024,1
7448,33029217,0510100,HENDERSON POLICE DEPARTMENT,Accepted,HENDERSON,,,CUMNOCK,ST,,,ATKINSON,,,,,37.82384676,-87.57817826,,2024-03-21,805,2,2,0,0,CLEAR,DRY,False,COLLISION WITH PARKED VEHICLE,BACKING,STRAIGHT & LEVEL,DAYLIGHT,,,45377.36126,False,82,Accepted,5,5,O,,INATTENTION,,2024,1
7449,33029218,0510100,HENDERSON POLICE DEPARTMENT,Accepted,HENDERSON,,,GREEN,ST,S,,YEAMAN,,,,,37.8197183,-87.60918284,,2024-03-21,1450,2,2,0,0,CLEAR,DRY,False,OTHER INTERSECTION COLLISIONS,REAR END,STRAIGHT & LEVEL,DAYLIGHT,,,45377.36132,False,82,Accepted,5,5,O,,INATTENTION,,2024,1
7450,33029219,0510100,HENDERSON POLICE DEPARTMENT,Accepted,HENDERSON,,1900,ELM,ST,N,,,,,,,37.86296931,-87.5754928,1.933,2024-03-21,1545,2,2,0,0,CLEAR,DRY,False,1 VEHICLE ENTERING/LEAVING ENTRANCE,ANGLE,STRAIGHT & LEVEL,DAYLIGHT,,,45377.36137,False,47,Accepted,5,5,O,OTHER,INATTENTION,,2024,1
7451,33029220,0510100,HENDERSON POLICE DEPARTMENT,Accepted,HENDERSON,,,US41,,N,,,,,,,37.87819497,-87.5660881,,2024-03-21,1540,2,2,0,0,CLEAR,DRY,False,REAR END IN TRAFFIC LANES BOTH VEHICLES MOVING,REAR END,STRAIGHT & LEVEL,DAYLIGHT,,,45377.36142,False,82,Accepted,5,5,O,BACKUP DUE TO REGULAR CONGESTION,INATTENTION,,2024,1
7453,33036761,0510100,HENDERSON POLICE DEPARTMENT,Accepted,HENDERSON,,,POWELL,ST,,,,,MEADOW,,JULIA,37.82986186,-87.58300613,0.904,2024-03-17,601,2,2,0,0,CLEAR,DRY,True,1 VEHICLE PARKED POSITION (NOT PARKING LOT/DRIVEWAY),SIDESWIPE-OPPOSITE DIRECTION,STRAIGHT & LEVEL,DARK (UNKNOWN ROADWAY LIGHTING),,,45378.82247,False,65,Accepted,5,5,O,,INATTENTION,,2024,1
7455,33039087,0510100,HENDERSON POLICE DEPARTMENT,Accepted,HENDERSON,AU9005,,AU9005 W,,,,,,,,,37.81015335,-87.55833019,0.286,2024-03-25,1033,1,1,0,0,CLEAR,DRY,False,OTHER ROADWAY OR MID-BLOCK COLLISION,SINGLE VEHICLE,STRAIGHT & LEVEL,DAYLIGHT,,,45379.42896,False,33,Accepted,5,5,O,OTHER,,TIRE FAILURE,2024,1
7456,33042472,0510100,HENDERSON POLICE DEPARTMENT,Accepted,HENDERSON,,,PEBBLE CREEK,DR,,,,,,,,37.86405456,-87.54906757,0.046,2024-03-25,1815,2,2,0,0,CLOUDY,DRY,False,OTHER ROADWAY OR MID-BLOCK COLLISION,OPPOSING LEFT TURN,STRAIGHT & LEVEL,DAYLIGHT,,,45380.01395,False,35,Accepted,5,5,O,,,,2024,1
7457,33042549,0510100,HENDERSON POLICE DEPARTMENT,Accepted,HENDERSON,US0060,2120,GREEN,ST,S,,,,,,,37.80435868,-87.63571777,9.433,2024-03-27,246,2,2,0,0,CLEAR,DRY,False,REAR END IN TRAFFIC LANES BOTH VEHICLES MOVING,REAR END,STRAIGHT & LEVEL,DARK-HWY LIGHTED/OFF,,,45380.03727,False,58,Accepted,5,5,O,,INATTENTION,,2024,1
7458,33043484,0510100,HENDERSON POLICE DEPARTMENT,Accepted,HENDERSON,,,MARYWOOD,DR,,US0060,US60,,,,,37.86109662,-87.56480256,0.006,2024-03-28,1220,2,2,0,0,CLEAR,DRY,False,REAR END - ONE VEHICLE TURNING RIGHT,REAR END,STRAIGHT & LEVEL,DAYLIGHT,,,45380.28775,False,49,Accepted,5,5,O,,INATTENTION,,2024,1
7459,33044130,0510100,HENDERSON POLICE DEPARTMENT,Accepted,HENDERSON,US0041A,,GREEN,ST,N,,10TH,,,,,37.84941079,-87.58208794,16.69,2024-03-28,1002,2,2,0,1,CLEAR,DRY,False,SIDESWIPE-SAME DIRECTION,SIDESWIPE-SAME DIRECTION,STRAIGHT & LEVEL,DAYLIGHT,,,45380.42866,False,33,Accepted,5,4,C,,INATTENTION,,2024,1
7460,33051312,0510100,HENDERSON POLICE DEPARTMENT,Accepted,HENDERSON,US0041,2005,US41,,N,,,,,,,37.86413649,-87.57405128,16.563,2024-03-27,1646,2,2,0,1,CLEAR,DRY,False,1 VEHICLE ENTERING/LEAVING ENTRANCE,ANGLE,STRAIGHT & LEVEL,DAYLIGHT,,,45382.79736,False,47,Accepted,5,2,A,OTHER,INATTENTION,,2024,1
7461,33054333,0510100,HENDERSON POLICE DEPARTMENT,Accepted,HENDERSON,US0041A,,GREEN,ST,N,,12TH,,,,,37.85187959,-87.58040222,16.897,2024-03-29,1310,2,2,0,0,CLEAR,DRY,True,OTHER INTERSECTION COLLISIONS,REAR END,STRAIGHT & HILLCREST,DAYLIGHT,,,45383.49002,False,34,Accepted,5,5,O,,,,2024,1
7462,33054334,0510100,HENDERSON POLICE DEPARTMENT,Accepted,HENDERSON,,2106,COUNTRY,DR,,,,,,,,37.80674262,-87.58907266,0.077,2024-03-31,1312,1,1,0,2,CLEAR,DRY,False,OTHER ROADWAY OR MID-BLOCK COLLISION,SINGLE VEHICLE,STRAIGHT & LEVEL,DAYLIGHT,,,45383.49016,False,24,Accepted,5,3,B,,"INATTENTION, NOT UNDER PROPER CONTROL, TOO FAST FOR CONDITIONS",,2024,1
7463,33056692,0510100,HENDERSON POLICE DEPARTMENT,Accepted,HENDERSON,US0060,,US60,,E,,WATSON,,,,,37.86470243,-87.55498764,11.393,2024-03-27,1646,2,2,0,0,CLEAR,DRY,False,OPPOSING LEFT TURN,OPPOSING LEFT TURN,STRAIGHT & HILLCREST,DAYLIGHT,,,45383.90916,False,30,Accepted,5,5,O,,INATTENTION,,2024,1
7464,33056693,0510100,HENDERSON POLICE DEPARTMENT,Accepted,HENDERSON,US0060,2100,US60,,E,,MANOR,,,,,37.86059053,-87.56581984,10.721,2024-03-30,1316,2,2,0,0,CLEAR,DRY,False,SIDESWIPE-SAME DIRECTION,SIDESWIPE-SAME DIRECTION,STRAIGHT & LEVEL,DAYLIGHT,,,45383.90921,False,30,Accepted,5,5,O,,INATTENTION,,2024,1
7465,33056695,0510100,HENDERSON POLICE DEPARTMENT,Accepted,HENDERSON,,,WASHINGTON,ST,,,ELM,,,,,37.83727885,-87.59215308,1.3,2024-03-30,1533,2,2,0,0,CLEAR,DRY,False,OTHER INTERSECTION COLLISIONS,REAR END,STRAIGHT & LEVEL,DAYLIGHT,,,45383.90926,False,25,Accepted,5,5,O,,"DISREGARD TRAFFIC CONTROL, FAILED TO YIELD RIGHT OF WAY, INATTENTION",,2024,1
7466,33056972,0510100,HENDERSON POLICE DEPARTMENT,Accepted,HENDERSON,,2393,BIRKHALL,WAY,,,,,,,,37.85803975,-87.55404482,,2024-03-26,840,2,2,0,0,CLOUDY,DRY,False,1 VEHICLE PARKED POSITION (NOT PARKING LOT/DRIVEWAY),SIDESWIPE-SAME DIRECTION,STRAIGHT & LEVEL,DAYLIGHT,,,45383.99969,False,82,Accepted,5,5,O,,INATTENTION,,2024,1
7467,33056973,0510100,HENDERSON POLICE DEPARTMENT,Accepted,HENDERSON,,,KRESAGE,DR,,,GREEN,,,,,37.8160969,-87.61475819,,2024-03-20,1450,2,2,0,0,CLEAR,DRY,False,ANGLE COLLISION - OTHER,ANGLE,STRAIGHT & LEVEL,DAYLIGHT,,,45383.99974,False,82,Accepted,5,5,O,,OTHER,,2024,1
7468,33056978,0510100,HENDERSON POLICE DEPARTMENT,Accepted,HENDERSON,KY0351,2511,ZION,RD,,,,,,,,37.82858896,-87.55864045,1.807,2024-03-26,1640,2,2,0,0,CLEAR,DRY,False,REAR END IN TRAFFIC LANES BOTH VEHICLES MOVING,REAR END,STRAIGHT & LEVEL,DAYLIGHT,,,45383.9998,False,24,Accepted,5,5,O,,DISTRACTION,,2024,1
7469,33056982,0510100,HENDERSON POLICE DEPARTMENT,Accepted,HENDERSON,US0041A,1300,GREEN,ST,S,,,,,,,37.82348764,-87.60334438,14.501,2024-03-27,656,2,2,0,0,CLEAR,DRY,False,REAR END IN TRAFFIC LANES BOTH VEHICLES MOVING,REAR END,STRAIGHT & LEVEL,DAYLIGHT,,,45383.99985,False,50,Accepted,5,5,O,,INATTENTION,,2024,1
7470,33056986,0510100,HENDERSON POLICE DEPARTMENT,Accepted,HENDERSON,US0041,,US41,,N,,,,,,,37.85953646,-87.57535396,16.246,2024-03-27,1628,1,1,0,0,CLEAR,DRY,False,COLLISION WITH FIXED OBJECT NON - INTERSECTION - FIRST EVENT COLLISION 09 - 32 EXCLUDING 16,SINGLE VEHICLE,CURVE & LEVEL,DAYLIGHT,,,45383.9999,False,30,Accepted,5,5,O,,INATTENTION,,2024,1