OBJECTID,IncidentID,AgencyORI,AgencyName,IncidentStatusDesc,County,RdwyNumber,Street,RoadwayName,StreetSfx,StreetDir,IntersectionRdwy,IntersectionRdwyName,BetweenStRdwy1,BetweenStRdwyName1,BetweenStRdwy2,BetweenStRdwyName2,Latitude,Longitude,Milepoint,CollisionDate,CollisionTime,UnitsInvolved,MotorVehiclesInvolved,NumberKilled,NumberInjured,Weather,RdwyConditionCode,HitandRun,DirAnalysisCode,MannerofCollision,RdwyCharacter,LightCondition,RampFromRdwyId,RampToRdwyId,AcceptedDate,IsSecondaryCollision,OwnerBadge,IncidentStatus,InjurySeverityCde,KABCO_Code,KABCO,Environmental_Factors,Human_Factors,Vehicular_Factors,CollisionYear,CityCrash
7471,33058673,0510100,HENDERSON POLICE DEPARTMENT,Accepted,HENDERSON,KY0351,400,2ND,ST,,US0041A,GREEN,,,,,37.83952022,-87.58830049,0.009,2024-04-01,631,2,1,0,1,CLEAR,DRY,False,COLLISION WITH PEDESTRIAN IN INTERSECTION,SINGLE VEHICLE,STRAIGHT & LEVEL,DAWN,,,45384.37493,False,24,Accepted,5,3,B,,"FAILED TO YIELD RIGHT OF WAY, INATTENTION, NOT UNDER PROPER CONTROL",,2024,1
7472,33058675,0510100,HENDERSON POLICE DEPARTMENT,Accepted,HENDERSON,,10,ELM,ST,N,,,,,,,37.83843808,-87.59121886,0.033,2024-04-01,1320,2,1,0,0,CLEAR,DRY,True,COLLISION WITH BICYCLIST NON INTERSECTION,SINGLE VEHICLE,STRAIGHT & LEVEL,DAYLIGHT,,,45384.375,False,30,Accepted,5,5,O,,,,2024,1
7473,33063044,0510100,HENDERSON POLICE DEPARTMENT,Accepted,HENDERSON,US0041,,US41,,N,,,,WALNUT,,WATSON,37.87919531,-87.56558146,17.698,2024-04-02,1527,2,2,0,0,CLOUDY,WET,False,REAR END IN TRAFFIC LANES BOTH VEHICLES MOVING,REAR END,STRAIGHT & LEVEL,DAYLIGHT,,,45385.35109,False,67,Accepted,5,5,O,SLIPPERY SURFACE,INATTENTION,,2024,1
7485,33065692,0510100,HENDERSON POLICE DEPARTMENT,Accepted,HENDERSON,US0060,2415,US60,,E,,,,,,,37.8636531,-87.56042151,11.085,2024-04-02,1810,2,2,0,0,CLEAR,DRY,False,1 VEHICLE ENTERING OR LEAVING PARKED POSITION (NOT PARKING LOT),REAR END,STRAIGHT & LEVEL,DAYLIGHT,,,45385.87633,False,42,Accepted,5,5,O,,INATTENTION,,2024,1
7488,33071349,0510100,HENDERSON POLICE DEPARTMENT,Accepted,HENDERSON,US0041A,,GREEN,ST,S,,WASHINGTON,,,,,37.83628736,-87.59078644,15.664,2024-03-30,1845,2,2,0,1,CLEAR,DRY,False,OPPOSING LEFT TURN,OPPOSING LEFT TURN,STRAIGHT & HILLCREST,DAYLIGHT,,,45387.19872,False,32,Accepted,4,4,C,,"INATTENTION, MISJUDGE CLEARANCE",,2024,1
7489,33071824,0510100,HENDERSON POLICE DEPARTMENT,Accepted,HENDERSON,US0041A,100,GREEN,ST,N,,,,,,,37.83937228,-87.58850843,15.916,2024-04-01,1645,2,2,0,0,CLEAR,DRY,True,REAR END IN TRAFFIC LANES BOTH VEHICLES MOVING,REAR END,STRAIGHT & LEVEL,DAYLIGHT,,,45387.34833,False,30,Accepted,5,5,O,,INATTENTION,,2024,1
7490,33071827,0510100,HENDERSON POLICE DEPARTMENT,Accepted,HENDERSON,,,GREEN,ST,,,12TH,,,,,37.85216108,-87.58027129,,2024-04-03,2000,2,2,0,0,RAINING,WET,False,OTHER INTERSECTION COLLISIONS,REAR END,STRAIGHT & LEVEL,DUSK,,,45387.34842,False,82,Accepted,5,5,O,,INATTENTION,,2024,1
7491,33078652,0510100,HENDERSON POLICE DEPARTMENT,Accepted,HENDERSON,,,COMMUNITY,DR,,,GREEN,,,,,37.8038098,-87.63754196,,2024-04-05,825,2,2,0,0,CLEAR,DRY,False,VEHICLE BACKING IN INTERSECTION,BACKING,STRAIGHT & HILLCREST,DAYLIGHT,,,45389.37944,False,82,Accepted,5,5,O,,INATTENTION,,2024,1
7492,33078741,0510100,HENDERSON POLICE DEPARTMENT,Accepted,HENDERSON,US0041,2400,US41,,N,,,,,,,37.87134036,-87.56986617,17.108,2024-04-05,1119,3,3,0,2,CLEAR,DRY,False,REAR END IN TRAFFIC LANES BOTH VEHICLES MOVING,REAR END,STRAIGHT & LEVEL,DAYLIGHT,,,45389.43542,False,30,Accepted,4,4,C,,INATTENTION,,2024,1
7493,33082147,0510100,HENDERSON POLICE DEPARTMENT,Accepted,HENDERSON,US0041A,721,GREEN,ST,N,,,,,,,37.84369134,-87.58580822,16.2,2024-04-06,1736,2,2,0,0,CLEAR,DRY,False,REAR END IN TRAFFIC LANES BOTH VEHICLES MOVING,REAR END,STRAIGHT & LEVEL,DAYLIGHT,,,45390.33086,False,35,Accepted,5,5,O,,,,2024,1
7497,33088453,0510100,HENDERSON POLICE DEPARTMENT,Accepted,HENDERSON,,,INGRAM,ST,N,,,,1ST,KY0351,2ND,37.83805922,-87.58747575,0.545,2024-04-06,1205,2,2,0,0,CLEAR,DRY,False,1 VEHICLE PARKED POSITION (NOT PARKING LOT/DRIVEWAY),BACKING,STRAIGHT & LEVEL,DAYLIGHT,,,45391.53449,False,34,Accepted,5,5,O,,MISJUDGE CLEARANCE,,2024,1
7498,33088457,0510100,HENDERSON POLICE DEPARTMENT,Accepted,HENDERSON,,,BARRET,BLVD,,,,,,,,37.86433367,-87.57366219,0.897,2024-04-05,1644,2,2,0,0,CLEAR,DRY,False,SIDESWIPE COLLISION - SAME DIRECTION,SIDESWIPE-SAME DIRECTION,STRAIGHT & LEVEL,DAYLIGHT,,,45391.53475,False,50,Accepted,5,5,O,,INATTENTION,,2024,1
7499,33088459,0510100,HENDERSON POLICE DEPARTMENT,Accepted,HENDERSON,US0041,,US41,,N,,,,,,,37.87533545,-87.56776675,17.411,2024-04-05,1710,2,2,0,0,CLEAR,DRY,False,REAR END IN TRAFFIC LANES BOTH VEHICLES MOVING,REAR END,STRAIGHT & LEVEL,DAYLIGHT,,,45391.53486,False,50,Accepted,5,5,O,,INATTENTION,,2024,1
7500,33088966,0510100,HENDERSON POLICE DEPARTMENT,Accepted,HENDERSON,,,ELM,ST,N,,12TH,,,,,37.85279569,-87.58191083,1.144,2024-04-06,1516,2,2,0,0,CLEAR,DRY,False,OTHER INTERSECTION COLLISIONS,REAR END,STRAIGHT & LEVEL,DAYLIGHT,,,45391.62967,False,34,Accepted,5,5,O,,INATTENTION,,2024,1
7501,33090538,0510100,HENDERSON POLICE DEPARTMENT,Accepted,HENDERSON,US0041,12,US41,,,,,,,,,37.81088109,-87.5640262,12.597,2024-03-31,357,2,2,0,0,CLEAR,DRY,True,REAR END IN TRAFFIC LANES BOTH VEHICLES MOVING,REAR END,STRAIGHT & LEVEL,DARK-HWY LIGHTED/ON,,,45391.94194,False,23,Accepted,5,5,O,,"ALCOHOL INVOLVEMENT, EXCEEDED STATED SPEED LIMIT, INATTENTION",,2024,1
7502,33090581,0510100,HENDERSON POLICE DEPARTMENT,Accepted,HENDERSON,US0041A,,GREEN,ST,S,,,,,,,37.83417716,-87.59292938,15.425,2024-04-01,518,2,2,0,1,CLEAR,DRY,False,REAR END IN TRAFFIC LANES BOTH VEHICLES MOVING,REAR END,STRAIGHT & LEVEL,DARK-HWY LIGHTED/ON,,,45391.96358,False,27,Accepted,5,3,B,,"FOLLOWING TOO CLOSE, INATTENTION",,2024,1
7503,33090854,0510100,HENDERSON POLICE DEPARTMENT,Accepted,HENDERSON,,,CLAY,ST,,,ATKINSON,,,,,37.82458294,-87.57752632,0.002,2024-04-02,206,2,2,0,0,CLEAR,DRY,False,COLLISION WITH FIXED OBJECT IN INTERSECTION - FIRST EVENT COLLISION 09 - 32,REAR END,STRAIGHT & LEVEL,DARK-HWY NOT LIGHTED,,,45392.04052,False,33,Accepted,5,5,O,OTHER,"DRUG INVOLVEMENT, OTHER",,2024,1
7504,33095448,0510100,HENDERSON POLICE DEPARTMENT,Accepted,HENDERSON,,,WATER,ST,S,,,,,,,37.83633048,-87.59767104,0.274,2024-04-06,44,3,3,0,0,CLEAR,DRY,False,1 VEHICLE PARKED POSITION (NOT PARKING LOT/DRIVEWAY),REAR END,STRAIGHT & LEVEL,DARK-HWY NOT LIGHTED,,,45393.0337,False,33,Accepted,5,5,O,,"ALCOHOL INVOLVEMENT, CELL PHONE",,2024,1
7505,33099770,0510100,HENDERSON POLICE DEPARTMENT,Accepted,HENDERSON,,,ADAMS,ST,N,,12TH,,,,,37.85099599,-87.57757748,1.194,2024-04-07,2135,1,1,0,0,RAINING,WET,False,OTHER INTERSECTION COLLISIONS,SINGLE VEHICLE,STRAIGHT & LEVEL,DARK-HWY NOT LIGHTED,,,45393.95591,False,42,Accepted,5,5,O,DEBRIS IN ROADWAY,,,2024,1
7506,33101381,0510100,HENDERSON POLICE DEPARTMENT,Accepted,HENDERSON,US0041,2700,US41,,N,,,,,,,37.87551433,-87.56758004,17.423,2024-04-09,1341,1,1,0,1,CLOUDY,WET,False,COLLISION WITH FIXED OBJECT NON - INTERSECTION - FIRST EVENT COLLISION 09 - 32 EXCLUDING 16,SINGLE VEHICLE,STRAIGHT & LEVEL,DAYLIGHT,,,45394.41796,False,30,Accepted,5,4,C,,INATTENTION,,2024,1
7507,33101382,0510100,HENDERSON POLICE DEPARTMENT,Accepted,HENDERSON,US0041,2800,US41,,N,,,,,,,37.87899641,-87.56567496,17.683,2024-04-09,1725,2,2,0,0,CLOUDY,WET,False,1 VEHICLE ENTERING/LEAVING ENTRANCE,ANGLE,STRAIGHT & LEVEL,DAYLIGHT,,,45394.41802,False,30,Accepted,5,5,O,,"FAILED TO YIELD RIGHT OF WAY, FAILED TO KEEP PROPER LANE",,2024,1
7509,33102565,0510100,HENDERSON POLICE DEPARTMENT,Accepted,HENDERSON,,,GREEN,ST,,,7TH,,,,,37.84573435,-87.58441324,,2024-04-10,1030,2,2,0,0,RAINING,WET,False,ANGLE COLLISION - OTHER,ANGLE,STRAIGHT & LEVEL,DAYLIGHT,,,45394.64525,False,82,Accepted,5,5,O,,INATTENTION,,2024,1
7510,33102570,0510100,HENDERSON POLICE DEPARTMENT,Accepted,HENDERSON,US0041A,1700,GREEN,ST,S,,,,,,,37.81598172,-87.61492117,13.663,2024-04-10,1132,2,2,0,0,RAINING,WET,False,1 VEHICLE ENTERING/LEAVING ENTRANCE,ANGLE,STRAIGHT & LEVEL,DAYLIGHT,,,45394.64537,False,50,Accepted,5,5,O,,INATTENTION,,2024,1
7511,33102572,0510100,HENDERSON POLICE DEPARTMENT,Accepted,HENDERSON,,,CLAY,ST,,,,,MILL,,LETCHER,37.82599639,-87.58015183,0.174,2024-04-09,1441,2,2,0,0,CLEAR,DRY,False,SIDESWIPE COLLISION - SAME DIRECTION,SIDESWIPE-SAME DIRECTION,STRAIGHT & LEVEL,DAYLIGHT,,,45394.64542,False,65,Accepted,5,5,O,,INATTENTION,,2024,1
7512,33102573,0510100,HENDERSON POLICE DEPARTMENT,Accepted,HENDERSON,KY0351,1800,ZION,RD,,,,,,,,37.83089923,-87.56690197,1.323,2024-04-10,1504,1,1,0,1,CLOUDY,WET,False,RAN OFF ROADWAY (1 VEHICLE WITH/EARTH EMBANKMENT/DITCH),SINGLE VEHICLE,STRAIGHT & LEVEL,DAYLIGHT,,,45394.64547,False,30,Accepted,2,2,A,,,BRAKES DEFECTIVE,2024,1
7513,33102575,0510100,HENDERSON POLICE DEPARTMENT,Accepted,HENDERSON,,1409,GREEN,ST,N,,,,,,,37.85468272,-87.57807104,,2024-04-11,1245,2,2,0,0,RAINING,WET,False,SIDESWIPE COLLISION - SAME DIRECTION,SIDESWIPE-SAME DIRECTION,STRAIGHT & LEVEL,DAYLIGHT,,,45394.64557,False,82,Accepted,5,5,O,,INATTENTION,,2024,1
7514,33104580,0510100,HENDERSON POLICE DEPARTMENT,Accepted,HENDERSON,,604,RICHARDSON,AVE,,,ADAMS,,,,,37.85463553,-87.57472531,0.191,2024-04-12,2245,1,1,0,0,CLEAR,DRY,True,COLLISION WITH FIXED OBJECT IN INTERSECTION - FIRST EVENT COLLISION 09 - 32,SINGLE VEHICLE,STRAIGHT & LEVEL,DARK-HWY LIGHTED/ON,,,45395.12873,False,61,Accepted,5,5,O,OTHER,OTHER,OTHER,2024,1
7515,33109540,0510100,HENDERSON POLICE DEPARTMENT,Accepted,HENDERSON,KY0351,,2ND,ST,,,,,,,,37.83561163,-87.57876165,0.59,2024-04-06,1020,3,3,0,0,CLEAR,DRY,False,OTHER ROADWAY OR MID-BLOCK COLLISION,REAR END,STRAIGHT & LEVEL,DAYLIGHT,,,45396.90826,False,35,Accepted,5,5,O,CONSTRUCTION WORK ZONE,,,2024,1
7517,33111822,0510100,HENDERSON POLICE DEPARTMENT,Accepted,HENDERSON,US0060,,US60,,E,,,US0041,US41,US0041,US41 E RAMP TO US41 N,37.85736847,-87.57313182,10.294,2024-04-12,1342,3,3,0,2,CLEAR,DRY,False,OTHER ROADWAY OR MID-BLOCK COLLISION,REAR END,STRAIGHT & LEVEL,DAYLIGHT,,,45397.39291,False,67,Accepted,4,3,B,BACKUP DUE TO REGULAR CONGESTION,INATTENTION,,2024,1
7518,33111823,0510100,HENDERSON POLICE DEPARTMENT,Accepted,HENDERSON,US0060,,GREEN,ST,S,,,,,,,37.7982072,-87.65192439,8.451,2024-04-12,1625,2,2,0,0,CLEAR,DRY,True,REAR END IN TRAFFIC LANES BOTH VEHICLES MOVING,REAR END,STRAIGHT & HILLCREST,DAYLIGHT,,,45397.39297,False,35,Accepted,5,5,O,,INATTENTION,,2024,1
7519,33111824,0510100,HENDERSON POLICE DEPARTMENT,Accepted,HENDERSON,US0060,,US60,,E,,MARYWOOD,,,,,37.86101646,-87.5647725,10.789,2024-04-12,1728,2,2,0,0,CLEAR,DRY,False,ANGLE COLLISION - OTHER,ANGLE,STRAIGHT & LEVEL,DAYLIGHT,,,45397.39302,False,67,Accepted,5,5,O,,INATTENTION,,2024,1
7520,33111825,0510100,HENDERSON POLICE DEPARTMENT,Accepted,HENDERSON,US0041A,122,GREEN,ST,S,,,,,,,37.83610904,-87.59094673,15.674,2024-04-13,1621,2,2,0,0,CLEAR,DRY,False,REAR END IN TRAFFIC LANES BOTH VEHICLES MOVING,REAR END,STRAIGHT & LEVEL,DAYLIGHT,,,45397.39308,False,25,Accepted,5,5,O,,INATTENTION,,2024,1
7521,33111908,KSP1600,"KY STATE POLICE, POST 16",Accepted,HENDERSON,KY0136,,MADISON,ST,,,,,,,,37.80176698,-87.57210289,22.065,2024-04-11,1152,2,2,0,0,RAINING,WET,False,OTHER ROADWAY OR MID-BLOCK COLLISION,REAR END,CURVE & GRADE,DAYLIGHT,,,45397.40642,False,469,Accepted,5,5,O,,INATTENTION,,2024,1
7523,33112183,0510100,HENDERSON POLICE DEPARTMENT,Accepted,HENDERSON,,,DIXON,ST,,,ELM,,,,,37.8338092,-87.5955319,0.096,2024-04-08,1339,2,2,0,0,CLEAR,DRY,False,ANGLE COLLISION - OTHER,ANGLE,STRAIGHT & LEVEL,DAYLIGHT,,,45397.4278,False,35,Accepted,5,5,O,,"FAILED TO YIELD RIGHT OF WAY, MISJUDGE CLEARANCE",,2024,1
7531,33113241,0510100,HENDERSON POLICE DEPARTMENT,Accepted,HENDERSON,US0060,,GREEN,ST,S,,,,,,,37.80366218,-87.63777714,9.31,2024-04-12,915,2,2,0,1,CLOUDY,DRY,False,REAR END IN TRAFFIC LANES BOTH VEHICLES MOVING,REAR END,STRAIGHT & LEVEL,DAYLIGHT,,,45397.59105,False,35,Accepted,5,3,B,IMPROPERLY PARKED VEHICLE(S),,,2024,1
7532,33113242,0510100,HENDERSON POLICE DEPARTMENT,Accepted,HENDERSON,US0041A,,GREEN,ST,N,,5TH,,,,,37.84330028,-87.58598303,16.217,2024-04-12,1022,2,2,0,2,RAINING,WET,False,ANGLE COLLISION - OTHER,ANGLE,STRAIGHT & LEVEL,DAYLIGHT,,,45397.59111,False,34,Accepted,5,4,C,SLIPPERY SURFACE,"DISREGARD TRAFFIC CONTROL, INATTENTION, TOO FAST FOR CONDITIONS",TIRES,2024,1
7533,33113244,0510100,HENDERSON POLICE DEPARTMENT,Accepted,HENDERSON,,,BOOK,ST,,,,,10TH,,10TH,37.849164,-87.57964284,0.049,2024-04-12,1705,2,1,0,1,CLEAR,DRY,False,COLLISION WITH PEDESTRIAN NON - INTERSECTION,SINGLE VEHICLE,STRAIGHT & LEVEL,DAYLIGHT,,,45397.59119,False,34,Accepted,5,3,B,,"DRUG INVOLVEMENT, INATTENTION",,2024,1
7539,33116605,0510100,HENDERSON POLICE DEPARTMENT,Accepted,HENDERSON,US0041,2700,US41,,N,,,,,,,37.87549215,-87.56725397,17.439,2024-04-13,1634,3,3,0,0,CLEAR,WET,False,REAR END IN TRAFFIC LANES BOTH VEHICLES MOVING,REAR END,STRAIGHT & LEVEL,DAYLIGHT,,,45398.34619,False,30,Accepted,5,5,O,,OTHER,,2024,1
7540,33116606,0510100,HENDERSON POLICE DEPARTMENT,Accepted,HENDERSON,,600,VINE,ST,,,,,,,,37.82828296,-87.59101944,0.329,2024-04-13,1512,2,2,0,0,CLEAR,DRY,False,1 VEHICLE ENTERING/LEAVING ENTRANCE,ANGLE,STRAIGHT & LEVEL,DAYLIGHT,,,45398.34626,False,50,Accepted,5,5,O,,INATTENTION,,2024,1
7542,33116608,0510100,HENDERSON POLICE DEPARTMENT,Accepted,HENDERSON,,300,ALVES,ST,S,,,,,,,37.8299534,-87.59133804,0.743,2024-04-14,835,4,4,0,1,CLEAR,DRY,False,1 VEHICLE PARKED POSITION (NOT PARKING LOT/DRIVEWAY),HEAD ON,STRAIGHT & LEVEL,DAYLIGHT,,,45398.34638,False,24,Accepted,2,2,A,,DRUG INVOLVEMENT,,2024,1
7543,33116615,0510100,HENDERSON POLICE DEPARTMENT,Accepted,HENDERSON,,,5TH,ST,,US0041A,GREEN,,,,,37.84331171,-87.58599449,0.952,2024-04-14,1455,2,2,0,2,CLEAR,DRY,False,OPPOSING LEFT TURN,OPPOSING LEFT TURN,STRAIGHT & LEVEL,DAYLIGHT,,,45398.3465,False,25,Accepted,3,3,B,,"FAILED TO YIELD RIGHT OF WAY, INATTENTION",,2024,1
7544,33116619,0510100,HENDERSON POLICE DEPARTMENT,Accepted,HENDERSON,,,GARDEN MILE,RD,N,,,,STADIUM,,GARDEN MILE,37.8212691,-87.55921399,0.49,2024-04-15,742,2,2,0,0,CLEAR,DRY,False,OTHER ROADWAY OR MID-BLOCK COLLISION,REAR END,STRAIGHT & LEVEL,DAYLIGHT,,,45398.34656,False,65,Accepted,5,5,O,,INATTENTION,,2024,1
7545,33116624,0510100,HENDERSON POLICE DEPARTMENT,Accepted,HENDERSON,,300,MCCLAIN,AVE,,,,,,,,37.81788382,-87.61374677,0.061,2024-04-14,1134,2,2,0,0,CLEAR,DRY,False,1 VEHICLE ENTERING/LEAVING ENTRANCE,ANGLE,STRAIGHT & LEVEL,DAYLIGHT,,,45398.34664,False,50,Accepted,5,5,O,,INATTENTION,,2024,1
7547,33120491,0510100,HENDERSON POLICE DEPARTMENT,Accepted,HENDERSON,US0041,,,,,,,,,,,37.85914844,-87.57527067,0.007,2024-04-04,1957,2,2,0,0,CLEAR,DRY,True,OTHER RAMP RELATED COLLISIONS NOT LISTED ABOVE,SIDESWIPE-SAME DIRECTION,STRAIGHT & GRADE,DARK-HWY LIGHTED/ON,US0041,US0060,45398.90881,False,29,Accepted,5,5,O,,,,2024,1
7548,33120874,0510100,HENDERSON POLICE DEPARTMENT,Accepted,HENDERSON,US0041,,US41,,N,,STRATMAN,,,,,37.88799346,-87.557785,18.431,2024-04-13,529,1,1,0,0,CLEAR,DRY,False,COLLISION WITH ANIMAL IN INTERSECTION,SINGLE VEHICLE,STRAIGHT & LEVEL,DARK-HWY LIGHTED/ON,,,45398.98727,False,19,Accepted,5,5,O,ANIMALS ACTION,,,2024,1
7550,33128026,0510000,HENDERSON COUNTY SHERIFF DEPT.,Accepted,HENDERSON,US0041,,US41,,N,,,,,,,37.8886181,-87.55718935,18.488,2024-04-17,557,1,1,0,0,CLEAR,DRY,False,COLLISION WITH ANIMAL NON INTERSECTION,SINGLE VEHICLE,STRAIGHT & LEVEL,DUSK,,,45400.40004,False,130,Accepted,5,5,O,ANIMALS ACTION,,,2024,1
7551,33128551,0510100,HENDERSON POLICE DEPARTMENT,Accepted,HENDERSON,,,GREEN,ST,S,,US HWY 425,,,,,37.7999069,-87.64786297,,2024-04-16,1325,2,2,0,0,CLEAR,DRY,False,OTHER INTERSECTION COLLISIONS,REAR END,STRAIGHT & LEVEL,DAYLIGHT,,,45400.46391,False,82,Accepted,5,5,O,,DISTRACTION,,2024,1
7552,33128553,0510100,HENDERSON POLICE DEPARTMENT,Accepted,HENDERSON,US0060,,US60,,E,,,,,,,37.85729784,-87.5732254,10.288,2024-04-17,1618,2,2,0,0,CLEAR,DRY,True,1 VEHICLE PARKED POSITION (NOT PARKING LOT/DRIVEWAY),SIDESWIPE-SAME DIRECTION,STRAIGHT & LEVEL,DAYLIGHT,,,45400.46403,False,49,Accepted,5,5,O,,MISJUDGE CLEARANCE,,2024,1
7553,33128554,0510100,HENDERSON POLICE DEPARTMENT,Accepted,HENDERSON,US0060,,US60,,E,,,US0041,US41 W RAMP TO US41 N,US0041,US41 E RAMP TO US41 N,37.85769993,-87.57256241,10.329,2024-04-17,1554,2,2,0,0,CLEAR,DRY,False,OTHER ROADWAY OR MID-BLOCK COLLISION,REAR END,STRAIGHT & LEVEL,DAYLIGHT,,,45400.46408,False,67,Accepted,5,5,O,BACKUP DUE TO REGULAR CONGESTION,INATTENTION,,2024,1
7554,33128556,0510100,HENDERSON POLICE DEPARTMENT,Accepted,HENDERSON,US0041A,629,GREEN,ST,S,,,,,,,37.82927054,-87.59773239,15.132,2024-04-17,1611,2,2,0,0,CLEAR,DRY,False,REAR END IN TRAFFIC LANES BOTH VEHICLES MOVING,REAR END,STRAIGHT & LEVEL,DAYLIGHT,,,45400.46415,False,35,Accepted,5,5,O,,INATTENTION,,2024,1
7555,33128557,0510100,HENDERSON POLICE DEPARTMENT,Accepted,HENDERSON,KY0351,,ZION,RD,,,ADAMS,,,,,37.82587539,-87.5482665,2.392,2024-04-16,1546,2,2,0,0,CLEAR,DRY,False,ANGLE COLLISION - OTHER,ANGLE,STRAIGHT & LEVEL,DAYLIGHT,,,45400.46421,False,35,Accepted,5,5,O,,"MISJUDGE CLEARANCE, OTHER",,2024,1
7556,33129262,0510100,HENDERSON POLICE DEPARTMENT,Accepted,HENDERSON,KY2084,887,KY2084,,S,,,,,,,37.80751518,-87.572783,,2024-04-17,805,2,2,0,0,CLEAR,DRY,False,OTHER COLLISIONS ON SHOULDER,ANGLE,STRAIGHT & LEVEL,DAYLIGHT,,,45400.58806,False,82,Accepted,5,5,O,,INATTENTION,,2024,1
7557,33129263,0510100,HENDERSON POLICE DEPARTMENT,Accepted,HENDERSON,,,GREEN,ST,S,,US 41 ALT,,,,,37.81108001,-87.62276557,,2024-04-16,1450,2,2,0,0,CLEAR,DRY,False,OTHER INTERSECTION COLLISIONS,REAR END,STRAIGHT & LEVEL,DAYLIGHT,,,45400.5882,False,82,Accepted,5,5,O,,DISTRACTION,,2024,1
7558,33129264,0510100,HENDERSON POLICE DEPARTMENT,Accepted,HENDERSON,US0060,1900,US60,,E,,,,,,,37.85817291,-87.57164102,10.382,2024-04-17,1544,2,2,0,0,CLEAR,DRY,False,REAR END IN TRAFFIC LANES BOTH VEHICLES MOVING,REAR END,STRAIGHT & LEVEL,DAYLIGHT,,,45400.58827,False,35,Accepted,5,5,O,,INATTENTION,,2024,1
7559,33129265,0510100,HENDERSON POLICE DEPARTMENT,Accepted,HENDERSON,US0041A,,GREEN,ST,N,,,,,,,37.84911308,-87.58214364,16.68,2024-04-17,1431,2,2,0,0,CLEAR,DRY,False,REAR END IN TRAFFIC LANES BOTH VEHICLES MOVING,REAR END,STRAIGHT & LEVEL,DAYLIGHT,,,45400.58832,False,35,Accepted,5,5,O,,OTHER,,2024,1
7562,33136190,0510100,HENDERSON POLICE DEPARTMENT,Accepted,HENDERSON,US0041A,1014,GREEN,ST,N,,,,,,,37.85000634,-87.58151422,16.753,2024-04-16,406,1,1,0,0,CLEAR,DRY,False,COLLISION WITH FIXED OBJECT NON - INTERSECTION - FIRST EVENT COLLISION 09 - 32 EXCLUDING 16,SINGLE VEHICLE,STRAIGHT & LEVEL,DARK-HWY LIGHTED/ON,,,45402.06307,False,33,Accepted,5,5,O,,MISJUDGE CLEARANCE,,2024,1
7563,33136313,0510100,HENDERSON POLICE DEPARTMENT,Accepted,HENDERSON,,,WATSON,LN,,,,,,,,37.87505112,-87.56662129,0.997,2024-04-18,1822,2,2,0,0,CLEAR,DRY,True,REAR END IN TRAFFIC LANES BOTH VEHICLES MOVING,REAR END,STRAIGHT & LEVEL,DAYLIGHT,,,45402.10869,False,29,Accepted,5,5,O,,INATTENTION,,2024,1
7569,33143847,0510100,HENDERSON POLICE DEPARTMENT,Accepted,HENDERSON,,,US60,,E,,,,,,,37.85788018,-87.57217966,,2024-04-19,1615,2,2,0,0,CLEAR,DRY,False,REAR END IN TRAFFIC LANES BOTH VEHICLES MOVING,REAR END,STRAIGHT & LEVEL,DAYLIGHT,,,45404.46696,False,82,Accepted,5,5,O,BACKUP DUE TO REGULAR CONGESTION,OTHER,,2024,1
7570,33143848,0510100,HENDERSON POLICE DEPARTMENT,Accepted,HENDERSON,KY0812,,AIRLINE,RD,,,GARDEN MILE,,,,,37.81482427,-87.56011641,6.773,2024-04-20,804,2,2,0,0,CLEAR,DRY,False,ANGLE COLLISION - OTHER,ANGLE,STRAIGHT & LEVEL,DAYLIGHT,,,45404.46702,False,49,Accepted,5,5,O,,"DISREGARD TRAFFIC CONTROL, EXCEEDED STATED SPEED LIMIT, TOO FAST FOR CONDITIONS",,2024,1
7571,33143850,0510100,HENDERSON POLICE DEPARTMENT,Accepted,HENDERSON,US0041A,,GREEN,ST,N,,1ST,,,,,37.83819126,-87.58926906,15.826,2024-04-20,1245,2,2,0,1,CLEAR,DRY,False,SIDESWIPE-SAME DIRECTION,SIDESWIPE-SAME DIRECTION,STRAIGHT & LEVEL,DAYLIGHT,,,45404.46712,False,49,Accepted,4,4,C,,LOST CONSCIOUSNESS/FAINTED,,2024,1
7572,33143852,0510100,HENDERSON POLICE DEPARTMENT,Accepted,HENDERSON,,,14TH,ST,,,ADAMS,,,,,37.85308113,-87.5762036,0.27,2024-04-20,1323,2,2,0,1,CLEAR,DRY,False,SIDESWIPE-SAME DIRECTION,SIDESWIPE-SAME DIRECTION,STRAIGHT & LEVEL,DAYLIGHT,,,45404.46723,False,35,Accepted,5,3,B,,IMPROPER PASSING,,2024,1
7574,33143980,0510000,HENDERSON COUNTY SHERIFF DEPT.,Accepted,HENDERSON,KY0812,,AIRLINE,RD,,,,,,,,37.80687976,-87.54741063,5.887,2024-04-20,708,1,1,0,0,CLEAR,DRY,False,OTHER COLLISIONS ON SHOULDER,SINGLE VEHICLE,STRAIGHT & LEVEL,DAYLIGHT,,,45404.49181,False,139,Accepted,5,5,O,,NOT UNDER PROPER CONTROL,,2024,1