OBJECTID,IncidentID,AgencyORI,AgencyName,IncidentStatusDesc,County,RdwyNumber,Street,RoadwayName,StreetSfx,StreetDir,IntersectionRdwy,IntersectionRdwyName,BetweenStRdwy1,BetweenStRdwyName1,BetweenStRdwy2,BetweenStRdwyName2,Latitude,Longitude,Milepoint,CollisionDate,CollisionTime,UnitsInvolved,MotorVehiclesInvolved,NumberKilled,NumberInjured,Weather,RdwyConditionCode,HitandRun,DirAnalysisCode,MannerofCollision,RdwyCharacter,LightCondition,RampFromRdwyId,RampToRdwyId,AcceptedDate,IsSecondaryCollision,OwnerBadge,IncidentStatus,InjurySeverityCde,KABCO_Code,KABCO,Environmental_Factors,Human_Factors,Vehicular_Factors,CollisionYear,CityCrash
7576,33146210,0510100,HENDERSON POLICE DEPARTMENT,Accepted,HENDERSON,US0041,,US41,,N,,,US0041,US41 RAMP FROM KY351,US0041,US41 S RAMP TO EB9004,37.82754447,-87.56694959,13.85,2024-04-20,1812,2,2,0,0,CLEAR,DRY,False,SIDESWIPE COLLISION - SAME DIRECTION,SIDESWIPE-SAME DIRECTION,CURVE & LEVEL,DAYLIGHT,,,45404.89082,False,16,Accepted,5,5,O,,INATTENTION,,2024,1
7578,33150812,0510100,HENDERSON POLICE DEPARTMENT,Accepted,HENDERSON,US0041,2539,US41,,N,,,,,,,37.87033,-87.5703302,17.036,2024-04-19,1552,2,2,0,0,CLOUDY,DRY,False,OTHER ROADWAY OR MID-BLOCK COLLISION,OPPOSING LEFT TURN,STRAIGHT & LEVEL,DAYLIGHT,,,45405.80699,False,24,Accepted,5,5,O,,"FAILED TO YIELD RIGHT OF WAY, INATTENTION",,2024,1
7579,33152927,0510000,HENDERSON COUNTY SHERIFF DEPT.,Accepted,HENDERSON,AU9005,,,,,,,,,,,37.81246006,-87.56348441,0.351,2024-04-23,1400,1,1,0,0,CLEAR,DRY,False,COLLISION WITH FIXED OBJECT NOT IN GORE ,SINGLE VEHICLE,STRAIGHT & LEVEL,DAYLIGHT,AU9005,US0041,45406.40229,False,164,Accepted,5,5,O,OTHER,,,2024,1
7584,33157267,0510100,HENDERSON POLICE DEPARTMENT,Accepted,HENDERSON,,,GREEN RIVER,RD,,,WATSON,,,,,37.86863203,-87.55757505,,2024-04-22,1300,2,2,0,0,CLEAR,DRY,False,HEAD-ON COLLISION,HEAD ON,STRAIGHT & LEVEL,DAYLIGHT,,,45407.37708,False,82,Accepted,5,5,O,,INATTENTION,,2024,1
7586,33162348,0510100,HENDERSON POLICE DEPARTMENT,Accepted,HENDERSON,,2105,OLD MADISONVILLE,RD,,,,,,,,37.80037691,-87.58865381,,2024-04-25,1545,2,2,0,0,CLEAR,DRY,False,1 VEHICLE ENTERING/LEAVING ENTRANCE,ANGLE,STRAIGHT & LEVEL,DAYLIGHT,,,45408.37802,False,82,Accepted,5,5,O,,INATTENTION,,2024,1
7587,33162349,0510100,HENDERSON POLICE DEPARTMENT,Accepted,HENDERSON,,,MCKINLEY,ST,N,,,,,,,37.83061495,-87.57514042,0.059,2024-04-25,749,2,2,0,0,CLEAR,DRY,False,VEHICLE BACKING NON INTERSECTION,BACKING,STRAIGHT & LEVEL,DAYLIGHT,,,45408.37816,False,35,Accepted,5,5,O,,INATTENTION,,2024,1
7588,33162350,0510100,HENDERSON POLICE DEPARTMENT,Accepted,HENDERSON,US0041,,US41,,N,,,,,,,37.84459974,-87.56612076,15.084,2024-04-25,1706,2,2,0,0,CLEAR,DRY,False,SIDESWIPE COLLISION - SAME DIRECTION,SIDESWIPE-SAME DIRECTION,STRAIGHT & LEVEL,DAYLIGHT,,,45408.37834,False,35,Accepted,5,5,O,,INATTENTION,,2024,1
7589,33164055,0510100,HENDERSON POLICE DEPARTMENT,Accepted,HENDERSON,US0041,,US41,,N,,,,BARKER,,WALKER,37.8702898,-87.57064518,17.025,2024-04-26,1022,2,2,0,0,CLOUDY,DRY,False,REAR END IN TRAFFIC LANES BOTH VEHICLES MOVING,REAR END,STRAIGHT & LEVEL,DAYLIGHT,,,45408.68647,False,67,Accepted,5,5,O,,LOST CONSCIOUSNESS/FAINTED,,2024,1
7590,33164076,0510100,HENDERSON POLICE DEPARTMENT,Accepted,HENDERSON,KY0812,,AIRLINE,RD,,,HALLWAY,,,,,37.81886922,-87.56730098,7.254,2024-04-26,738,3,3,0,0,CLOUDY,DRY,False,OTHER INTERSECTION COLLISIONS,REAR END,STRAIGHT & LEVEL,DAYLIGHT,,,45408.68922,False,49,Accepted,5,5,O,,DISTRACTION,,2024,1
7591,33164109,0510100,HENDERSON POLICE DEPARTMENT,Accepted,HENDERSON,,,4TH,ST,,,INGRAM,,,,,37.84144763,-87.58530053,,2024-04-26,1245,1,1,0,0,CLEAR,DRY,False,OTHER INTERSECTION COLLISIONS,SINGLE VEHICLE,STRAIGHT & LEVEL,DAYLIGHT,,,45408.69466,False,82,Accepted,5,5,O,,MISJUDGE CLEARANCE,,2024,1
7592,33164534,0510100,HENDERSON POLICE DEPARTMENT,Accepted,HENDERSON,KY0351,,ZION,RD,,,,,,,,37.82900588,-87.56018944,1.719,2024-04-26,834,1,1,0,0,CLOUDY,WET,False,OTHER ROADWAY OR MID-BLOCK COLLISION,SINGLE VEHICLE,STRAIGHT & LEVEL,DAYLIGHT,,,45408.7715,False,35,Accepted,5,5,O,CONSTRUCTION WORK ZONE,INATTENTION,,2024,1
7593,33165092,0510100,HENDERSON POLICE DEPARTMENT,Accepted,HENDERSON,KY0136,,SAND,LN,,US0041A,GREEN,,,,,37.823695,-87.60322452,19.553,2024-04-25,1730,2,2,0,1,CLEAR,DRY,False,SIDESWIPE-SAME DIRECTION,SIDESWIPE-SAME DIRECTION,STRAIGHT & LEVEL,DAYLIGHT,,,45408.9469,False,31,Accepted,5,3,B,,"ALCOHOL INVOLVEMENT, TOO FAST FOR CONDITIONS, WEAVING IN TRAFFIC",,2024,1
7594,33166487,0510100,HENDERSON POLICE DEPARTMENT,Accepted,HENDERSON,,,5TH,ST,,US0041A,GREEN,,,,,37.8432874,-87.58593217,0.95,2024-04-23,740,2,2,0,0,CLEAR,DRY,False,OTHER INTERSECTION COLLISIONS,REAR END,STRAIGHT & LEVEL,DAYLIGHT,,,45409.60617,False,25,Accepted,5,5,O,,INATTENTION,,2024,1
7599,33173165,0510100,HENDERSON POLICE DEPARTMENT,Accepted,HENDERSON,,,PRIEST,ST,,KY0351,2ND,,,,,37.83304563,-87.57293661,0.022,2024-04-23,1258,2,2,0,1,CLEAR,DRY,False,OTHER INTERSECTION COLLISIONS,REAR END,STRAIGHT & LEVEL,DAYLIGHT,,,45411.4884,False,65,Accepted,5,4,C,,INATTENTION,,2024,1
7600,33173685,0510100,HENDERSON POLICE DEPARTMENT,Accepted,HENDERSON,,300,DIXON,ST,,,,,,,,37.83372878,-87.59549204,0.094,2024-04-27,1114,2,2,0,0,CLEAR,DRY,False,1 VEHICLE ENTERING/LEAVING ENTRANCE,ANGLE,STRAIGHT & HILLCREST,DAYLIGHT,,,45411.57434,False,50,Accepted,5,5,O,,INATTENTION,,2024,1
7601,33174292,0510100,HENDERSON POLICE DEPARTMENT,Accepted,HENDERSON,US0041,1800,US41,,N,,,,,,,37.85794974,-87.57396873,16.106,2024-04-15,1018,2,2,0,0,CLEAR,DRY,True,SIDESWIPE COLLISION - SAME DIRECTION,SIDESWIPE-SAME DIRECTION,STRAIGHT & LEVEL,DAYLIGHT,,,45411.65026,False,30,Accepted,5,5,O,,INATTENTION,,2024,1
7602,33174293,0510100,HENDERSON POLICE DEPARTMENT,Accepted,HENDERSON,,,CRESLINE,DR,,KY2084,KY2084,,,,,37.81023372,-87.57204838,0.005,2024-04-18,1126,2,2,0,1,CLEAR,DRY,False,OPPOSING LEFT TURN,OPPOSING LEFT TURN,STRAIGHT & LEVEL,DAYLIGHT,,,45411.65031,False,24,Accepted,4,4,C,,"FAILED TO YIELD RIGHT OF WAY, INATTENTION",,2024,1
7603,33174294,0510100,HENDERSON POLICE DEPARTMENT,Accepted,HENDERSON,,,INGRAM,ST,S,,,,,,,37.83202111,-87.59304891,0.413,2024-04-18,1709,2,2,0,0,CLEAR,DRY,False,OTHER ROADWAY OR MID-BLOCK COLLISION,REAR END,STRAIGHT & LEVEL,DAYLIGHT,,,45411.6504,False,50,Accepted,5,5,O,,,OTHER,2024,1
7604,33174296,0510100,HENDERSON POLICE DEPARTMENT,Accepted,HENDERSON,US0041,2452,US41,,N,,,,,,,37.87571041,-87.56768158,17.434,2024-04-19,800,2,2,0,0,CLOUDY,DRY,False,REAR END IN TRAFFIC LANES BOTH VEHICLES MOVING,REAR END,STRAIGHT & LEVEL,DAYLIGHT,,,45411.6505,False,24,Accepted,5,5,O,,EMOTIONAL,,2024,1
7605,33174297,0510100,HENDERSON POLICE DEPARTMENT,Accepted,HENDERSON,KY0136,,SAND,LN,,,,,,,,37.82375659,-87.60307776,19.552,2024-04-19,2049,2,2,0,0,CLEAR,DRY,False,1 VEHICLE ENTERING/LEAVING ENTRANCE,ANGLE,STRAIGHT & LEVEL,DARK-HWY LIGHTED/ON,,,45411.65056,False,50,Accepted,5,5,O,,INATTENTION,,2024,1
7606,33174298,0510100,HENDERSON POLICE DEPARTMENT,Accepted,HENDERSON,US0041,12,US41,,,AU9005,US41 S RAMP TO AU9005 E,,,,,37.81329726,-87.56334355,1.628,2024-04-23,1743,2,2,0,0,CLEAR,DRY,False,SIDESWIPE-SAME DIRECTION,SIDESWIPE-SAME DIRECTION,STRAIGHT & LEVEL,DAYLIGHT,,,45411.65064,False,24,Accepted,5,5,O,,"FAILED TO YIELD RIGHT OF WAY, INATTENTION",,2024,1
7607,33174299,0510100,HENDERSON POLICE DEPARTMENT,Accepted,HENDERSON,,139,MILL,ST,,,POWELL,,,,,37.82836409,-87.58022714,0.725,2024-04-24,637,2,2,0,0,CLEAR,DRY,False,ANGLE COLLISION - OTHER,ANGLE,STRAIGHT & LEVEL,DAYLIGHT,,,45411.65073,False,24,Accepted,5,5,O,,"FAILED TO YIELD RIGHT OF WAY, INATTENTION",,2024,1
7608,33176546,0510100,HENDERSON POLICE DEPARTMENT,Accepted,HENDERSON,US0041,,US41,,N,,,,,,,37.87348384,-87.56865157,17.27,2024-04-28,1940,2,2,0,0,CLEAR,DRY,False,REAR END IN TRAFFIC LANES BOTH VEHICLES MOVING,REAR END,STRAIGHT & LEVEL,DAWN,,,45412.23878,False,29,Accepted,5,5,O,,DISTRACTION,,2024,1
7609,33177537,0510100,HENDERSON POLICE DEPARTMENT,Accepted,HENDERSON,US0041A,,GREEN,ST,N,,12TH,,,,,37.85201852,-87.58030928,16.902,2024-03-27,1658,1,1,0,1,CLOUDY,DRY,False,COLLISION WITH FIXED OBJECT IN INTERSECTION - FIRST EVENT COLLISION 09 - 32,SINGLE VEHICLE,STRAIGHT & GRADE,DAYLIGHT,,,45412.41268,False,15,Accepted,5,3,B,,SICK,,2024,1
7611,33177649,0510100,HENDERSON POLICE DEPARTMENT,Accepted,HENDERSON,US0041,,US41,,,,,,,,,37.80556923,-87.56389558,12.23,2024-04-23,743,4,4,0,0,CLEAR,DRY,False,REAR END IN TRAFFIC LANES BOTH VEHICLES MOVING,REAR END,STRAIGHT & LEVEL,DAYLIGHT,,,45412.42521,False,30,Accepted,5,5,O,OTHER,"FOLLOWING TOO CLOSE, INATTENTION",,2024,1
7612,33178040,0510100,HENDERSON POLICE DEPARTMENT,Accepted,HENDERSON,KY0351,,ZION,RD,,US0041,US41 RAMP KY351,,,,,37.83094027,-87.56717921,1.308,2024-04-28,1105,2,2,0,3,CLEAR,DRY,False,OTHER INTERSECTION COLLISIONS,REAR END,STRAIGHT & LEVEL,DAYLIGHT,,,45412.4906,False,65,Accepted,5,4,C,,INATTENTION,,2024,1
7614,33179934,0510100,HENDERSON POLICE DEPARTMENT,Accepted,HENDERSON,KY0136,,MADISON,ST,,,,,,,,37.81695334,-87.5832146,20.792,2024-04-29,704,1,1,0,0,CLEAR,DRY,False,RAN OFF ROADWAY (1 VEHICLE WITH/EARTH EMBANKMENT/DITCH),SINGLE VEHICLE,STRAIGHT & LEVEL,DAYLIGHT,,,45412.7403,False,50,Accepted,5,5,O,,DISTRACTION,,2024,1
7616,33180094,0510100,HENDERSON POLICE DEPARTMENT,Accepted,HENDERSON,US0041A,,GREEN,ST,N,,,,13TH,,HARDING,37.85295064,-87.57974642,16.981,2024-04-25,1332,2,2,0,0,CLEAR,DRY,True,REAR END IN TRAFFIC LANES BOTH VEHICLES MOVING,REAR END,STRAIGHT & LEVEL,DAYLIGHT,,,45412.77277,False,34,Accepted,5,5,O,,,,2024,1
7618,33188586,0510100,HENDERSON POLICE DEPARTMENT,Accepted,HENDERSON,,,GREEN RIVER,RD,,,LARKVIEW,,,,,37.86941841,-87.55611412,0.813,2024-04-30,1613,2,2,0,0,CLEAR,DRY,False,OTHER INTERSECTION COLLISIONS,REAR END,STRAIGHT & LEVEL,DAYLIGHT,,,45414.57077,False,67,Accepted,5,5,O,,INATTENTION,,2024,1
7619,33188587,0510100,HENDERSON POLICE DEPARTMENT,Accepted,HENDERSON,,,1ST,ST,,,ELM,,,,,37.83888897,-87.59083651,0.191,2024-04-30,936,2,2,0,0,CLEAR,DRY,False,OTHER INTERSECTION COLLISIONS,REAR END,STRAIGHT & LEVEL,DAYLIGHT,,,45414.57084,False,35,Accepted,5,5,O,,INATTENTION,,2024,1
7620,33188588,0510100,HENDERSON POLICE DEPARTMENT,Accepted,HENDERSON,,,SPRING GARDEN,RD,,KY0351,ZION,,,,,37.82609993,-87.54891463,0.001,2024-04-16,1558,2,2,0,0,CLEAR,DRY,False,COLLISION WITH PARKED VEHICLE,REAR END,STRAIGHT & LEVEL,DAYLIGHT,,,45414.57092,False,17,Accepted,5,5,O,,DISTRACTION,,2024,1
7621,33188589,0510100,HENDERSON POLICE DEPARTMENT,Accepted,HENDERSON,,892,HONEYLARK,LN,,,,,,,,37.87050761,-87.55568417,0.042,2024-05-01,1425,1,1,0,0,CLOUDY,DRY,False,COLLISION WITH FIXED OBJECT NON - INTERSECTION - FIRST EVENT COLLISION 09 - 32 EXCLUDING 16,SINGLE VEHICLE,STRAIGHT & GRADE,DAYLIGHT,,,45414.57098,False,67,Accepted,5,5,O,,INATTENTION,,2024,1
7622,33188804,0510100,HENDERSON POLICE DEPARTMENT,Accepted,HENDERSON,US0060,,US60,,E,US0041,US41 N EXIT81 OFF RAMP TO US60 W,,,,,37.85748616,-87.57298728,10.305,2024-05-01,746,2,2,0,0,CLEAR,DRY,False,SIDESWIPE-SAME DIRECTION,SIDESWIPE-SAME DIRECTION,STRAIGHT & LEVEL,DAYLIGHT,,,45414.60417,False,67,Accepted,5,5,O,,INATTENTION,,2024,1
7623,33188805,0510100,HENDERSON POLICE DEPARTMENT,Accepted,HENDERSON,,2746,US41,,N,,,,,,,37.87716965,-87.56663405,,2024-05-01,800,2,2,0,0,CLEAR,DRY,False,SIDESWIPE COLLISION - OPPOSITE DIRECTION,SIDESWIPE-OPPOSITE DIRECTION,STRAIGHT & LEVEL,DAYLIGHT,,,45414.60422,False,82,Accepted,5,5,O,,,TIRE FAILURE,2024,1
7624,33188807,0510100,HENDERSON POLICE DEPARTMENT,Accepted,HENDERSON,US0041,,US41,,N,,,US0041,US41 N EXIT81 OFF RAMP TO US60 E,US0041,US41 N EXIT81 OFF RAMP TO US60 W,37.85707983,-87.57317721,16.032,2024-05-01,1603,2,2,0,0,CLOUDY,DRY,False,SIDESWIPE COLLISION - SAME DIRECTION,SIDESWIPE-SAME DIRECTION,STRAIGHT & LEVEL,DAYLIGHT,,,45414.60429,False,67,Accepted,5,5,O,,INATTENTION,,2024,1
7625,33188808,0510100,HENDERSON POLICE DEPARTMENT,Accepted,HENDERSON,,,WASHINGTON,ST,,,MAIN,,,,,37.8380511,-87.59373464,1.404,2024-04-10,623,2,2,0,1,RAINING,WET,False,ANGLE COLLISION - OTHER,ANGLE,STRAIGHT & LEVEL,DUSK,,,45414.60436,False,25,Accepted,5,3,B,,"DISREGARD TRAFFIC CONTROL, FAILED TO YIELD RIGHT OF WAY, INATTENTION",,2024,1
7626,33190616,0510100,HENDERSON POLICE DEPARTMENT,Accepted,HENDERSON,US0041,2044,US41,,N,,,,,,,37.86835475,-87.57165153,16.836,2024-04-01,1633,3,3,0,1,CLEAR,DRY,False,REAR END IN TRAFFIC LANES BOTH VEHICLES MOVING,REAR END,STRAIGHT & LEVEL,DAWN,,,45414.93369,True,24,Accepted,5,3,B,,"FOLLOWING TOO CLOSE, INATTENTION, NOT UNDER PROPER CONTROL",,2024,1
7627,33190618,0510100,HENDERSON POLICE DEPARTMENT,Accepted,HENDERSON,,200,WASHINGTON,ST,,,MAIN,,,,,37.83770333,-87.59308345,1.368,2024-04-26,2100,2,2,0,0,CLEAR,DRY,False,COLLISION WITH PARKED VEHICLE,ANGLE,STRAIGHT & LEVEL,DARK-HWY LIGHTED/OFF,,,45414.93378,False,42,Accepted,5,5,O,,"ALCOHOL INVOLVEMENT, DRUG INVOLVEMENT, FAILED TO KEEP PROPER LANE",,2024,1
7628,33192288,0510100,HENDERSON POLICE DEPARTMENT,Accepted,HENDERSON,,,12TH,ST,,,GREEN,,,,,37.85219891,-87.58034182,,2024-05-02,1010,2,2,0,0,CLEAR,DRY,False,SIDESWIPE-SAME DIRECTION,SIDESWIPE-SAME DIRECTION,STRAIGHT & LEVEL,DAYLIGHT,,,45415.37745,False,82,Accepted,5,5,O,,OTHER,,2024,1
7629,33192290,0510100,HENDERSON POLICE DEPARTMENT,Accepted,HENDERSON,,,14TH,ST,,,ADAMS,,,,,37.85306383,-87.57622677,,2024-05-02,1340,2,2,0,0,CLEAR,DRY,False,OTHER INTERSECTION COLLISIONS,REAR END,STRAIGHT & LEVEL,DAYLIGHT,,,45415.37765,False,82,Accepted,5,5,O,,INATTENTION,,2024,1
7630,33192321,0510100,HENDERSON POLICE DEPARTMENT,Accepted,HENDERSON,,,US41,,N,,,,,,,37.82757577,-87.56693022,,2024-05-02,1400,2,2,0,0,CLEAR,DRY,False,SIDESWIPE COLLISION - SAME DIRECTION,SIDESWIPE-SAME DIRECTION,CURVE & LEVEL,DAYLIGHT,,,45415.38016,False,82,Accepted,5,5,O,CONSTRUCTION WORK ZONE,OTHER,,2024,1
7632,33194760,0510100,HENDERSON POLICE DEPARTMENT,Accepted,HENDERSON,US0041,,US41,,N,,,,,,,37.86865208,-87.57151683,16.893,2024-05-02,1928,2,2,0,0,CLEAR,DRY,False,REAR END IN TRAFFIC LANES BOTH VEHICLES MOVING,REAR END,STRAIGHT & LEVEL,DAYLIGHT,,,45415.93605,False,29,Accepted,5,5,O,,INATTENTION,,2024,1
7638,33205699,0510100,HENDERSON POLICE DEPARTMENT,Accepted,HENDERSON,,,3RD,ST,,,MAIN,,,,,37.84204494,-87.59093084,0.09,2024-05-03,2126,2,2,0,0,CLEAR,DRY,False,SIDESWIPE-SAME DIRECTION,SIDESWIPE-SAME DIRECTION,STRAIGHT & LEVEL,DARK-HWY LIGHTED/ON,,,45418.91907,False,32,Accepted,5,5,O,,FAILED TO YIELD RIGHT OF WAY,,2024,1
7639,33205702,0510100,HENDERSON POLICE DEPARTMENT,Accepted,HENDERSON,,,VINE,ST,,,ALVES,,,,,37.82907844,-87.59225673,0.241,2024-05-04,2110,2,2,0,0,CLEAR,DRY,False,ANGLE COLLISION - OTHER,ANGLE,STRAIGHT & LEVEL,DARK-HWY LIGHTED/ON,,,45418.91919,False,51,Accepted,5,5,O,,"FAILED TO YIELD RIGHT OF WAY, INATTENTION",OTHER,2024,1
7640,33206273,0510100,HENDERSON POLICE DEPARTMENT,Accepted,HENDERSON,KY0136,,MADISON,ST,,,,,,,,37.81734582,-87.58388465,20.747,2024-05-06,1949,2,2,0,0,CLEAR,DRY,False,OTHER ROADWAY OR MID-BLOCK COLLISION,OPPOSING LEFT TURN,STRAIGHT & LEVEL,DAYLIGHT,,,45419.07748,False,31,Accepted,5,5,O,,INATTENTION,,2024,1
7641,33207694,0510100,HENDERSON POLICE DEPARTMENT,Accepted,HENDERSON,US0041A,1700,GREEN,ST,S,,,,,,,37.81600636,-87.61497459,13.661,2024-05-03,923,2,2,0,3,CLEAR,DRY,False,1 VEHICLE ENTERING/LEAVING ENTRANCE,ANGLE,STRAIGHT & LEVEL,DAYLIGHT,,,45419.3895,False,50,Accepted,5,4,C,,INATTENTION,,2024,1
7642,33207701,0510100,HENDERSON POLICE DEPARTMENT,Accepted,HENDERSON,KY2084,,KY2084,,S,KY0812,AIRLINE,,,,,37.82029218,-87.56927346,2.128,2024-05-06,752,2,2,0,0,CLOUDY,DRY,False,OTHER INTERSECTION COLLISIONS,REAR END,STRAIGHT & LEVEL,DAYLIGHT,,,45419.38969,False,49,Accepted,5,5,O,,INATTENTION,,2024,1
7645,33209218,0510100,HENDERSON POLICE DEPARTMENT,Accepted,HENDERSON,,100,GARDEN MILE,RD,N,,,,,,,37.82794306,-87.55786648,0.024,2024-04-29,1138,2,2,0,0,CLEAR,DRY,False,1 VEHICLE ENTERING/LEAVING ENTRANCE,ANGLE,STRAIGHT & LEVEL,DAYLIGHT,,,45419.60079,False,64,Accepted,5,5,O,,INATTENTION,,2024,1
7646,33209219,0510100,HENDERSON POLICE DEPARTMENT,Accepted,HENDERSON,US0041A,,GREEN,ST,N,KY0351,2ND,,,,,37.83947587,-87.58846357,15.923,2024-04-27,953,2,2,0,0,CLEAR,DRY,False,ANGLE COLLISION - OTHER,ANGLE,STRAIGHT & LEVEL,DAYLIGHT,,,45419.60086,False,65,Accepted,5,5,O,,"DISREGARD TRAFFIC CONTROL, INATTENTION",,2024,1
7648,33211346,0510100,HENDERSON POLICE DEPARTMENT,Accepted,HENDERSON,,400,MAIN,ST,S,,,,,,,37.83567727,-87.59592073,1.899,2024-05-06,315,2,2,0,0,CLEAR,WET,False,1 VEHICLE PARKED POSITION (NOT PARKING LOT/DRIVEWAY),REAR END,STRAIGHT & LEVEL,DARK-HWY LIGHTED/OFF,,,45420.079,False,24,Accepted,5,5,O,,"ALCOHOL INVOLVEMENT, INATTENTION",,2024,1
7649,33211347,0510100,HENDERSON POLICE DEPARTMENT,Accepted,HENDERSON,US0041A,1320,GREEN,ST,N,,,,,,,37.85343266,-87.57908035,16.951,2024-05-06,1929,3,3,0,0,CLEAR,DRY,False,REAR END IN TRAFFIC LANES BOTH VEHICLES MOVING,REAR END,STRAIGHT & LEVEL,DAYLIGHT,,,45420.07909,False,24,Accepted,5,5,O,,"FOLLOWING TOO CLOSE, INATTENTION",,2024,1
7650,33212232,0510100,HENDERSON POLICE DEPARTMENT,Accepted,HENDERSON,KY0351,,2ND,ST,,,,,HEILMAN,,CLARK,37.83436926,-87.57566703,0.785,2024-05-01,1158,2,2,0,0,CLEAR,DRY,False,SIDESWIPE COLLISION - SAME DIRECTION,SIDESWIPE-SAME DIRECTION,STRAIGHT & GRADE,DAYLIGHT,,,45420.34445,False,34,Accepted,5,5,O,,FAILED TO KEEP PROPER LANE,,2024,1
7651,33212233,0510100,HENDERSON POLICE DEPARTMENT,Accepted,HENDERSON,,,WASHINGTON,ST,,,,,MAIN,,ELM,37.83748176,-87.5929475,1.353,2024-05-04,1405,2,2,0,0,CLEAR,DRY,True,1 VEHICLE PARKED POSITION (NOT PARKING LOT/DRIVEWAY),BACKING,STRAIGHT & LEVEL,DAYLIGHT,,,45420.3445,False,34,Accepted,5,5,O,,,,2024,1
7652,33212234,0510100,HENDERSON POLICE DEPARTMENT,Accepted,HENDERSON,,,AIRLINE,RD,,,GARDEN MILE,,,,,37.81482298,-87.56010585,,2024-05-06,815,2,2,0,0,CLEAR,DRY,False,OTHER INTERSECTION COLLISIONS,REAR END,STRAIGHT & LEVEL,DAYLIGHT,,,45420.34455,False,82,Accepted,5,5,O,,INATTENTION,,2024,1
7653,33212288,0510100,HENDERSON POLICE DEPARTMENT,Accepted,HENDERSON,,,GREEN,ST,S,,,,HWY 136,,OLD CORYDON RD,37.79929907,-87.6495355,,2024-05-06,1125,1,1,0,1,CLOUDY,DRY,False,OTHER COLLISIONS ON SHOULDER,SINGLE VEHICLE,STRAIGHT & LEVEL,DAYLIGHT,,,45420.36258,False,73,Accepted,5,4,C,,"DISREGARD TRAFFIC CONTROL, EXCEEDED STATED SPEED LIMIT, FAILED TO YIELD RIGHT OF WAY",,2024,1
7654,33212446,0510100,HENDERSON POLICE DEPARTMENT,Accepted,HENDERSON,,11,MAIN,ST,S,,,,,,,37.83842892,-87.5933394,,2024-05-06,1540,2,2,0,0,RAINING,WET,False,1 VEHICLE PARKED POSITION (NOT PARKING LOT/DRIVEWAY),BACKING,STRAIGHT & LEVEL,DAYLIGHT,,,45420.38701,False,82,Accepted,5,5,O,,INATTENTION,,2024,1
7658,33227098,0510100,HENDERSON POLICE DEPARTMENT,Accepted,HENDERSON,,945,BARRET,BLVD,,US0060,US60,,,,,37.86017685,-87.5679274,0.37,2024-05-07,2100,2,2,0,0,CLOUDY,DRY,False,ANGLE COLLISION - OTHER,ANGLE,STRAIGHT & LEVEL,DARK-HWY LIGHTED/ON,,,45423.98229,False,32,Accepted,5,5,O,,"FAILED TO YIELD RIGHT OF WAY, TURNING IMPROPERLY",,2024,1
7659,33227099,0510100,HENDERSON POLICE DEPARTMENT,Accepted,HENDERSON,,,WATSON,LN,,US0060,US60,,,,,37.86480878,-87.55506754,0.006,2024-05-09,2314,2,2,0,0,CLEAR,DRY,False,COLLISION WITH PARKED VEHICLE,BACKING,STRAIGHT & HILLCREST,DARK-HWY LIGHTED/ON,,,45423.98235,False,19,Accepted,5,5,O,,INATTENTION,,2024,1
7660,33227100,0510100,HENDERSON POLICE DEPARTMENT,Accepted,HENDERSON,US0060,,US60,,E,,BARRET,,,,,37.85993222,-87.56782117,10.596,2024-05-10,1938,2,2,0,0,CLEAR,DRY,False,ANGLE COLLISION - OTHER,ANGLE,STRAIGHT & LEVEL,DARK-HWY LIGHTED/ON,,,45423.9824,False,19,Accepted,5,5,O,,"DISREGARD TRAFFIC CONTROL, INATTENTION",,2024,1
7661,33227216,0510100,HENDERSON POLICE DEPARTMENT,Accepted,HENDERSON,US0041A,,GREEN,ST,N,,,,,,,37.84664407,-87.5838016,16.484,2024-05-09,1744,3,3,0,1,CLEAR,DRY,False,OTHER ROADWAY OR MID-BLOCK COLLISION,OPPOSING LEFT TURN,STRAIGHT & LEVEL,DAYLIGHT,,,45424.01008,False,27,Accepted,4,4,C,,FAILED TO YIELD RIGHT OF WAY,,2024,1
7662,33232044,0510100,HENDERSON POLICE DEPARTMENT,Accepted,HENDERSON,,,US41,,N,,MARYWOOD,,,,,37.86711303,-87.57223189,,2024-05-10,1140,2,2,0,0,CLEAR,DRY,False,SIDESWIPE-SAME DIRECTION,SIDESWIPE-SAME DIRECTION,STRAIGHT & LEVEL,DAYLIGHT,,,45425.39857,False,82,Accepted,5,5,O,,"FAILED TO YIELD RIGHT OF WAY, INATTENTION, OTHER",,2024,1
7663,33232187,0510100,HENDERSON POLICE DEPARTMENT,Accepted,HENDERSON,,,US HWY 41,,N,,AUDUBON PKWY,,,,,37.81246631,-87.56350555,,2024-05-09,850,2,2,0,0,CLOUDY,DRY,False,SIDESWIPE-SAME DIRECTION,SIDESWIPE-SAME DIRECTION,CURVE & LEVEL,DAYLIGHT,,,45425.41038,False,82,Accepted,5,5,O,CONSTRUCTION WORK ZONE,INATTENTION,,2024,1