OBJECTID,IncidentID,AgencyORI,AgencyName,IncidentStatusDesc,County,RdwyNumber,Street,RoadwayName,StreetSfx,StreetDir,IntersectionRdwy,IntersectionRdwyName,BetweenStRdwy1,BetweenStRdwyName1,BetweenStRdwy2,BetweenStRdwyName2,Latitude,Longitude,Milepoint,CollisionDate,CollisionTime,UnitsInvolved,MotorVehiclesInvolved,NumberKilled,NumberInjured,Weather,RdwyConditionCode,HitandRun,DirAnalysisCode,MannerofCollision,RdwyCharacter,LightCondition,RampFromRdwyId,RampToRdwyId,AcceptedDate,IsSecondaryCollision,OwnerBadge,IncidentStatus,InjurySeverityCde,KABCO_Code,KABCO,Environmental_Factors,Human_Factors,Vehicular_Factors,CollisionYear,CityCrash
7664,33232189,0510100,HENDERSON POLICE DEPARTMENT,Accepted,HENDERSON,US0041,,US41,,N,,,,WALNUT,,WATSON,37.87717744,-87.56685369,17.544,2024-05-09,836,2,2,0,2,CLOUDY,DRY,False,1 VEHICLE ENTERING/LEAVING ENTRANCE,ANGLE,STRAIGHT & LEVEL,DAYLIGHT,,,45425.41049,False,67,Accepted,3,3,B,,INATTENTION,,2024,1
7665,33232190,0510100,HENDERSON POLICE DEPARTMENT,Accepted,HENDERSON,US0041A,,US41 ALT,,,,,,,,,37.81096652,-87.62270287,13.085,2024-05-10,634,2,2,0,0,CLEAR,DRY,False,OTHER ROADWAY OR MID-BLOCK COLLISION,REAR END,STRAIGHT & LEVEL,DAYLIGHT,,,45425.41058,False,50,Accepted,5,5,O,,INATTENTION,,2024,1
7666,33232572,0510100,HENDERSON POLICE DEPARTMENT,Accepted,HENDERSON,,506,HARDING,AVE,,,,,,,,37.85176744,-87.57727876,,2024-05-10,810,2,2,0,0,CLEAR,DRY,False,1 VEHICLE PARKED POSITION (NOT PARKING LOT/DRIVEWAY),BACKING,STRAIGHT & LEVEL,DAYLIGHT,,,45425.45231,False,82,Accepted,5,5,O,,INATTENTION,,2024,1
7671,33232705,0510100,HENDERSON POLICE DEPARTMENT,Accepted,HENDERSON,,908,WATSON,LN,,,,,,,,37.86812199,-87.55722249,0.269,2024-05-12,1650,1,1,0,0,CLEAR,DRY,False,COLLISION WITH FIXED OBJECT NON - INTERSECTION - FIRST EVENT COLLISION 09 - 32 EXCLUDING 16,SINGLE VEHICLE,STRAIGHT & LEVEL,DAYLIGHT,,,45425.46405,False,47,Accepted,5,5,O,,NOT UNDER PROPER CONTROL,,2024,1
7672,33232795,0510100,HENDERSON POLICE DEPARTMENT,Accepted,HENDERSON,US0060,,GREEN,ST,S,KY0425,KY425,,,,,37.8000401,-87.64767397,8.719,2024-05-07,1421,1,1,0,0,CLEAR,DRY,False,COLLISION WITH ANIMAL IN INTERSECTION,SINGLE VEHICLE,STRAIGHT & LEVEL,DAYLIGHT,,,45425.48421,False,35,Accepted,5,5,O,ANIMALS ACTION,,,2024,1
7673,33232798,0510100,HENDERSON POLICE DEPARTMENT,Accepted,HENDERSON,KY0351,423,2ND,ST,,,,,,,,37.83939248,-87.58827399,,2024-05-09,1100,2,2,0,0,CLOUDY,DRY,False,1 VEHICLE PARKED POSITION (NOT PARKING LOT/DRIVEWAY),SIDESWIPE-SAME DIRECTION,STRAIGHT & LEVEL,DAYLIGHT,,,45425.48442,False,82,Accepted,5,5,O,,OTHER,,2024,1
7674,33232801,0510100,HENDERSON POLICE DEPARTMENT,Accepted,HENDERSON,,,12TH,ST,,,GREEN,,,,,37.85220423,-87.5803631,,2024-05-09,1205,2,2,0,0,CLEAR,DRY,False,OTHER INTERSECTION COLLISIONS,REAR END,STRAIGHT & GRADE,DAYLIGHT,,,45425.48449,False,82,Accepted,5,5,O,,INATTENTION,,2024,1
7675,33232802,0510100,HENDERSON POLICE DEPARTMENT,Accepted,HENDERSON,US0041,,US41,,,,,AU9005,AU9005 W EXIT1B OFF RAMP TO US41 N,KY0812,AIRLINE,37.81455831,-87.5632003,12.852,2024-05-02,1125,2,2,0,1,CLEAR,DRY,False,REAR END IN TRAFFIC LANES BOTH VEHICLES MOVING,REAR END,STRAIGHT & LEVEL,DAYLIGHT,,,45425.48455,False,65,Accepted,4,4,C,,INATTENTION,,2024,1
7676,33233518,0510100,HENDERSON POLICE DEPARTMENT,Accepted,HENDERSON,,,US HWY 41,,,,PAUL,,,,,37.87421697,-87.56833919,,2024-05-09,1330,2,2,0,0,CLEAR,DRY,False,OTHER INTERSECTION COLLISIONS,REAR END,STRAIGHT & LEVEL,DAYLIGHT,,,45425.60956,False,82,Accepted,5,5,O,,INATTENTION,,2024,1
7677,33233519,0510100,HENDERSON POLICE DEPARTMENT,Accepted,HENDERSON,KY0812,,AIRLINE,RD,,,,KY2084,KY2084,,HALLWAY,37.82012673,-87.56935617,7.396,2024-05-11,1201,2,2,0,0,CLEAR,DRY,False,VEHICLE BACKING NON INTERSECTION,BACKING,STRAIGHT & LEVEL,DAYLIGHT,,,45425.60964,False,65,Accepted,5,5,O,,INATTENTION,,2024,1
7678,33234552,0510100,HENDERSON POLICE DEPARTMENT,Accepted,HENDERSON,US0041,,US41,,N,,,,,,,37.87052867,-87.57034024,17.047,2024-04-21,1514,2,2,0,0,CLEAR,DRY,False,1 VEHICLE ENTERING/LEAVING ENTRANCE,ANGLE,STRAIGHT & LEVEL,DAYLIGHT,,,45425.75782,False,35,Accepted,5,5,O,,DISREGARD TRAFFIC CONTROL,,2024,1
7679,33235211,0510100,HENDERSON POLICE DEPARTMENT,Accepted,HENDERSON,,812,5TH,ST,,,,,,,,37.8414635,-87.58144017,0.648,2024-05-11,410,1,1,0,0,CLEAR,DRY,True,OTHER ROADWAY OR MID-BLOCK COLLISION,SINGLE VEHICLE,CURVE & LEVEL,DARK-HWY LIGHTED/ON,,,45425.9678,False,27,Accepted,5,5,O,,,,2024,1
7682,33239890,0510100,HENDERSON POLICE DEPARTMENT,Accepted,HENDERSON,,107,DEKEMPAR,DR,,,,,,,,37.87643867,-87.57550074,0.074,2024-05-09,1922,2,2,0,0,CLEAR,DRY,False,REAR END IN TRAFFIC LANES BOTH VEHICLES MOVING,REAR END,STRAIGHT & LEVEL,DAYLIGHT,,,45426.9512,False,24,Accepted,5,5,O,,EMOTIONAL,,2024,1
7683,33240426,0510100,HENDERSON POLICE DEPARTMENT,Accepted,HENDERSON,US0041,2630,US41,,N,,WATSON,,,,,37.87530479,-87.56768904,17.406,2024-05-14,2138,2,2,0,0,RAINING,WET,False,OTHER INTERSECTION COLLISIONS,REAR END,STRAIGHT & LEVEL,DARK-HWY LIGHTED/ON,,,45427.10826,False,61,Accepted,5,5,O,SLIPPERY SURFACE,ALCOHOL INVOLVEMENT,,2024,1
7685,33244868,0510100,HENDERSON POLICE DEPARTMENT,Accepted,HENDERSON,,,ATKINSON,ST,,,,,,,,37.82410576,-87.57786057,0.283,2024-05-15,1842,2,2,0,0,CLEAR,DRY,False,SIDESWIPE COLLISION - SAME DIRECTION,SIDESWIPE-SAME DIRECTION,STRAIGHT & LEVEL,DAYLIGHT,,,45427.99176,False,31,Accepted,5,5,O,,INATTENTION,,2024,1
7686,33246789,0510100,HENDERSON POLICE DEPARTMENT,Accepted,HENDERSON,,,8TH,ST,,,ADAMS,,,,,37.8454835,-87.58103833,,2024-05-13,1550,2,2,0,0,CLEAR,DRY,False,HEAD-ON COLLISION,HEAD ON,STRAIGHT & LEVEL,DAYLIGHT,,,45428.42063,False,82,Accepted,5,5,O,,OTHER,,2024,1
7687,33246790,0510100,HENDERSON POLICE DEPARTMENT,Accepted,HENDERSON,US0041A,122,GREEN,ST,S,,,,,,,37.83565736,-87.59075582,15.686,2024-05-05,1656,2,2,0,0,CLEAR,DRY,False,REAR END IN TRAFFIC LANES BOTH VEHICLES MOVING,REAR END,CURVE & LEVEL,DAYLIGHT,,,45428.42069,False,34,Accepted,5,5,O,,INATTENTION,,2024,1
7688,33246792,0510100,HENDERSON POLICE DEPARTMENT,Accepted,HENDERSON,US0041A,,GREEN,ST,N,,,,1ST,KY0351,2ND,37.8384191,-87.58906566,15.845,2024-05-10,1329,3,3,0,2,CLEAR,DRY,False,REAR END IN TRAFFIC LANES BOTH VEHICLES MOVING,REAR END,STRAIGHT & LEVEL,DAYLIGHT,,,45428.42075,False,34,Accepted,5,3,B,,INATTENTION,,2024,1
7689,33246793,0510100,HENDERSON POLICE DEPARTMENT,Accepted,HENDERSON,KY0351,,ZION,RD,,,,KY1539,LARUE,,ARLINGTON,37.8293551,-87.56156585,1.64,2024-05-13,713,2,2,0,0,CLEAR,DRY,False,OTHER ROADWAY OR MID-BLOCK COLLISION,REAR END,STRAIGHT & LEVEL,DAYLIGHT,,,45428.42082,False,65,Accepted,5,5,O,,INATTENTION,,2024,1
7690,33246794,0510100,HENDERSON POLICE DEPARTMENT,Accepted,HENDERSON,,,MAIN,ST,N,,5TH,,,,,37.84455383,-87.58918329,0.396,2024-05-06,1557,2,2,0,0,CLEAR,DRY,False,ANGLE COLLISION - OTHER,ANGLE,STRAIGHT & LEVEL,DAYLIGHT,,,45428.42087,False,34,Accepted,5,5,O,,INATTENTION,,2024,1
7691,33246998,0510100,HENDERSON POLICE DEPARTMENT,Accepted,HENDERSON,,,4TH,ST,,US0041A,GREEN,,,,,37.84213419,-87.58690565,0.187,2024-05-14,1625,2,2,0,0,CLOUDY,WET,False,OTHER INTERSECTION COLLISIONS,REAR END,STRAIGHT & LEVEL,DAYLIGHT,,,45428.46123,False,49,Accepted,5,5,O,,MISJUDGE CLEARANCE,,2024,1
7692,33246999,0510100,HENDERSON POLICE DEPARTMENT,Accepted,HENDERSON,US0041,,US41,,N,,RACETRACK,,,,,37.88297459,-87.5634682,17.971,2024-05-14,1722,3,3,0,2,CLOUDY,WET,False,ANGLE COLLISION - OTHER,ANGLE,STRAIGHT & LEVEL,DAYLIGHT,,,45428.4613,False,67,Accepted,3,3,B,SLIPPERY SURFACE,INATTENTION,,2024,1
7693,33247077,0510100,HENDERSON POLICE DEPARTMENT,Accepted,HENDERSON,US0041,,US41,,N,,,,PAUL,,WATSON,37.87468527,-87.56806168,17.361,2024-05-14,1638,2,2,0,0,CLOUDY,WET,False,OTHER ROADWAY OR MID-BLOCK COLLISION,REAR END,STRAIGHT & LEVEL,DAYLIGHT,,,45428.47509,False,67,Accepted,5,5,O,SLIPPERY SURFACE,INATTENTION,,2024,1
7694,33251438,0510100,HENDERSON POLICE DEPARTMENT,Accepted,HENDERSON,,,US HWY 41,,,,WATSON,,,,,37.87536419,-87.5678361,,2024-05-16,1015,2,2,0,0,CLEAR,DRY,False,ANGLE COLLISION - OTHER,ANGLE,STRAIGHT & LEVEL,DAYLIGHT,,,45429.35269,False,82,Accepted,5,5,O,BACKUP DUE TO REGULAR CONGESTION,OTHER,,2024,1
7695,33251440,0510100,HENDERSON POLICE DEPARTMENT,Accepted,HENDERSON,AU9005,,AU9005 W,,,,,,,,,37.81022722,-87.55542911,0.445,2024-05-16,1515,3,3,0,1,CLEAR,DRY,False,REAR END IN TRAFFIC LANES BOTH VEHICLES MOVING,REAR END,STRAIGHT & LEVEL,DAYLIGHT,,,45429.35276,False,35,Accepted,5,3,B,,INATTENTION,,2024,1
7696,33251441,0510100,HENDERSON POLICE DEPARTMENT,Accepted,HENDERSON,,,BORAX,DR,,US0041A,GREEN,,,,,37.81114878,-87.6226901,0.007,2024-05-16,1125,2,2,0,0,CLEAR,DRY,False,SIDESWIPE-SAME DIRECTION,SIDESWIPE-SAME DIRECTION,STRAIGHT & LEVEL,DAYLIGHT,,,45429.35281,False,35,Accepted,5,5,O,,INATTENTION,,2024,1
7700,33253853,0510100,HENDERSON POLICE DEPARTMENT,Accepted,HENDERSON,US0041A,122,GREEN,ST,S,,WASHINGTON,,,,,37.83598405,-87.59111273,15.636,2024-05-16,1822,2,2,0,0,CLEAR,DRY,False,OTHER INTERSECTION COLLISIONS,REAR END,STRAIGHT & LEVEL,DAYLIGHT,,,45429.94301,False,32,Accepted,5,5,O,,DISTRACTION,,2024,1
7701,33261651,0510100,HENDERSON POLICE DEPARTMENT,Accepted,HENDERSON,,,US HWY 41,,,,,,,,,37.82649418,-87.56659847,,2024-05-17,1330,2,2,0,0,CLEAR,DRY,False,1 VEHICLE ENTERING/LEAVING ENTRANCE,ANGLE,CURVE & LEVEL,DAYLIGHT,,,45432.35813,False,82,Accepted,5,5,O,CONSTRUCTION WORK ZONE,"MISJUDGE CLEARANCE, OTHER",,2024,1
7702,33261653,0510100,HENDERSON POLICE DEPARTMENT,Accepted,HENDERSON,KY0136,,MADISON,ST,,,,,PORTER,,HWY 2084,37.81054952,-87.57865394,,2024-05-18,630,1,1,0,0,CLEAR,DRY,False,RAN OFF ROADWAY (1 VEHICLE WITH/EARTH EMBANKMENT/DITCH),SINGLE VEHICLE,CURVE & LEVEL,DAYLIGHT,,,45432.35825,False,73,Accepted,5,5,O,,"ALCOHOL INVOLVEMENT, EXCEEDED STATED SPEED LIMIT, INATTENTION",,2024,1
7706,33267478,0510100,HENDERSON POLICE DEPARTMENT,Accepted,HENDERSON,US0041,,US41,,N,,,,,,,37.8591551,-87.5750554,16.058,2024-05-20,1144,2,2,0,0,CLEAR,DRY,False,SIDESWIPE COLLISION - SAME DIRECTION,SIDESWIPE-SAME DIRECTION,CURVE & LEVEL,DAYLIGHT,,,45433.34577,False,67,Accepted,5,5,O,,INATTENTION,,2024,1
7707,33267479,0510100,HENDERSON POLICE DEPARTMENT,Accepted,HENDERSON,US0041A,,GREEN,ST,N,,4TH,,,,,37.84197125,-87.58690242,16.114,2024-05-20,835,3,3,0,1,CLEAR,DRY,False,OTHER INTERSECTION COLLISIONS,REAR END,STRAIGHT & HILLCREST,DAYLIGHT,,,45433.34582,False,49,Accepted,5,4,C,,FOLLOWING TOO CLOSE,,2024,1
7708,33267480,0510100,HENDERSON POLICE DEPARTMENT,Accepted,HENDERSON,,,3RD,ST,,,CARLISLE,,,,,37.83659022,-87.57898018,0.845,2024-05-20,1247,1,1,0,0,CLEAR,DRY,False,COLLISION WITH FIXED OBJECT IN INTERSECTION - FIRST EVENT COLLISION 09 - 32,SINGLE VEHICLE,STRAIGHT & LEVEL,DAYLIGHT,,,45433.34588,False,49,Accepted,5,5,O,,"NOT UNDER PROPER CONTROL, TOO FAST FOR CONDITIONS",,2024,1
7709,33267481,0510100,HENDERSON POLICE DEPARTMENT,Accepted,HENDERSON,KY2098,,WASHINGTON,ST,,,LINCOLN,,,,,37.82539139,-87.5720643,0.054,2024-05-18,1554,2,2,0,0,CLEAR,DRY,False,ANGLE COLLISION - OTHER,ANGLE,STRAIGHT & LEVEL,DAYLIGHT,,,45433.34594,False,17,Accepted,5,5,O,HOLES/DEEP RUTS/BUMPS,,,2024,1
7710,33267482,0510100,HENDERSON POLICE DEPARTMENT,Accepted,HENDERSON,US0041,,US41,,N,KY2084,KY2084,,,,,37.8267061,-87.56677276,13.747,2024-05-19,1058,2,2,0,0,CLEAR,DRY,False,SIDESWIPE-SAME DIRECTION,SIDESWIPE-SAME DIRECTION,STRAIGHT & LEVEL,DAYLIGHT,,,45433.34601,False,17,Accepted,5,5,O,,INATTENTION,,2024,1
7711,33267486,0510100,HENDERSON POLICE DEPARTMENT,Accepted,HENDERSON,US0041A,,GREEN,ST,N,,3RD,,,,,37.84065004,-87.5877131,16.008,2024-05-20,1508,2,2,0,0,CLEAR,DRY,False,SIDESWIPE-SAME DIRECTION,SIDESWIPE-SAME DIRECTION,STRAIGHT & LEVEL,DAYLIGHT,,,45433.3461,False,49,Accepted,5,5,O,,MISJUDGE CLEARANCE,,2024,1
7712,33272528,0510100,HENDERSON POLICE DEPARTMENT,Accepted,HENDERSON,,1200,ELM,ST,N,,12TH,,,,,37.8527529,-87.58194365,1.144,2024-05-21,1321,2,2,0,1,CLEAR,DRY,False,ANGLE COLLISION - OTHER,ANGLE,STRAIGHT & LEVEL,DAYLIGHT,,,45434.31806,False,59,Accepted,4,4,C,,"DISTRACTION, FAILED TO YIELD RIGHT OF WAY",,2024,1
7714,33288402,0510100,HENDERSON POLICE DEPARTMENT,Accepted,HENDERSON,,,AUDUBON,ST,,,GREEN,,,,,37.83063092,-87.59633166,,2024-05-22,1200,2,2,0,0,CLEAR,DRY,False,ANGLE COLLISION - OTHER,ANGLE,STRAIGHT & LEVEL,DAYLIGHT,,,45435.48753,False,82,Accepted,5,5,O,,"ALCOHOL INVOLVEMENT, OTHER",,2024,1
7715,33288406,0510100,HENDERSON POLICE DEPARTMENT,Accepted,HENDERSON,KY0351,,2ND,ST,,,,,KLUTEY PARK PLAZA,,PRIEST,37.83240516,-87.57159594,1.045,2024-05-21,1712,3,3,0,0,CLEAR,DRY,False,REAR END IN TRAFFIC LANES BOTH VEHICLES MOVING,REAR END,STRAIGHT & LEVEL,DAYLIGHT,,,45435.48775,False,65,Accepted,5,5,O,,INATTENTION,,2024,1
7717,33291884,0510100,HENDERSON POLICE DEPARTMENT,Accepted,HENDERSON,US0041,,US41,,N,,,,,,,37.87092796,-87.5701176,,2024-05-23,815,2,2,0,0,RAINING,WET,False,OTHER ROADWAY OR MID-BLOCK COLLISION,REAR END,STRAIGHT & LEVEL,DAYLIGHT,,,45436.27797,False,82,Accepted,5,5,O,BACKUP DUE TO REGULAR CONGESTION,INATTENTION,,2024,1
7718,33292044,0510100,HENDERSON POLICE DEPARTMENT,Accepted,HENDERSON,US0041,1900,US41,,N,,,,,,,37.86355118,-87.57421188,16.555,2024-05-22,1649,2,2,0,0,RAINING,WET,False,REAR END IN TRAFFIC LANES BOTH VEHICLES MOVING,REAR END,STRAIGHT & LEVEL,DAYLIGHT,,,45436.31653,False,59,Accepted,5,5,O,"SLIPPERY SURFACE, BACKUP DUE TO REGULAR CONGESTION",,,2024,1
7719,33292045,0510100,HENDERSON POLICE DEPARTMENT,Accepted,HENDERSON,KY0351,,ZION,RD,,,ARLINGTON,,,,,37.82936944,-87.56191997,1.634,2024-05-20,1540,2,2,0,0,CLEAR,DRY,False,OTHER INTERSECTION COLLISIONS,REAR END,STRAIGHT & LEVEL,DAYLIGHT,,,45436.31658,False,17,Accepted,5,5,O,CONSTRUCTION WORK ZONE,INATTENTION,,2024,1
7720,33292051,0510100,HENDERSON POLICE DEPARTMENT,Accepted,HENDERSON,KY0351,,ZION,RD,,KY1539,LARUE,,,,,37.82849184,-87.5584931,1.817,2024-05-23,1157,2,2,0,0,CLOUDY,DRY,False,ANGLE COLLISION - OTHER,ANGLE,STRAIGHT & LEVEL,DAYLIGHT,,,45436.31671,False,67,Accepted,5,5,O,,INATTENTION,,2024,1
7721,33292053,0510100,HENDERSON POLICE DEPARTMENT,Accepted,HENDERSON,US0041,,US41,,N,,WATSON,,,,,37.8753425,-87.56786808,17.408,2024-05-23,1640,2,2,0,0,CLOUDY,WET,False,ANGLE COLLISION - OTHER,ANGLE,STRAIGHT & LEVEL,DAYLIGHT,,,45436.31677,False,67,Accepted,5,5,O,SLIPPERY SURFACE,INATTENTION,,2024,1
7722,33297390,0510100,HENDERSON POLICE DEPARTMENT,Accepted,HENDERSON,US0041,,,,,,,,,,,37.85573311,-87.57592161,0.021,2024-05-06,2048,2,2,0,0,CLEAR,DRY,False,OTHER RAMP RELATED COLLISIONS NOT LISTED ABOVE,SIDESWIPE-SAME DIRECTION,STRAIGHT & LEVEL,DUSK,US0041,US0041,45437.70162,False,24,Accepted,5,5,O,,INATTENTION,,2024,1
7723,33298169,0510100,HENDERSON POLICE DEPARTMENT,Accepted,HENDERSON,US0041,,US41,,N,,BARRET,,,,,37.86426375,-87.57390955,16.572,2024-05-23,2154,2,2,0,0,CLEAR,DRY,False,SIDESWIPE-SAME DIRECTION,SIDESWIPE-SAME DIRECTION,STRAIGHT & LEVEL,DARK-HWY LIGHTED/ON,,,45437.93649,False,19,Accepted,5,5,O,,INATTENTION,,2024,1
7724,33298244,0510100,HENDERSON POLICE DEPARTMENT,Accepted,HENDERSON,US0041A,,US41 ALT,,,US0041A,GREEN,,,,,37.85563419,-87.5763501,17.238,2024-05-24,2018,2,1,0,1,CLOUDY,DRY,False,COLLISION WITH BICYCLE IN INTERSECTION,SINGLE VEHICLE,CURVE & HILLCREST,DARK-HWY LIGHTED/ON,,,45437.95459,False,32,Accepted,5,3,B,,,,2024,1
7725,33298246,0510100,HENDERSON POLICE DEPARTMENT,Accepted,HENDERSON,US0041A,,GREEN,ST,S,,,,,,,37.83589383,-87.59119326,15.629,2024-05-20,2057,2,1,0,1,CLEAR,DRY,False,COLLISION WITH PEDESTRIAN NON - INTERSECTION,SINGLE VEHICLE,STRAIGHT & LEVEL,DARK-HWY LIGHTED/OFF,,,45437.95468,False,27,Accepted,5,2,A,,,,2024,1
7726,33302328,0510100,HENDERSON POLICE DEPARTMENT,Accepted,HENDERSON,US0041A,,GREEN,ST,S,KY0136,SAND,,,,,37.82375621,-87.60313797,14.521,2024-05-24,1330,2,2,0,0,CLOUDY,DRY,False,OPPOSING LEFT TURN,OPPOSING LEFT TURN,STRAIGHT & LEVEL,DAYLIGHT,,,45439.30769,False,67,Accepted,5,5,O,,INATTENTION,,2024,1
7727,33302329,0510100,HENDERSON POLICE DEPARTMENT,Accepted,HENDERSON,,,WASHINGTON,ST,,,ELM,,,,,37.8372722,-87.59230787,1.299,2024-05-25,915,2,2,0,0,CLOUDY,DRY,False,OTHER INTERSECTION COLLISIONS,REAR END,STRAIGHT & LEVEL,DAYLIGHT,,,45439.30775,False,25,Accepted,5,5,O,,INATTENTION,,2024,1
7728,33302330,0510100,HENDERSON POLICE DEPARTMENT,Accepted,HENDERSON,,300,AUDUBON,ST,,,,,,,,37.83153045,-87.59775149,0.103,2024-05-25,1637,2,2,0,0,CLEAR,DRY,False,1 VEHICLE ENTERING/LEAVING ENTRANCE,ANGLE,STRAIGHT & LEVEL,DAYLIGHT,,,45439.3078,False,50,Accepted,5,5,O,,INATTENTION,,2024,1
7729,33302568,0510100,HENDERSON POLICE DEPARTMENT,Accepted,HENDERSON,,324,ALVES,ST,N,,,,,,,37.83941659,-87.5830982,0.33,2024-05-25,1537,2,2,0,0,CLOUDY,DRY,False,1 VEHICLE PARKED POSITION (NOT PARKING LOT/DRIVEWAY),BACKING,STRAIGHT & LEVEL,DAYLIGHT,,,45439.38474,False,25,Accepted,5,5,O,,INATTENTION,,2024,1
7730,33302571,0510100,HENDERSON POLICE DEPARTMENT,Accepted,HENDERSON,US0041A,,GREEN,ST,N,,2ND,,,,,37.83954514,-87.58849757,15.918,2024-05-26,943,2,2,0,0,RAINING,WET,False,OTHER INTERSECTION COLLISIONS,REAR END,STRAIGHT & LEVEL,DAYLIGHT,,,45439.38487,False,35,Accepted,5,5,O,,FOLLOWING TOO CLOSE,,2024,1
7731,33302635,0510100,HENDERSON POLICE DEPARTMENT,Accepted,HENDERSON,US0041A,,GREEN,ST,N,,4TH,,,,,37.84211796,-87.58689599,16.116,2024-05-23,715,2,2,0,1,RAINING,WET,False,ANGLE COLLISION - OTHER,ANGLE,STRAIGHT & LEVEL,DAYLIGHT,,,45439.40154,False,34,Accepted,4,4,C,,INATTENTION,,2024,1
7732,33304460,0510100,HENDERSON POLICE DEPARTMENT,Accepted,HENDERSON,,1698,FRANKLIN,AVE,,,,,,,,37.8307446,-87.57098556,0.003,2024-05-26,2106,1,1,0,0,RAINING,WET,False,RAN OFF ROADWAY (1 VEHICLE WITH/EARTH EMBANKMENT/DITCH),SINGLE VEHICLE,STRAIGHT & LEVEL,DARK-HWY LIGHTED/ON,,,45439.87336,False,33,Accepted,5,5,O,,ALCOHOL INVOLVEMENT,,2024,1
7733,33305824,0510100,HENDERSON POLICE DEPARTMENT,Accepted,HENDERSON,US0041A,,GREEN,ST,S,,POWELL,,,,,37.83514199,-87.59194949,15.562,2024-05-27,2010,3,3,1,4,CLEAR,DRY,False,HEAD-ON COLLISION,HEAD ON,STRAIGHT & LEVEL,DUSK,,,45440.20522,False,32,Accepted,3,1,K,,"FAILED TO KEEP PROPER LANE, NOT UNDER PROPER CONTROL, RACING, MISJUDGE CLEARANCE",,2024,1
7734,33306353,0510100,HENDERSON POLICE DEPARTMENT,Accepted,HENDERSON,US0041A,,GREEN,ST,N,,5TH,,,,,37.84329318,-87.58597102,16.217,2024-05-24,1725,2,1,0,1,CLEAR,DRY,False,COLLISION WITH PEDESTRIAN IN INTERSECTION,SINGLE VEHICLE,STRAIGHT & LEVEL,DAYLIGHT,,,45440.28945,False,67,Accepted,5,3,B,,INATTENTION,,2024,1
7737,33311527,0510100,HENDERSON POLICE DEPARTMENT,Accepted,HENDERSON,KY1539,,LARUE,RD,,,,,,,,37.83092959,-87.55632987,0.205,2024-05-25,2236,1,1,0,0,CLEAR,DRY,False,COLLISION WITH ANIMAL NON INTERSECTION,SINGLE VEHICLE,STRAIGHT & LEVEL,DARK-HWY NOT LIGHTED,,,45441.05111,False,33,Accepted,5,5,O,,,,2024,1
7738,33311528,0510100,HENDERSON POLICE DEPARTMENT,Accepted,HENDERSON,KY0351,3440,ZION,RD,,,,,,,,37.82498409,-87.54467551,2.599,2024-05-27,2110,1,1,0,0,CLEAR,DRY,False,COLLISION WITH ANIMAL NON INTERSECTION,SINGLE VEHICLE,STRAIGHT & LEVEL,DARK (UNKNOWN ROADWAY LIGHTING),,,45441.05115,False,29,Accepted,5,5,O,ANIMALS ACTION,,,2024,1
7739,33312747,0510100,HENDERSON POLICE DEPARTMENT,Accepted,HENDERSON,,,PRIEST,ST,,KY0351,2ND,,,,,37.83307236,-87.57295742,0.021,2024-05-24,1638,2,2,0,0,CLEAR,DRY,False,OTHER INTERSECTION COLLISIONS,REAR END,STRAIGHT & LEVEL,DAYLIGHT,,,45441.35185,False,17,Accepted,5,5,O,,INATTENTION,,2024,1
7740,33313185,0510100,HENDERSON POLICE DEPARTMENT,Accepted,HENDERSON,US0041,,US41,,N,,,,RETTIG,,BARRET,37.8661072,-87.57291834,16.714,2024-05-28,955,2,2,0,0,CLEAR,DRY,False,SIDESWIPE COLLISION - SAME DIRECTION,SIDESWIPE-SAME DIRECTION,STRAIGHT & LEVEL,DAYLIGHT,,,45441.4081,False,67,Accepted,5,5,O,,INATTENTION,,2024,1
7744,33316965,0510100,HENDERSON POLICE DEPARTMENT,Accepted,HENDERSON,US0041,,US41,,N,,WATSON,,,,,37.87531327,-87.56769274,17.406,2024-05-29,1840,2,2,0,0,CLEAR,DRY,False,SIDESWIPE-SAME DIRECTION,SIDESWIPE-SAME DIRECTION,STRAIGHT & LEVEL,DAYLIGHT,,,45442.08727,False,61,Accepted,5,5,O,,INATTENTION,,2024,1
7746,33322849,0510000,HENDERSON COUNTY SHERIFF DEPT.,Accepted,HENDERSON,US0060,,GREEN,ST,S,,,,,,,37.79807059,-87.6526707,8.41,2024-05-25,1940,1,1,0,0,CLEAR,DRY,False,COLLISION WITH FIXED OBJECT NON - INTERSECTION - FIRST EVENT COLLISION 09 - 32 EXCLUDING 16,SINGLE VEHICLE,STRAIGHT & HILLCREST,DUSK,,,45443.39889,False,131,Accepted,5,5,O,,"INATTENTION, NOT UNDER PROPER CONTROL",,2024,1
7749,33323938,0510100,HENDERSON POLICE DEPARTMENT,Accepted,HENDERSON,,,ELM,ST,N,,14TH,,,,,37.8547994,-87.5806451,1.301,2024-05-24,1225,3,3,0,2,CLOUDY,DRY,False,ANGLE COLLISION - OTHER,ANGLE,STRAIGHT & GRADE,DAYLIGHT,,,45443.58351,False,34,Accepted,5,4,C,MAINTENANCE/UTILITY WORK ZONE,"DISREGARD TRAFFIC CONTROL, INATTENTION",,2024,1