OBJECTID,IncidentID,AgencyORI,AgencyName,IncidentStatusDesc,County,RdwyNumber,Street,RoadwayName,StreetSfx,StreetDir,IntersectionRdwy,IntersectionRdwyName,BetweenStRdwy1,BetweenStRdwyName1,BetweenStRdwy2,BetweenStRdwyName2,Latitude,Longitude,Milepoint,CollisionDate,CollisionTime,UnitsInvolved,MotorVehiclesInvolved,NumberKilled,NumberInjured,Weather,RdwyConditionCode,HitandRun,DirAnalysisCode,MannerofCollision,RdwyCharacter,LightCondition,RampFromRdwyId,RampToRdwyId,AcceptedDate,IsSecondaryCollision,OwnerBadge,IncidentStatus,InjurySeverityCde,KABCO_Code,KABCO,Environmental_Factors,Human_Factors,Vehicular_Factors,CollisionYear,CityCrash
7750,33333368,0510100,HENDERSON POLICE DEPARTMENT,Accepted,HENDERSON,US0041A,,GREEN,ST,N,KY0351,2ND,,,,,37.83944654,-87.588453,15.921,2024-06-02,826,2,2,0,1,CLOUDY,DRY,False,ANGLE COLLISION - OTHER,ANGLE,STRAIGHT & LEVEL,DAYLIGHT,,,45446.40185,False,49,Accepted,5,4,C,,"DISREGARD TRAFFIC CONTROL, INATTENTION",,2024,1
7751,33333530,0510100,HENDERSON POLICE DEPARTMENT,Accepted,HENDERSON,,,1ST,ST,,,ALVES,,,,,37.83649304,-87.58491106,0.56,2024-05-24,1653,2,2,0,0,CLEAR,DRY,False,ANGLE COLLISION - OTHER,ANGLE,STRAIGHT & LEVEL,DAYLIGHT,,,45446.41274,False,34,Accepted,5,5,O,,"INATTENTION, MISJUDGE CLEARANCE",,2024,1
7754,33333918,0510100,HENDERSON POLICE DEPARTMENT,Accepted,HENDERSON,,,GREEN,ST,N,,,,,,,37.84764293,-87.58318086,,2024-05-30,1030,2,2,0,0,CLEAR,DRY,False,SIDESWIPE COLLISION - SAME DIRECTION,SIDESWIPE-SAME DIRECTION,STRAIGHT & LEVEL,DAYLIGHT,,,45446.47949,False,82,Accepted,5,5,O,,INATTENTION,,2024,1
7755,33333923,0510100,HENDERSON POLICE DEPARTMENT,Accepted,HENDERSON,,,GREEN,ST,S,,KRESGE,,,,,37.81606984,-87.61461687,,2024-05-29,1640,2,2,0,2,CLEAR,DRY,False,ANGLE COLLISION - OTHER,ANGLE,STRAIGHT & LEVEL,DAYLIGHT,,,45446.47969,False,73,Accepted,5,4,C,,"FAILED TO YIELD RIGHT OF WAY, INATTENTION",,2024,1
7756,33333926,0510100,HENDERSON POLICE DEPARTMENT,Accepted,HENDERSON,US0041,,US41,,N,,,,,,,37.86744663,-87.57203738,,2024-05-30,1415,2,2,0,0,CLEAR,DRY,False,OTHER ROADWAY OR MID-BLOCK COLLISION,REAR END,STRAIGHT & LEVEL,DAYLIGHT,,,45446.47977,False,82,Accepted,5,5,O,BACKUP DUE TO REGULAR CONGESTION,OTHER,BRAKES DEFECTIVE,2024,1
7757,33333929,0510100,HENDERSON POLICE DEPARTMENT,Accepted,HENDERSON,US0041,,US41,,N,,RACETRACK,,,,,37.88297486,-87.5634507,17.971,2024-05-29,1654,4,4,0,0,CLEAR,DRY,False,OTHER INTERSECTION COLLISIONS,REAR END,STRAIGHT & LEVEL,DAYLIGHT,,,45446.4799,False,67,Accepted,5,5,O,BACKUP DUE TO REGULAR CONGESTION,INATTENTION,,2024,1
7758,33333953,0510100,HENDERSON POLICE DEPARTMENT,Accepted,HENDERSON,US0041,,US41,,N,,,,,,,37.8323758,-87.56580706,,2024-05-31,1420,2,2,0,0,CLEAR,DRY,False,REAR END IN TRAFFIC LANES BOTH VEHICLES MOVING,REAR END,STRAIGHT & LEVEL,DAYLIGHT,,,45446.48572,False,82,Accepted,5,5,O,"BACKUP DUE TO REGULAR CONGESTION, CONSTRUCTION WORK ZONE",OTHER,,2024,1
7759,33333954,0510100,HENDERSON POLICE DEPARTMENT,Accepted,HENDERSON,US0041,,US41,,N,,,,HARMONY,,ROBIN,37.86894615,-87.57137601,16.922,2024-06-01,1459,2,2,0,0,RAINING,WET,False,OTHER ROADWAY OR MID-BLOCK COLLISION,REAR END,STRAIGHT & LEVEL,DAYLIGHT,,,45446.48579,False,67,Accepted,5,5,O,SLIPPERY SURFACE,INATTENTION,,2024,1
7760,33333955,0510100,HENDERSON POLICE DEPARTMENT,Accepted,HENDERSON,,,GREEN,ST,S,,,,SAND,,NORRIS,37.82636866,-87.60045451,,2024-06-02,725,1,1,0,0,CLOUDY,DRY,False,COLLISION WITH FIXED OBJECT NON - INTERSECTION - FIRST EVENT COLLISION 09 - 32 EXCLUDING 16,SINGLE VEHICLE,STRAIGHT & LEVEL,DAYLIGHT,,,45446.48586,False,73,Accepted,5,5,O,OTHER,OTHER,,2024,1
7761,33337900,0510100,HENDERSON POLICE DEPARTMENT,Accepted,HENDERSON,US0041A,,GREEN,ST,S,,,,DRURY,,KRESGE,37.81521396,-87.61615803,,2024-06-02,1510,2,2,0,0,CLEAR,DRY,False,SIDESWIPE COLLISION - OPPOSITE DIRECTION,SIDESWIPE-OPPOSITE DIRECTION,STRAIGHT & LEVEL,DAYLIGHT,,,45447.26235,False,73,Accepted,5,5,O,,"FAILED TO KEEP PROPER LANE, INATTENTION",,2024,1
7762,33337901,0510100,HENDERSON POLICE DEPARTMENT,Accepted,HENDERSON,US0041A,1773,GREEN,ST,S,,,,,,,37.81543884,-87.61574916,13.598,2024-06-03,336,1,1,0,0,CLEAR,DRY,False,COLLISION WITH ANIMAL NON INTERSECTION,SINGLE VEHICLE,STRAIGHT & LEVEL,DARK-HWY LIGHTED/ON,,,45447.2624,False,35,Accepted,5,5,O,ANIMALS ACTION,,,2024,1
7763,33337902,0510100,HENDERSON POLICE DEPARTMENT,Accepted,HENDERSON,US0041,2021,US41,,N,,,,,,,37.86700778,-87.57248133,16.779,2024-06-03,1204,2,2,0,0,CLEAR,DRY,True,SIDESWIPE COLLISION - SAME DIRECTION,SIDESWIPE-SAME DIRECTION,STRAIGHT & LEVEL,DAYLIGHT,,,45447.26245,False,35,Accepted,5,5,O,,,,2024,1
7764,33337903,0510100,HENDERSON POLICE DEPARTMENT,Accepted,HENDERSON,,452,SOUTHSIDE,DR,,,,,,,,37.81669277,-87.57009195,0.032,2024-06-03,823,1,1,0,0,CLEAR,DRY,True,COLLISION WITH FIXED OBJECT NON - INTERSECTION - FIRST EVENT COLLISION 09 - 32 EXCLUDING 16,SINGLE VEHICLE,STRAIGHT & LEVEL,DAYLIGHT,,,45447.26249,False,49,Accepted,5,5,O,,INATTENTION,,2024,1
7766,33342082,0510100,HENDERSON POLICE DEPARTMENT,Accepted,HENDERSON,US0060,2246,GREEN,ST,S,,,,,,,37.8065089,-87.63033739,9.762,2024-06-04,22,1,1,0,0,CLEAR,DRY,False,COLLISION WITH ANIMAL NON INTERSECTION,SINGLE VEHICLE,STRAIGHT & LEVEL,DARK-HWY LIGHTED/ON,,,45448.05233,False,61,Accepted,5,5,O,ANIMALS ACTION,,,2024,1
7767,33342083,0510100,HENDERSON POLICE DEPARTMENT,Accepted,HENDERSON,US0041A,,GREEN,ST,S,,,,,,,37.83315219,-87.59390248,15.385,2024-05-31,2038,2,2,0,1,CLOUDY,DRY,False,REAR END IN TRAFFIC LANES BOTH VEHICLES MOVING,REAR END,STRAIGHT & LEVEL,DARK-HWY LIGHTED/ON,,,45448.05239,False,58,Accepted,5,4,C,,"INATTENTION, OTHER",,2024,1
7769,33352920,0510100,HENDERSON POLICE DEPARTMENT,Accepted,HENDERSON,US0041A,800,GREEN,ST,N,,RAY,,,,,37.84755624,-87.58326748,16.551,2024-06-05,1710,2,2,0,0,CLOUDY,WET,False,ANGLE COLLISION - OTHER,ANGLE,STRAIGHT & LEVEL,DAYLIGHT,,,45450.30821,False,47,Accepted,5,5,O,,INATTENTION,,2024,1
7770,33353217,0510100,HENDERSON POLICE DEPARTMENT,Accepted,HENDERSON,US0060,3001,US60,,E,,,,,,,37.86463157,-87.53993595,,2024-06-05,1610,1,1,0,0,RAINING,WATER (STANDING OR MOVING),False,COLLISION WITH FIXED OBJECT NON - INTERSECTION - FIRST EVENT COLLISION 09 - 32 EXCLUDING 16,SINGLE VEHICLE,STRAIGHT & LEVEL,DAYLIGHT,,,45450.36267,False,82,Accepted,5,5,O,"SLIPPERY SURFACE, WATER POOLING",OTHER,,2024,1
7771,33355753,0510100,HENDERSON POLICE DEPARTMENT,Accepted,HENDERSON,KY0136,,MADISON,ST,,,PORTER,,,,,37.81641571,-87.58249749,20.846,2024-05-26,2142,1,1,0,0,RAINING,WET,True,OTHER INTERSECTION COLLISIONS,SINGLE VEHICLE,CURVE & LEVEL,DARK (UNKNOWN ROADWAY LIGHTING),,,45450.89643,False,30,Accepted,5,5,O,SLIPPERY SURFACE,OTHER,,2024,1
7772,33355758,0510100,HENDERSON POLICE DEPARTMENT,Accepted,HENDERSON,US0060,,US60,,E,,,,,,,37.85991448,-87.56774307,10.599,2024-06-05,2113,2,2,0,1,RAINING,WET,False,1 VEHICLE ENTERING/LEAVING ENTRANCE,ANGLE,STRAIGHT & LEVEL,DARK-HWY LIGHTED/ON,,,45450.89652,False,29,Accepted,5,3,B,,"DISREGARD TRAFFIC CONTROL, DISTRACTION, INATTENTION",,2024,1
7773,33364206,0510000,HENDERSON COUNTY SHERIFF DEPT.,Accepted,HENDERSON,,3093,OHIO,DR,,,,,,,,37.80665212,-87.63421249,0.117,2024-06-07,704,2,2,0,0,CLEAR,DRY,False,VEHICLE BACKING NON INTERSECTION,BACKING,STRAIGHT & LEVEL,DAYLIGHT,,,45453.46817,False,132,Accepted,5,5,O,,INATTENTION,,2024,1
7775,33364210,0510000,HENDERSON COUNTY SHERIFF DEPT.,Accepted,HENDERSON,KY0351,2424,ZION,RD,,,,,,,,37.82904755,-87.56045046,1.704,2024-06-05,1558,3,3,0,0,RAINING,WET,False,REAR END IN TRAFFIC LANES BOTH VEHICLES MOVING,REAR END,STRAIGHT & LEVEL,DAYLIGHT,,,45453.46831,False,131,Accepted,5,5,O,SLIPPERY SURFACE,"INATTENTION, NOT UNDER PROPER CONTROL",,2024,1
7777,33371587,0510100,HENDERSON POLICE DEPARTMENT,Accepted,HENDERSON,US0041,,US41,,N,,,,BARRET,,MARYWOOD,37.8660396,-87.57280289,16.712,2024-06-01,1125,2,2,0,1,RAINING,WET,False,1 VEHICLE ENTERING/LEAVING ENTRANCE,ANGLE,STRAIGHT & LEVEL,DAYLIGHT,,,45454.89214,False,67,Accepted,5,4,C,SLIPPERY SURFACE,INATTENTION,,2024,1
7778,33371588,0510100,HENDERSON POLICE DEPARTMENT,Accepted,HENDERSON,US0041A,,GREEN,ST,N,,,,5TH,,6TH,37.84384502,-87.5856472,16.261,2024-05-29,1434,2,2,0,0,CLEAR,DRY,False,SIDESWIPE COLLISION - SAME DIRECTION,SIDESWIPE-SAME DIRECTION,STRAIGHT & LEVEL,DAYLIGHT,,,45454.8922,False,34,Accepted,5,5,O,,FAILED TO KEEP PROPER LANE,,2024,1
7779,33372979,0510100,HENDERSON POLICE DEPARTMENT,Accepted,HENDERSON,US0041,,US41,,N,,,,,,,37.88277948,-87.56340976,,2024-06-06,1520,2,2,0,0,CLEAR,DRY,False,SIDESWIPE COLLISION - SAME DIRECTION,SIDESWIPE-SAME DIRECTION,STRAIGHT & LEVEL,DAYLIGHT,,,45455.2783,False,82,Accepted,5,5,O,BACKUP DUE TO REGULAR CONGESTION,"IMPROPER PASSING, MISJUDGE CLEARANCE, OTHER",,2024,1
7780,33373831,0510100,HENDERSON POLICE DEPARTMENT,Accepted,HENDERSON,,,ELM,ST,,,12TH,,,,,37.85277426,-87.58192951,,2024-06-07,1350,2,2,0,0,CLEAR,DRY,False,ANGLE COLLISION - OTHER,ANGLE,STRAIGHT & LEVEL,DAYLIGHT,,,45455.44221,False,82,Accepted,5,5,O,,INATTENTION,,2024,1
7781,33373839,0510100,HENDERSON POLICE DEPARTMENT,Accepted,HENDERSON,,,MAIN,ST,,,5TH,,,,,37.84455954,-87.58918903,,2024-06-10,1345,2,2,0,0,CLEAR,DRY,False,ANGLE COLLISION - OTHER,ANGLE,STRAIGHT & LEVEL,DAYLIGHT,,,45455.44255,False,82,Accepted,5,5,O,,INATTENTION,,2024,1
7782,33373842,0510100,HENDERSON POLICE DEPARTMENT,Accepted,HENDERSON,US0041,,US41,,N,,,,,,,37.87398613,-87.56861263,,2024-06-10,1530,2,2,0,0,CLEAR,DRY,False,1 VEHICLE ENTERING/LEAVING ENTRANCE,ANGLE,STRAIGHT & LEVEL,DAYLIGHT,,,45455.44264,False,82,Accepted,5,5,O,,INATTENTION,,2024,1
7783,33374911,0510100,HENDERSON POLICE DEPARTMENT,Accepted,HENDERSON,,,10TH,ST,,US0041A,GREEN,,,,,37.84928084,-87.58199937,0.201,2024-06-08,1105,2,2,0,0,RAINING,WET,False,OTHER INTERSECTION COLLISIONS,REAR END,STRAIGHT & LEVEL,DAYLIGHT,,,45455.59925,False,64,Accepted,5,5,O,,INATTENTION,,2024,1
7784,33374913,0510100,HENDERSON POLICE DEPARTMENT,Accepted,HENDERSON,US0041,,US41,,N,,WALKER,,,,,37.8698467,-87.57087855,16.992,2024-06-11,1634,2,2,0,0,CLEAR,DRY,False,OTHER INTERSECTION COLLISIONS,REAR END,STRAIGHT & LEVEL,DAYLIGHT,,,45455.59931,False,67,Accepted,5,5,O,BACKUP DUE TO REGULAR CONGESTION,INATTENTION,,2024,1
7787,33379337,0510000,HENDERSON COUNTY SHERIFF DEPT.,Accepted,HENDERSON,,,MAIN,ST,N,,,,,,,37.84152133,-87.59117513,0.16,2024-06-13,1054,2,2,0,0,CLEAR,DRY,False,VEHICLE BACKING NON INTERSECTION,BACKING,STRAIGHT & LEVEL,DAYLIGHT,,,45456.58521,False,130,Accepted,5,5,O,,INATTENTION,,2024,1
7788,33382625,0510100,HENDERSON POLICE DEPARTMENT,Accepted,HENDERSON,,,US HWY 41,,,,,,,,,37.85009029,-87.56742286,,2024-06-13,1110,2,2,0,0,CLEAR,DRY,False,SIDESWIPE COLLISION - SAME DIRECTION,SIDESWIPE-SAME DIRECTION,STRAIGHT & LEVEL,DAYLIGHT,,,45457.32656,False,82,Accepted,5,5,O,CONSTRUCTION WORK ZONE,OTHER,,2024,1
7789,33382626,0510100,HENDERSON POLICE DEPARTMENT,Accepted,HENDERSON,US0041A,300,GREEN,ST,S,,,,,,,37.83386762,-87.59314312,15.437,2024-06-13,1639,2,2,0,0,CLEAR,DRY,False,1 VEHICLE ENTERING/LEAVING ENTRANCE,ANGLE,STRAIGHT & LEVEL,DAWN,,,45457.32662,False,50,Accepted,5,5,O,,"INATTENTION, OTHER",,2024,1
7790,33382884,0510100,HENDERSON POLICE DEPARTMENT,Accepted,HENDERSON,,2118,ELM,ST,N,,,,,,,37.86732159,-87.574748,,2024-06-13,1205,2,2,0,0,CLEAR,DRY,False,OTHER ROADWAY OR MID-BLOCK COLLISION,REAR END,STRAIGHT & LEVEL,DAYLIGHT,,,45457.36425,False,82,Accepted,5,5,O,,INATTENTION,,2024,1
7791,33382885,0510100,HENDERSON POLICE DEPARTMENT,Accepted,HENDERSON,US0041,,US41,,N,,,,,,,37.87750871,-87.56669786,,2024-06-13,1448,2,2,0,0,CLEAR,DRY,False,SIDESWIPE COLLISION - SAME DIRECTION,SIDESWIPE-SAME DIRECTION,STRAIGHT & LEVEL,DAYLIGHT,,,45457.36432,False,82,Accepted,5,5,O,BACKUP DUE TO REGULAR CONGESTION,IMPROPER PASSING,,2024,1
7792,33385488,0510100,HENDERSON POLICE DEPARTMENT,Accepted,HENDERSON,,2014,WASHINGTON,ST,,,,,,,,37.82911104,-87.57879462,0.386,2024-06-09,1749,2,2,0,0,CLEAR,DRY,False,VEHICLE BACKING NON INTERSECTION,BACKING,STRAIGHT & LEVEL,DAYLIGHT,,,45457.8522,False,23,Accepted,5,5,O,,INATTENTION,,2024,1
7793,33385489,0510100,HENDERSON POLICE DEPARTMENT,Accepted,HENDERSON,US0060,,US60,,E,,,,,,,37.86004235,-87.56737709,10.624,2024-06-10,1943,2,2,0,0,CLEAR,DRY,False,REAR END IN TRAFFIC LANES BOTH VEHICLES MOVING,REAR END,STRAIGHT & LEVEL,DAYLIGHT,,,45457.85229,False,29,Accepted,5,5,O,OTHER,,,2024,1
7794,33385492,0510100,HENDERSON POLICE DEPARTMENT,Accepted,HENDERSON,,1500,OBYRNE,ST,,,,,,,,37.8235311,-87.57960397,0.379,2024-06-13,2004,2,2,0,1,CLEAR,DRY,False,1 VEHICLE PARKED POSITION (NOT PARKING LOT/DRIVEWAY),HEAD ON,STRAIGHT & GRADE,DAYLIGHT,,,45457.85241,False,30,Accepted,5,2,A,,NOT UNDER PROPER CONTROL,,2024,1
7795,33393504,0510100,HENDERSON POLICE DEPARTMENT,Accepted,HENDERSON,US0041,2900,US41,,N,,,,,,,37.88171002,-87.56426007,17.869,2024-06-13,1155,2,2,0,2,CLEAR,DRY,False,1 VEHICLE ENTERING/LEAVING ENTRANCE,ANGLE,STRAIGHT & LEVEL,DAYLIGHT,,,45460.41606,False,59,Accepted,3,3,B,,"FAILED TO YIELD RIGHT OF WAY, INATTENTION",,2024,1
7796,33393579,0510100,HENDERSON POLICE DEPARTMENT,Accepted,HENDERSON,,356,RACETRACK,RD,,,,,,,,37.88374517,-87.56479147,0.108,2024-06-13,1341,3,3,0,0,CLEAR,DRY,False,1 VEHICLE PARKED POSITION (NOT PARKING LOT/DRIVEWAY),SIDESWIPE-OPPOSITE DIRECTION,STRAIGHT & LEVEL,DAYLIGHT,,,45460.42363,False,59,Accepted,5,5,O,,,,2024,1
7797,33393580,0510100,HENDERSON POLICE DEPARTMENT,Accepted,HENDERSON,US0041A,1400,GREEN,ST,S,,,,,,,37.82165888,-87.60568611,14.321,2024-06-14,1213,2,2,0,1,CLEAR,DRY,False,1 VEHICLE ENTERING/LEAVING ENTRANCE,ANGLE,STRAIGHT & LEVEL,DAYLIGHT,,,45460.42368,False,50,Accepted,5,4,C,,INATTENTION,,2024,1
7799,33396038,0510100,HENDERSON POLICE DEPARTMENT,Accepted,HENDERSON,,,ELM,ST,N,,WATSON,,,,,37.87560277,-87.56898719,2.898,2024-06-15,2020,2,2,0,0,CLEAR,DRY,False,HEAD-ON COLLISION,HEAD ON,STRAIGHT & LEVEL,DAYLIGHT,,,45460.81041,False,61,Accepted,5,5,O,,MISJUDGE CLEARANCE,,2024,1
7800,33396327,0510100,HENDERSON POLICE DEPARTMENT,Accepted,HENDERSON,US0041A,1700,GREEN,ST,S,,,,,,,37.81545785,-87.61575691,13.599,2024-06-08,2035,3,3,0,1,CLEAR,DRY,False,OTHER ROADWAY OR MID-BLOCK COLLISION,OPPOSING LEFT TURN,STRAIGHT & LEVEL,DAYLIGHT,,,45460.89328,True,23,Accepted,5,3,B,,NOT UNDER PROPER CONTROL,,2024,1
7801,33396328,0510100,HENDERSON POLICE DEPARTMENT,Accepted,HENDERSON,KY2084,281,KY2084,,S,,,,,,,37.820191,-87.56934071,2.14,2024-06-12,2050,1,1,0,2,CLEAR,DRY,False,COLLISION WITH FIXED OBJECT NON - INTERSECTION - FIRST EVENT COLLISION 09 - 32 EXCLUDING 16,SINGLE VEHICLE,STRAIGHT & LEVEL,DARK-HWY LIGHTED/ON,,,45460.89335,False,61,Accepted,5,2,A,,"DISTRACTION, INATTENTION, NOT UNDER PROPER CONTROL",,2024,1
7802,33403155,0510100,HENDERSON POLICE DEPARTMENT,Accepted,HENDERSON,,356,RACETRACK,RD,,,,,,,,37.88334881,-87.5649113,,2024-06-17,1320,2,2,0,0,CLEAR,GRAVEL,False,VEHICLE BACKING NON INTERSECTION,BACKING,STRAIGHT & LEVEL,DAYLIGHT,,,45462.48564,False,82,Accepted,5,5,O,,"INATTENTION, OTHER",OTHER,2024,1
7803,33403157,0510100,HENDERSON POLICE DEPARTMENT,Accepted,HENDERSON,,,14TH,ST,,US0041A,GREEN,,,,,37.85412695,-87.57898596,0.103,2024-06-18,1518,2,2,0,0,RAINING,WET,False,VEHICLE BACKING IN INTERSECTION,BACKING,STRAIGHT & HILLCREST,DAYLIGHT,,,45462.48574,False,25,Accepted,5,5,O,,INATTENTION,,2024,1
7804,33403215,0510100,HENDERSON POLICE DEPARTMENT,Accepted,HENDERSON,US0041,,US41,,N,,,,VAN WYK,US0041,US41 CROSSOVER,37.84198746,-87.56525375,14.894,2024-06-19,745,2,2,0,0,CLOUDY,DRY,False,SIDESWIPE COLLISION - SAME DIRECTION,SIDESWIPE-SAME DIRECTION,CURVE & LEVEL,DAYLIGHT,,,45462.49556,False,65,Accepted,5,5,O,,INATTENTION,,2024,1
7808,33412296,0510100,HENDERSON POLICE DEPARTMENT,Accepted,HENDERSON,US0041,2907,US41,,N,,,,,,,37.88074561,-87.5650147,17.807,2024-06-12,1503,1,1,0,0,CLEAR,DRY,False,OTHER ROADWAY OR MID-BLOCK COLLISION,SINGLE VEHICLE,STRAIGHT & LEVEL,DAYLIGHT,,,45464.35221,False,17,Accepted,5,5,O,CONSTRUCTION WORK ZONE,,,2024,1
7809,33412297,0510100,HENDERSON POLICE DEPARTMENT,Accepted,HENDERSON,,,WASHINGTON,ST,,,ADAMS,,,,,37.83482457,-87.58845399,1.046,2024-06-17,1457,2,2,0,0,CLEAR,DRY,False,ANGLE COLLISION - OTHER,ANGLE,STRAIGHT & LEVEL,DAYLIGHT,,,45464.35226,False,34,Accepted,5,5,O,,"DISREGARD TRAFFIC CONTROL, INATTENTION",,2024,1
7810,33412451,0510100,HENDERSON POLICE DEPARTMENT,Accepted,HENDERSON,,,LETCHER,ST,,,,,HELM,,POWELL,37.82746107,-87.57879751,0.091,2024-06-19,1201,2,2,0,0,CLEAR,DRY,False,1 VEHICLE PARKED POSITION (NOT PARKING LOT/DRIVEWAY),BACKING,STRAIGHT & LEVEL,DAYLIGHT,,,45464.37483,False,65,Accepted,5,5,O,,INATTENTION,,2024,1
7811,33415211,0510100,HENDERSON POLICE DEPARTMENT,Accepted,HENDERSON,,,ELM,ST,S,,,,POWELL,,WASHINGTON,37.83657617,-87.59280731,1.162,2024-06-19,147,1,1,0,0,CLEAR,DRY,True,COLLISION WITH FIXED OBJECT NON - INTERSECTION - FIRST EVENT COLLISION 09 - 32 EXCLUDING 16,SINGLE VEHICLE,STRAIGHT & LEVEL,DARK-HWY LIGHTED/ON,,,45464.97562,False,22,Accepted,5,5,O,,"FAILED TO KEEP PROPER LANE, INATTENTION, NOT UNDER PROPER CONTROL",,2024,1
7812,33420179,0510100,HENDERSON POLICE DEPARTMENT,Accepted,HENDERSON,US0041A,,US41 ALT,,,,,,,,,37.81092685,-87.62255546,13.078,2024-06-21,1755,2,2,0,0,CLEAR,DRY,False,REAR END IN TRAFFIC LANES BOTH VEHICLES MOVING,REAR END,STRAIGHT & LEVEL,DAYLIGHT,,,45466.88455,False,51,Accepted,5,5,O,,INATTENTION,,2024,1
7813,33420180,0510100,HENDERSON POLICE DEPARTMENT,Accepted,HENDERSON,,406,SPRING GARDEN,RD,,,,,,,,37.83001134,-87.54517576,0.342,2024-06-22,359,2,2,0,0,CLEAR,DRY,False,1 VEHICLE PARKED POSITION (NOT PARKING LOT/DRIVEWAY),BACKING,STRAIGHT & LEVEL,DARK-HWY NOT LIGHTED,,,45466.88463,False,19,Accepted,5,5,O,,"CELL PHONE, DISTRACTION, INATTENTION",,2024,1
7814,33420181,0510100,HENDERSON POLICE DEPARTMENT,Accepted,HENDERSON,US0041A,,GREEN,ST,N,,,,,,,37.8544625,-87.57847033,17.109,2024-06-19,1826,2,2,0,0,CLEAR,DRY,False,SIDESWIPE COLLISION - SAME DIRECTION,SIDESWIPE-SAME DIRECTION,STRAIGHT & LEVEL,DAYLIGHT,,,45466.8847,False,30,Accepted,5,5,O,,INATTENTION,,2024,1
7822,33427309,0510100,HENDERSON POLICE DEPARTMENT,Accepted,HENDERSON,,737,KIMSEY,LN,,,,,,,,37.85229403,-87.57185544,,2024-06-21,1148,2,2,0,0,CLEAR,DRY,False,1 VEHICLE ENTERING/LEAVING ENTRANCE,ANGLE,STRAIGHT & LEVEL,DAYLIGHT,,,45468.40284,False,82,Accepted,5,5,O,,INATTENTION,,2024,1
7823,33427314,0510100,HENDERSON POLICE DEPARTMENT,Accepted,HENDERSON,US0041A,,GREEN,ST,N,,1ST,,,,,37.83825919,-87.58922283,15.821,2024-06-21,601,2,2,0,0,CLEAR,DRY,False,SIDESWIPE-SAME DIRECTION,SIDESWIPE-SAME DIRECTION,STRAIGHT & LEVEL,DAYLIGHT,,,45468.40302,False,17,Accepted,5,5,O,OTHER,NOT UNDER PROPER CONTROL,,2024,1
7824,33427317,0510100,HENDERSON POLICE DEPARTMENT,Accepted,HENDERSON,,718,CENTER,ST,,,,,,,,37.83482491,-87.58514047,0.531,2024-06-22,200,1,1,0,0,CLEAR,OTHER,True,COLLISION WITH FIXED OBJECT NON - INTERSECTION - FIRST EVENT COLLISION 09 - 32 EXCLUDING 16,SINGLE VEHICLE,STRAIGHT & LEVEL,DARK-HWY NOT LIGHTED,,,45468.40319,False,64,Accepted,5,5,O,,OTHER,,2024,1
7825,33427755,0510100,HENDERSON POLICE DEPARTMENT,Accepted,HENDERSON,US0041A,700,GREEN,ST,N,,,,,,,37.84624524,-87.58416184,16.449,2024-06-22,1233,2,2,0,0,CLEAR,DRY,False,1 VEHICLE ENTERING/LEAVING ENTRANCE,ANGLE,STRAIGHT & LEVEL,DAYLIGHT,,,45468.45814,False,64,Accepted,5,5,O,VIEW OBSTRUCTED/LIMITED DUE TO RDWY,INATTENTION,,2024,1
7826,33427756,0510100,HENDERSON POLICE DEPARTMENT,Accepted,HENDERSON,US0041,2555,US41,,N,,,,,,,37.87472523,-87.56820342,17.36,2024-06-23,1243,2,2,0,0,CLEAR,DRY,True,1 VEHICLE ENTERING/LEAVING ENTRANCE,ANGLE,STRAIGHT & LEVEL,DAYLIGHT,,,45468.45824,False,64,Accepted,5,5,O,VIEW OBSTRUCTED/LIMITED DUE TO RDWY,INATTENTION,MIRRORS,2024,1
7827,33427757,0510100,HENDERSON POLICE DEPARTMENT,Accepted,HENDERSON,US0041,,US HWY 41 N,,,,,,,,,37.83261762,-87.56542571,0.183,2024-06-24,1205,1,1,0,0,CLEAR,DRY,False,OTHER RAMP RELATED COLLISIONS NOT LISTED ABOVE,SINGLE VEHICLE,CURVE & HILLCREST,DAYLIGHT,KY0351,US0041,45468.45842,False,82,Accepted,5,5,O,CONSTRUCTION WORK ZONE,INATTENTION,,2024,1
7828,33427760,0510100,HENDERSON POLICE DEPARTMENT,Accepted,HENDERSON,,200,ALVES,ST,S,,POWELL,,,,,37.83265609,-87.58837475,0.989,2024-06-24,645,2,2,0,0,CLEAR,DRY,False,COLLISION WITH PARKED VEHICLE,SIDESWIPE-SAME DIRECTION,STRAIGHT & LEVEL,DAYLIGHT,,,45468.45852,False,47,Accepted,5,5,O,,INATTENTION,,2024,1
7829,33427762,0510100,HENDERSON POLICE DEPARTMENT,Accepted,HENDERSON,US0041A,1700,GREEN,ST,S,,,,,,,37.81594983,-87.61498047,13.659,2024-06-24,1202,2,2,0,1,CLEAR,DRY,False,1 VEHICLE ENTERING/LEAVING ENTRANCE,ANGLE,STRAIGHT & LEVEL,DAYLIGHT,,,45468.45861,False,50,Accepted,5,4,C,,INATTENTION,,2024,1
7832,33428641,0510100,HENDERSON POLICE DEPARTMENT,Accepted,HENDERSON,US0041,,US41,,N,,,,BARRET,,PARK,37.8639922,-87.5739602,16.556,2024-06-15,727,2,2,0,0,CLEAR,DRY,False,SIDESWIPE COLLISION - SAME DIRECTION,SIDESWIPE-SAME DIRECTION,STRAIGHT & LEVEL,DAYLIGHT,,,45468.61988,False,67,Accepted,5,5,O,,INATTENTION,,2024,1