OBJECTID,IncidentID,AgencyORI,AgencyName,IncidentStatusDesc,County,RdwyNumber,Street,RoadwayName,StreetSfx,StreetDir,IntersectionRdwy,IntersectionRdwyName,BetweenStRdwy1,BetweenStRdwyName1,BetweenStRdwy2,BetweenStRdwyName2,Latitude,Longitude,Milepoint,CollisionDate,CollisionTime,UnitsInvolved,MotorVehiclesInvolved,NumberKilled,NumberInjured,Weather,RdwyConditionCode,HitandRun,DirAnalysisCode,MannerofCollision,RdwyCharacter,LightCondition,RampFromRdwyId,RampToRdwyId,AcceptedDate,IsSecondaryCollision,OwnerBadge,IncidentStatus,InjurySeverityCde,KABCO_Code,KABCO,Environmental_Factors,Human_Factors,Vehicular_Factors,CollisionYear,CityCrash
7833,33428642,0510100,HENDERSON POLICE DEPARTMENT,Accepted,HENDERSON,US0041,,US41,,N,,PAUL,,,,,37.87426651,-87.56844528,17.325,2024-06-15,1043,2,2,0,0,CLEAR,DRY,False,OTHER INTERSECTION COLLISIONS,REAR END,STRAIGHT & LEVEL,DAYLIGHT,,,45468.62,False,67,Accepted,5,5,O,,INATTENTION,,2024,1
7834,33429945,0510100,HENDERSON POLICE DEPARTMENT,Accepted,HENDERSON,,8,COLE TRAILER PARK C,,,,,,,,,37.88420346,-87.56456785,0.033,2024-06-18,2043,1,1,0,0,CLEAR,DRY,True,OTHER ROADWAY OR MID-BLOCK COLLISION,SINGLE VEHICLE,STRAIGHT & LEVEL,DARK-HWY LIGHTED/OFF,,,45468.85091,False,29,Accepted,5,5,O,,IMPROPER BACKING,,2024,1
7835,33430134,0510100,HENDERSON POLICE DEPARTMENT,Accepted,HENDERSON,,1254,GLENGARRY,WAY,,,,,,,,37.86018259,-87.55583291,0.061,2024-06-25,1805,1,1,0,0,RAINING,WET,False,COLLISION WITH FIXED OBJECT NON - INTERSECTION - FIRST EVENT COLLISION 09 - 32 EXCLUDING 16,SINGLE VEHICLE,STRAIGHT & HILLCREST,DAYLIGHT,,,45468.91284,False,19,Accepted,5,5,O,,NOT UNDER PROPER CONTROL,,2024,1
7836,33430315,0510100,HENDERSON POLICE DEPARTMENT,Accepted,HENDERSON,,,MAIN,ST,S,,WATER,,,,,37.8347125,-87.59702088,1.808,2024-06-22,1803,2,2,0,4,CLEAR,DRY,False,ANGLE COLLISION - OTHER,ANGLE,STRAIGHT & LEVEL,DAYLIGHT,,,45468.96201,False,58,Accepted,5,3,B,,INATTENTION,,2024,1
7837,33430552,0510100,HENDERSON POLICE DEPARTMENT,Accepted,HENDERSON,KY0812,,AIRLINE,RD,,,GARDEN MILE,,,,,37.81508852,-87.56053045,6.748,2024-06-15,835,2,2,0,0,CLEAR,DRY,False,OTHER INTERSECTION COLLISIONS,REAR END,STRAIGHT & LEVEL,DAYLIGHT,,,45469.0155,False,18,Accepted,5,5,O,,INATTENTION,,2024,1
7838,33431769,0510100,HENDERSON POLICE DEPARTMENT,Accepted,HENDERSON,US0041,,US41,,N,,RETTIG,,,,,37.86730998,-87.5722771,16.806,2024-06-15,1131,2,2,0,0,CLEAR,DRY,False,OPPOSING LEFT TURN,OPPOSING LEFT TURN,STRAIGHT & LEVEL,DAYLIGHT,,,45469.35321,False,67,Accepted,5,5,O,,INATTENTION,,2024,1
7839,33431778,0510100,HENDERSON POLICE DEPARTMENT,Accepted,HENDERSON,US0041A,,GREEN,ST,S,,,,BORAX,,DRURY,37.81288965,-87.61972957,,2024-06-15,1530,1,1,0,0,CLEAR,DRY,False,COLLISION WITH FIXED OBJECT NON - INTERSECTION - FIRST EVENT COLLISION 09 - 32 EXCLUDING 16,SINGLE VEHICLE,STRAIGHT & LEVEL,DAYLIGHT,,,45469.35646,False,73,Accepted,5,5,O,OTHER,OTHER,,2024,1
7840,33431779,0510100,HENDERSON POLICE DEPARTMENT,Accepted,HENDERSON,US0041,,US41,,N,,RACETRACK,,,,,37.88296895,-87.56345773,17.971,2024-06-15,1702,2,2,0,0,CLEAR,DRY,False,SIDESWIPE-SAME DIRECTION,SIDESWIPE-SAME DIRECTION,STRAIGHT & LEVEL,DAYLIGHT,,,45469.35654,False,67,Accepted,5,5,O,,INATTENTION,,2024,1
7841,33432242,0510100,HENDERSON POLICE DEPARTMENT,Accepted,HENDERSON,,,GREEN,ST,S,,US HWY 41A,,,,,37.811072,-87.62280373,,2024-06-16,1300,2,2,0,0,CLEAR,DRY,False,ANGLE COLLISION - OTHER,ANGLE,STRAIGHT & LEVEL,DAYLIGHT,,,45469.44544,False,73,Accepted,5,5,O,,"FAILED TO YIELD RIGHT OF WAY, INATTENTION",,2024,1
7842,33433123,0510100,HENDERSON POLICE DEPARTMENT,Accepted,HENDERSON,,,BARRET,BLVD,,,US HWY 41,,,,,37.86433319,-87.57373328,,2024-06-26,1020,2,2,0,0,CLEAR,DRY,False,OTHER INTERSECTION COLLISIONS,REAR END,STRAIGHT & LEVEL,DAYLIGHT,,,45469.5989,False,82,Accepted,5,5,O,,INATTENTION,,2024,1
7843,33436423,KSP1600,"KY STATE POLICE, POST 16",Accepted,HENDERSON,,,2ND,ST,,US0041A,GREEN,,,,,37.83947519,-87.58846315,,2023-07-07,626,2,1,1,0,CLEAR,DRY,False,COLLISION WITH PEDESTRIAN IN INTERSECTION,SINGLE VEHICLE,STRAIGHT & LEVEL,DAYLIGHT,,,45470.40304,False,317,Accepted,5,1,K,,,,2023,1
7845,33436674,0510000,HENDERSON COUNTY SHERIFF DEPT.,Accepted,HENDERSON,KY0136,,MADISON,ST,,,,,,,,37.80188965,-87.57210882,22.056,2024-06-26,1721,2,2,0,0,RAINING,WET,False,REAR END IN TRAFFIC LANES BOTH VEHICLES MOVING,REAR END,STRAIGHT & LEVEL,DAYLIGHT,,,45470.44927,False,140,Accepted,5,5,O,,INATTENTION,,2024,1
7846,33443642,0510100,HENDERSON POLICE DEPARTMENT,Accepted,HENDERSON,,,ELM,ST,N,,12TH,,,,,37.85277265,-87.58192685,1.146,2024-06-27,1831,2,2,0,0,CLEAR,DRY,False,ANGLE COLLISION - OTHER,ANGLE,STRAIGHT & LEVEL,DAYLIGHT,,,45471.91963,False,32,Accepted,5,5,O,,INATTENTION,,2024,1
7847,33451032,0510100,HENDERSON POLICE DEPARTMENT,Accepted,HENDERSON,US0041A,1700,GREEN,ST,S,,,,,,,37.81562869,-87.61539983,13.624,2024-06-27,1607,2,2,0,0,CLEAR,DRY,False,1 VEHICLE ENTERING/LEAVING ENTRANCE,ANGLE,STRAIGHT & LEVEL,DAYLIGHT,,,45474.28724,False,50,Accepted,5,5,O,,INATTENTION,,2024,1
7848,33451558,0510100,HENDERSON POLICE DEPARTMENT,Accepted,HENDERSON,KY0351,423,2ND,ST,,,,,,,,37.83927352,-87.58775016,0.04,2024-06-27,1403,2,2,0,0,CLEAR,DRY,True,1 VEHICLE PARKED POSITION (NOT PARKING LOT/DRIVEWAY),SIDESWIPE-SAME DIRECTION,STRAIGHT & LEVEL,DAYLIGHT,,,45474.34448,False,25,Accepted,5,5,O,,INATTENTION,,2024,1
7849,33451875,0510100,HENDERSON POLICE DEPARTMENT,Accepted,HENDERSON,US0041A,,US41 ALT,,,,,,,,,37.85615401,-87.57538589,17.299,2024-06-24,1610,3,3,0,0,CLEAR,DRY,False,REAR END IN TRAFFIC LANES BOTH VEHICLES MOVING,REAR END,STRAIGHT & LEVEL,DAYLIGHT,,,45474.39851,False,47,Accepted,5,5,O,BACKUP DUE TO REGULAR CONGESTION,INATTENTION,,2024,1
7850,33451876,0510100,HENDERSON POLICE DEPARTMENT,Accepted,HENDERSON,,,US HWY 60 EAST,,,,BARRET,,,,,37.85991514,-87.56772792,,2024-06-28,1455,2,2,0,0,CLEAR,DRY,False,ANGLE COLLISION - OTHER,ANGLE,STRAIGHT & LEVEL,DAYLIGHT,,,45474.39857,False,82,Accepted,5,5,O,,INATTENTION,,2024,1
7851,33451878,0510100,HENDERSON POLICE DEPARTMENT,Accepted,HENDERSON,US0041A,,GREEN,ST,N,,5TH,,,,,37.84319644,-87.58598421,16.212,2024-06-28,1551,2,2,0,0,CLEAR,DRY,False,ANGLE COLLISION - OTHER,ANGLE,STRAIGHT & LEVEL,DAYLIGHT,,,45474.39862,False,34,Accepted,5,5,O,,DISREGARD TRAFFIC CONTROL,,2024,1
7852,33452286,0510100,HENDERSON POLICE DEPARTMENT,Accepted,HENDERSON,US0041A,,GREEN,ST,S,,WASHINGTON,,,,,37.83630192,-87.59069637,15.669,2024-06-30,1433,2,2,0,0,CLEAR,DRY,False,ANGLE COLLISION - OTHER,ANGLE,STRAIGHT & LEVEL,DAYLIGHT,,,45474.44068,False,17,Accepted,5,5,O,,FAILED TO YIELD RIGHT OF WAY,,2024,1
7855,33456283,0510100,HENDERSON POLICE DEPARTMENT,Accepted,HENDERSON,US0060,,GREEN,ST,S,,,,OHIO,,COMMUNITY,37.80542414,-87.63336039,,2024-07-01,915,1,1,0,0,CLEAR,DRY,False,OTHER ROADWAY OR MID-BLOCK COLLISION,SINGLE VEHICLE,STRAIGHT & LEVEL,DAYLIGHT,,,45475.28351,False,73,Accepted,5,5,O,OTHER,INATTENTION,,2024,1
7859,33466679,0510100,HENDERSON POLICE DEPARTMENT,Accepted,HENDERSON,,100,1ST,ST,,,,,,,,37.8398025,-87.59313922,0.054,2024-07-02,949,2,2,0,0,CLEAR,DRY,True,1 VEHICLE PARKED POSITION (NOT PARKING LOT/DRIVEWAY),BACKING,STRAIGHT & LEVEL,DAYLIGHT,,,45477.55004,False,25,Accepted,5,5,O,,,,2024,1
7860,33466680,0510100,HENDERSON POLICE DEPARTMENT,Accepted,HENDERSON,,,GREEN,ST,,,12TH,,,,,37.85217124,-87.58027266,,2024-07-02,1048,2,2,0,0,CLEAR,DRY,False,OTHER INTERSECTION COLLISIONS,REAR END,STRAIGHT & LEVEL,DAYLIGHT,,,45477.55011,False,82,Accepted,5,5,O,,DISTRACTION,,2024,1
7861,33466685,0510100,HENDERSON POLICE DEPARTMENT,Accepted,HENDERSON,,1104,CHAMBERS,PL,,,,,,,,37.86515988,-87.54138547,0.03,2024-07-03,1036,2,1,0,1,CLEAR,DRY,False,COLLISION WITH PEDESTRIAN NON - INTERSECTION,SINGLE VEHICLE,STRAIGHT & LEVEL,DAYLIGHT,,,45477.55027,False,25,Accepted,5,3,B,,INATTENTION,,2024,1
7862,33466686,0510100,HENDERSON POLICE DEPARTMENT,Accepted,HENDERSON,KY1539,300,LARUE,RD,,,,,,,,37.83098817,-87.55629822,0.209,2024-07-03,1255,2,2,0,0,CLEAR,DRY,False,1 VEHICLE PARKED POSITION (NOT PARKING LOT/DRIVEWAY),ANGLE,STRAIGHT & LEVEL,DAYLIGHT,,,45477.55034,False,59,Accepted,5,5,O,,"MISJUDGE CLEARANCE, NOT UNDER PROPER CONTROL",,2024,1
7863,33466829,0510100,HENDERSON POLICE DEPARTMENT,Accepted,HENDERSON,,113,MAIN,ST,N,,,,,,,37.8399778,-87.59211317,0.042,2024-06-29,51,1,1,0,0,OTHER,OTHER,True,OTHER ROADWAY OR MID-BLOCK COLLISION,SINGLE VEHICLE,CURVE & HILLCREST,OTHER,,,45477.5845,False,25,Accepted,5,5,O,OTHER,OTHER,OTHER,2024,1
7864,33466854,0510100,HENDERSON POLICE DEPARTMENT,Accepted,HENDERSON,,,CLAY,ST,,,INGRAM,,,,,37.83302689,-87.59203775,,2024-07-02,1525,2,2,0,0,CLEAR,DRY,False,HEAD-ON COLLISION,HEAD ON,STRAIGHT & LEVEL,DAYLIGHT,,,45477.59006,False,82,Accepted,5,5,O,,INATTENTION,,2024,1
7871,33478546,0510100,HENDERSON POLICE DEPARTMENT,Accepted,HENDERSON,KY0351,,2ND,ST,,,INGRAM,,,,,37.83890503,-87.58699955,0.086,2024-06-28,1526,2,2,0,1,CLEAR,DRY,False,ANGLE COLLISION - OTHER,ANGLE,STRAIGHT & LEVEL,DAYLIGHT,,,45481.04167,False,30,Accepted,5,3,B,,"FAILED TO YIELD RIGHT OF WAY, INATTENTION",,2024,1
7872,33480301,0510100,HENDERSON POLICE DEPARTMENT,Accepted,HENDERSON,US0041,16,US41,,N,,,,,,,37.85647924,-87.57253234,15.979,2024-07-06,1452,2,2,0,0,CLEAR,DRY,False,SIDESWIPE COLLISION - SAME DIRECTION,SIDESWIPE-SAME DIRECTION,STRAIGHT & LEVEL,DAYLIGHT,,,45481.41535,False,59,Accepted,5,5,O,,INATTENTION,,2024,1
7873,33480615,0510100,HENDERSON POLICE DEPARTMENT,Accepted,HENDERSON,US0041,1927,US41,,N,,,,,,,37.86281826,-87.57471891,16.465,2024-07-04,1145,2,2,0,0,CLEAR,DRY,True,REAR END IN TRAFFIC LANES BOTH VEHICLES MOVING,REAR END,STRAIGHT & LEVEL,DAYLIGHT,,,45481.43655,False,47,Accepted,5,5,O,,,,2024,1
7874,33480619,0510100,HENDERSON POLICE DEPARTMENT,Accepted,HENDERSON,,322,ALVASIA,ST,S,,,,,,,37.83053846,-87.58861795,0.353,2024-07-06,1404,2,2,0,0,CLEAR,DRY,True,1 VEHICLE PARKED POSITION (NOT PARKING LOT/DRIVEWAY),ANGLE,STRAIGHT & LEVEL,DAYLIGHT,,,45481.43677,False,50,Accepted,5,5,O,,,,2024,1
7875,33480624,0510100,HENDERSON POLICE DEPARTMENT,Accepted,HENDERSON,US0060,,US60,,E,,,,,,,37.86212736,-87.5629529,10.914,2024-07-06,1432,2,2,0,0,CLEAR,DRY,True,OTHER ROADWAY OR MID-BLOCK COLLISION,OPPOSING LEFT TURN,STRAIGHT & GRADE,DAYLIGHT,,,45481.4369,False,13,Accepted,5,5,O,,INATTENTION,,2024,1
7877,33484637,0510100,HENDERSON POLICE DEPARTMENT,Accepted,HENDERSON,,,WOOD,DR,,,,,,,,37.86986543,-87.56060984,0.337,2024-07-05,1846,2,2,0,0,CLEAR,DRY,False,1 VEHICLE PARKED POSITION (NOT PARKING LOT/DRIVEWAY),BACKING,STRAIGHT & LEVEL,DAYLIGHT,,,45482.22691,False,27,Accepted,5,5,O,,IMPROPER BACKING,,2024,1
7878,33484638,0510100,HENDERSON POLICE DEPARTMENT,Accepted,HENDERSON,,,GLOVER,DR,,,REID,,,,,37.81945457,-87.57208698,0.126,2024-07-01,1750,2,2,0,0,CLEAR,DRY,False,OTHER INTERSECTION COLLISIONS,REAR END,STRAIGHT & LEVEL,DAYLIGHT,,,45482.22696,False,27,Accepted,5,5,O,,FOLLOWING TOO CLOSE,,2024,1
7879,33485287,0510100,HENDERSON POLICE DEPARTMENT,Accepted,HENDERSON,,,INGRAM,ST,N,,CENTER,,,,,37.83654643,-87.58845532,0.662,2024-07-01,1120,2,2,0,0,CLEAR,DRY,False,OTHER INTERSECTION COLLISIONS,REAR END,STRAIGHT & LEVEL,DAYLIGHT,,,45482.35779,False,34,Accepted,5,5,O,,INATTENTION,,2024,1
7880,33485292,0510100,HENDERSON POLICE DEPARTMENT,Accepted,HENDERSON,,600,ADAMS,ST,N,,SHORT SEVENTH,,,,,37.84392038,-87.58216246,0.597,2024-07-08,1550,2,2,0,0,CLOUDY,DRY,True,ANGLE COLLISION - OTHER,ANGLE,STRAIGHT & LEVEL,DAYLIGHT,,,45482.35801,False,59,Accepted,5,5,O,,,,2024,1
7881,33494105,0510100,HENDERSON POLICE DEPARTMENT,Accepted,HENDERSON,KY0812,,AIRLINE,RD,,,,,,,,37.81524881,-87.56078573,6.821,2024-07-05,2211,2,2,0,0,CLEAR,DRY,False,SIDESWIPE COLLISION - SAME DIRECTION,SIDESWIPE-SAME DIRECTION,STRAIGHT & LEVEL,DARK-HWY LIGHTED/ON,,,45483.95558,False,35,Accepted,5,5,O,,INATTENTION,,2024,1
7882,33495570,0510100,HENDERSON POLICE DEPARTMENT,Accepted,HENDERSON,,1680,KRESGE,DR,,,,,,,,37.81591829,-87.61504948,0.022,2024-07-08,1647,2,2,0,0,RAINING,WET,False,OTHER ROADWAY OR MID-BLOCK COLLISION,REAR END,STRAIGHT & LEVEL,DAYLIGHT,,,45484.34549,False,50,Accepted,5,5,O,,INATTENTION,,2024,1
7883,33495571,0510100,HENDERSON POLICE DEPARTMENT,Accepted,HENDERSON,,,ATKINSON,ST,,,,,,,,37.81737689,-87.58397502,0.855,2024-07-08,1727,2,2,0,0,RAINING,WET,False,OTHER ROADWAY OR MID-BLOCK COLLISION,REAR END,STRAIGHT & LEVEL,DAYLIGHT,,,45484.34555,False,50,Accepted,5,5,O,SLIPPERY SURFACE,INATTENTION,,2024,1
7884,33495573,0510100,HENDERSON POLICE DEPARTMENT,Accepted,HENDERSON,US0041A,200,GREEN,ST,S,,WASHINGTON,,,,,37.83597698,-87.59120431,15.681,2024-07-10,1420,2,2,0,0,CLEAR,DRY,False,ANGLE COLLISION - OTHER,ANGLE,STRAIGHT & LEVEL,DAYLIGHT,,,45484.34562,False,47,Accepted,5,5,O,,INATTENTION,,2024,1
7885,33495818,0510100,HENDERSON POLICE DEPARTMENT,Accepted,HENDERSON,US0041,2855,US41,,N,,,,,,,37.87969276,-87.56547669,,2024-07-08,905,2,2,0,0,CLEAR,DRY,False,SIDESWIPE COLLISION - SAME DIRECTION,SIDESWIPE-SAME DIRECTION,STRAIGHT & LEVEL,DAYLIGHT,,,45484.39087,False,82,Accepted,5,5,O,,INATTENTION,,2024,1
7886,33495819,0510100,HENDERSON POLICE DEPARTMENT,Accepted,HENDERSON,,,1ST,ST,,,CLARK,,,,,37.83410318,-87.57893627,,2024-07-08,1540,2,2,0,0,CLEAR,DRY,False,HEAD-ON COLLISION,HEAD ON,STRAIGHT & LEVEL,DAYLIGHT,,,45484.39092,False,82,Accepted,5,5,O,,INATTENTION,,2024,1
7887,33495820,0510100,HENDERSON POLICE DEPARTMENT,Accepted,HENDERSON,US0041A,,GREEN,ST,N,KY0351,2ND,,,,,37.83948077,-87.58844547,15.922,2024-07-05,1603,2,2,0,0,CLEAR,DRY,False,ANGLE COLLISION - ONE VEHICLE TURNING RIGHT,ANGLE,STRAIGHT & LEVEL,DAYLIGHT,,,45484.39098,False,34,Accepted,5,5,O,,"DISREGARD TRAFFIC CONTROL, INATTENTION",,2024,1
7888,33495821,0510100,HENDERSON POLICE DEPARTMENT,Accepted,HENDERSON,,1803,ELM,ST,N,,,,,,,37.85970092,-87.57757004,1.68,2024-07-09,1517,2,2,0,0,CLEAR,DRY,False,1 VEHICLE ENTERING/LEAVING ENTRANCE,ANGLE,STRAIGHT & LEVEL,DAYLIGHT,,,45484.39104,False,17,Accepted,5,5,O,,INATTENTION,,2024,1
7889,33495954,0510100,HENDERSON POLICE DEPARTMENT,Accepted,HENDERSON,,324,ELM,ST,N,,,,,,,37.84219092,-87.58859514,0.329,2024-07-05,1245,2,2,0,0,CLEAR,DRY,True,1 VEHICLE PARKED POSITION (NOT PARKING LOT/DRIVEWAY),ANGLE,STRAIGHT & LEVEL,DAYLIGHT,,,45484.41569,False,34,Accepted,5,5,O,,"MISJUDGE CLEARANCE, PHYSICAL DISABILITY",,2024,1
7890,33495961,0510100,HENDERSON POLICE DEPARTMENT,Accepted,HENDERSON,KY0351,,2ND,ST,,,KLUTEY PARK PLAZA,,,,,37.83239078,-87.57158928,1.044,2024-07-10,1506,2,2,0,0,CLEAR,DRY,False,OTHER INTERSECTION COLLISIONS,REAR END,STRAIGHT & LEVEL,DAYLIGHT,,,45484.41613,False,17,Accepted,5,5,O,CONSTRUCTION WORK ZONE,FOLLOWING TOO CLOSE,,2024,1
7892,33496146,0510100,HENDERSON POLICE DEPARTMENT,Accepted,HENDERSON,,,CLAY,ST,,,INGRAM,,,,,37.83301234,-87.59204858,,2024-07-10,1400,2,2,0,1,CLEAR,DRY,False,ANGLE COLLISION - OTHER,ANGLE,STRAIGHT & LEVEL,DAYLIGHT,,,45484.44065,False,73,Accepted,4,4,C,,"FAILED TO YIELD RIGHT OF WAY, INATTENTION",,2024,1
7894,33499837,0510100,HENDERSON POLICE DEPARTMENT,Accepted,HENDERSON,,,2ND,ST,,,,,,,,37.84053721,-87.59099286,0.156,2024-07-03,2054,2,2,0,0,RAINING,WET,False,VEHICLE BACKING NON INTERSECTION,BACKING,STRAIGHT & LEVEL,DARK-HWY LIGHTED/ON,,,45485.19355,False,29,Accepted,5,5,O,,INATTENTION,,2024,1
7895,33500913,0510100,HENDERSON POLICE DEPARTMENT,Accepted,HENDERSON,US0060,2600,GREEN,ST,S,,,,,,,37.80001933,-87.64768568,8.717,2024-07-11,846,2,2,0,0,CLEAR,DRY,False,1 VEHICLE ENTERING/LEAVING ENTRANCE,ANGLE,STRAIGHT & LEVEL,DAYLIGHT,,,45485.4434,False,50,Accepted,5,5,O,,INATTENTION,,2024,1
7896,33501010,0510100,HENDERSON POLICE DEPARTMENT,Accepted,HENDERSON,US0041,,US41,,N,,,US0041,US41 S EXIT81 OFF RAMP TO US60 E,US0041,US41 E RAMP TO US41 S,37.85716962,-87.57328599,16.055,2024-07-08,1715,2,2,0,1,CLEAR,DRY,False,SIDESWIPE COLLISION - SAME DIRECTION,SIDESWIPE-SAME DIRECTION,STRAIGHT & LEVEL,DAYLIGHT,,,45485.4591,False,65,Accepted,5,4,C,,INATTENTION,,2024,1
7897,33501386,0510100,HENDERSON POLICE DEPARTMENT,Accepted,HENDERSON,,,GREEN,ST,S,,CLAY,,,,,37.83377378,-87.59328172,,2024-07-04,1425,2,2,0,3,CLOUDY,DRY,False,ANGLE COLLISION - OTHER,ANGLE,STRAIGHT & LEVEL,DAYLIGHT,,,45485.53677,False,73,Accepted,4,4,C,,"FAILED TO YIELD RIGHT OF WAY, INATTENTION",,2024,1
7898,33501388,0510100,HENDERSON POLICE DEPARTMENT,Accepted,HENDERSON,US0041A,76,GREEN,ST,S,,,,,,,37.83641324,-87.58969175,15.706,2024-07-05,1238,2,2,0,0,CLOUDY,DRY,False,VEHICLE BACKING NON INTERSECTION,BACKING,STRAIGHT & LEVEL,DAYLIGHT,,,45485.53684,False,34,Accepted,5,5,O,,MISJUDGE CLEARANCE,,2024,1
7899,33502438,0510000,HENDERSON COUNTY SHERIFF DEPT.,Accepted,HENDERSON,,,ELM,ST,N,,,,,,,37.84871074,-87.58457721,0.83,2024-07-12,1325,2,2,0,1,CLOUDY,DRY,False,1 VEHICLE PARKED POSITION (NOT PARKING LOT/DRIVEWAY),REAR END,STRAIGHT & LEVEL,DAYLIGHT,,,45485.68659,False,124,Accepted,3,3,B,,INATTENTION,,2024,1
7900,33503827,0510100,HENDERSON POLICE DEPARTMENT,Accepted,HENDERSON,US0041,2480,US41,,N,,,,,,,37.87182576,-87.56905915,17.142,2024-07-11,2014,2,2,0,0,CLEAR,DRY,False,REAR END IN TRAFFIC LANES BOTH VEHICLES MOVING,REAR END,STRAIGHT & LEVEL,DAYLIGHT,,,45486.0953,False,29,Accepted,5,5,O,,,BRAKES DEFECTIVE,2024,1
7901,33503828,0510100,HENDERSON POLICE DEPARTMENT,Accepted,HENDERSON,US0041A,,GREEN,ST,S,,POWELL,,,,,37.83511779,-87.59196299,15.562,2024-07-11,1807,2,2,0,0,CLEAR,DRY,False,OPPOSING LEFT TURN,OPPOSING LEFT TURN,STRAIGHT & LEVEL,DAYLIGHT,,,45486.09537,False,32,Accepted,5,5,O,,MISJUDGE CLEARANCE,,2024,1
7902,33510872,0510100,HENDERSON POLICE DEPARTMENT,Accepted,HENDERSON,US0041,,US41,,N,,,,JOHN JAMES AUDUBON STATE,,RACETRACK,37.88234256,-87.56396044,17.923,2024-07-09,1659,1,1,0,0,CLOUDY,DRY,False,COLLISION WITH FIXED OBJECT NON - INTERSECTION - FIRST EVENT COLLISION 09 - 32 EXCLUDING 16,SINGLE VEHICLE,STRAIGHT & LEVEL,DAYLIGHT,,,45488.36271,False,67,Accepted,5,5,O,,INATTENTION,,2024,1
7905,33511714,0510100,HENDERSON POLICE DEPARTMENT,Accepted,HENDERSON,AU9005,,AU9005 E,,,AU9005,AU9005 TURN AROUND0,,,,,37.81023146,-87.55233252,0.592,2024-07-14,631,1,1,0,0,CLEAR,DRY,False,COLLISION WITH FIXED OBJECT IN INTERSECTION - FIRST EVENT COLLISION 09 - 32,SINGLE VEHICLE,STRAIGHT & LEVEL,DAYLIGHT,,,45488.46336,False,64,Accepted,5,5,O,,NOT UNDER PROPER CONTROL,,2024,1
7907,33522469,0510100,HENDERSON POLICE DEPARTMENT,Accepted,HENDERSON,KY0425,,KY425,,,,OLD HENDERSON CORYDON,,,,,37.7946063,-87.64380786,0.429,2024-07-12,1411,2,2,0,1,CLEAR,DRY,False,ANGLE COLLISION - OTHER,ANGLE,STRAIGHT & GRADE,DAYLIGHT,,,45488.5747,False,50,Accepted,5,4,C,,INATTENTION,,2024,1
7908,33522472,0510100,HENDERSON POLICE DEPARTMENT,Accepted,HENDERSON,US0041,,US41,,N,,,,,,,37.84422306,-87.56613217,15.059,2024-07-13,1631,1,1,0,0,CLEAR,DRY,False,OTHER ROADWAY OR MID-BLOCK COLLISION,SINGLE VEHICLE,STRAIGHT & LEVEL,DAYLIGHT,,,45488.57477,False,64,Accepted,5,5,O,,FELL ASLEEP,,2024,1
7909,33524526,0510100,HENDERSON POLICE DEPARTMENT,Accepted,HENDERSON,,,2ND,ST,,US0041A,GREEN,,,,,37.83952144,-87.58842967,0.004,2024-07-13,2105,2,2,0,2,CLEAR,DRY,False,OPPOSING LEFT TURN,OPPOSING LEFT TURN,STRAIGHT & LEVEL,DARK-HWY LIGHTED/ON,,,45488.95184,False,19,Accepted,3,3,B,,INATTENTION,,2024,1
7913,33535502,0510100,HENDERSON POLICE DEPARTMENT,Accepted,HENDERSON,US0041,,US41,,N,,,,WALNUT,,WATSON,37.87809922,-87.56634886,17.613,2024-07-16,717,2,2,0,0,RAINING,WET,False,SIDESWIPE COLLISION - SAME DIRECTION,SIDESWIPE-SAME DIRECTION,STRAIGHT & LEVEL,DAYLIGHT,,,45491.34851,False,32,Accepted,5,5,O,,FAILED TO YIELD RIGHT OF WAY,,2024,1
7914,33535565,0510100,HENDERSON POLICE DEPARTMENT,Accepted,HENDERSON,US0041,,US41,,N,,,,,,,37.86677428,-87.5725538,,2024-07-16,1005,2,2,0,0,RAINING,WET,False,REAR END IN TRAFFIC LANES BOTH VEHICLES MOVING,REAR END,STRAIGHT & LEVEL,DAYLIGHT,,,45491.36214,False,82,Accepted,5,5,O,SLIPPERY SURFACE,OTHER,,2024,1
7915,33535567,0510100,HENDERSON POLICE DEPARTMENT,Accepted,HENDERSON,,,1ST,ST,,,,,,,,37.83934885,-87.59211506,,2024-07-16,905,2,2,0,0,RAINING,WET,False,1 VEHICLE ENTERING OR LEAVING PARKED POSITION (NOT PARKING LOT),SIDESWIPE-SAME DIRECTION,STRAIGHT & LEVEL,DAYLIGHT,,,45491.36225,False,82,Accepted,5,5,O,,OTHER,,2024,1
7916,33535569,0510100,HENDERSON POLICE DEPARTMENT,Accepted,HENDERSON,KY0351,,2ND,ST,,,,,,,,37.83154645,-87.5696854,,2024-07-16,1015,2,2,0,0,RAINING,WET,False,HEAD-ON COLLISION,HEAD ON,STRAIGHT & LEVEL,DAYLIGHT,,,45491.36231,False,82,Accepted,5,5,O,CONSTRUCTION WORK ZONE,OTHER,TOW HITCH DEFECTIVE/UNIT SEPARATION,2024,1