OBJECTID,IncidentID,AgencyORI,AgencyName,IncidentStatusDesc,County,RdwyNumber,Street,RoadwayName,StreetSfx,StreetDir,IntersectionRdwy,IntersectionRdwyName,BetweenStRdwy1,BetweenStRdwyName1,BetweenStRdwy2,BetweenStRdwyName2,Latitude,Longitude,Milepoint,CollisionDate,CollisionTime,UnitsInvolved,MotorVehiclesInvolved,NumberKilled,NumberInjured,Weather,RdwyConditionCode,HitandRun,DirAnalysisCode,MannerofCollision,RdwyCharacter,LightCondition,RampFromRdwyId,RampToRdwyId,AcceptedDate,IsSecondaryCollision,OwnerBadge,IncidentStatus,InjurySeverityCde,KABCO_Code,KABCO,Environmental_Factors,Human_Factors,Vehicular_Factors,CollisionYear,CityCrash
7917,33535574,0510100,HENDERSON POLICE DEPARTMENT,Accepted,HENDERSON,US0041,,US41,,N,,,,,,,37.86545183,-87.57319634,16.666,2024-07-17,1629,2,2,0,0,CLOUDY,WET,False,REAR END IN TRAFFIC LANES BOTH VEHICLES MOVING,REAR END,STRAIGHT & LEVEL,DAYLIGHT,,,45491.3624,False,50,Accepted,5,5,O,SLIPPERY SURFACE,INATTENTION,,2024,1
7918,33536013,0510100,HENDERSON POLICE DEPARTMENT,Accepted,HENDERSON,,100,MCKINLEY,ST,N,,,,,,,37.83272351,-87.57513165,0.205,2024-07-16,1655,2,2,0,0,CLEAR,DRY,False,1 VEHICLE ENTERING/LEAVING ENTRANCE,ANGLE,STRAIGHT & LEVEL,DAYLIGHT,,,45491.40089,False,47,Accepted,5,5,O,,INATTENTION,,2024,1
7921,33538865,0510100,HENDERSON POLICE DEPARTMENT,Accepted,HENDERSON,,516,ADAMS,ST,N,,8TH,,,,,37.8463747,-87.58040825,0.792,2024-07-17,1604,3,3,0,0,RAINING,WET,False,OTHER INTERSECTION COLLISIONS,REAR END,STRAIGHT & LEVEL,DAYLIGHT,,,45491.96271,True,33,Accepted,5,5,O,SLIPPERY SURFACE,"TOO FAST FOR CONDITIONS, DISTRACTION",,2024,1
7922,33538866,0510100,HENDERSON POLICE DEPARTMENT,Accepted,HENDERSON,,,ADAMS,ST,S,,CHERRY,,,,,37.82818796,-87.59537042,0.69,2024-07-17,1832,2,2,0,0,CLEAR,DRY,False,COLLISION WITH PARKED VEHICLE,BACKING,STRAIGHT & GRADE,DAYLIGHT,,,45491.96276,False,30,Accepted,5,5,O,,INATTENTION,,2024,1
7923,33550514,0510100,HENDERSON POLICE DEPARTMENT,Accepted,HENDERSON,US0041A,700,GREEN,ST,N,,,,,,,37.84688148,-87.58366966,16.502,2024-07-19,1559,2,2,0,0,CLEAR,DRY,False,SIDESWIPE COLLISION - SAME DIRECTION,SIDESWIPE-SAME DIRECTION,STRAIGHT & LEVEL,DAYLIGHT,,,45495.38243,False,50,Accepted,5,5,O,,INATTENTION,,2024,1
7924,33550515,0510100,HENDERSON POLICE DEPARTMENT,Accepted,HENDERSON,KY0351,,2ND,ST,,,,,KLUTEY PARK PLAZA,,FRANKLIN,37.83190383,-87.57056686,1.11,2024-07-17,1616,2,2,0,0,CLEAR,DRY,False,SIDESWIPE COLLISION - SAME DIRECTION,SIDESWIPE-SAME DIRECTION,STRAIGHT & LEVEL,DAYLIGHT,,,45495.38251,False,65,Accepted,5,5,O,CONSTRUCTION WORK ZONE,INATTENTION,,2024,1
7925,33550516,0510100,HENDERSON POLICE DEPARTMENT,Accepted,HENDERSON,,2910,JOHN JAMES AUDUBON STATE,PARK,,,,,,,,37.88123148,-87.56351994,0.07,2024-07-20,1628,2,2,0,0,CLEAR,DRY,False,OTHER ROADWAY OR MID-BLOCK COLLISION,OPPOSING LEFT TURN,STRAIGHT & LEVEL,DAYLIGHT,,,45495.38259,False,32,Accepted,5,5,O,,FAILED TO YIELD RIGHT OF WAY,,2024,1
7927,33550998,0510100,HENDERSON POLICE DEPARTMENT,Accepted,HENDERSON,US0041A,,GREEN,ST,N,,14TH,,,,,37.85409418,-87.578879,17.074,2024-07-18,1132,2,2,0,0,CLEAR,DRY,False,ANGLE COLLISION - OTHER,ANGLE,STRAIGHT & LEVEL,DAYLIGHT,,,45495.4329,False,34,Accepted,5,5,O,,INATTENTION,,2024,1
7928,33551000,0510100,HENDERSON POLICE DEPARTMENT,Accepted,HENDERSON,,100,WASHINGTON,ST,,,,,,,,37.83865364,-87.59462432,,2024-07-18,1050,2,2,0,0,CLEAR,DRY,False,1 VEHICLE PARKED POSITION (NOT PARKING LOT/DRIVEWAY),SIDESWIPE-SAME DIRECTION,STRAIGHT & LEVEL,DAYLIGHT,,,45495.43306,False,82,Accepted,5,5,O,,INATTENTION,,2024,1
7931,33551271,0510100,HENDERSON POLICE DEPARTMENT,Accepted,HENDERSON,,301,2ND,ST,,,,,,,,37.83997135,-87.58964116,,2024-07-18,1240,2,2,0,0,CLEAR,DRY,False,SIDESWIPE COLLISION - SAME DIRECTION,SIDESWIPE-SAME DIRECTION,STRAIGHT & LEVEL,DAYLIGHT,,,45495.47142,False,82,Accepted,5,5,O,,OTHER,,2024,1
7932,33551273,0510100,HENDERSON POLICE DEPARTMENT,Accepted,HENDERSON,US0041,,US41,,N,,,,RACETRACK,,STRATMAN,37.88383422,-87.56261386,18.046,2024-07-18,1654,3,3,0,0,CLEAR,DRY,False,OTHER ROADWAY OR MID-BLOCK COLLISION,REAR END,STRAIGHT & LEVEL,DAYLIGHT,,,45495.47159,False,67,Accepted,5,5,O,BACKUP DUE TO REGULAR CONGESTION,INATTENTION,,2024,1
7933,33551436,0510100,HENDERSON POLICE DEPARTMENT,Accepted,HENDERSON,,,WALNUT,ST,,,US HWY 41 ,,,,,37.8798791,-87.56536522,,2024-07-19,935,2,2,0,0,CLEAR,DRY,False,ANGLE COLLISION - OTHER,ANGLE,STRAIGHT & LEVEL,DAYLIGHT,,,45495.49104,False,82,Accepted,5,5,O,BACKUP DUE TO REGULAR CONGESTION,INATTENTION,,2024,1
7934,33551437,0510100,HENDERSON POLICE DEPARTMENT,Accepted,HENDERSON,,,GREEN,ST,,,12TH,,,,,37.85218618,-87.58025677,,2024-07-19,1425,2,2,0,0,CLEAR,DRY,False,SIDESWIPE-SAME DIRECTION,SIDESWIPE-SAME DIRECTION,STRAIGHT & LEVEL,DAYLIGHT,,,45495.49113,False,82,Accepted,5,5,O,,"INATTENTION, OTHER",,2024,1
7935,33551977,0510100,HENDERSON POLICE DEPARTMENT,Accepted,HENDERSON,,,LINCOLN,AVE,,,,,POWELL,,POWELL,37.82445101,-87.57196522,0.169,2024-07-20,1227,2,2,0,0,CLEAR,DRY,False,1 VEHICLE PARKED POSITION (NOT PARKING LOT/DRIVEWAY),BACKING,STRAIGHT & LEVEL,DAYLIGHT,,,45495.59337,False,65,Accepted,5,5,O,,INATTENTION,,2024,1
7936,33555910,0510100,HENDERSON POLICE DEPARTMENT,Accepted,HENDERSON,US0041A,,GREEN,ST,N,,RAY,,,,,37.84759966,-87.58320718,16.549,2024-07-22,1654,2,2,0,0,CLEAR,DRY,False,SIDESWIPE-SAME DIRECTION,SIDESWIPE-SAME DIRECTION,STRAIGHT & LEVEL,DAYLIGHT,,,45496.47024,False,25,Accepted,5,5,O,,INATTENTION,,2024,1
7937,33555973,0510100,HENDERSON POLICE DEPARTMENT,Accepted,HENDERSON,,,RAGAN,AVE,,US0041A,GREEN,,,,,37.82542616,-87.60147409,0.002,2024-07-22,729,1,1,0,0,CLEAR,DRY,False,COLLISION WITH FIXED OBJECT IN INTERSECTION - FIRST EVENT COLLISION 09 - 32,SINGLE VEHICLE,STRAIGHT & LEVEL,DAYLIGHT,,,45496.47912,False,25,Accepted,5,5,O,,"INATTENTION, MISJUDGE CLEARANCE",,2024,1
7940,33558188,0510100,HENDERSON POLICE DEPARTMENT,Accepted,HENDERSON,,2871,WATSON,LN,,,,,,,,37.87503685,-87.56621331,1.007,2024-07-21,1733,2,2,0,0,CLEAR,DRY,False,REAR END IN TRAFFIC LANES BOTH VEHICLES MOVING,REAR END,STRAIGHT & LEVEL,DAYLIGHT,,,45496.87929,False,35,Accepted,5,5,O,,INATTENTION,,2024,1
7941,33558189,0510100,HENDERSON POLICE DEPARTMENT,Accepted,HENDERSON,US0041,,US41,,N,,,,,,,37.87168157,-87.5698702,17.13,2024-07-20,2320,2,2,0,1,CLEAR,DRY,False,OTHER ROADWAY OR MID-BLOCK COLLISION,REAR END,STRAIGHT & LEVEL,DARK-HWY LIGHTED/ON,,,45496.8794,False,33,Accepted,5,4,C,,,,2024,1
7942,33559585,0510100,HENDERSON POLICE DEPARTMENT,Accepted,HENDERSON,US0041,,US41,,N,,,,JOHN JAMES AUDUBON STATE,,WALNUT,37.88023904,-87.56516123,17.773,2024-07-06,1423,2,2,0,0,CLEAR,DRY,False,SIDESWIPE COLLISION - SAME DIRECTION,SIDESWIPE-SAME DIRECTION,STRAIGHT & LEVEL,DAYLIGHT,,,45497.30597,False,65,Accepted,5,5,O,,INATTENTION,,2024,1
7943,33559646,0510100,HENDERSON POLICE DEPARTMENT,Accepted,HENDERSON,,,MILL,ST,,,WRIGHT,,,,,37.82156234,-87.58624168,,2024-07-22,1520,2,2,0,0,CLEAR,DRY,False,ANGLE COLLISION - OTHER,ANGLE,STRAIGHT & LEVEL,DAYLIGHT,,,45497.32341,False,82,Accepted,5,5,O,,"DISREGARD TRAFFIC CONTROL, DISTRACTION",,2024,1
7944,33560156,0510100,HENDERSON POLICE DEPARTMENT,Accepted,HENDERSON,US0041,,US41,,N,,,,WALNUT,,WATSON,37.8786569,-87.56607595,17.654,2024-07-23,1644,2,2,0,0,CLEAR,DRY,False,OTHER ROADWAY OR MID-BLOCK COLLISION,REAR END,STRAIGHT & LEVEL,DAYLIGHT,,,45497.3861,False,67,Accepted,5,5,O,BACKUP DUE TO REGULAR CONGESTION,INATTENTION,,2024,1
7945,33563047,0510100,HENDERSON POLICE DEPARTMENT,Accepted,HENDERSON,US0060,,US60,,E,,BARRET,,,,,37.85980993,-87.56802249,10.585,2024-07-23,1809,2,2,0,0,CLEAR,DRY,False,OTHER INTERSECTION COLLISIONS,REAR END,STRAIGHT & LEVEL,DAYLIGHT,,,45497.89821,False,35,Accepted,5,5,O,,INATTENTION,,2024,1
7946,33563051,0510100,HENDERSON POLICE DEPARTMENT,Accepted,HENDERSON,,960,VILLAGEBROOK,DR,,,,,,,,37.86802773,-87.54125348,0.15,2024-07-24,1713,2,2,0,0,CLEAR,DRY,False,1 VEHICLE PARKED POSITION (NOT PARKING LOT/DRIVEWAY),BACKING,STRAIGHT & LEVEL,DAYLIGHT,,,45497.89833,False,23,Accepted,5,5,O,,INATTENTION,MIRRORS,2024,1
7947,33564380,0510100,HENDERSON POLICE DEPARTMENT,Accepted,HENDERSON,KY0812,,AIRLINE,RD,,,DOVE TRAIL,,,,,37.81829206,-87.56610905,7.18,2024-07-24,2048,1,1,1,0,CLEAR,DRY,False,NON-COLLISION OBJECT COLLISION,SINGLE VEHICLE,STRAIGHT & HILLCREST,DARK-HWY LIGHTED/ON,,,45498.25655,False,23,Accepted,5,1,K,,"EXCEEDED STATED SPEED LIMIT, NOT UNDER PROPER CONTROL",BRAKES DEFECTIVE,2024,1
7948,33564982,0510100,HENDERSON POLICE DEPARTMENT,Accepted,HENDERSON,US0041,,US41,,N,,,,JOHN JAMES AUDUBON STATE,,WALNUT,37.88084082,-87.56483401,17.809,2024-07-24,626,2,2,0,0,CLEAR,DRY,True,SIDESWIPE COLLISION - SAME DIRECTION,SIDESWIPE-SAME DIRECTION,STRAIGHT & LEVEL,DAYLIGHT,,,45498.36944,False,67,Accepted,5,5,O,,"INATTENTION, WEAVING IN TRAFFIC",,2024,1
7950,33576010,0510100,HENDERSON POLICE DEPARTMENT,Accepted,HENDERSON,US0041,,,,,,,,,,,37.85729315,-87.57512255,0.127,2024-07-06,1135,2,1,0,0,CLEAR,DRY,False,OTHER RAMP RELATED COLLISIONS NOT LISTED ABOVE,SIDESWIPE-SAME DIRECTION,STRAIGHT & LEVEL,DAYLIGHT,US0041,US0060,45501.12778,False,22,Accepted,5,5,O,,OTHER,,2024,1
7951,33580896,0510000,HENDERSON COUNTY SHERIFF DEPT.,Accepted,HENDERSON,US0060,,GREEN,ST,S,,OLD HENDERSON CORYDON,,,,,37.80382166,-87.63753936,9.326,2024-07-26,1513,2,2,0,1,CLEAR,DRY,False,ANGLE COLLISION - OTHER,ANGLE,STRAIGHT & LEVEL,DAYLIGHT,,,45502.50324,False,168,Accepted,5,3,B,,OTHER,,2024,1
7954,33584137,0510100,HENDERSON POLICE DEPARTMENT,Accepted,HENDERSON,,402,2ND,ST,,,GREEN,,,,,37.83942807,-87.58849847,,2024-07-24,1520,2,2,0,0,CLEAR,DRY,False,ANGLE COLLISION - OTHER,ANGLE,STRAIGHT & LEVEL,DAYLIGHT,,,45503.19644,False,82,Accepted,5,5,O,BACKUP DUE TO REGULAR CONGESTION,OTHER,,2024,1
7955,33584140,0510100,HENDERSON POLICE DEPARTMENT,Accepted,HENDERSON,,235,ELM,ST,N,,3RD,,,,,37.84125427,-87.58929593,,2024-07-29,1405,2,2,0,0,CLEAR,DRY,False,ANGLE COLLISION - OTHER,ANGLE,STRAIGHT & LEVEL,DAYLIGHT,,,45503.19655,False,82,Accepted,5,5,O,,OTHER,,2024,1
7956,33584141,0510100,HENDERSON POLICE DEPARTMENT,Accepted,HENDERSON,,,CLAY,ST,,,SHELBY,,,,,37.82526903,-87.57883028,0.086,2024-07-29,2137,2,2,0,0,CLEAR,DRY,False,COLLISION WITH PARKED VEHICLE,ANGLE,STRAIGHT & GRADE,DARK (UNKNOWN ROADWAY LIGHTING),,,45503.19661,False,16,Accepted,5,5,O,,ALCOHOL INVOLVEMENT,,2024,1
7957,33584386,0510100,HENDERSON POLICE DEPARTMENT,Accepted,HENDERSON,KY0351,,2ND,ST,,,INGRAM,,,,,37.83891263,-87.58701562,0.085,2024-07-27,2316,2,2,0,2,CLEAR,DRY,False,ANGLE COLLISION - OTHER,ANGLE,STRAIGHT & LEVEL,DARK-HWY LIGHTED/ON,,,45503.25934,True,23,Accepted,5,3,B,,"INATTENTION, OTHER","WINDOWS, WINDSHIELD",2024,1
7958,33584387,0510100,HENDERSON POLICE DEPARTMENT,Accepted,HENDERSON,KY0351,,2ND,ST,,US0041A,GREEN,,,,,37.83940885,-87.58840445,0.005,2024-07-27,2040,2,2,0,1,CLEAR,DRY,False,OPPOSING LEFT TURN,OPPOSING LEFT TURN,STRAIGHT & LEVEL,DARK-HWY LIGHTED/ON,,,45503.2594,False,23,Accepted,5,4,C,,"INATTENTION, TURNING IMPROPERLY",,2024,1
7959,33587339,0510100,HENDERSON POLICE DEPARTMENT,Accepted,HENDERSON,KY0136,1822,MADISON,ST,,,,,,,,37.81256413,-87.57880769,21.196,2024-07-26,1203,1,1,0,1,CLEAR,DRY,False,RAN OFF ROADWAY (1 VEHICLE WITH/EARTH EMBANKMENT/DITCH),SINGLE VEHICLE,CURVE & LEVEL,DAYLIGHT,,,45503.74353,False,50,Accepted,5,4,C,,INATTENTION,,2024,1
7960,33587340,0510100,HENDERSON POLICE DEPARTMENT,Accepted,HENDERSON,,,BARRET,BLVD,,US0041,US41,,,,,37.86416867,-87.57339711,0.879,2024-07-27,1240,2,2,0,1,CLEAR,DRY,True,ANGLE COLLISION - OTHER,ANGLE,STRAIGHT & LEVEL,DAYLIGHT,,,45503.74358,False,18,Accepted,4,4,C,,INATTENTION,,2024,1
7961,33587341,0510100,HENDERSON POLICE DEPARTMENT,Accepted,HENDERSON,,,10TH,ST,,,ELM,,,,,37.85016235,-87.58346652,0.097,2024-07-24,1055,2,2,0,0,CLEAR,DRY,False,COLLISION WITH PARKED VEHICLE,SIDESWIPE-OPPOSITE DIRECTION,STRAIGHT & LEVEL,DAYLIGHT,,,45503.74363,False,34,Accepted,5,5,O,,MISJUDGE CLEARANCE,,2024,1
7962,33587343,0510100,HENDERSON POLICE DEPARTMENT,Accepted,HENDERSON,US0041A,1002,GREEN,ST,S,,,,,,,37.82635009,-87.60055059,14.82,2024-07-25,717,3,3,0,1,CLEAR,DRY,False,SIDESWIPE COLLISION - SAME DIRECTION,SIDESWIPE-SAME DIRECTION,STRAIGHT & LEVEL,DAYLIGHT,,,45503.74371,False,50,Accepted,5,4,C,,INATTENTION,,2024,1
7963,33587344,0510100,HENDERSON POLICE DEPARTMENT,Accepted,HENDERSON,US0060,2150,US60,,E,,,,,,,37.86035458,-87.56666227,10.671,2024-07-27,947,2,2,0,0,CLEAR,DRY,False,1 VEHICLE ENTERING/LEAVING ENTRANCE,ANGLE,STRAIGHT & LEVEL,DAYLIGHT,,,45503.74376,False,27,Accepted,5,5,O,,FAILED TO YIELD RIGHT OF WAY,,2024,1
7965,33587346,0510100,HENDERSON POLICE DEPARTMENT,Accepted,HENDERSON,US0041A,1656,GREEN,ST,S,,,,,,,37.81707162,-87.61333808,13.79,2024-07-25,1409,1,1,0,1,RAINING,WET,False,COLLISION WITH FIXED OBJECT NON - INTERSECTION - FIRST EVENT COLLISION 09 - 32 EXCLUDING 16,SINGLE VEHICLE,STRAIGHT & LEVEL,DAYLIGHT,,,45503.74386,False,50,Accepted,5,4,C,,OTHER,,2024,1
7966,33587347,0510100,HENDERSON POLICE DEPARTMENT,Accepted,HENDERSON,US0041,,US41,,N,,,,WALNUT,,WATSON,37.87544446,-87.56782327,17.414,2024-07-29,1719,2,2,0,1,CLEAR,DRY,False,SIDESWIPE COLLISION - SAME DIRECTION,SIDESWIPE-SAME DIRECTION,STRAIGHT & LEVEL,DAYLIGHT,,,45503.7439,False,67,Accepted,5,3,B,,INATTENTION,,2024,1
7967,33587349,0510100,HENDERSON POLICE DEPARTMENT,Accepted,HENDERSON,,,14TH,ST,,US0041A,GREEN,,,,,37.85402638,-87.57869179,0.12,2024-07-27,1237,2,2,0,0,CLEAR,DRY,False,VEHICLE BACKING IN INTERSECTION,BACKING,STRAIGHT & LEVEL,DAYLIGHT,,,45503.74402,False,34,Accepted,5,5,O,,MISJUDGE CLEARANCE,,2024,1
7968,33588689,0510100,HENDERSON POLICE DEPARTMENT,Accepted,HENDERSON,US0060,1999,US60,,E,,,,,,,37.85995463,-87.56836526,10.571,2024-07-25,1805,2,2,0,0,CLOUDY,WET,False,REAR END IN TRAFFIC LANES BOTH VEHICLES MOVING,REAR END,STRAIGHT & LEVEL,DAYLIGHT,,,45504.11798,False,35,Accepted,5,5,O,,,,2024,1
7969,33588690,0510100,HENDERSON POLICE DEPARTMENT,Accepted,HENDERSON,US0060,,US60,,E,,BARRET,,,,,37.86011005,-87.56734118,10.628,2024-07-25,1830,2,2,0,0,CLOUDY,WET,False,OTHER INTERSECTION COLLISIONS,REAR END,STRAIGHT & LEVEL,DAYLIGHT,,,45504.11805,False,35,Accepted,5,5,O,,INATTENTION,,2024,1
7970,33589876,0510100,HENDERSON POLICE DEPARTMENT,Accepted,HENDERSON,US0041,,US41,,N,,MARYWOOD,,,,,37.86737799,-87.57207911,16.801,2024-07-31,506,2,2,0,1,CLEAR,DRY,False,ANGLE COLLISION - ONE VEHICLE TURNING RIGHT,ANGLE,STRAIGHT & LEVEL,DAWN,,,45504.40871,False,35,Accepted,5,2,A,,"OTHER, INATTENTION",,2024,1
7975,33606896,0510100,HENDERSON POLICE DEPARTMENT,Accepted,HENDERSON,US0060,3031,US60,,E,,,,,,,37.86469942,-87.53982442,12.223,2024-07-31,128,1,1,0,0,CLEAR,DRY,False,OTHER ROADWAY OR MID-BLOCK COLLISION,SINGLE VEHICLE,STRAIGHT & LEVEL,DARK-HWY LIGHTED/ON,,,45509.05793,False,35,Accepted,5,5,O,,DRUG INVOLVEMENT,,2024,1
7976,33608575,0510100,HENDERSON POLICE DEPARTMENT,Accepted,HENDERSON,US0041A,,GREEN,ST,N,,,,,,,37.84435677,-87.58531596,16.302,2024-08-02,1303,2,2,0,1,CLEAR,DRY,False,1 VEHICLE ENTERING/LEAVING ENTRANCE,ANGLE,STRAIGHT & LEVEL,DAYLIGHT,,,45509.42635,False,27,Accepted,5,4,C,,"FAILED TO KEEP PROPER LANE, FAILED TO YIELD RIGHT OF WAY",,2024,1
7977,33608577,0510100,HENDERSON POLICE DEPARTMENT,Accepted,HENDERSON,US0041,2855,US41,,N,,,,WALNUT,,WATSON,37.87868464,-87.56603182,17.657,2024-07-31,1709,2,2,0,0,CLOUDY,DRY,False,SIDESWIPE COLLISION - SAME DIRECTION,SIDESWIPE-SAME DIRECTION,STRAIGHT & LEVEL,DAYLIGHT,,,45509.42644,False,32,Accepted,5,5,O,BACKUP DUE TO REGULAR CONGESTION,FAILED TO YIELD RIGHT OF WAY,,2024,1
7979,33608738,0510100,HENDERSON POLICE DEPARTMENT,Accepted,HENDERSON,,2650,IRISH IVY,LN,,,,,,,,37.83372648,-87.5472966,,2024-07-31,1020,2,2,0,0,CLEAR,DRY,False,1 VEHICLE PARKED POSITION (NOT PARKING LOT/DRIVEWAY),BACKING,STRAIGHT & LEVEL,DAYLIGHT,,,45509.44835,False,82,Accepted,5,5,O,,INATTENTION,OTHER,2024,1
7980,33608741,0510100,HENDERSON POLICE DEPARTMENT,Accepted,HENDERSON,KY0351,,2ND,ST,,,,,,,,37.83635004,-87.58065643,,2024-07-31,1050,2,2,0,0,CLEAR,DRY,False,SIDESWIPE COLLISION - OPPOSITE DIRECTION,SIDESWIPE-OPPOSITE DIRECTION,STRAIGHT & LEVEL,DAYLIGHT,,,45509.44845,False,82,Accepted,5,5,O,,OTHER,,2024,1
7984,33609722,0510100,HENDERSON POLICE DEPARTMENT,Accepted,HENDERSON,,1335,GREEN,ST,S,,,,,,,37.82272525,-87.60418378,,2024-08-01,1335,2,2,0,0,CLOUDY,DRY,False,REAR END IN TRAFFIC LANES BOTH VEHICLES MOVING,REAR END,STRAIGHT & LEVEL,DAYLIGHT,,,45509.57715,False,82,Accepted,5,5,O,,OTHER,BRAKES DEFECTIVE,2024,1
7985,33609723,0510100,HENDERSON POLICE DEPARTMENT,Accepted,HENDERSON,,929,MILLCREEK,DR,,,,,,,,37.86775314,-87.54205013,,2024-08-02,850,2,2,0,0,CLEAR,DRY,False,1 VEHICLE PARKED POSITION (NOT PARKING LOT/DRIVEWAY),BACKING,CURVE & LEVEL,DAYLIGHT,,,45509.57745,False,82,Accepted,5,5,O,,INATTENTION,,2024,1
7986,33612056,0510100,HENDERSON POLICE DEPARTMENT,Accepted,HENDERSON,,,CENTER,ST,,,INGRAM,,,,,37.83652782,-87.58848226,0.745,2024-08-02,1756,2,2,0,0,CLEAR,DRY,False,ANGLE COLLISION - OTHER,ANGLE,STRAIGHT & LEVEL,DAYLIGHT,,,45510.10586,False,35,Accepted,5,5,O,"FIXED OBJECT(S), VIEW OBSTRUCTED/LIMITED DUE TO RDWY",INATTENTION,,2024,1
7988,33613387,0510000,HENDERSON COUNTY SHERIFF DEPT.,Accepted,HENDERSON,US0041A,,GREEN,ST,S,,SMITH,,,,,37.82011714,-87.60869191,14.108,2024-08-05,1631,2,2,0,2,CLEAR,DRY,False,OTHER INTERSECTION COLLISIONS,REAR END,STRAIGHT & LEVEL,DAYLIGHT,,,45510.43671,False,120,Accepted,3,3,B,,INATTENTION,,2024,1
7989,33613588,0510100,HENDERSON POLICE DEPARTMENT,Accepted,HENDERSON,,,MAIN,ST,S,,HANCOCK,,,,,37.83045169,-87.60121393,,2024-08-02,855,2,2,0,0,CLEAR,DRY,False,ANGLE COLLISION - OTHER,ANGLE,STRAIGHT & LEVEL,DAYLIGHT,,,45510.4672,False,73,Accepted,5,5,O,,"FAILED TO YIELD RIGHT OF WAY, INATTENTION",,2024,1
7990,33613590,0510100,HENDERSON POLICE DEPARTMENT,Accepted,HENDERSON,,2808,BROWNS,DR,,,,,,,,37.87380581,-87.55839317,0.111,2024-08-05,819,2,2,0,0,CLEAR,DRY,False,1 VEHICLE PARKED POSITION (NOT PARKING LOT/DRIVEWAY),REAR END,STRAIGHT & LEVEL,DAYLIGHT,,,45510.46737,False,32,Accepted,5,5,O,IMPROPERLY PARKED VEHICLE(S),,,2024,1
7991,33613655,0510100,HENDERSON POLICE DEPARTMENT,Accepted,HENDERSON,US0041A,,GREEN,ST,S,,,,,,,37.83461695,-87.59242921,15.519,2024-08-05,1216,2,2,0,0,CLEAR,DRY,False,REAR END IN TRAFFIC LANES BOTH VEHICLES MOVING,REAR END,STRAIGHT & LEVEL,DAYLIGHT,,,45510.47952,False,50,Accepted,5,5,O,,OTHER,,2024,1
7992,33616787,0510100,HENDERSON POLICE DEPARTMENT,Accepted,HENDERSON,US0041A,,GREEN,ST,N,,7TH,,,,,37.84570667,-87.58441162,16.413,2024-08-02,1830,2,2,0,0,CLEAR,DRY,False,OPPOSING LEFT TURN,OPPOSING LEFT TURN,STRAIGHT & LEVEL,DAYLIGHT,,,45511.03846,False,42,Accepted,5,5,O,,"FAILED TO YIELD RIGHT OF WAY, MISJUDGE CLEARANCE",,2024,1
7993,33616789,0510100,HENDERSON POLICE DEPARTMENT,Accepted,HENDERSON,US0041A,1415,GREEN,ST,S,,,,,,,37.81916346,-87.61027359,14.014,2024-08-01,1833,2,2,0,0,CLEAR,DRY,False,SIDESWIPE COLLISION - SAME DIRECTION,SIDESWIPE-SAME DIRECTION,STRAIGHT & LEVEL,DAYLIGHT,,,45511.0386,False,42,Accepted,5,5,O,,"FAILED TO KEEP PROPER LANE, MISJUDGE CLEARANCE",,2024,1
7994,33617208,0510100,HENDERSON POLICE DEPARTMENT,Accepted,HENDERSON,US0041,14,US41,,N,,,,,,,37.83362785,-87.56578479,14.314,2024-07-27,2323,2,2,0,0,CLEAR,DRY,False,SIDESWIPE COLLISION - SAME DIRECTION,SIDESWIPE-SAME DIRECTION,STRAIGHT & LEVEL,DARK-HWY LIGHTED/OFF,,,45511.19561,False,51,Accepted,5,5,O,,"FOLLOWING TOO CLOSE, INATTENTION",,2024,1
7995,33617260,0510100,HENDERSON POLICE DEPARTMENT,Accepted,HENDERSON,,824,KLEYMEYER,ST,,,,,,,,37.82530932,-87.58761011,0.086,2024-08-02,2202,2,2,0,0,CLEAR,DRY,True,1 VEHICLE PARKED POSITION (NOT PARKING LOT/DRIVEWAY),SIDESWIPE-SAME DIRECTION,STRAIGHT & LEVEL,DARK (UNKNOWN ROADWAY LIGHTING),,,45511.21379,False,16,Accepted,5,5,O,,INATTENTION,,2024,1
7996,33618538,0510100,HENDERSON POLICE DEPARTMENT,Accepted,HENDERSON,,,WASHINGTON,ST,,,,,MEADOW,,JULIA,37.83127997,-87.58261024,0.642,2024-08-04,1244,2,2,0,0,CLEAR,DRY,False,SIDESWIPE COLLISION - OPPOSITE DIRECTION,SIDESWIPE-OPPOSITE DIRECTION,STRAIGHT & LEVEL,DAYLIGHT,,,45511.42941,False,65,Accepted,5,5,O,,INATTENTION,,2024,1
7997,33618544,0510100,HENDERSON POLICE DEPARTMENT,Accepted,HENDERSON,,,GREEN RIVER,RD,,,SINCLAIR,,,,,37.86692728,-87.5608027,0.503,2024-08-06,1440,2,2,0,1,CLEAR,DRY,False,REAR END - ONE VEHICLE TURNING LEFT,REAR END,STRAIGHT & LEVEL,DAYLIGHT,,,45511.4296,False,67,Accepted,5,4,C,,INATTENTION,,2024,1
7998,33618682,0510100,HENDERSON POLICE DEPARTMENT,Accepted,HENDERSON,US0041,2600,US41,,N,,,,,,,37.87453106,-87.56816293,17.349,2024-08-06,1530,2,2,0,0,CLEAR,DRY,False,REAR END IN TRAFFIC LANES BOTH VEHICLES MOVING,REAR END,STRAIGHT & LEVEL,DAYLIGHT,,,45511.45038,False,47,Accepted,5,5,O,BACKUP DUE TO REGULAR CONGESTION,INATTENTION,,2024,1