OBJECTID,IncidentID,AgencyORI,AgencyName,IncidentStatusDesc,County,RdwyNumber,Street,RoadwayName,StreetSfx,StreetDir,IntersectionRdwy,IntersectionRdwyName,BetweenStRdwy1,BetweenStRdwyName1,BetweenStRdwy2,BetweenStRdwyName2,Latitude,Longitude,Milepoint,CollisionDate,CollisionTime,UnitsInvolved,MotorVehiclesInvolved,NumberKilled,NumberInjured,Weather,RdwyConditionCode,HitandRun,DirAnalysisCode,MannerofCollision,RdwyCharacter,LightCondition,RampFromRdwyId,RampToRdwyId,AcceptedDate,IsSecondaryCollision,OwnerBadge,IncidentStatus,InjurySeverityCde,KABCO_Code,KABCO,Environmental_Factors,Human_Factors,Vehicular_Factors,CollisionYear,CityCrash
7999,33618683,0510100,HENDERSON POLICE DEPARTMENT,Accepted,HENDERSON,US0041,,,,,US0041,US41,,,,,37.85965233,-87.57518995,0.306,2024-08-06,1623,2,2,0,0,CLEAR,DRY,False,OTHER INTERSECTION COLLISIONS,REAR END,CURVE & LEVEL,DAYLIGHT,,,45511.45045,False,34,Accepted,5,5,O,,FOLLOWING TOO CLOSE,,2024,1
8000,33622252,0510100,HENDERSON POLICE DEPARTMENT,Accepted,HENDERSON,US0041A,,US41 ALT,,,US0041,US41 S EXIT81 OFF RAMP TO US60 E,,,,,37.85684577,-87.57407162,17.385,2024-08-06,1614,2,2,0,0,CLEAR,DRY,False,OTHER INTERSECTION COLLISIONS,REAR TO REAR,STRAIGHT & LEVEL,DAYLIGHT,,,45512.35048,False,64,Accepted,5,5,O,,INATTENTION,,2024,1
8001,33622288,0510100,HENDERSON POLICE DEPARTMENT,Accepted,HENDERSON,US0060,,US60,,E,US0041,US41,,,,,37.85726669,-87.57330018,10.283,2024-08-05,1623,2,2,0,0,CLEAR,DRY,False,OTHER INTERSECTION COLLISIONS,REAR END,STRAIGHT & LEVEL,DAYLIGHT,,,45512.35772,False,32,Accepted,5,5,O,BACKUP DUE TO REGULAR CONGESTION,FOLLOWING TOO CLOSE,,2024,1
8002,33626448,0510100,HENDERSON POLICE DEPARTMENT,Accepted,HENDERSON,US0041A,,GREEN,ST,S,,WASHINGTON,,,,,37.83614589,-87.59093987,15.651,2024-08-03,49,2,2,0,0,CLEAR,DRY,True,OTHER INTERSECTION COLLISIONS,REAR END,STRAIGHT & LEVEL,DARK (UNKNOWN ROADWAY LIGHTING),,,45513.16265,False,30,Accepted,5,5,O,,INATTENTION,,2024,1
8003,33627248,0510100,HENDERSON POLICE DEPARTMENT,Accepted,HENDERSON,US0060,2208,US60,,E,,MANOR,,,,,37.86061596,-87.56583452,10.722,2024-08-08,1400,2,2,0,0,CLEAR,DRY,False,ANGLE COLLISION - OTHER,ANGLE,STRAIGHT & LEVEL,DAYLIGHT,,,45513.34882,False,32,Accepted,5,5,O,,FAILED TO YIELD RIGHT OF WAY,,2024,1
8004,33627426,0510100,HENDERSON POLICE DEPARTMENT,Accepted,HENDERSON,,1700,OBYRNE,ST,,,,,,,,37.8221922,-87.57723023,0.541,2024-08-06,1635,2,1,0,0,CLEAR,DRY,False,COLLISION WITH TRAIN,SINGLE VEHICLE,STRAIGHT & LEVEL,DAYLIGHT,,,45513.38033,False,15,Accepted,5,5,O,,MISJUDGE CLEARANCE,,2024,1
8009,33627798,0510000,HENDERSON COUNTY SHERIFF DEPT.,Accepted,HENDERSON,US0060,,US60,,E,,,,WATHEN,,CHAMBERS,37.8646212,-87.53801639,12.322,2024-08-08,921,2,2,0,2,CLEAR,DRY,False,1 VEHICLE ENTERING/LEAVING ENTRANCE,ANGLE,STRAIGHT & LEVEL,DAYLIGHT,,,45513.43756,False,132,Accepted,5,4,C,,INATTENTION,,2024,1
8010,33630916,0510100,HENDERSON POLICE DEPARTMENT,Accepted,HENDERSON,KY1539,240,LARUE,RD,,,,,,,,37.83086857,-87.55639854,0.199,2024-08-07,1450,2,2,0,0,CLEAR,DRY,False,SIDESWIPE COLLISION - SAME DIRECTION,SIDESWIPE-SAME DIRECTION,STRAIGHT & LEVEL,DAYLIGHT,,,45514.19916,False,23,Accepted,5,5,O,,"INATTENTION, MISJUDGE CLEARANCE",,2024,1
8011,33637289,0510100,HENDERSON POLICE DEPARTMENT,Accepted,HENDERSON,,,WATSON,LN,,,,,,,,37.87563817,-87.56915698,,2024-08-09,800,2,2,0,0,CLEAR,DRY,False,SIDESWIPE COLLISION - OPPOSITE DIRECTION,SIDESWIPE-OPPOSITE DIRECTION,STRAIGHT & LEVEL,DAYLIGHT,,,45516.38816,False,82,Accepted,5,5,O,GLARE (SUN),FAILED TO KEEP PROPER LANE,,2024,1
8012,33637290,0510100,HENDERSON POLICE DEPARTMENT,Accepted,HENDERSON,,300,MAIN,ST,N,,,,,,,37.84296463,-87.59027576,0.271,2024-08-09,1344,2,2,0,0,CLEAR,DRY,False,1 VEHICLE PARKED POSITION (NOT PARKING LOT/DRIVEWAY),ANGLE,STRAIGHT & HILLCREST,DAYLIGHT,,,45516.38823,False,59,Accepted,5,5,O,,"INATTENTION, MISJUDGE CLEARANCE",,2024,1
8013,33638059,0510100,HENDERSON POLICE DEPARTMENT,Accepted,HENDERSON,,,MAIN,ST,S,,HANCOCK,,,,,37.83042818,-87.60124889,1.437,2024-08-09,1457,2,2,0,0,CLEAR,DRY,False,OTHER INTERSECTION COLLISIONS,REAR END,STRAIGHT & LEVEL,DAYLIGHT,,,45516.48615,False,20,Accepted,5,5,O,,DISTRACTION,,2024,1
8014,33638061,0510100,HENDERSON POLICE DEPARTMENT,Accepted,HENDERSON,,,FAGAN,ST,,,DR MARTIN LUTHER KING JR,,,,,37.82872588,-87.58768228,0.251,2024-08-09,1707,2,1,0,1,CLEAR,DRY,False,COLLISION WITH BICYCLE IN INTERSECTION,SINGLE VEHICLE,STRAIGHT & LEVEL,DAYLIGHT,,,45516.48619,False,20,Accepted,5,3,B,,,,2024,1
8015,33638644,0510100,HENDERSON POLICE DEPARTMENT,Accepted,HENDERSON,,,HOLLOWAY,ST,,,CENTER,,,,,37.83391175,-87.58335658,,2024-08-09,715,2,2,0,0,CLEAR,DRY,False,OPPOSITE DIRECTION - BOTH VEHICLES GOING STRAIGHT AHEAD,SIDESWIPE-OPPOSITE DIRECTION,STRAIGHT & LEVEL,DAYLIGHT,,,45516.56653,False,82,Accepted,5,5,O,,OTHER,,2024,1
8016,33638686,0510100,HENDERSON POLICE DEPARTMENT,Accepted,HENDERSON,US0060,1900,US60,,E,,BARRET,,,,,37.85984515,-87.56799452,10.587,2024-08-10,1157,2,2,0,0,CLEAR,DRY,False,ANGLE COLLISION - OTHER,ANGLE,STRAIGHT & LEVEL,DAYLIGHT,,,45516.57633,False,47,Accepted,5,5,O,,MISJUDGE CLEARANCE,,2024,1
8017,33638970,0510100,HENDERSON POLICE DEPARTMENT,Accepted,HENDERSON,US0041,,,,,,,,,,,37.85874764,-87.57508362,0.026,2024-08-10,1202,2,2,0,0,CLEAR,DRY,False,OTHER RAMP RELATED COLLISIONS NOT LISTED ABOVE,SIDESWIPE-SAME DIRECTION,CURVE & GRADE,DAYLIGHT,US0041,US0060,45516.61509,False,64,Accepted,5,5,O,,INATTENTION,,2024,1
8018,33639354,0510100,HENDERSON POLICE DEPARTMENT,Accepted,HENDERSON,,,TARTAN,DR,,,,,HONEYSUCKLE,,HEATHER,37.83128265,-87.55449453,,2024-08-11,1430,2,2,0,0,CLEAR,DRY,False,1 VEHICLE PARKED POSITION (NOT PARKING LOT/DRIVEWAY),REAR END,STRAIGHT & LEVEL,DAYLIGHT,,,45516.63665,False,73,Accepted,5,5,O,,FELL ASLEEP,,2024,1
8019,33639355,0510100,HENDERSON POLICE DEPARTMENT,Accepted,HENDERSON,,,GREEN,ST,N,,RICHARDSON ,,,,,37.85544414,-87.57663911,,2024-08-12,540,2,2,0,0,CLEAR,DRY,False,SIDESWIPE-SAME DIRECTION,SIDESWIPE-SAME DIRECTION,STRAIGHT & LEVEL,DARK-HWY LIGHTED/ON,,,45516.63671,False,73,Accepted,5,5,O,,INATTENTION,,2024,1
8020,33642845,0510100,HENDERSON POLICE DEPARTMENT,Accepted,HENDERSON,,,US41,,N,,,,,,,37.86090777,-87.57554901,,2024-08-12,748,2,2,0,0,CLEAR,DRY,False,SIDESWIPE COLLISION - SAME DIRECTION,SIDESWIPE-SAME DIRECTION,CURVE & GRADE,DAYLIGHT,,,45517.42505,False,82,Accepted,5,5,O,,OTHER,,2024,1
8021,33642846,0510100,HENDERSON POLICE DEPARTMENT,Accepted,HENDERSON,US0041A,100,GREEN,ST,N,,1ST,,,,,37.83821577,-87.58928658,15.824,2024-08-12,1543,2,2,0,0,CLEAR,DRY,False,ANGLE COLLISION - ONE VEHICLE TURNING LEFT,ANGLE,STRAIGHT & LEVEL,DAYLIGHT,,,45517.42512,False,47,Accepted,5,5,O,,OTHER,,2024,1
8023,33642857,0510000,HENDERSON COUNTY SHERIFF DEPT.,Accepted,HENDERSON,US0041,,US41,,N,,,,,,,37.84496086,-87.56617476,15.11,2024-08-05,1337,2,2,0,0,CLEAR,DRY,False,REAR END IN TRAFFIC LANES BOTH VEHICLES MOVING,REAR END,STRAIGHT & LEVEL,DAYLIGHT,,,45517.42707,False,139,Accepted,5,5,O,,INATTENTION,,2024,1
8025,33647075,0510100,HENDERSON POLICE DEPARTMENT,Accepted,HENDERSON,US0041A,301,GREEN,ST,S,,CLAY,,,,,37.83378007,-87.59327681,15.445,2024-07-26,1825,2,2,0,2,CLEAR,DRY,False,ANGLE COLLISION - OTHER,ANGLE,STRAIGHT & LEVEL,DAYLIGHT,,,45518.33385,True,29,Accepted,5,2,A,,INATTENTION,,2024,1
8026,33647091,0510100,HENDERSON POLICE DEPARTMENT,Accepted,HENDERSON,,,BARRET,BLVD,,US0060,US60,,,,,37.85988081,-87.56773771,0.351,2024-08-09,1354,2,1,0,0,CLEAR,DRY,False,OTHER INTERSECTION COLLISIONS,REAR END,STRAIGHT & HILLCREST,DAYLIGHT,,,45518.33526,False,32,Accepted,5,5,O,,"DRUG INVOLVEMENT, FELL ASLEEP",,2024,1
8027,33647990,0510100,HENDERSON POLICE DEPARTMENT,Accepted,HENDERSON,US0041,,US41,,N,,,US0041,US41 N EXIT81 OFF RAMP TO US60 E,US0060,US60,37.85729683,-87.57326865,16.047,2024-08-09,1424,2,2,0,0,CLEAR,DRY,False,REAR END IN TRAFFIC LANES BOTH VEHICLES MOVING,REAR END,STRAIGHT & LEVEL,DAYLIGHT,,,45518.45287,False,65,Accepted,5,5,O,BACKUP DUE TO REGULAR CONGESTION,INATTENTION,,2024,1
8028,33647992,0510100,HENDERSON POLICE DEPARTMENT,Accepted,HENDERSON,,,ELM,ST,N,,,,,,,37.84245181,-87.58854726,,2024-08-13,1100,1,1,0,0,CLEAR,DRY,False,OTHER ROADWAY OR MID-BLOCK COLLISION,SINGLE VEHICLE,STRAIGHT & LEVEL,DAYLIGHT,,,45518.45295,False,82,Accepted,5,5,O,,MISJUDGE CLEARANCE,,2024,1
8029,33652279,0510100,HENDERSON POLICE DEPARTMENT,Accepted,HENDERSON,US0041,,US41,,N,,,,,,,37.8386759,-87.56445818,14.661,2024-08-03,604,1,1,0,1,CLEAR,DRY,False,OTHER COLLISIONS ON SHOULDER,SINGLE VEHICLE,CURVE & HILLCREST,DAYLIGHT,,,45519.38735,False,65,Accepted,4,4,C,,NOT UNDER PROPER CONTROL,,2024,1
8031,33653796,0510100,HENDERSON POLICE DEPARTMENT,Accepted,HENDERSON,US0041,,US41,,N,,WATSON,,,,,37.87536336,-87.56784758,17.409,2024-08-14,1200,2,2,0,0,CLEAR,DRY,False,ANGLE COLLISION - OTHER,ANGLE,STRAIGHT & LEVEL,DAYLIGHT,,,45519.5965,False,32,Accepted,5,5,O,,"DISREGARD TRAFFIC CONTROL, INATTENTION",,2024,1
8032,33653940,0510100,HENDERSON POLICE DEPARTMENT,Accepted,HENDERSON,,,MEADOW,ST,,,,,WASHINGTON,,POWELL,37.83033275,-87.58246064,0.53,2024-08-11,1300,2,2,0,0,CLEAR,DRY,False,HEAD-ON COLLISION,HEAD ON,STRAIGHT & LEVEL,DAYLIGHT,,,45519.61566,False,34,Accepted,5,5,O,,INATTENTION,,2024,1
8035,33657682,0510100,HENDERSON POLICE DEPARTMENT,Accepted,HENDERSON,US0041A,,GREEN,ST,N,,1ST,,,,,37.83821882,-87.58927763,15.824,2024-08-12,1602,2,1,0,0,CLEAR,DRY,False,COLLISION WITH PEDESTRIAN IN INTERSECTION,SINGLE VEHICLE,STRAIGHT & LEVEL,DAWN,,,45520.41277,False,67,Accepted,5,5,O,,INATTENTION,,2024,1
8036,33658191,0510100,HENDERSON POLICE DEPARTMENT,Accepted,HENDERSON,,607,CENTER,ST,,,,,,,,37.83572518,-87.5869727,,2024-08-15,1245,2,2,0,0,CLEAR,DRY,False,1 VEHICLE PARKED POSITION (NOT PARKING LOT/DRIVEWAY),HEAD ON,STRAIGHT & LEVEL,DAYLIGHT,,,45520.52563,False,82,Accepted,5,5,O,,"FAILED TO KEEP PROPER LANE, OTHER",OTHER,2024,1
8037,33659362,0510100,HENDERSON POLICE DEPARTMENT,Accepted,HENDERSON,KY0812,,AIRLINE,RD,,,,,DOVE TRAIL,,GARDEN MILE,37.81672018,-87.56344584,6.999,2024-08-07,1545,4,4,0,0,CLEAR,DRY,False,OTHER ROADWAY OR MID-BLOCK COLLISION,REAR END,STRAIGHT & HILLCREST,DAYLIGHT,,,45520.71244,True,77,Accepted,5,5,O,,INATTENTION,,2024,1
8038,33667167,0510100,HENDERSON POLICE DEPARTMENT,Accepted,HENDERSON,,325,RETTIG,RD,,,,,,,,37.86740351,-87.57255262,,2024-08-15,1130,1,1,0,0,CLOUDY,DRY,False,COLLISION WITH FIXED OBJECT NON - INTERSECTION - FIRST EVENT COLLISION 09 - 32 EXCLUDING 16,SINGLE VEHICLE,STRAIGHT & LEVEL,DAYLIGHT,,,45523.35081,False,82,Accepted,5,5,O,,INATTENTION,,2024,1
8039,33667372,0510100,HENDERSON POLICE DEPARTMENT,Accepted,HENDERSON,US0041,,US41,,N,,,,KIMSEY,,VAN WYK,37.84805672,-87.56665488,15.323,2024-08-16,1410,1,1,0,1,CLEAR,DRY,False,RAN OFF ROADWAY (1 VEHICLE WITH/EARTH EMBANKMENT/DITCH),SINGLE VEHICLE,CURVE & GRADE,DAYLIGHT,,,45523.38336,False,67,Accepted,4,4,C,,INATTENTION,,2024,1
8040,33667374,0510100,HENDERSON POLICE DEPARTMENT,Accepted,HENDERSON,US0041,3113,US41,,N,,,,,,,37.88317799,-87.56340482,17.985,2024-08-18,925,2,2,0,0,CLEAR,DRY,False,REAR END IN TRAFFIC LANES BOTH VEHICLES MOVING,REAR END,STRAIGHT & LEVEL,DAYLIGHT,,,45523.38342,False,25,Accepted,5,5,O,,"FOLLOWING TOO CLOSE, INATTENTION",,2024,1
8042,33668973,0510100,HENDERSON POLICE DEPARTMENT,Accepted,HENDERSON,,,WATER,ST,S,,,,,,,37.83990153,-87.59421497,,2024-08-08,900,2,2,0,0,CLEAR,DRY,False,1 VEHICLE ENTERING/LEAVING ENTRANCE,ANGLE,STRAIGHT & LEVEL,DAYLIGHT,,,45523.5926,False,82,Accepted,5,5,O,,INATTENTION,,2024,1
8043,33668974,0510100,HENDERSON POLICE DEPARTMENT,Accepted,HENDERSON,,517,CLAY,ST,,,,,,,,37.83286492,-87.59176893,,2024-08-08,1015,1,1,0,0,CLEAR,GRAVEL,False,COLLISION WITH FIXED OBJECT NON - INTERSECTION - FIRST EVENT COLLISION 09 - 32 EXCLUDING 16,SINGLE VEHICLE,STRAIGHT & LEVEL,DAYLIGHT,,,45523.59268,False,82,Accepted,5,5,O,HOLES/DEEP RUTS/BUMPS,OTHER,,2024,1
8046,33672203,0510100,HENDERSON POLICE DEPARTMENT,Accepted,HENDERSON,US0041A,100,GREEN,ST,N,,,,,,,37.83840318,-87.58912995,15.814,2024-08-19,820,2,2,0,0,CLOUDY,DRY,False,REAR END IN TRAFFIC LANES BOTH VEHICLES MOVING,REAR END,STRAIGHT & LEVEL,DAYLIGHT,,,45524.34112,False,59,Accepted,5,5,O,,INATTENTION,,2024,1
8047,33672384,0510100,HENDERSON POLICE DEPARTMENT,Accepted,HENDERSON,,,ELM,ST,N,,ELK,,,,,37.85739531,-87.57900447,1.502,2024-08-19,1644,2,2,0,1,CLEAR,DRY,False,ANGLE COLLISION - OTHER,ANGLE,STRAIGHT & LEVEL,DAYLIGHT,,,45524.3799,False,59,Accepted,4,4,C,,FAILED TO YIELD RIGHT OF WAY,,2024,1
8048,33672470,0510100,HENDERSON POLICE DEPARTMENT,Accepted,HENDERSON,,,2ND,ST,,,INGRAM,,,,,37.83883129,-87.58702293,,2024-08-01,1220,2,2,0,0,CLOUDY,DRY,False,ANGLE COLLISION - OTHER,ANGLE,STRAIGHT & LEVEL,DAYLIGHT,,,45524.39351,False,73,Accepted,5,5,O,,"FAILED TO YIELD RIGHT OF WAY, INATTENTION",,2024,1
8049,33673058,0510100,HENDERSON POLICE DEPARTMENT,Accepted,HENDERSON,,200,2ND,ST,,,,,,,,37.83961656,-87.58874015,0.018,2024-08-19,1242,2,2,0,0,CLEAR,DRY,False,SIDESWIPE COLLISION - SAME DIRECTION,SIDESWIPE-SAME DIRECTION,STRAIGHT & LEVEL,DAYLIGHT,,,45524.4897,False,59,Accepted,5,5,O,,MISJUDGE CLEARANCE,,2024,1
8050,33673060,0510100,HENDERSON POLICE DEPARTMENT,Accepted,HENDERSON,KY0812,,AIRLINE,RD,,,ATKINSON,,,,,37.82455518,-87.57754393,7.935,2024-08-19,736,2,2,0,1,CLEAR,DRY,False,ANGLE COLLISION - OTHER,ANGLE,STRAIGHT & LEVEL,DAYLIGHT,,,45524.48981,False,65,Accepted,5,4,C,,OTHER,BRAKES DEFECTIVE,2024,1
8053,33680907,0510100,HENDERSON POLICE DEPARTMENT,Accepted,HENDERSON,,1339,RULLION GREEN,WAY,,,,,,,,37.8559485,-87.55393321,0.005,2024-08-18,2003,1,1,0,0,CLEAR,DRY,False,COLLISION WITH FIXED OBJECT NON - INTERSECTION - FIRST EVENT COLLISION 09 - 32 EXCLUDING 16,SINGLE VEHICLE,STRAIGHT & GRADE,DARK (UNKNOWN ROADWAY LIGHTING),,,45526.09146,False,30,Accepted,5,5,O,,OTHER,,2024,1
8056,33683618,0510100,HENDERSON POLICE DEPARTMENT,Accepted,HENDERSON,,,GREEN,ST,,,12TH,,,,,37.85217786,-87.58026909,,2024-08-21,1045,2,2,0,0,CLEAR,DRY,False,ANGLE COLLISION - OTHER,ANGLE,STRAIGHT & LEVEL,DAYLIGHT,,,45526.64038,False,82,Accepted,5,5,O,,OTHER,,2024,1
8057,33683619,0510100,HENDERSON POLICE DEPARTMENT,Accepted,HENDERSON,US0041A,1435,GREEN,ST,S,,,,,,,37.82149829,-87.60609876,14.296,2024-08-21,1200,2,2,0,0,CLEAR,DRY,False,1 VEHICLE ENTERING/LEAVING ENTRANCE,ANGLE,STRAIGHT & LEVEL,DAYLIGHT,,,45526.64043,False,47,Accepted,5,5,O,,"INATTENTION, EXCEEDED STATED SPEED LIMIT",,2024,1
8058,33683620,0510100,HENDERSON POLICE DEPARTMENT,Accepted,HENDERSON,,,RICHARDSON,AVE,,US0041A,US41 ALT,,,,,37.85548046,-87.57631436,0.014,2024-08-21,1505,2,2,0,0,CLEAR,DRY,False,OTHER INTERSECTION COLLISIONS,REAR END,CURVE & LEVEL,DAYLIGHT,,,45526.64049,False,47,Accepted,5,5,O,,"FOLLOWING TOO CLOSE, INATTENTION",,2024,1
8059,33683621,0510100,HENDERSON POLICE DEPARTMENT,Accepted,HENDERSON,US0060,,US60,,E,,WATSON,,,,,37.86481288,-87.55503003,11.39,2024-08-19,532,2,2,0,0,CLEAR,DRY,False,ANGLE COLLISION - ONE VEHICLE TURNING LEFT,ANGLE,STRAIGHT & HILLCREST,DAYLIGHT,,,45526.64059,False,32,Accepted,5,5,O,IMPROPER/NON-WORKING TRAFFIC CONTROLS,DISREGARD TRAFFIC CONTROL,,2024,1
8060,33684611,0510100,HENDERSON POLICE DEPARTMENT,Accepted,HENDERSON,,,US HWY 60 EAST,,,,,,,,,37.857525,-87.57280506,,2024-08-22,740,2,2,0,0,CLEAR,DRY,False,REAR END IN TRAFFIC LANES BOTH VEHICLES MOVING,REAR END,STRAIGHT & LEVEL,DAYLIGHT,,,45526.798,False,82,Accepted,5,5,O,BACKUP DUE TO REGULAR CONGESTION,OTHER,,2024,1
8061,33684612,0510100,HENDERSON POLICE DEPARTMENT,Accepted,HENDERSON,,,GREEN,ST,,,CLAY,,,,,37.83378082,-87.59327583,,2024-08-22,750,2,2,0,0,CLEAR,DRY,False,ANGLE COLLISION - OTHER,ANGLE,STRAIGHT & LEVEL,DAYLIGHT,,,45526.79806,False,82,Accepted,5,5,O,,OTHER,,2024,1
8064,33686992,0510100,HENDERSON POLICE DEPARTMENT,Accepted,HENDERSON,,2500,HEATHER,LN,,,TARTAN,,,,,37.83262062,-87.55323247,0.064,2024-08-22,1124,2,2,0,0,CLEAR,DRY,False,VEHICLE BACKING IN INTERSECTION,BACKING,STRAIGHT & LEVEL,DAYLIGHT,,,45527.44506,False,59,Accepted,5,5,O,,"IMPROPER BACKING, INATTENTION",,2024,1
8065,33696753,0510100,HENDERSON POLICE DEPARTMENT,Accepted,HENDERSON,US0041,2910,US41,,N,,,,,,,37.88159905,-87.56425734,17.872,2024-08-24,1720,2,2,0,0,CLEAR,DRY,False,OTHER ROADWAY OR MID-BLOCK COLLISION,OPPOSING LEFT TURN,STRAIGHT & LEVEL,DAYLIGHT,,,45530.34632,False,47,Accepted,5,5,O,,FAILED TO YIELD RIGHT OF WAY,,2024,1
8066,33697155,0510100,HENDERSON POLICE DEPARTMENT,Accepted,HENDERSON,US0041,2500,US41,,N,,,,,,,37.87306077,-87.56901959,17.236,2024-08-23,1734,3,3,0,0,CLEAR,DRY,False,REAR END IN TRAFFIC LANES BOTH VEHICLES MOVING,REAR END,STRAIGHT & LEVEL,DAYLIGHT,,,45530.40223,False,59,Accepted,5,5,O,,"FOLLOWING TOO CLOSE, INATTENTION",,2024,1
8067,33700412,0510100,HENDERSON POLICE DEPARTMENT,Accepted,HENDERSON,,1232,TARANSAY,DR,,,,,,,,37.85804103,-87.55763143,0.262,2024-08-17,322,3,3,0,1,CLEAR,DRY,False,1 VEHICLE PARKED POSITION (NOT PARKING LOT/DRIVEWAY),SIDESWIPE-SAME DIRECTION,STRAIGHT & LEVEL,DARK-HWY LIGHTED/OFF,,,45531.00184,True,23,Accepted,5,3,B,,"INATTENTION, NOT UNDER PROPER CONTROL",,2024,1
8068,33700524,0510100,HENDERSON POLICE DEPARTMENT,Accepted,HENDERSON,,,5TH,ST,,,INGRAM,,,,,37.84267366,-87.5844644,0.859,2024-08-13,2258,1,1,0,0,CLEAR,DRY,True,COLLISION WITH FIXED OBJECT IN INTERSECTION - FIRST EVENT COLLISION 09 - 32,SINGLE VEHICLE,STRAIGHT & LEVEL,DARK-HWY LIGHTED/OFF,,,45531.03834,False,29,Accepted,5,5,O,,DRUG INVOLVEMENT,,2024,1
8069,33702048,0510100,HENDERSON POLICE DEPARTMENT,Accepted,HENDERSON,US0041,,US41,,N,,,,,,,37.86778587,-87.57185186,,2024-08-23,810,2,2,0,0,CLEAR,DRY,False,REAR END IN TRAFFIC LANES BOTH VEHICLES MOVING,REAR END,STRAIGHT & LEVEL,DAYLIGHT,,,45531.37956,False,82,Accepted,5,5,O,BACKUP DUE TO REGULAR CONGESTION,OTHER,BRAKES DEFECTIVE,2024,1
8075,33702552,0510100,HENDERSON POLICE DEPARTMENT,Accepted,HENDERSON,,1615,EDDS,ALY,,,,,,,,37.81925598,-87.61163398,,2024-08-24,1050,1,1,0,0,CLEAR,GRAVEL,False,COLLISION WITH FIXED OBJECT NON - INTERSECTION - FIRST EVENT COLLISION 09 - 32 EXCLUDING 16,SINGLE VEHICLE,STRAIGHT & LEVEL,DAYLIGHT,,,45531.4805,False,82,Accepted,5,5,O,,OTHER,STEERING FAILURE,2024,1
8076,33707241,0510100,HENDERSON POLICE DEPARTMENT,Accepted,HENDERSON,US0041,,US41,,N,,WATSON,,,,,37.87556172,-87.56769488,17.424,2024-08-21,813,1,1,0,1,CLOUDY,DRY,False,OTHER INTERSECTION COLLISIONS,SINGLE VEHICLE,STRAIGHT & LEVEL,DAYLIGHT,,,45532.48014,False,15,Accepted,3,3,B,,TURNING IMPROPERLY,,2024,1
8077,33707251,0510100,HENDERSON POLICE DEPARTMENT,Accepted,HENDERSON,US0041,1900,US41,,N,,,,,,,37.8589648,-87.57511394,16.197,2024-08-27,1408,2,2,0,0,CLEAR,DRY,False,SIDESWIPE COLLISION - SAME DIRECTION,SIDESWIPE-SAME DIRECTION,CURVE & LEVEL,DAYLIGHT,,,45532.48029,False,59,Accepted,5,5,O,,"OTHER, IMPROPER PASSING, INATTENTION",,2024,1
8078,33711348,0510000,HENDERSON COUNTY SHERIFF DEPT.,Accepted,HENDERSON,US0060,,GREEN,ST,S,,,,,,,37.80018077,-87.64703286,8.738,2024-08-28,1440,2,2,0,0,CLEAR,DRY,False,SIDESWIPE COLLISION - SAME DIRECTION,SIDESWIPE-SAME DIRECTION,STRAIGHT & LEVEL,DAYLIGHT,,,45533.39185,False,164,Accepted,5,5,O,,FAILED TO YIELD RIGHT OF WAY,,2024,1
8080,33711488,0510100,HENDERSON POLICE DEPARTMENT,Accepted,HENDERSON,KY0351,,2ND,ST,,,,,,,,37.83368082,-87.57415851,0.884,2024-08-28,1556,2,2,0,0,CLEAR,DRY,False,1 VEHICLE ENTERING/LEAVING ENTRANCE,ANGLE,STRAIGHT & LEVEL,DAYLIGHT,,,45533.41766,False,27,Accepted,5,5,O,,FAILED TO YIELD RIGHT OF WAY,,2024,1
8081,33711489,0510100,HENDERSON POLICE DEPARTMENT,Accepted,HENDERSON,US0041A,200,GREEN,ST,S,,,,,,,37.83463199,-87.59246562,15.519,2024-08-28,1459,2,2,0,0,CLEAR,DRY,False,SIDESWIPE COLLISION - SAME DIRECTION,SIDESWIPE-SAME DIRECTION,STRAIGHT & LEVEL,DAYLIGHT,,,45533.41788,False,59,Accepted,5,5,O,,"FAILED TO YIELD RIGHT OF WAY, INATTENTION",,2024,1
8084,33716888,0510100,HENDERSON POLICE DEPARTMENT,Accepted,HENDERSON,,,US HWY 41N,,,,RETTIG,,,,,37.86729762,-87.57225527,,2024-08-29,1315,2,2,0,0,CLEAR,DRY,False,ANGLE COLLISION - OTHER,ANGLE,STRAIGHT & LEVEL,DAYLIGHT,,,45534.60078,False,73,Accepted,5,5,O,,"DISREGARD TRAFFIC CONTROL, FAILED TO YIELD RIGHT OF WAY, INATTENTION",,2024,1
8085,33718456,0510100,HENDERSON POLICE DEPARTMENT,Accepted,HENDERSON,,,POWELL,ST,,,LETCHER,,,,,37.82743318,-87.57882051,1.186,2024-08-24,52,1,1,0,0,CLEAR,DRY,False,COLLISION WITH FIXED OBJECT IN INTERSECTION - FIRST EVENT COLLISION 09 - 32,SINGLE VEHICLE,STRAIGHT & LEVEL,DARK-HWY LIGHTED/ON,,,45534.95273,False,33,Accepted,5,5,O,,"NOT UNDER PROPER CONTROL, TURNING IMPROPERLY",,2024,1
8086,33718487,0510100,HENDERSON POLICE DEPARTMENT,Accepted,HENDERSON,KY0351,,2ND,ST,,,INGRAM,,,,,37.83889329,-87.58699565,0.087,2024-08-23,1813,2,2,0,0,CLEAR,DRY,False,ANGLE COLLISION - OTHER,ANGLE,STRAIGHT & LEVEL,DAYLIGHT,,,45534.95991,False,30,Accepted,5,5,O,,INATTENTION,,2024,1