OBJECTID,IncidentID,AgencyORI,AgencyName,IncidentStatusDesc,County,RdwyNumber,Street,RoadwayName,StreetSfx,StreetDir,IntersectionRdwy,IntersectionRdwyName,BetweenStRdwy1,BetweenStRdwyName1,BetweenStRdwy2,BetweenStRdwyName2,Latitude,Longitude,Milepoint,CollisionDate,CollisionTime,UnitsInvolved,MotorVehiclesInvolved,NumberKilled,NumberInjured,Weather,RdwyConditionCode,HitandRun,DirAnalysisCode,MannerofCollision,RdwyCharacter,LightCondition,RampFromRdwyId,RampToRdwyId,AcceptedDate,IsSecondaryCollision,OwnerBadge,IncidentStatus,InjurySeverityCde,KABCO_Code,KABCO,Environmental_Factors,Human_Factors,Vehicular_Factors,CollisionYear,CityCrash
8087,33725131,0510100,HENDERSON POLICE DEPARTMENT,Accepted,HENDERSON,US0041,,US41,,N,,,,,,,37.87488831,-87.56782572,17.378,2024-08-31,1348,2,2,0,0,CLOUDY,DRY,False,1 VEHICLE ENTERING/LEAVING ENTRANCE,ANGLE,STRAIGHT & LEVEL,DAYLIGHT,,,45537.39133,False,31,Accepted,5,5,O,,"DISTRACTION, INATTENTION",,2024,1
8088,33725372,0510100,HENDERSON POLICE DEPARTMENT,Accepted,HENDERSON,US0041,,US41,,N,,,,WALNUT,,WATSON,37.87787578,-87.56633688,17.599,2024-08-30,718,2,2,0,0,CLEAR,DRY,False,OTHER ROADWAY OR MID-BLOCK COLLISION,REAR END,STRAIGHT & LEVEL,DAYLIGHT,,,45537.48315,False,67,Accepted,5,5,O,,INATTENTION,,2024,1
8089,33725375,0510100,HENDERSON POLICE DEPARTMENT,Accepted,HENDERSON,,,ELM,ST,N,,14TH,,,,,37.85480538,-87.58066603,1.301,2024-08-30,955,2,2,0,2,CLEAR,DRY,False,ANGLE COLLISION - OTHER,ANGLE,STRAIGHT & HILLCREST,DAYLIGHT,,,45537.48329,False,64,Accepted,5,3,B,,INATTENTION,,2024,1
8090,33725519,0510100,HENDERSON POLICE DEPARTMENT,Accepted,HENDERSON,US0041,2630,US41,,N,,,,WATSON,,PAUL,37.87455946,-87.56811103,17.352,2024-09-01,1359,2,2,0,0,CLEAR,DRY,False,1 VEHICLE ENTERING/LEAVING ENTRANCE,ANGLE,STRAIGHT & LEVEL,DAYLIGHT,,,45537.53842,False,32,Accepted,5,5,O,,FAILED TO YIELD RIGHT OF WAY,,2024,1
8091,33725520,0510100,HENDERSON POLICE DEPARTMENT,Accepted,HENDERSON,,,CENTER,ST,,,,,MEADOW,,BEALS,37.83247357,-87.5804658,0.228,2024-09-01,439,2,2,0,0,CLEAR,DRY,True,1 VEHICLE PARKED POSITION (NOT PARKING LOT/DRIVEWAY),SIDESWIPE-SAME DIRECTION,STRAIGHT & LEVEL,DAWN,,,45537.53849,False,65,Accepted,5,5,O,,INATTENTION,,2024,1
8097,33736619,0510000,HENDERSON COUNTY SHERIFF DEPT.,Accepted,HENDERSON,US0060,2091,GREEN,ST,S,,,,,,,37.8080732,-87.62747549,9.952,2024-09-04,631,2,2,0,0,CLEAR,DRY,False,REAR END IN TRAFFIC LANES BOTH VEHICLES MOVING,REAR END,STRAIGHT & LEVEL,DAWN,,,45539.66744,False,120,Accepted,5,5,O,,"FAILED TO KEEP PROPER LANE, FELL ASLEEP, NOT UNDER PROPER CONTROL",,2024,1
8098,33738385,0510100,HENDERSON POLICE DEPARTMENT,Accepted,HENDERSON,US0041,,US41,,N,,JOHN JAMES AUDUBON STATE,,,,,37.88209497,-87.56414072,17.859,2024-08-31,158,2,2,0,0,CLEAR,DRY,False,ANGLE COLLISION - OTHER,ANGLE,STRAIGHT & LEVEL,DARK-HWY LIGHTED/ON,,,45540.10794,False,19,Accepted,5,5,O,,INATTENTION,,2024,1
8099,33738387,0510100,HENDERSON POLICE DEPARTMENT,Accepted,HENDERSON,KY0351,,2ND,ST,,,KLUTEY PARK PLAZA,,,,,37.83239178,-87.57161813,1.044,2024-08-25,1740,2,2,0,0,CLEAR,DRY,False,ANGLE COLLISION - OTHER,ANGLE,STRAIGHT & LEVEL,DAYLIGHT,,,45540.10811,False,49,Accepted,5,5,O,GLARE (SUN),DISREGARD TRAFFIC CONTROL,,2024,1
8100,33738389,0510100,HENDERSON POLICE DEPARTMENT,Accepted,HENDERSON,US0041,2480,US41,,N,,,,,,,37.87122525,-87.56997446,17.098,2024-08-27,2115,2,2,0,1,CLEAR,DRY,False,1 VEHICLE ENTERING/LEAVING ENTRANCE,ANGLE,STRAIGHT & LEVEL,DARK-HWY LIGHTED/ON,,,45540.10822,False,61,Accepted,5,2,A,,"DISREGARD TRAFFIC CONTROL, INATTENTION",,2024,1
8101,33738390,0510100,HENDERSON POLICE DEPARTMENT,Accepted,HENDERSON,US0060,,GREEN,ST,S,,COMMUNITY,,,,,37.80393922,-87.63743781,9.317,2024-08-18,50,1,1,0,0,CLEAR,DRY,False,COLLISION WITH ANIMAL IN INTERSECTION,SINGLE VEHICLE,STRAIGHT & LEVEL,DARK-HWY LIGHTED/ON,,,45540.10833,False,35,Accepted,5,5,O,ANIMALS ACTION,,,2024,1
8102,33738391,0510100,HENDERSON POLICE DEPARTMENT,Accepted,HENDERSON,US0041,,,,,,,,,,,37.85887045,-87.5741159,0.211,2024-08-25,2050,1,1,0,0,CLEAR,DRY,False,COLLISION WITH FIXED OBJECT NOT IN GORE ,SINGLE VEHICLE,CURVE & HILLCREST,DARK-HWY LIGHTED/ON,US0041,US0041,45540.10846,False,19,Accepted,5,5,O,,"ALCOHOL INVOLVEMENT, NOT UNDER PROPER CONTROL, OVERCORRECTING/OVERSTEERING",,2024,1
8103,33738393,0510100,HENDERSON POLICE DEPARTMENT,Accepted,HENDERSON,,,5TH,ST,,,HEILMAN,,,,,37.83941356,-87.57638153,0.354,2024-08-26,2309,2,2,0,0,CLEAR,DRY,False,HEAD-ON COLLISION,HEAD ON,CURVE & LEVEL,DARK-HWY LIGHTED/ON,,,45540.10859,False,42,Accepted,5,5,O,,"EMOTIONAL, EXCEEDED STATED SPEED LIMIT, NOT UNDER PROPER CONTROL, MISJUDGE CLEARANCE",,2024,1
8104,33738395,0510100,HENDERSON POLICE DEPARTMENT,Accepted,HENDERSON,US0041A,300,GREEN,ST,N,,,,,,,37.84129112,-87.58738816,16.061,2024-07-31,2348,1,1,0,0,CLEAR,DRY,False,COLLISION WITH FIXED OBJECT NON - INTERSECTION - FIRST EVENT COLLISION 09 - 32 EXCLUDING 16,SINGLE VEHICLE,STRAIGHT & LEVEL,DARK (UNKNOWN ROADWAY LIGHTING),,,45540.1088,False,30,Accepted,5,5,O,,DRUG INVOLVEMENT,,2024,1
8105,33738396,0510100,HENDERSON POLICE DEPARTMENT,Accepted,HENDERSON,,900,WASHINGTON,ST,,,,,,,,37.83215781,-87.58407699,0.744,2024-09-02,2247,1,1,0,1,CLEAR,DRY,True,COLLISION WITH FIXED OBJECT NON - INTERSECTION - FIRST EVENT COLLISION 09 - 32 EXCLUDING 16,SINGLE VEHICLE,STRAIGHT & LEVEL,DARK (UNKNOWN ROADWAY LIGHTING),,,45540.10886,False,30,Accepted,5,3,B,,"ALCOHOL INVOLVEMENT, INATTENTION",,2024,1
8106,33738398,0510100,HENDERSON POLICE DEPARTMENT,Accepted,HENDERSON,,202,POWELL,ST,,,ALVES,,,,,37.83283423,-87.58806615,0.56,2024-02-29,2010,2,2,0,0,CLEAR,DRY,False,COLLISION WITH PARKED VEHICLE,REAR END,STRAIGHT & LEVEL,DARK-HWY LIGHTED/ON,,,45540.10904,False,49,Accepted,5,5,O,,INATTENTION,,2024,1
8107,33739086,0510100,HENDERSON POLICE DEPARTMENT,Accepted,HENDERSON,US0041,2053,US41,,N,,,,MARYWOOD,,BARRET,37.86625603,-87.57286576,16.724,2024-09-02,1432,2,2,0,0,CLEAR,DRY,False,OTHER ROADWAY OR MID-BLOCK COLLISION,OPPOSING LEFT TURN,STRAIGHT & LEVEL,DAYLIGHT,,,45540.34619,False,32,Accepted,5,5,O,,FAILED TO YIELD RIGHT OF WAY,,2024,1
8113,33744848,0510100,HENDERSON POLICE DEPARTMENT,Accepted,HENDERSON,US0041A,,GREEN,ST,N,,14TH,,,,,37.85405892,-87.57879141,17.071,2024-09-03,1216,3,3,0,1,CLEAR,DRY,False,OPPOSING LEFT TURN,OPPOSING LEFT TURN,STRAIGHT & LEVEL,DAYLIGHT,,,45541.48736,False,34,Accepted,4,4,C,BACKUP DUE TO REGULAR CONGESTION,INATTENTION,,2024,1
8114,33744851,0510100,HENDERSON POLICE DEPARTMENT,Accepted,HENDERSON,KY2084,,KY2084,,,,,,,,,37.83070651,-87.5689496,0.522,2024-09-03,1550,1,1,0,0,CLEAR,DRY,False,OTHER ROADWAY OR MID-BLOCK COLLISION,SINGLE VEHICLE,CURVE & LEVEL,DAYLIGHT,,,45541.48745,False,47,Accepted,5,5,O,,OTHER,OTHER,2024,1
8115,33745557,0510100,HENDERSON POLICE DEPARTMENT,Accepted,HENDERSON,,,LINCOLN,AVE,,KY2098,WASHINGTON,,,,,37.82531464,-87.5721038,0.182,2024-09-05,911,2,2,0,1,CLEAR,DRY,False,ANGLE COLLISION - OTHER,ANGLE,STRAIGHT & HILLCREST,DAYLIGHT,,,45541.62142,False,64,Accepted,4,4,C,,INATTENTION,,2024,1
8116,33745558,0510100,HENDERSON POLICE DEPARTMENT,Accepted,HENDERSON,,,BEND GATE,RD,,,,US0060,US60,,GREEN RIVER,37.86549318,-87.55699198,0.199,2024-09-05,1440,2,2,0,0,CLEAR,DRY,False,REAR END IN TRAFFIC LANES BOTH VEHICLES MOVING,REAR END,STRAIGHT & LEVEL,DAYLIGHT,,,45541.62149,False,32,Accepted,5,5,O,BACKUP DUE TO REGULAR CONGESTION,NOT UNDER PROPER CONTROL,,2024,1
8117,33745851,0510100,HENDERSON POLICE DEPARTMENT,Accepted,HENDERSON,,603,TAYLOR,DR,,,,,,,,37.85145188,-87.57712292,,2024-09-03,1210,2,2,0,0,CLEAR,DRY,False,1 VEHICLE PARKED POSITION (NOT PARKING LOT/DRIVEWAY),BACKING,STRAIGHT & LEVEL,DAYLIGHT,,,45541.65588,False,82,Accepted,5,5,O,,INATTENTION,,2024,1
8118,33745854,0510100,HENDERSON POLICE DEPARTMENT,Accepted,HENDERSON,,700,HARRIS,DR,,,,,,,,37.82295424,-87.59790037,,2024-09-05,650,1,1,0,0,CLEAR,DRY,False,COLLISION WITH FIXED OBJECT NON - INTERSECTION - FIRST EVENT COLLISION 09 - 32 EXCLUDING 16,SINGLE VEHICLE,STRAIGHT & GRADE,DAYLIGHT,,,45541.65604,False,82,Accepted,5,5,O,,OTHER,TIRE FAILURE,2024,1
8119,33745856,0510100,HENDERSON POLICE DEPARTMENT,Accepted,HENDERSON,,301,GREEN,ST,S,,,,,,,37.83376134,-87.59329864,,2024-09-05,815,2,2,0,0,CLEAR,DRY,False,1 VEHICLE ENTERING/LEAVING ENTRANCE,ANGLE,STRAIGHT & LEVEL,DAYLIGHT,,,45541.6561,False,82,Accepted,5,5,O,,OTHER,,2024,1
8120,33749552,0510100,HENDERSON POLICE DEPARTMENT,Accepted,HENDERSON,US0041,,US41,,N,US0041,US41 E RAMP TO US41 N,,,,,37.85741786,-87.57352683,16.051,2024-09-04,2149,2,2,0,0,CLEAR,DRY,False,SIDESWIPE-SAME DIRECTION,SIDESWIPE-SAME DIRECTION,STRAIGHT & LEVEL,DARK-HWY LIGHTED/ON,,,45542.90449,False,18,Accepted,5,5,O,,INATTENTION,,2024,1
8121,33754722,0510100,HENDERSON POLICE DEPARTMENT,Accepted,HENDERSON,US0041A,800,GREEN,ST,N,,8TH,,,,,37.84668482,-87.58382199,16.485,2024-09-06,1205,2,2,0,0,CLEAR,DRY,False,OTHER INTERSECTION COLLISIONS,REAR END,STRAIGHT & LEVEL,DAYLIGHT,,,45544.44507,False,6,Accepted,5,5,O,,,BRAKES DEFECTIVE,2024,1
8125,33755761,0510100,HENDERSON POLICE DEPARTMENT,Accepted,HENDERSON,US0041,,US41,,N,,,,,,,37.82923617,-87.56688858,13.994,2024-09-04,1041,2,2,0,0,CLEAR,DRY,True,SIDESWIPE COLLISION - SAME DIRECTION,SIDESWIPE-SAME DIRECTION,STRAIGHT & LEVEL,DAYLIGHT,,,45544.62699,False,17,Accepted,5,5,O,,INATTENTION,,2024,1
8126,33758755,0510100,HENDERSON POLICE DEPARTMENT,Accepted,HENDERSON,,1135,BARRET,BLVD,,,,,,,,37.85895154,-87.56720158,0.277,2024-09-05,1706,2,2,0,0,CLEAR,DRY,False,OTHER ROADWAY OR MID-BLOCK COLLISION,OPPOSING LEFT TURN,STRAIGHT & LEVEL,DAYLIGHT,,,45545.36624,False,32,Accepted,5,5,O,BACKUP DUE TO REGULAR CONGESTION,FAILED TO YIELD RIGHT OF WAY,,2024,1
8127,33758757,0510100,HENDERSON POLICE DEPARTMENT,Accepted,HENDERSON,US0060,,US60,,E,,PEBBLE CREEK,,,,,37.86469877,-87.54917605,11.714,2024-09-07,1120,2,2,0,1,CLEAR,DRY,False,ANGLE COLLISION - OTHER,ANGLE,STRAIGHT & LEVEL,DAYLIGHT,,,45545.36634,False,47,Accepted,5,2,A,OTHER,INATTENTION,,2024,1
8128,33758759,0510100,HENDERSON POLICE DEPARTMENT,Accepted,HENDERSON,,2339,GREEN RIVER,RD,,,,,,,,37.86298988,-87.56526552,0.135,2024-09-09,654,1,1,0,0,CLEAR,DRY,False,COLLISION WITH FIXED OBJECT NON - INTERSECTION - FIRST EVENT COLLISION 09 - 32 EXCLUDING 16,SINGLE VEHICLE,CURVE & LEVEL,DAYLIGHT,,,45545.36647,False,67,Accepted,5,5,O,,INATTENTION,,2024,1
8129,33770412,0510100,HENDERSON POLICE DEPARTMENT,Accepted,HENDERSON,US0041A,1209,GREEN,ST,S,,,,,,,37.82394165,-87.60292548,14.508,2024-09-06,1519,2,2,0,0,CLEAR,DRY,False,1 VEHICLE ENTERING/LEAVING ENTRANCE,ANGLE,STRAIGHT & LEVEL,DAYLIGHT,,,45545.61734,False,50,Accepted,5,5,O,,INATTENTION,,2024,1
8130,33770731,0510100,HENDERSON POLICE DEPARTMENT,Accepted,HENDERSON,,,4TH,ST,,,INGRAM,,,,,37.84145355,-87.5852997,,2024-09-06,910,1,1,0,0,CLEAR,DRY,False,OTHER INTERSECTION COLLISIONS,SINGLE VEHICLE,STRAIGHT & LEVEL,DAYLIGHT,,,45545.66158,False,82,Accepted,5,5,O,,MISJUDGE CLEARANCE,,2024,1
8131,33770732,0510100,HENDERSON POLICE DEPARTMENT,Accepted,HENDERSON,,,ELM,ST,,,2ND,,,,,37.84012565,-87.58998723,,2024-09-06,1140,2,2,0,0,CLEAR,DRY,False,VEHICLE BACKING IN INTERSECTION,BACKING,STRAIGHT & LEVEL,DAYLIGHT,,,45545.66164,False,82,Accepted,5,5,O,,OTHER,,2024,1
8132,33770735,0510100,HENDERSON POLICE DEPARTMENT,Accepted,HENDERSON,,,AIRLINE,RD,,,ADAMS,,,,,37.81102718,-87.55341996,,2024-09-09,950,2,2,0,0,CLEAR,DRY,False,ANGLE COLLISION - ONE VEHICLE TURNING LEFT,ANGLE,STRAIGHT & HILLCREST,DAYLIGHT,,,45545.66178,False,82,Accepted,5,5,O,,INATTENTION,,2024,1
8133,33773754,0510100,HENDERSON POLICE DEPARTMENT,Accepted,HENDERSON,,725,CENTER,ST,,,,,,,,37.83460709,-87.58467806,0.501,2024-09-09,635,2,2,0,0,CLEAR,DRY,True,1 VEHICLE PARKED POSITION (NOT PARKING LOT/DRIVEWAY),REAR END,,DAWN,,,45546.40291,False,37,Accepted,5,5,O,,,,2024,1
8134,33773928,0510100,HENDERSON POLICE DEPARTMENT,Accepted,HENDERSON,,,ATKINSON,ST,,,,,,,,37.82364399,-87.57825302,0.298,2024-09-09,1539,2,2,0,0,CLEAR,DRY,False,1 VEHICLE ENTERING/LEAVING ENTRANCE,ANGLE,STRAIGHT & LEVEL,DAYLIGHT,,,45546.42665,False,37,Accepted,5,5,O,,"FAILED TO YIELD RIGHT OF WAY, INATTENTION",,2024,1
8136,33774770,0510100,HENDERSON POLICE DEPARTMENT,Accepted,HENDERSON,,,CLAY,ST,,,ADAMS,,,,,37.83241318,-87.5909576,0.899,2024-09-09,1727,2,2,0,0,CLEAR,DRY,False,ANGLE COLLISION - ONE VEHICLE TURNING LEFT,ANGLE,STRAIGHT & LEVEL,DAYLIGHT,,,45546.57884,False,37,Accepted,5,5,O,,,,2024,1
8137,33775022,0510100,HENDERSON POLICE DEPARTMENT,Accepted,HENDERSON,,,PRIEST,ST,,KY0351,2ND,,,,,37.83303273,-87.57286474,0.026,2024-09-10,1700,2,2,0,0,CLEAR,DRY,False,OTHER INTERSECTION COLLISIONS,REAR END,STRAIGHT & LEVEL,DAYLIGHT,,,45546.61784,False,59,Accepted,5,5,O,,INATTENTION,,2024,1
8138,33779545,0510100,HENDERSON POLICE DEPARTMENT,Accepted,HENDERSON,,212,MAIN,ST,N,,,,3RD,,2ND,37.84135164,-87.59124318,0.148,2024-09-11,1449,2,2,0,3,CLEAR,DRY,False,1 VEHICLE ENTERING/LEAVING ENTRANCE,ANGLE,STRAIGHT & LEVEL,DAYLIGHT,,,45547.62026,False,32,Accepted,3,3,B,,FAILED TO YIELD RIGHT OF WAY,,2024,1
8141,33785222,0510100,HENDERSON POLICE DEPARTMENT,Accepted,HENDERSON,US0041A,,GREEN,ST,N,,CRESTVIEW,,,,,37.85119082,-87.58085222,16.839,2024-09-07,2305,2,2,0,2,CLEAR,DRY,False,ANGLE COLLISION - OTHER,ANGLE,STRAIGHT & LEVEL,DARK-HWY LIGHTED/ON,,,45549.01938,False,23,Accepted,4,2,A,,INATTENTION,,2024,1
8142,33794132,0510100,HENDERSON POLICE DEPARTMENT,Accepted,HENDERSON,US0060,3030,US60,,E,,,,,,,37.86479965,-87.54399592,11.996,2024-09-09,1629,1,1,1,0,CLEAR,DRY,False,COLLISION WITH FIXED OBJECT NON - INTERSECTION - FIRST EVENT COLLISION 09 - 32 EXCLUDING 16,SINGLE VEHICLE,STRAIGHT & LEVEL,DAYLIGHT,,,45551.66155,False,67,Accepted,5,1,K,,OTHER,,2024,1
8143,33794135,0510100,HENDERSON POLICE DEPARTMENT,Accepted,HENDERSON,US0041,,US41,,N,,BARRET,,,,,37.86431062,-87.57370776,16.58,2024-09-12,1202,2,2,0,1,CLEAR,DRY,False,ANGLE COLLISION - OTHER,ANGLE,STRAIGHT & LEVEL,DAYLIGHT,,,45551.66164,False,37,Accepted,5,2,A,,INATTENTION,,2024,1
8144,33794138,0510100,HENDERSON POLICE DEPARTMENT,Accepted,HENDERSON,US0041,,US41,,N,,WATSON,,,,,37.87538027,-87.56772506,17.414,2024-09-14,1429,2,2,0,0,CLOUDY,DRY,False,OTHER INTERSECTION COLLISIONS,REAR END,STRAIGHT & LEVEL,DAYLIGHT,,,45551.6617,False,25,Accepted,5,5,O,,"FOLLOWING TOO CLOSE, INATTENTION",,2024,1
8145,33794141,0510100,HENDERSON POLICE DEPARTMENT,Accepted,HENDERSON,US0041A,10,GREEN,ST,S,,WASHINGTON,,,,,37.83724954,-87.58991491,15.744,2024-09-12,1245,2,2,0,0,CLEAR,DRY,False,OTHER INTERSECTION COLLISIONS,REAR END,STRAIGHT & LEVEL,DAYLIGHT,,,45551.66175,False,47,Accepted,5,5,O,,FOLLOWING TOO CLOSE,,2024,1
8148,33795502,0510100,HENDERSON POLICE DEPARTMENT,Accepted,HENDERSON,,,SINCLAIR,AVE,,,GREEN RIVER,,,,,37.86707318,-87.56092969,0.013,2024-09-08,105,1,1,0,0,CLEAR,DRY,False,OTHER INTERSECTION COLLISIONS,SINGLE VEHICLE,STRAIGHT & LEVEL,DARK-HWY NOT LIGHTED,,,45551.976,False,19,Accepted,5,5,O,,INATTENTION,,2024,1
8149,33795970,0510100,HENDERSON POLICE DEPARTMENT,Accepted,HENDERSON,US0041A,,GREEN,ST,S,,WASHINGTON,,,,,37.83624644,-87.59076234,15.666,2024-09-12,1929,2,1,0,1,CLEAR,DRY,False,COLLISION WITH PEDESTRIAN IN INTERSECTION,SINGLE VEHICLE,STRAIGHT & LEVEL,DARK-HWY NOT LIGHTED,,,45552.11291,False,49,Accepted,5,3,B,,INATTENTION,,2024,1
8150,33796000,0510100,HENDERSON POLICE DEPARTMENT,Accepted,HENDERSON,,,CLAY,ST,,,,,,,,37.83253415,-87.59126178,0.93,2024-09-10,1746,2,2,0,0,CLEAR,DRY,False,1 VEHICLE PARKED POSITION (NOT PARKING LOT/DRIVEWAY),SIDESWIPE-SAME DIRECTION,STRAIGHT & LEVEL,DAYLIGHT,,,45552.12192,False,58,Accepted,5,5,O,,MISJUDGE CLEARANCE,,2024,1
8151,33796244,0510100,HENDERSON POLICE DEPARTMENT,Accepted,HENDERSON,US0041,,US41,,N,US0041,US41 RAMP FROM KY351,,,,,37.8332887,-87.56549704,14.305,2024-09-12,1408,2,2,0,0,CLEAR,DRY,False,ANGLE COLLISION - OTHER,ANGLE,STRAIGHT & LEVEL,DAYLIGHT,,,45552.2221,False,64,Accepted,5,5,O,,INATTENTION,,2024,1
8152,33796247,0510100,HENDERSON POLICE DEPARTMENT,Accepted,HENDERSON,KY0136,,MADISON,ST,,,ATKINSON,,,,,37.81743523,-87.58397276,20.737,2024-09-16,753,2,2,0,1,CLEAR,DRY,False,OTHER INTERSECTION COLLISIONS,REAR END,STRAIGHT & LEVEL,DAYLIGHT,,,45552.22221,False,25,Accepted,5,3,B,,"FOLLOWING TOO CLOSE, INATTENTION",,2024,1
8153,33796330,0510100,HENDERSON POLICE DEPARTMENT,Accepted,HENDERSON,,,GREEN,ST,S,,BORAX DR,,,,,37.81115697,-87.62271012,,2024-09-12,1720,2,2,0,0,CLOUDY,DRY,False,OTHER INTERSECTION COLLISIONS,REAR END,STRAIGHT & LEVEL,DAYLIGHT,,,45552.25347,False,73,Accepted,5,5,O,,INATTENTION,,2024,1
8154,33796331,0510100,HENDERSON POLICE DEPARTMENT,Accepted,HENDERSON,,,WASHINGTON,ST,,,MEADOW,,,,,37.83089135,-87.58192646,0.596,2024-09-13,549,2,2,0,1,CLOUDY,WET,False,ANGLE COLLISION - ONE VEHICLE TURNING LEFT,ANGLE,STRAIGHT & LEVEL,DARK-HWY NOT LIGHTED,,,45552.25353,False,64,Accepted,3,3,B,,"DISREGARD TRAFFIC CONTROL, INATTENTION",,2024,1
8155,33796334,0510100,HENDERSON POLICE DEPARTMENT,Accepted,HENDERSON,KY0351,2500,ZION,RD,,,,,,,,37.82823938,-87.55761763,1.867,2024-09-12,1430,2,2,0,0,CLEAR,DRY,False,SIDESWIPE COLLISION - SAME DIRECTION,SIDESWIPE-SAME DIRECTION,STRAIGHT & LEVEL,DAYLIGHT,,,45552.25372,False,47,Accepted,5,5,O,,INATTENTION,,2024,1
8156,33796518,0510100,HENDERSON POLICE DEPARTMENT,Accepted,HENDERSON,US0041,,US41,,N,,,US0060,US60,US0041,US41 E RAMP TO US41 S,37.85740732,-87.57353532,16.051,2024-09-13,647,1,1,0,0,CLOUDY,WET,False,OTHER ROADWAY OR MID-BLOCK COLLISION,SINGLE VEHICLE,STRAIGHT & LEVEL,DAYLIGHT,,,45552.31846,False,67,Accepted,5,5,O,SLIPPERY SURFACE,INATTENTION,,2024,1
8157,33796520,0510100,HENDERSON POLICE DEPARTMENT,Accepted,HENDERSON,,,AIRLINE,RD,,,GARDENMILE,,,,,37.81482275,-87.56011469,,2024-09-13,1220,2,2,0,0,CLOUDY,DRY,True,ANGLE COLLISION - OTHER,ANGLE,STRAIGHT & LEVEL,DAYLIGHT,,,45552.31851,False,73,Accepted,5,5,O,,,,2024,1
8158,33796522,0510100,HENDERSON POLICE DEPARTMENT,Accepted,HENDERSON,,,CENTER,ST,,,ALVES,,,,,37.83520685,-87.58596542,0.561,2024-09-13,1345,2,2,0,0,CLEAR,DRY,False,ANGLE COLLISION - OTHER,ANGLE,STRAIGHT & LEVEL,DAYLIGHT,,,45552.31857,False,64,Accepted,5,5,O,,"DISTRACTION, INATTENTION",,2024,1
8159,33796524,0510100,HENDERSON POLICE DEPARTMENT,Accepted,HENDERSON,US0041A,100,GREEN,ST,S,,,,,,,37.83616808,-87.59096411,15.673,2024-09-14,1632,2,2,0,0,CLEAR,DRY,False,1 VEHICLE ENTERING/LEAVING ENTRANCE,ANGLE,STRAIGHT & LEVEL,DAYLIGHT,,,45552.31862,False,59,Accepted,5,5,O,BACKUP DUE TO REGULAR CONGESTION,"FAILED TO YIELD RIGHT OF WAY, INATTENTION",,2024,1
8160,33796526,0510100,HENDERSON POLICE DEPARTMENT,Accepted,HENDERSON,AU9005,,,,,,,,,,,37.81123164,-87.56691469,0.446,2024-09-14,606,1,1,0,0,CLEAR,DRY,False,COLLISION WITH FIXED OBJECT NOT IN GORE ,SINGLE VEHICLE,CURVE & GRADE,DAYLIGHT,US0041,AU9005,45552.31867,False,65,Accepted,5,5,O,,INATTENTION,,2024,1
8161,33796659,0510100,HENDERSON POLICE DEPARTMENT,Accepted,HENDERSON,US0041A,1000,GREEN,ST,N,,,,,,,37.84957037,-87.58197176,16.682,2024-09-15,1317,2,2,0,0,CLEAR,DRY,False,1 VEHICLE ENTERING/LEAVING ENTRANCE,ANGLE,STRAIGHT & GRADE,DAYLIGHT,,,45552.35767,False,50,Accepted,5,5,O,,INATTENTION,,2024,1
8163,33800230,0510100,HENDERSON POLICE DEPARTMENT,Accepted,HENDERSON,US0041,,US41,,N,,KIMSEY,,,,,37.85322107,-87.56915528,15.702,2024-09-12,2217,1,1,0,0,RAINING,WET,False,OTHER INTERSECTION COLLISIONS,SINGLE VEHICLE,CURVE & HILLCREST,DARK-HWY LIGHTED/OFF,,,45552.91901,False,23,Accepted,5,5,O,"CONSTRUCTION WORK ZONE, SLIPPERY SURFACE",,,2024,1
8164,33802071,0510100,HENDERSON POLICE DEPARTMENT,Accepted,HENDERSON,,1200,ELM,ST,N,,12TH,,,,,37.85278425,-87.58193568,1.145,2024-08-23,1633,3,3,0,0,CLEAR,DRY,False,ANGLE COLLISION - OTHER,ANGLE,STRAIGHT & LEVEL,DAYLIGHT,,,45553.39824,False,59,Accepted,5,5,O,,FAILED TO YIELD RIGHT OF WAY,,2024,1
8165,33802074,0510100,HENDERSON POLICE DEPARTMENT,Accepted,HENDERSON,,600,ELM,ST,N,,6TH,,,,,37.84521219,-87.58683725,0.559,2024-09-17,1604,2,2,0,2,CLEAR,DRY,False,ANGLE COLLISION - OTHER,ANGLE,STRAIGHT & LEVEL,DAYLIGHT,,,45553.39843,False,47,Accepted,2,2,A,,"DISTRACTION, INATTENTION, TOO FAST FOR CONDITIONS",,2024,1
8168,33802284,0510100,HENDERSON POLICE DEPARTMENT,Accepted,HENDERSON,,2053,US41,,N,,,,,,,37.86696886,-87.57234745,,2024-09-18,650,2,2,0,0,CLEAR,DRY,False,SIDESWIPE COLLISION - SAME DIRECTION,SIDESWIPE-SAME DIRECTION,STRAIGHT & LEVEL,DAYLIGHT,,,45553.43939,False,82,Accepted,5,5,O,BACKUP DUE TO REGULAR CONGESTION,INATTENTION,,2024,1
8169,33802286,0510100,HENDERSON POLICE DEPARTMENT,Accepted,HENDERSON,,,GREEN,ST,,,SAND,,,,,37.82374463,-87.60315098,,2024-09-18,745,2,2,0,0,CLEAR,DRY,False,OTHER INTERSECTION COLLISIONS,REAR END,STRAIGHT & LEVEL,DAYLIGHT,,,45553.43946,False,82,Accepted,5,5,O,,INATTENTION,,2024,1