OBJECTID,IncidentID,AgencyORI,AgencyName,IncidentStatusDesc,County,RdwyNumber,Street,RoadwayName,StreetSfx,StreetDir,IntersectionRdwy,IntersectionRdwyName,BetweenStRdwy1,BetweenStRdwyName1,BetweenStRdwy2,BetweenStRdwyName2,Latitude,Longitude,Milepoint,CollisionDate,CollisionTime,UnitsInvolved,MotorVehiclesInvolved,NumberKilled,NumberInjured,Weather,RdwyConditionCode,HitandRun,DirAnalysisCode,MannerofCollision,RdwyCharacter,LightCondition,RampFromRdwyId,RampToRdwyId,AcceptedDate,IsSecondaryCollision,OwnerBadge,IncidentStatus,InjurySeverityCde,KABCO_Code,KABCO,Environmental_Factors,Human_Factors,Vehicular_Factors,CollisionYear,CityCrash
8170,33802922,0510100,HENDERSON POLICE DEPARTMENT,Accepted,HENDERSON,,,RICHARDSON,AVE,,,GREEN,,,,,37.8554583,-87.57666481,,2024-09-18,825,2,2,0,0,CLEAR,DRY,False,REAR END - ONE VEHICLE TURNING RIGHT,REAR END,CURVE & LEVEL,DAYLIGHT,,,45553.55414,False,82,Accepted,5,5,O,,OTHER,,2024,1
8171,33805091,0510000,HENDERSON COUNTY SHERIFF DEPT.,Accepted,HENDERSON,US0041A,,GREEN,ST,S,,,,,,,37.83410591,-87.59315751,15.429,2024-08-28,1614,2,2,0,0,CLEAR,DRY,False,1 VEHICLE ENTERING/LEAVING ENTRANCE,ANGLE,STRAIGHT & LEVEL,DAYLIGHT,,,45553.91562,False,140,Accepted,5,5,O,,INATTENTION,,2024,1
8174,33809829,0510100,HENDERSON POLICE DEPARTMENT,Accepted,HENDERSON,US0041A,,GREEN,ST,S,,DR MARTIN LUTHER KING JR,,,,,37.8327824,-87.59420574,15.333,2024-09-15,1813,2,2,0,0,CLEAR,DRY,False,SIDESWIPE-SAME DIRECTION,SIDESWIPE-SAME DIRECTION,STRAIGHT & LEVEL,DAYLIGHT,,,45554.90011,False,58,Accepted,5,5,O,,INATTENTION,,2024,1
8175,33810187,0510100,HENDERSON POLICE DEPARTMENT,Accepted,HENDERSON,US0041A,,GREEN,ST,N,KY0351,2ND,,,,,37.83964142,-87.58843045,15.914,2024-09-17,1920,2,2,0,0,CLEAR,DRY,True,ANGLE COLLISION - OTHER,ANGLE,STRAIGHT & LEVEL,DUSK,,,45555.00173,False,49,Accepted,5,5,O,,MISJUDGE CLEARANCE,,2024,1
8176,33810568,0510100,HENDERSON POLICE DEPARTMENT,Accepted,HENDERSON,KY0351,,2ND,ST,,,,,,,,37.83801288,-87.58479832,0.219,2024-09-18,2055,2,2,0,0,CLEAR,DRY,False,OTHER ROADWAY OR MID-BLOCK COLLISION,REAR END,STRAIGHT & LEVEL,DARK-HWY LIGHTED/ON,,,45555.09571,False,18,Accepted,5,5,O,,INATTENTION,,2024,1
8177,33811720,0510100,HENDERSON POLICE DEPARTMENT,Accepted,HENDERSON,,,BARRET,BLVD,,,,,,,,37.8589475,-87.56720877,,2024-09-18,1100,2,2,0,0,CLEAR,DRY,False,SIDESWIPE COLLISION - SAME DIRECTION,SIDESWIPE-SAME DIRECTION,STRAIGHT & LEVEL,DAYLIGHT,,,45555.3834,False,82,Accepted,5,5,O,,OTHER,,2024,1
8178,33811722,0510100,HENDERSON POLICE DEPARTMENT,Accepted,HENDERSON,US0060,,US60,,E,,,,BARRET,,MANOR,37.86028381,-87.56677135,10.663,2024-09-18,1132,2,2,0,0,CLEAR,DRY,False,HEAD-ON COLLISION,HEAD ON,STRAIGHT & LEVEL,DAYLIGHT,,,45555.38351,False,67,Accepted,5,5,O,,OTHER,LOAD SECUREMENT,2024,1
8179,33811865,0510000,HENDERSON COUNTY SHERIFF DEPT.,Accepted,HENDERSON,KY0351,,2ND,ST,,,,US0041A,GREEN,,INGRAM,37.83917777,-87.58770601,0.045,2024-09-18,1936,2,2,0,0,CLEAR,DRY,False,1 VEHICLE ENTERING/LEAVING ENTRANCE,ANGLE,STRAIGHT & LEVEL,DARK-HWY LIGHTED/ON,,,45555.41497,False,119,Accepted,5,5,O,,FAILED TO YIELD RIGHT OF WAY,,2024,1
8181,33814643,0510100,HENDERSON POLICE DEPARTMENT,Accepted,HENDERSON,US0041A,,GREEN,ST,N,,,,,,,37.85340762,-87.57925914,16.952,2024-09-19,1931,2,2,0,1,CLEAR,DRY,False,OTHER ROADWAY OR MID-BLOCK COLLISION,OPPOSING LEFT TURN,STRAIGHT & LEVEL,DARK-HWY LIGHTED/ON,,,45555.90262,False,36,Accepted,4,4,C,,MISJUDGE CLEARANCE,,2024,1
8182,33821223,0510100,HENDERSON POLICE DEPARTMENT,Accepted,HENDERSON,,2068,US41,,N,,,,,,,37.86716917,-87.57219826,,2024-09-13,1300,2,2,0,0,CLEAR,DRY,False,REAR END IN TRAFFIC LANES BOTH VEHICLES MOVING,REAR END,STRAIGHT & LEVEL,DAYLIGHT,,,45558.32894,False,82,Accepted,5,5,O,BACKUP DUE TO REGULAR CONGESTION,"INATTENTION, OTHER",,2024,1
8183,33822396,0510100,HENDERSON POLICE DEPARTMENT,Accepted,HENDERSON,US0060,,US60,,E,,DEER,,,,,37.86384386,-87.55974951,11.123,2024-09-20,1513,2,2,0,1,CLEAR,DRY,False,OPPOSING LEFT TURN,OPPOSING LEFT TURN,STRAIGHT & GRADE,DAYLIGHT,,,45558.46871,False,32,Accepted,5,3,B,,FAILED TO YIELD RIGHT OF WAY,,2024,1
8185,33822546,0510100,HENDERSON POLICE DEPARTMENT,Accepted,HENDERSON,KY0812,,AIRLINE,RD,,,,,DOVE TRAIL,,GARDEN MILE,37.816432,-87.56291572,6.964,2024-09-16,740,2,2,0,0,CLEAR,DRY,False,OTHER ROADWAY OR MID-BLOCK COLLISION,REAR END,STRAIGHT & GRADE,DAYLIGHT,,,45558.49665,False,65,Accepted,5,5,O,GLARE (SUN),INATTENTION,,2024,1
8186,33823076,0510100,HENDERSON POLICE DEPARTMENT,Accepted,HENDERSON,,300,2ND,ST,,US0041A,GREEN,,,,,37.83948368,-87.58847438,0.001,2024-09-18,1620,2,2,0,0,CLEAR,DRY,False,OTHER INTERSECTION COLLISIONS,REAR END,STRAIGHT & LEVEL,DAYLIGHT,,,45558.57865,False,47,Accepted,5,5,O,BACKUP DUE TO REGULAR CONGESTION,NOT UNDER PROPER CONTROL,,2024,1
8187,33823077,0510100,HENDERSON POLICE DEPARTMENT,Accepted,HENDERSON,KY0351,,ZION,RD,,,KERRY,,,,,37.82776546,-87.55589623,1.964,2024-09-18,1544,2,2,0,0,CLEAR,DRY,False,ANGLE COLLISION - OTHER,ANGLE,STRAIGHT & LEVEL,DAYLIGHT,,,45558.57872,False,37,Accepted,5,5,O,,"FAILED TO YIELD RIGHT OF WAY, INATTENTION",,2024,1
8188,33823078,0510100,HENDERSON POLICE DEPARTMENT,Accepted,HENDERSON,US0041,,US41,,N,,,,,,,37.85200017,-87.56840935,15.61,2024-09-18,1500,1,1,0,0,CLEAR,DRY,False,OTHER ROADWAY OR MID-BLOCK COLLISION,SINGLE VEHICLE,CURVE & HILLCREST,DAYLIGHT,,,45558.57879,False,64,Accepted,5,5,O,,NOT UNDER PROPER CONTROL,,2024,1
8189,33826353,0510100,HENDERSON POLICE DEPARTMENT,Accepted,HENDERSON,US0041A,,GREEN,ST,N,,12TH,,,,,37.85200453,-87.58037629,16.906,2024-09-22,1120,2,2,0,0,CLOUDY,DRY,False,ANGLE COLLISION - ONE VEHICLE TURNING RIGHT,ANGLE,STRAIGHT & LEVEL,DAYLIGHT,,,45559.34453,False,47,Accepted,5,5,O,,OTHER,,2024,1
8190,33826408,0510100,HENDERSON POLICE DEPARTMENT,Accepted,HENDERSON,,,H AND H,AVE,,,KLUTEY PARK PLAZA,,,,,37.83426145,-87.56993915,0.132,2024-09-23,1639,2,2,0,0,CLOUDY,DRY,False,ANGLE COLLISION - OTHER,ANGLE,STRAIGHT & LEVEL,DAYLIGHT,,,45559.35969,False,47,Accepted,5,5,O,OTHER,DISTRACTION,,2024,1
8192,33831509,0510100,HENDERSON POLICE DEPARTMENT,Accepted,HENDERSON,,,6TH,ST,,US0041A,GREEN,,,,,37.84452741,-87.58519117,0.092,2024-09-24,1514,2,2,0,0,CLEAR,DRY,False,SIDESWIPE-SAME DIRECTION,SIDESWIPE-SAME DIRECTION,STRAIGHT & LEVEL,DAYLIGHT,,,45560.39613,False,25,Accepted,5,5,O,,"FAILED TO YIELD RIGHT OF WAY, INATTENTION",,2024,1
8193,33831510,0510100,HENDERSON POLICE DEPARTMENT,Accepted,HENDERSON,,,FAIRGROUND,LN,,,,,,,,37.82123849,-87.5994234,0.005,2024-09-24,1453,2,2,0,0,CLEAR,DRY,False,1 VEHICLE ENTERING/LEAVING ENTRANCE,ANGLE,STRAIGHT & GRADE,DAYLIGHT,,,45560.39632,False,50,Accepted,5,5,O,,INATTENTION,,2024,1
8194,33834672,0510100,HENDERSON POLICE DEPARTMENT,Accepted,HENDERSON,KY0351,,2ND,ST,,,,,,,,37.83782539,-87.58425906,0.251,2024-09-21,1820,2,2,0,1,CLEAR,WET,False,OTHER ROADWAY OR MID-BLOCK COLLISION,OPPOSING LEFT TURN,STRAIGHT & LEVEL,DAYLIGHT,,,45561.02197,False,27,Accepted,5,3,B,SLIPPERY SURFACE,FAILED TO YIELD RIGHT OF WAY,,2024,1
8196,33835973,0510100,HENDERSON POLICE DEPARTMENT,Accepted,HENDERSON,,,YEAMAN,AVE,,US0041A,GREEN,,,,,37.8194873,-87.60955585,0.117,2024-09-25,1449,2,2,0,2,CLEAR,DRY,False,OPPOSITE DIRECTION - BOTH VEHICLES GOING STRAIGHT AHEAD,SIDESWIPE-OPPOSITE DIRECTION,STRAIGHT & LEVEL,DAYLIGHT,,,45561.38343,False,25,Accepted,5,3,B,,"FAILED TO YIELD RIGHT OF WAY, INATTENTION",,2024,1
8197,33837138,0510100,HENDERSON POLICE DEPARTMENT,Accepted,HENDERSON,,,US41,,N,,PARK,,,,,37.87151443,-87.56995616,,2024-09-20,1230,2,2,0,0,CLEAR,DRY,False,OTHER INTERSECTION COLLISIONS,REAR END,STRAIGHT & LEVEL,DAYLIGHT,,,45561.58258,False,82,Accepted,5,5,O,,OTHER,BRAKES DEFECTIVE,2024,1
8198,33837139,0510100,HENDERSON POLICE DEPARTMENT,Accepted,HENDERSON,,,CARLISLE,ST,,,1ST,,,,,37.83459806,-87.58020438,,2024-09-21,1335,2,2,0,0,CLEAR,DRY,False,HEAD-ON COLLISION,HEAD ON,STRAIGHT & LEVEL,DAYLIGHT,,,45561.58263,False,82,Accepted,5,5,O,,OTHER,,2024,1
8202,33842234,0510100,HENDERSON POLICE DEPARTMENT,Accepted,HENDERSON,,,US HWY 41,,,,,,,,,37.82479787,-87.56507725,,2024-09-24,810,2,2,0,0,CLEAR,DRY,False,REAR END IN TRAFFIC LANES BOTH VEHICLES MOVING,REAR END,CURVE & GRADE,DAYLIGHT,,,45562.82828,False,82,Accepted,5,5,O,CONSTRUCTION WORK ZONE,INATTENTION,,2024,1
8203,33842236,0510100,HENDERSON POLICE DEPARTMENT,Accepted,HENDERSON,,,US HWY 41,,,,,,,,,37.82412696,-87.56448293,,2024-09-25,1125,2,2,0,0,CLEAR,DRY,False,SIDESWIPE COLLISION - SAME DIRECTION,SIDESWIPE-SAME DIRECTION,STRAIGHT & LEVEL,DAYLIGHT,,,45562.82837,False,82,Accepted,5,5,O,CONSTRUCTION WORK ZONE,INATTENTION,,2024,1
8204,33849227,0510100,HENDERSON POLICE DEPARTMENT,Accepted,HENDERSON,,,DIXON,ST,,,,,,,,37.8329798,-87.59424704,0.009,2024-09-25,1558,2,2,0,0,CLEAR,DRY,False,REAR END IN TRAFFIC LANES BOTH VEHICLES MOVING,REAR END,STRAIGHT & LEVEL,DAYLIGHT,,,45565.40039,False,50,Accepted,5,5,O,,INATTENTION,,2024,1
8205,33849228,0510100,HENDERSON POLICE DEPARTMENT,Accepted,HENDERSON,US0041A,401,GREEN,ST,S,,,,,,,37.83264112,-87.59430975,15.329,2024-09-24,1735,2,1,0,1,CLEAR,DRY,False,COLLISION WITH PEDESTRIAN NON - INTERSECTION,SINGLE VEHICLE,STRAIGHT & LEVEL,DAYLIGHT,,,45565.40052,False,50,Accepted,4,4,C,,INATTENTION,,2024,1
8206,33849258,0510100,HENDERSON POLICE DEPARTMENT,Accepted,HENDERSON,,,6TH,ST,,,ELM,,,,,37.84517864,-87.58667211,0.187,2024-09-29,1200,2,2,0,0,CLOUDY,DRY,False,ANGLE COLLISION - OTHER,ANGLE,STRAIGHT & LEVEL,DAYLIGHT,,,45565.40826,False,25,Accepted,5,5,O,,"FAILED TO YIELD RIGHT OF WAY, INATTENTION",,2024,1
8207,33849264,0510100,HENDERSON POLICE DEPARTMENT,Accepted,HENDERSON,,2441,COBBLESTONE,DR,,,,,,,,37.85678593,-87.5503212,0.14,2024-09-26,1429,1,1,0,0,CLOUDY,DRY,False,COLLISION WITH FIXED OBJECT NON - INTERSECTION - FIRST EVENT COLLISION 09 - 32 EXCLUDING 16,SINGLE VEHICLE,STRAIGHT & LEVEL,DAYLIGHT,,,45565.40849,False,67,Accepted,5,5,O,,INATTENTION,,2024,1
8208,33849266,0510100,HENDERSON POLICE DEPARTMENT,Accepted,HENDERSON,US0041,,US41,,N,,,,HARMONY,,WALKER,37.86959062,-87.57087731,17.007,2024-09-26,1701,2,2,0,0,RAINING,WET,False,1 VEHICLE ENTERING/LEAVING ENTRANCE,ANGLE,STRAIGHT & LEVEL,DAYLIGHT,,,45565.40859,False,67,Accepted,5,5,O,WATER POOLING,"INATTENTION, OTHER",,2024,1
8209,33849421,0510100,HENDERSON POLICE DEPARTMENT,Accepted,HENDERSON,,,12TH,ST,,US0041A,GREEN,,,,,37.85214956,-87.58020665,0.294,2024-09-28,630,1,1,0,0,RAINING,FLOODED,False,COLLISION WITH FIXED OBJECT IN INTERSECTION - FIRST EVENT COLLISION 09 - 32,SINGLE VEHICLE,STRAIGHT & LEVEL,DARK-HWY NOT LIGHTED,,,45565.42301,False,31,Accepted,5,5,O,WATER POOLING,INATTENTION,,2024,1
8210,33849422,0510100,HENDERSON POLICE DEPARTMENT,Accepted,HENDERSON,US0041A,,GREEN,ST,N,,6TH,,,,,37.84453618,-87.58520058,16.316,2024-09-28,1102,2,2,0,0,RAINING,WATER (STANDING OR MOVING),False,ANGLE COLLISION - OTHER,ANGLE,STRAIGHT & LEVEL,DAYLIGHT,,,45565.4231,False,31,Accepted,5,5,O,WATER POOLING,INATTENTION,,2024,1
8211,33849424,0510100,HENDERSON POLICE DEPARTMENT,Accepted,HENDERSON,,,POWELL,ST,,,HOLLOWAY,,,,,37.83141086,-87.58563013,0.717,2024-09-28,1510,2,2,0,0,RAINING,WET,False,ANGLE COLLISION - OTHER,ANGLE,STRAIGHT & LEVEL,DAYLIGHT,,,45565.4232,False,31,Accepted,5,5,O,WATER POOLING,INATTENTION,,2024,1
8215,33849600,0510100,HENDERSON POLICE DEPARTMENT,Accepted,HENDERSON,,201,3RD,ST,,,,,,,,37.84216973,-87.59074694,0.086,2024-09-29,1138,2,2,0,0,CLOUDY,DRY,False,VEHICLE BACKING NON INTERSECTION,BACKING,STRAIGHT & LEVEL,DAYLIGHT,,,45565.43871,False,25,Accepted,5,5,O,,"FAILED TO YIELD RIGHT OF WAY, INATTENTION",,2024,1
8216,33849605,0510100,HENDERSON POLICE DEPARTMENT,Accepted,HENDERSON,,,BOB POSEY,ST,,,,,,,,37.84210185,-87.57515536,0.198,2024-09-28,943,1,1,0,0,RAINING,FLOODED,False,COLLISION WITH FIXED OBJECT NON - INTERSECTION - FIRST EVENT COLLISION 09 - 32 EXCLUDING 16,SINGLE VEHICLE,STRAIGHT & LEVEL,DAYLIGHT,,,45565.43886,False,31,Accepted,5,5,O,WATER POOLING,TOO FAST FOR CONDITIONS,,2024,1
8217,33850243,0510100,HENDERSON POLICE DEPARTMENT,Accepted,HENDERSON,US0041A,1100,GREEN,ST,N,,CRESTVIEW,,,,,37.85173405,-87.58053586,16.885,2024-09-26,1210,2,2,0,0,CLEAR,DRY,False,SIDESWIPE-SAME DIRECTION,SIDESWIPE-SAME DIRECTION,STRAIGHT & LEVEL,DAYLIGHT,,,45565.52753,False,47,Accepted,5,5,O,,INATTENTION,,2024,1
8218,33850244,0510100,HENDERSON POLICE DEPARTMENT,Accepted,HENDERSON,,,GREEN,ST,S,,OHIO,,,,,37.80575991,-87.63243383,,2024-09-27,1148,2,2,0,0,RAINING,WET,False,ANGLE COLLISION - ONE VEHICLE TURNING LEFT,ANGLE,STRAIGHT & LEVEL,DAYLIGHT,,,45565.52759,False,82,Accepted,5,5,O,SLIPPERY SURFACE,OTHER,OTHER,2024,1
8220,33850702,0510100,HENDERSON POLICE DEPARTMENT,Accepted,HENDERSON,US0060,2950,US60,,E,,,,,,,37.86471842,-87.54389233,11.926,2024-09-27,1639,2,2,0,0,RAINING,WET,False,1 VEHICLE ENTERING/LEAVING ENTRANCE,ANGLE,STRAIGHT & LEVEL,DAYLIGHT,,,45565.59047,False,37,Accepted,5,5,O,,INATTENTION,,2024,1
8221,33851016,0510100,HENDERSON POLICE DEPARTMENT,Accepted,HENDERSON,,,5TH,ST,,US0041A,GREEN,,,,,37.84329895,-87.58600588,0.952,2024-09-30,659,2,2,0,0,OTHER,WET,False,SIDESWIPE-SAME DIRECTION,SIDESWIPE-SAME DIRECTION,STRAIGHT & LEVEL,DAWN,,,45565.63235,False,25,Accepted,5,5,O,,"FAILED TO YIELD RIGHT OF WAY, INATTENTION",,2024,1
8222,33852314,0510100,HENDERSON POLICE DEPARTMENT,Accepted,HENDERSON,,218,WATSON,LN,,,,,,,,37.87634759,-87.57228664,1.351,2024-09-21,1916,1,1,0,1,RAINING,WET,False,COLLISION WITH FIXED OBJECT NON - INTERSECTION - FIRST EVENT COLLISION 09 - 32 EXCLUDING 16,SINGLE VEHICLE,STRAIGHT & LEVEL,DARK-HWY LIGHTED/ON,,,45565.85482,False,51,Accepted,5,3,B,SLIPPERY SURFACE,,,2024,1
8223,33853435,0510100,HENDERSON POLICE DEPARTMENT,Accepted,HENDERSON,US0041A,,GREEN,ST,S,,DR MARTIN LUTHER KING JR,,,,,37.83274409,-87.59425355,15.336,2024-09-25,1546,2,2,0,0,CLEAR,DRY,False,ANGLE COLLISION - ONE VEHICLE TURNING LEFT,ANGLE,STRAIGHT & LEVEL,DAYLIGHT,,,45566.20069,False,49,Accepted,5,5,O,,"DISREGARD TRAFFIC CONTROL, INATTENTION",,2024,1
8225,33853437,0510100,HENDERSON POLICE DEPARTMENT,Accepted,HENDERSON,,,MERRITT,DR,,,,,7TH,,12TH,37.85301197,-87.58580034,0.604,2024-09-27,1819,1,1,0,0,RAINING,WET,False,COLLISION WITH FIXED OBJECT NON - INTERSECTION - FIRST EVENT COLLISION 09 - 32 EXCLUDING 16,SINGLE VEHICLE,STRAIGHT & GRADE,DUSK,,,45566.20095,False,42,Accepted,5,5,O,"DEBRIS IN ROADWAY, OTHER",,,2024,1
8226,33853440,0510100,HENDERSON POLICE DEPARTMENT,Accepted,HENDERSON,,,RETTIG,RD,,US0041,US41,,,,,37.86735196,-87.5723419,0.006,2024-09-27,2007,2,2,0,0,RAINING,WET,False,ANGLE COLLISION - OTHER,ANGLE,STRAIGHT & LEVEL,DARK-HWY LIGHTED/ON,,,45566.20108,False,19,Accepted,5,5,O,,INATTENTION,,2024,1
8227,33854270,0510100,HENDERSON POLICE DEPARTMENT,Accepted,HENDERSON,US0041,2855,US41,,N,,,,WATSON,,WALNUT,37.87920888,-87.56583232,17.694,2024-09-27,1430,2,2,0,0,RAINING,WET,False,1 VEHICLE ENTERING/LEAVING ENTRANCE,ANGLE,STRAIGHT & LEVEL,DAYLIGHT,,,45566.35621,False,34,Accepted,5,5,O,,INATTENTION,,2024,1
8228,33854272,0510100,HENDERSON POLICE DEPARTMENT,Accepted,HENDERSON,,,WATSON,LN,,US0041,US41,,,,,37.87548477,-87.56837975,1.131,2024-09-30,1339,2,2,0,0,CLOUDY,DRY,False,ANGLE COLLISION - OTHER,ANGLE,STRAIGHT & LEVEL,DAYLIGHT,,,45566.35637,False,32,Accepted,5,5,O,,FAILED TO YIELD RIGHT OF WAY,,2024,1
8229,33854275,0510100,HENDERSON POLICE DEPARTMENT,Accepted,HENDERSON,,,WASHINGTON,ST,,,MEADOW,,,,,37.83094923,-87.58205873,0.604,2024-09-26,1130,2,2,0,0,CLEAR,DRY,False,VEHICLE BACKING IN INTERSECTION,BACKING,STRAIGHT & LEVEL,DAYLIGHT,,,45566.35647,False,34,Accepted,5,5,O,,OTHER,,2024,1
8230,33854280,0510100,HENDERSON POLICE DEPARTMENT,Accepted,HENDERSON,US0041A,,GREEN,ST,N,,1ST,,,,,37.83820134,-87.58928698,15.825,2024-09-22,1421,2,2,0,0,CLEAR,DRY,False,ANGLE COLLISION - OTHER,ANGLE,STRAIGHT & LEVEL,DAYLIGHT,,,45566.35665,False,34,Accepted,5,5,O,,,BRAKES DEFECTIVE,2024,1
8235,33860298,0510100,HENDERSON POLICE DEPARTMENT,Accepted,HENDERSON,,,RICHARDSON,AVE,,,KIMSEY,,,,,37.85302492,-87.57311229,,2024-09-27,1445,2,2,0,0,RAINING,WATER (STANDING OR MOVING),False,SIDESWIPE-SAME DIRECTION,SIDESWIPE-SAME DIRECTION,STRAIGHT & LEVEL,DAYLIGHT,,,45567.57381,False,47,Accepted,5,5,O,"VIEW OBSTRUCTED, LIMITED DUE TO WEATHER CONDITIONS",INATTENTION,,2024,1
8236,33860299,0510100,HENDERSON POLICE DEPARTMENT,Accepted,HENDERSON,,,WASHINGTON,ST,,,MCKINLEY,,,,,37.82780659,-87.57654123,0.233,2024-09-30,1557,2,2,0,0,CLEAR,DRY,True,OPPOSITE DIRECTION - BOTH VEHICLES GOING STRAIGHT AHEAD,SIDESWIPE-OPPOSITE DIRECTION,STRAIGHT & LEVEL,DAYLIGHT,,,45567.57424,False,47,Accepted,5,5,O,BACKUP DUE TO REGULAR CONGESTION,MISJUDGE CLEARANCE,,2024,1
8237,33860436,0510100,HENDERSON POLICE DEPARTMENT,Accepted,HENDERSON,US0041A,,GREEN,ST,S,,WASHINGTON,,,,,37.83627367,-87.59076439,15.665,2024-09-26,730,3,3,0,0,CLOUDY,DRY,False,ANGLE COLLISION - OTHER,ANGLE,STRAIGHT & HILLCREST,DAYLIGHT,,,45567.59803,False,34,Accepted,5,5,O,,"DISREGARD TRAFFIC CONTROL, INATTENTION",,2024,1
8238,33860532,0510100,HENDERSON POLICE DEPARTMENT,Accepted,HENDERSON,,1019,FERNWOOD,AVE,,,,,,,,37.82243325,-87.5891208,,2024-10-02,1150,2,2,0,0,CLEAR,DRY,False,VEHICLE BACKING NON INTERSECTION,BACKING,STRAIGHT & LEVEL,DAYLIGHT,,,45567.60692,False,82,Accepted,5,5,O,,INATTENTION,OTHER,2024,1
8241,33868588,0510000,HENDERSON COUNTY SHERIFF DEPT.,Accepted,HENDERSON,US0041,,US41,,,,,US0041,US41 RAMP,AU9005,US41 N RAMP TO AU9005 E,37.80551044,-87.56439751,12.229,2024-09-27,1709,2,2,0,0,RAINING,WET,False,REAR END IN TRAFFIC LANES BOTH VEHICLES MOVING,REAR END,CURVE & LEVEL,DAYLIGHT,,,45569.40306,False,119,Accepted,5,5,O,,FOLLOWING TOO CLOSE,,2024,1
8242,33874416,0510100,HENDERSON POLICE DEPARTMENT,Accepted,HENDERSON,,,MARYWOOD,DR,,,RETTIG,,,,,37.86731966,-87.57224985,0.599,2024-09-27,1824,2,2,0,0,RAINING,WET,False,OPPOSING LEFT TURN,OPPOSING LEFT TURN,STRAIGHT & LEVEL,DARK-HWY LIGHTED/ON,,,45571.07422,False,19,Accepted,5,5,O,,"FAILED TO YIELD RIGHT OF WAY, INATTENTION",,2024,1
8243,33874417,0510100,HENDERSON POLICE DEPARTMENT,Accepted,HENDERSON,US0041,2945,US41,,N,,,,,,,37.87982812,-87.56526435,17.74,2024-10-01,1837,2,2,0,0,CLEAR,DRY,True,SIDESWIPE COLLISION - SAME DIRECTION,SIDESWIPE-SAME DIRECTION,STRAIGHT & LEVEL,DUSK,,,45571.0744,False,42,Accepted,5,5,O,,,,2024,1
8244,33878579,0510100,HENDERSON POLICE DEPARTMENT,Accepted,HENDERSON,KY0351,2424,ZION,RD,,,,,,,,37.82950996,-87.56177873,1.633,2024-10-02,1533,2,2,0,0,CLEAR,DRY,False,REAR END IN TRAFFIC LANES BOTH VEHICLES MOVING,REAR END,STRAIGHT & LEVEL,DAYLIGHT,,,45572.38412,False,37,Accepted,5,5,O,BACKUP DUE TO REGULAR CONGESTION,,BRAKES DEFECTIVE,2024,1
8245,33878581,0510100,HENDERSON POLICE DEPARTMENT,Accepted,HENDERSON,US0041A,1773,GREEN,ST,S,,,,,,,37.81430927,-87.61753916,13.46,2024-10-03,1054,2,2,0,0,CLEAR,DRY,True,REAR END IN TRAFFIC LANES BOTH VEHICLES MOVING,REAR END,STRAIGHT & LEVEL,DAYLIGHT,,,45572.38422,False,50,Accepted,5,5,O,,"INATTENTION, NOT UNDER PROPER CONTROL",,2024,1
8246,33878603,0510100,HENDERSON POLICE DEPARTMENT,Accepted,HENDERSON,,,MARTIN LUTHER KING JR,AVE,,,ADAMS,,,,,37.83129615,-87.59194521,,2024-10-01,815,2,2,0,0,CLEAR,DRY,False,ANGLE COLLISION - OTHER,ANGLE,STRAIGHT & LEVEL,DAYLIGHT,,,45572.38719,False,82,Accepted,5,5,O,,OTHER,,2024,1
8247,33882006,0510100,HENDERSON POLICE DEPARTMENT,Accepted,HENDERSON,,116,MEADOW,ST,,,,,,,,37.83049212,-87.58223126,0.546,2024-10-02,331,2,2,0,0,CLEAR,DRY,False,1 VEHICLE PARKED POSITION (NOT PARKING LOT/DRIVEWAY),BACKING,STRAIGHT & LEVEL,DARK-HWY LIGHTED/ON,,,45573.01325,False,23,Accepted,5,5,O,,IMPROPER BACKING,"BRAKES DEFECTIVE, STEERING FAILURE",2024,1
8248,33882532,0510100,HENDERSON POLICE DEPARTMENT,Accepted,HENDERSON,US0060,,US60,,E,,BARRET,,,,,37.85987038,-87.56788313,10.593,2024-09-27,1848,2,2,0,0,RAINING,WET,True,OPPOSING LEFT TURN,OPPOSING LEFT TURN,STRAIGHT & LEVEL,DARK-HWY LIGHTED/ON,,,45573.20122,False,27,Accepted,5,5,O,,FAILED TO KEEP PROPER LANE,,2024,1
8249,33885575,0510100,HENDERSON POLICE DEPARTMENT,Accepted,HENDERSON,,,MARTIN LUTHER KING JR,AVE,,,LAWNDALE,,,,,37.82721991,-87.58544805,,2024-10-03,640,2,2,0,0,CLEAR,DRY,False,ANGLE COLLISION - OTHER,ANGLE,STRAIGHT & LEVEL,DAYLIGHT,,,45573.75669,False,82,Accepted,5,5,O,,INATTENTION,,2024,1
8250,33885576,0510100,HENDERSON POLICE DEPARTMENT,Accepted,HENDERSON,,,MLK JR,AVE,,,GREEN,,,,,37.8327464,-87.59426278,,2024-10-03,1015,2,2,0,0,CLEAR,DRY,False,OTHER INTERSECTION COLLISIONS,REAR END,STRAIGHT & LEVEL,DAYLIGHT,,,45573.75675,False,82,Accepted,5,5,O,,INATTENTION,,2024,1
8251,33885577,0510100,HENDERSON POLICE DEPARTMENT,Accepted,HENDERSON,,,BARRET,BLVD,,,,,,,,37.854494,-87.56233758,,2024-10-03,1043,1,1,0,0,CLEAR,DRY,False,OTHER ROADWAY OR MID-BLOCK COLLISION,SINGLE VEHICLE,CURVE & LEVEL,DAYLIGHT,,,45573.75679,False,82,Accepted,5,5,O,,"DISTRACTION, INATTENTION",,2024,1