OBJECTID,IncidentID,AgencyORI,AgencyName,IncidentStatusDesc,County,RdwyNumber,Street,RoadwayName,StreetSfx,StreetDir,IntersectionRdwy,IntersectionRdwyName,BetweenStRdwy1,BetweenStRdwyName1,BetweenStRdwy2,BetweenStRdwyName2,Latitude,Longitude,Milepoint,CollisionDate,CollisionTime,UnitsInvolved,MotorVehiclesInvolved,NumberKilled,NumberInjured,Weather,RdwyConditionCode,HitandRun,DirAnalysisCode,MannerofCollision,RdwyCharacter,LightCondition,RampFromRdwyId,RampToRdwyId,AcceptedDate,IsSecondaryCollision,OwnerBadge,IncidentStatus,InjurySeverityCde,KABCO_Code,KABCO,Environmental_Factors,Human_Factors,Vehicular_Factors,CollisionYear,CityCrash
8252,33885578,0510100,HENDERSON POLICE DEPARTMENT,Accepted,HENDERSON,,216,INGRAM,ST,S,,,,,,,37.83406256,-87.59096526,,2024-10-03,1315,2,2,0,0,CLEAR,DRY,False,1 VEHICLE PARKED POSITION (NOT PARKING LOT/DRIVEWAY),BACKING,STRAIGHT & LEVEL,DAYLIGHT,,,45573.75683,False,82,Accepted,5,5,O,,INATTENTION,,2024,1
8253,33885579,0510100,HENDERSON POLICE DEPARTMENT,Accepted,HENDERSON,,212,WATSON,LN,,,,,,,,37.87644655,-87.57276418,,2024-10-04,740,1,1,0,0,CLEAR,DRY,False,COLLISION WITH FIXED OBJECT NON - INTERSECTION - FIRST EVENT COLLISION 09 - 32 EXCLUDING 16,SINGLE VEHICLE,STRAIGHT & LEVEL,DAYLIGHT,,,45573.75688,False,82,Accepted,5,5,O,GLARE (SUN),OTHER,,2024,1
8257,33898267,0510100,HENDERSON POLICE DEPARTMENT,Accepted,HENDERSON,US0041A,,GREEN,ST,S,,NORRIS,,,,,37.82683414,-87.60001731,14.878,2024-10-04,1712,2,2,0,0,CLEAR,DRY,False,SIDESWIPE-SAME DIRECTION,SIDESWIPE-SAME DIRECTION,STRAIGHT & LEVEL,DAYLIGHT,,,45576.72798,False,32,Accepted,5,5,O,,FAILED TO YIELD RIGHT OF WAY,,2024,1
8258,33898270,0510100,HENDERSON POLICE DEPARTMENT,Accepted,HENDERSON,US0060,2190,US60,,E,,,,,,,37.86060402,-87.56576775,10.72,2024-10-05,1421,2,2,0,0,CLEAR,DRY,False,1 VEHICLE ENTERING/LEAVING ENTRANCE,ANGLE,STRAIGHT & LEVEL,DAYLIGHT,,,45576.72803,False,37,Accepted,5,5,O,,MISJUDGE CLEARANCE,,2024,1
8259,33898272,0510100,HENDERSON POLICE DEPARTMENT,Accepted,HENDERSON,,,WASHINGTON,ST,,,MEADOW,,,,,37.83089826,-87.5819495,0.597,2024-10-06,1650,2,2,0,0,CLEAR,DRY,False,ANGLE COLLISION - OTHER,ANGLE,STRAIGHT & LEVEL,DAYLIGHT,,,45576.7281,False,49,Accepted,5,5,O,GLARE (SUN),INATTENTION,,2024,1
8260,33898275,0510100,HENDERSON POLICE DEPARTMENT,Accepted,HENDERSON,KY0351,,2ND,ST,,,INGRAM,,,,,37.8389484,-87.58699386,0.084,2024-10-08,1614,2,2,0,0,CLEAR,DRY,False,HEAD-ON COLLISION,HEAD ON,STRAIGHT & LEVEL,DAYLIGHT,,,45576.72821,False,25,Accepted,5,5,O,,"FAILED TO YIELD RIGHT OF WAY, INATTENTION",,2024,1
8261,33898276,0510100,HENDERSON POLICE DEPARTMENT,Accepted,HENDERSON,KY0351,,ZION,RD,,US0041,US41 RAMP KY351,,,,,37.83028799,-87.56517244,1.412,2024-09-26,1001,2,2,0,0,CLOUDY,DRY,False,ANGLE COLLISION - OTHER,ANGLE,CURVE & LEVEL,DAYLIGHT,,,45576.72826,False,34,Accepted,5,5,O,CONSTRUCTION WORK ZONE,"DISREGARD TRAFFIC CONTROL, INATTENTION",,2024,1
8262,33898277,0510100,HENDERSON POLICE DEPARTMENT,Accepted,HENDERSON,US0041A,,GREEN,ST,N,KY0351,2ND,,,,,37.83949077,-87.58849686,15.921,2024-09-26,1610,2,2,0,0,RAINING,WET,False,SIDESWIPE-SAME DIRECTION,SIDESWIPE-SAME DIRECTION,STRAIGHT & LEVEL,DAYLIGHT,,,45576.72834,False,34,Accepted,5,5,O,,"OTHER, MISJUDGE CLEARANCE",,2024,1
8263,33898278,0510100,HENDERSON POLICE DEPARTMENT,Accepted,HENDERSON,,,WASHINGTON,ST,,,MEADOW,,,,,37.83098736,-87.58212532,0.609,2024-09-27,1655,2,2,0,0,RAINING,WET,True,OTHER INTERSECTION COLLISIONS,REAR END,STRAIGHT & LEVEL,DAYLIGHT,,,45576.72844,False,34,Accepted,5,5,O,,,BRAKES DEFECTIVE,2024,1
8272,33910205,0510100,HENDERSON POLICE DEPARTMENT,Accepted,HENDERSON,,,TURNER,AVE,,US0041A,GREEN,,,,,37.82524941,-87.60317111,0.103,2024-10-04,251,2,2,0,0,CLEAR,DRY,False,COLLISION WITH PARKED VEHICLE,REAR END,STRAIGHT & LEVEL,DARK-HWY LIGHTED/ON,,,45579.97992,False,35,Accepted,5,5,O,,ALCOHOL INVOLVEMENT,,2024,1
8273,33910604,0510100,HENDERSON POLICE DEPARTMENT,Accepted,HENDERSON,,,WATSON,LN,,,SUREWAY,,,,,37.87513077,-87.5666196,0.997,2024-10-05,1745,2,2,0,0,CLEAR,DRY,False,ANGLE COLLISION - ONE VEHICLE TURNING LEFT,ANGLE,STRAIGHT & LEVEL,DAYLIGHT,,,45580.0819,False,42,Accepted,5,5,O,,"FAILED TO YIELD RIGHT OF WAY, INATTENTION",,2024,1
8274,33910606,0510100,HENDERSON POLICE DEPARTMENT,Accepted,HENDERSON,,1316,CLAY,ST,,,,,,,,37.82635469,-87.58074619,0.215,2024-10-05,2234,2,2,0,0,CLEAR,DRY,False,1 VEHICLE PARKED POSITION (NOT PARKING LOT/DRIVEWAY),SIDESWIPE-SAME DIRECTION,STRAIGHT & LEVEL,DARK-HWY LIGHTED/OFF,,,45580.08201,True,23,Accepted,5,5,O,,"ALCOHOL INVOLVEMENT, DRUG INVOLVEMENT, NOT UNDER PROPER CONTROL",,2024,1
8275,33910608,0510100,HENDERSON POLICE DEPARTMENT,Accepted,HENDERSON,US0041,,US41,,N,,BARRET,,,,,37.86434305,-87.5737063,16.581,2024-10-05,2312,2,2,0,0,CLEAR,DRY,False,ANGLE COLLISION - ONE VEHICLE TURNING LEFT,ANGLE,STRAIGHT & LEVEL,DARK-HWY LIGHTED/ON,,,45580.08214,False,42,Accepted,5,5,O,,"FAILED TO YIELD RIGHT OF WAY, MISJUDGE CLEARANCE",,2024,1
8276,33914414,0510100,HENDERSON POLICE DEPARTMENT,Accepted,HENDERSON,,,WALNUT,LN,,,MARLOW,,,,,37.88099457,-87.56941439,,2024-10-14,840,2,2,0,0,CLEAR,DRY,False,OPPOSITE DIRECTION - BOTH VEHICLES GOING STRAIGHT AHEAD,SIDESWIPE-OPPOSITE DIRECTION,STRAIGHT & LEVEL,DAYLIGHT,,,45580.7427,False,82,Accepted,5,5,O,,OTHER,,2024,1
8277,33914418,0510100,HENDERSON POLICE DEPARTMENT,Accepted,HENDERSON,,,HERRON,AVE,,US0041A,GREEN,,,,,37.8548226,-87.57788248,0.095,2024-10-13,1445,2,2,0,0,CLEAR,DRY,False,SIDESWIPE-SAME DIRECTION,SIDESWIPE-SAME DIRECTION,STRAIGHT & LEVEL,DAYLIGHT,,,45580.7428,False,25,Accepted,5,5,O,,"FAILED TO YIELD RIGHT OF WAY, INATTENTION",,2024,1
8278,33914419,0510100,HENDERSON POLICE DEPARTMENT,Accepted,HENDERSON,US0041,,US41,,N,,,,JOHN JAMES AUDUBON STATE,,WALNUT,37.88036861,-87.56508503,17.78,2024-10-11,1339,2,2,0,0,CLEAR,DRY,False,OTHER ROADWAY OR MID-BLOCK COLLISION,REAR END,STRAIGHT & LEVEL,DAYLIGHT,,,45580.74285,False,67,Accepted,5,5,O,BACKUP DUE TO REGULAR CONGESTION,INATTENTION,,2024,1
8279,33914420,0510100,HENDERSON POLICE DEPARTMENT,Accepted,HENDERSON,US0041,,US41,,N,,BARKER,,,,,37.87224183,-87.569579,17.173,2024-10-14,1500,2,2,0,0,CLEAR,DRY,True,ANGLE COLLISION - OTHER,ANGLE,STRAIGHT & LEVEL,DAYLIGHT,,,45580.7429,False,32,Accepted,5,5,O,,"FAILED TO YIELD RIGHT OF WAY, INATTENTION",,2024,1
8280,33914421,0510100,HENDERSON POLICE DEPARTMENT,Accepted,HENDERSON,US0041,3113,US41,,N,,,,RACETRACK,,STRATMAN,37.88369821,-87.56275947,18.034,2024-10-14,955,2,2,0,0,CLEAR,DRY,False,SIDESWIPE COLLISION - SAME DIRECTION,SIDESWIPE-SAME DIRECTION,STRAIGHT & LEVEL,DAYLIGHT,,,45580.74294,False,32,Accepted,5,5,O,BACKUP DUE TO REGULAR CONGESTION,WEAVING IN TRAFFIC,,2024,1
8281,33914422,0510100,HENDERSON POLICE DEPARTMENT,Accepted,HENDERSON,KY2084,,KY2084,,S,KY0812,AIRLINE,,,,,37.82013321,-87.56931805,2.136,2024-10-14,1258,2,2,0,0,CLEAR,DRY,False,OPPOSING LEFT TURN,OPPOSING LEFT TURN,STRAIGHT & LEVEL,DAYLIGHT,,,45580.74299,False,31,Accepted,5,5,O,,,BRAKES DEFECTIVE,2024,1
8282,33914424,0510100,HENDERSON POLICE DEPARTMENT,Accepted,HENDERSON,KY0351,,2ND,ST,,,PRIEST,,,,,37.83303519,-87.57286866,0.968,2024-10-09,1603,2,1,0,1,CLEAR,DRY,False,COLLISION WITH BICYCLE IN INTERSECTION,SINGLE VEHICLE,STRAIGHT & LEVEL,DAYLIGHT,,,45580.74308,False,65,Accepted,5,4,C,,INATTENTION,,2024,1
8283,33914426,0510100,HENDERSON POLICE DEPARTMENT,Accepted,HENDERSON,US0041,,US41,,N,,PAUL,,,,,37.87421431,-87.56831447,17.317,2024-10-14,1039,3,3,0,0,CLEAR,DRY,False,OPPOSING LEFT TURN,OPPOSING LEFT TURN,STRAIGHT & LEVEL,DAYLIGHT,,,45580.74313,False,32,Accepted,5,5,O,BACKUP DUE TO REGULAR CONGESTION,"FAILED TO KEEP PROPER LANE, IMPROPER PASSING",,2024,1
8284,33914427,0510100,HENDERSON POLICE DEPARTMENT,Accepted,HENDERSON,US0041A,,GREEN,ST,N,,14TH,,,,,37.85407347,-87.57887418,17.074,2024-10-10,1636,2,2,0,0,CLEAR,DRY,False,ANGLE COLLISION - OTHER,ANGLE,STRAIGHT & LEVEL,DAYLIGHT,,,45580.7432,False,67,Accepted,5,5,O,BACKUP DUE TO REGULAR CONGESTION,INATTENTION,,2024,1
8285,33914428,0510100,HENDERSON POLICE DEPARTMENT,Accepted,HENDERSON,US0041,2601,US41,,N,,PAUL,,,,,37.87422686,-87.56833968,17.319,2024-10-12,951,2,2,0,0,CLEAR,DRY,False,ANGLE COLLISION - OTHER,ANGLE,STRAIGHT & LEVEL,DAYLIGHT,,,45580.74329,False,32,Accepted,5,5,O,BACKUP DUE TO REGULAR CONGESTION,FAILED TO YIELD RIGHT OF WAY,,2024,1
8286,33914431,0510100,HENDERSON POLICE DEPARTMENT,Accepted,HENDERSON,,,DR MARTIN LUTHER KING JR,AVE,,,ALVASIA,,,,,37.82975894,-87.58947933,0.334,2024-10-12,1456,2,2,0,0,CLEAR,DRY,False,ANGLE COLLISION - OTHER,ANGLE,STRAIGHT & LEVEL,DAYLIGHT,,,45580.74338,False,31,Accepted,5,5,O,,DISREGARD TRAFFIC CONTROL,,2024,1
8287,33919120,0510100,HENDERSON POLICE DEPARTMENT,Accepted,HENDERSON,US0041,,US41,,N,,,,,,,37.87522786,-87.56775772,17.415,2024-10-05,1356,2,2,0,0,CLEAR,DRY,False,REAR END IN TRAFFIC LANES BOTH VEHICLES MOVING,REAR END,STRAIGHT & LEVEL,DAYLIGHT,,,45581.68367,False,50,Accepted,5,5,O,,INATTENTION,,2024,1
8288,33920161,0510100,HENDERSON POLICE DEPARTMENT,Accepted,HENDERSON,US0041,,US41,,N,,,,,,,37.86700365,-87.57246856,16.78,2024-10-10,1753,2,2,0,0,CLEAR,DRY,True,1 VEHICLE ENTERING/LEAVING ENTRANCE,ANGLE,STRAIGHT & LEVEL,DAYLIGHT,,,45581.92056,False,19,Accepted,5,5,O,,,,2024,1
8289,33920163,0510100,HENDERSON POLICE DEPARTMENT,Accepted,HENDERSON,,,3RD,ST,,,INGRAM,,,,,37.84003015,-87.58624819,0.381,2024-10-11,1758,2,2,0,0,CLEAR,DRY,False,ANGLE COLLISION - OTHER,ANGLE,STRAIGHT & LEVEL,DAYLIGHT,,,45581.92068,False,42,Accepted,5,5,O,,DISTRACTION,,2024,1
8290,33920165,0510100,HENDERSON POLICE DEPARTMENT,Accepted,HENDERSON,,,BARRET,BLVD,,US0041,US41,,,,,37.86430891,-87.57367045,0.897,2024-10-11,1849,2,2,0,0,CLEAR,DRY,False,OTHER INTERSECTION COLLISIONS,REAR END,STRAIGHT & LEVEL,DARK-HWY LIGHTED/ON,,,45581.9208,False,42,Accepted,5,5,O,,MISJUDGE CLEARANCE,,2024,1
8291,33920166,0510100,HENDERSON POLICE DEPARTMENT,Accepted,HENDERSON,US0041A,1001,GREEN,ST,N,,5TH,,,,,37.84290914,-87.58622984,16.189,2024-10-11,1950,2,1,0,0,CLEAR,DRY,False,COLLISION WITH PEDESTRIAN IN INTERSECTION,SINGLE VEHICLE,STRAIGHT & LEVEL,DARK-HWY LIGHTED/ON,,,45581.92086,False,19,Accepted,5,5,O,,,,2024,1
8292,33920535,0510100,HENDERSON POLICE DEPARTMENT,Accepted,HENDERSON,US0041A,,GREEN,ST,N,,,,,,,37.85564256,-87.57658136,17.224,2024-10-13,2111,2,2,0,0,CLEAR,DRY,True,SIDESWIPE COLLISION - SAME DIRECTION,SIDESWIPE-SAME DIRECTION,STRAIGHT & LEVEL,DARK-HWY LIGHTED/ON,,,45582.03211,False,35,Accepted,5,5,O,,FAILED TO KEEP PROPER LANE,,2024,1
8297,33925212,0510100,HENDERSON POLICE DEPARTMENT,Accepted,HENDERSON,US0041,,US41,,N,,,,,,,37.85274343,-87.56874628,15.663,2024-10-14,1732,1,1,0,0,CLEAR,DRY,False,OTHER ROADWAY OR MID-BLOCK COLLISION,SINGLE VEHICLE,CURVE & GRADE,DAYLIGHT,,,45582.96545,False,37,Accepted,5,5,O,,TOO FAST FOR CONDITIONS,,2024,1
8301,33941263,0510100,HENDERSON POLICE DEPARTMENT,Accepted,HENDERSON,US0041A,,GREEN,ST,S,KY0136,SAND,,,,,37.82397908,-87.60289288,14.55,2024-10-17,1658,2,2,0,0,CLEAR,DRY,True,ANGLE COLLISION - ONE VEHICLE TURNING RIGHT,ANGLE,STRAIGHT & LEVEL,DAYLIGHT,,,45587.32723,False,31,Accepted,5,5,O,,INATTENTION,,2024,1
8302,33941264,0510100,HENDERSON POLICE DEPARTMENT,Accepted,HENDERSON,,,MAIN,ST,N,,,,5TH,,4TH,37.84389212,-87.58965489,0.344,2024-10-19,940,2,2,0,0,CLEAR,DRY,False,VEHICLE BACKING NON INTERSECTION,BACKING,STRAIGHT & LEVEL,DAYLIGHT,,,45587.32729,False,34,Accepted,5,5,O,,MISJUDGE CLEARANCE,,2024,1
8303,33941337,0510100,HENDERSON POLICE DEPARTMENT,Accepted,HENDERSON,US0041A,500,GREEN,ST,S,,,,,,,37.82883979,-87.59808154,15.101,2024-10-21,1232,2,2,0,1,CLEAR,DRY,False,OTHER ROADWAY OR MID-BLOCK COLLISION,REAR END,STRAIGHT & HILLCREST,DAYLIGHT,,,45587.34861,False,36,Accepted,5,4,C,OTHER,DISTRACTION,,2024,1
8304,33941371,0510100,HENDERSON POLICE DEPARTMENT,Accepted,HENDERSON,,133,WATER,ST,S,,,,,,,37.83851317,-87.59540406,0.13,2024-10-21,1514,1,1,0,1,CLEAR,DRY,False,COLLISION WITH FIXED OBJECT NON - INTERSECTION - FIRST EVENT COLLISION 09 - 32 EXCLUDING 16,SINGLE VEHICLE,STRAIGHT & LEVEL,DAYLIGHT,,,45587.36374,False,49,Accepted,5,4,C,,NOT UNDER PROPER CONTROL,,2024,1
8305,33941376,0510100,HENDERSON POLICE DEPARTMENT,Accepted,HENDERSON,,,MAIN,ST,N,,,,3RD,,2ND,37.84139885,-87.59127427,0.15,2024-10-19,1425,2,2,0,0,CLEAR,DRY,False,1 VEHICLE PARKED POSITION (NOT PARKING LOT/DRIVEWAY),BACKING,STRAIGHT & LEVEL,DAYLIGHT,,,45587.36393,False,34,Accepted,5,5,O,,MISJUDGE CLEARANCE,,2024,1
8309,33944961,0510100,HENDERSON POLICE DEPARTMENT,Accepted,HENDERSON,,,1ST,ST,,,ALVES,,,,,37.83647937,-87.58491956,0.559,2024-10-15,1437,2,2,0,0,CLOUDY,DRY,False,ANGLE COLLISION - OTHER,ANGLE,STRAIGHT & LEVEL,DAYLIGHT,,,45587.92422,False,34,Accepted,5,5,O,,MISJUDGE CLEARANCE,,2024,1
8310,33944962,0510100,HENDERSON POLICE DEPARTMENT,Accepted,HENDERSON,,,WASHINGTON,ST,,,GREEN,,,,,37.8362912,-87.590805,,2024-10-16,816,2,2,0,0,CLEAR,DRY,False,SIDESWIPE-SAME DIRECTION,SIDESWIPE-SAME DIRECTION,STRAIGHT & LEVEL,DAYLIGHT,,,45587.92427,False,82,Accepted,5,5,O,,INATTENTION,,2024,1
8312,33951236,0510100,HENDERSON POLICE DEPARTMENT,Accepted,HENDERSON,,,2ND,ST,,US0041A,GREEN,,,,,37.8395838,-87.58847644,0.007,2024-10-22,1028,2,2,0,0,CLEAR,DRY,False,ANGLE COLLISION - OTHER,ANGLE,STRAIGHT & LEVEL,DAYLIGHT,,,45589.37682,False,25,Accepted,5,5,O,,"FAILED TO YIELD RIGHT OF WAY, INATTENTION",,2024,1
8313,33951237,0510100,HENDERSON POLICE DEPARTMENT,Accepted,HENDERSON,,,14TH,ST,,,ELM,,,,,37.85489591,-87.58061615,0.006,2024-10-22,1150,2,2,0,1,CLEAR,DRY,False,ANGLE COLLISION - OTHER,ANGLE,STRAIGHT & HILLCREST,DAYLIGHT,,,45589.37696,False,25,Accepted,3,3,B,,"FAILED TO YIELD RIGHT OF WAY, INATTENTION",,2024,1
8314,33951238,0510100,HENDERSON POLICE DEPARTMENT,Accepted,HENDERSON,US0041,,US41,,N,,,,WALKER,,ROBIN,37.86905468,-87.57112102,16.953,2024-10-22,1005,2,2,0,0,CLEAR,DRY,False,REAR END IN TRAFFIC LANES BOTH VEHICLES MOVING,REAR END,STRAIGHT & LEVEL,DAYLIGHT,,,45589.37709,False,32,Accepted,5,5,O,BACKUP DUE TO REGULAR CONGESTION,INATTENTION,,2024,1
8315,33951243,0510100,HENDERSON POLICE DEPARTMENT,Accepted,HENDERSON,US0060,,US60,,E,,BARRET,,,,,37.859871,-87.56786762,10.594,2024-10-21,1429,2,2,0,1,CLEAR,DRY,False,OTHER INTERSECTION COLLISIONS,REAR END,CURVE & LEVEL,DAYLIGHT,,,45589.37725,False,67,Accepted,5,4,C,,INATTENTION,,2024,1
8316,33951244,0510100,HENDERSON POLICE DEPARTMENT,Accepted,HENDERSON,US0060,2323,GREEN,ST,S,,,,,,,37.8022337,-87.64171522,9.074,2024-10-22,1435,2,2,0,0,CLEAR,DRY,True,1 VEHICLE PARKED POSITION (NOT PARKING LOT/DRIVEWAY),,,DAYLIGHT,,,45589.37733,False,25,Accepted,5,5,O,,,,2024,1
8317,33951402,0510100,HENDERSON POLICE DEPARTMENT,Accepted,HENDERSON,,327,2ND,ST,,,,,,,,37.83963254,-87.5888109,0.022,2024-10-23,1526,2,2,0,0,CLEAR,DRY,False,REAR END IN TRAFFIC LANES BOTH VEHICLES MOVING,REAR END,STRAIGHT & LEVEL,DAYLIGHT,,,45589.39771,False,25,Accepted,5,5,O,,"DISTRACTION, INATTENTION",,2024,1
8318,33951403,0510100,HENDERSON POLICE DEPARTMENT,Accepted,HENDERSON,US0041A,1705,GREEN,ST,S,,,,,,,37.81598155,-87.61508608,13.655,2024-10-23,1616,2,2,0,0,CLEAR,DRY,False,1 VEHICLE ENTERING/LEAVING ENTRANCE,ANGLE,STRAIGHT & LEVEL,DAYLIGHT,,,45589.39777,False,25,Accepted,5,5,O,,"FAILED TO YIELD RIGHT OF WAY, INATTENTION",,2024,1
8322,33954442,0510100,HENDERSON POLICE DEPARTMENT,Accepted,HENDERSON,US0041,,,,,,,,,,,37.8246738,-87.56489133,0.192,2024-10-11,1832,2,2,0,0,CLEAR,DRY,False,OTHER RAMP RELATED COLLISIONS NOT LISTED ABOVE,REAR END,STRAIGHT & LEVEL,DARK-HWY LIGHTED/ON,US0041,EB9004,45590.02635,False,42,Accepted,5,5,O,OTHER,INATTENTION,,2024,1
8323,33954678,0510100,HENDERSON POLICE DEPARTMENT,Accepted,HENDERSON,,,GREEN RIVER,RD,,US0060,US60,,,,,37.8613136,-87.56415446,0.002,2024-10-19,2035,2,2,0,0,CLEAR,DRY,True,OPPOSING LEFT TURN,OPPOSING LEFT TURN,STRAIGHT & LEVEL,DARK-HWY LIGHTED/ON,,,45590.0908,False,19,Accepted,5,5,O,,,,2024,1
8325,33956565,0510100,HENDERSON POLICE DEPARTMENT,Accepted,HENDERSON,,,KLUTEY PARK PLAZA,DR,,KY0351,2ND,,,,,37.83240669,-87.57160303,,2024-10-24,753,2,2,0,0,CLEAR,DRY,False,OTHER INTERSECTION COLLISIONS,REAR END,STRAIGHT & LEVEL,DAYLIGHT,,,45590.55435,False,36,Accepted,5,5,O,,DISTRACTION,MIRRORS,2024,1
8326,33964882,0510100,HENDERSON POLICE DEPARTMENT,Accepted,HENDERSON,,840,ADAMS,ST,N,,,,,,,37.84678494,-87.58023042,0.823,2024-10-24,1538,2,2,0,0,CLEAR,DRY,True,1 VEHICLE PARKED POSITION (NOT PARKING LOT/DRIVEWAY),SIDESWIPE-SAME DIRECTION,STRAIGHT & LEVEL,UNKNOWN,,,45593.32481,False,67,Accepted,5,5,O,,INATTENTION,,2024,1
8327,33965695,0510100,HENDERSON POLICE DEPARTMENT,Accepted,HENDERSON,US0041A,1100,GREEN,ST,N,,,,,,,37.85224337,-87.58023725,16.916,2024-10-16,1659,2,2,0,1,CLEAR,DRY,False,OTHER ROADWAY OR MID-BLOCK COLLISION,REAR END,STRAIGHT & LEVEL,DAYLIGHT,,,45593.43233,False,36,Accepted,5,4,C,,"DISTRACTION, INATTENTION",,2024,1
8329,33966046,0510100,HENDERSON POLICE DEPARTMENT,Accepted,HENDERSON,,,US HWY 41,,,,WATSON,,,,,37.87533885,-87.56784117,,2024-10-21,850,2,2,0,0,CLEAR,DRY,False,ANGLE COLLISION - OTHER,ANGLE,STRAIGHT & LEVEL,DAYLIGHT,,,45593.48924,False,82,Accepted,5,5,O,,OTHER,,2024,1
8330,33973709,0510100,HENDERSON POLICE DEPARTMENT,Accepted,HENDERSON,,225,2ND,ST,,,ELM,,,,,37.84016973,-87.58998606,0.093,2024-10-18,1913,2,2,0,0,CLEAR,DRY,False,OPPOSING LEFT TURN,OPPOSING LEFT TURN,STRAIGHT & LEVEL,DARK-HWY LIGHTED/ON,,,45594.95893,False,37,Accepted,5,5,O,,INATTENTION,,2024,1
8331,33973710,0510100,HENDERSON POLICE DEPARTMENT,Accepted,HENDERSON,US0041,2900,US41,,N,,,,,,,37.87139882,-87.56971425,17.114,2024-10-27,140,2,2,0,0,CLEAR,DRY,False,SIDESWIPE COLLISION - SAME DIRECTION,SIDESWIPE-SAME DIRECTION,STRAIGHT & LEVEL,DARK (UNKNOWN ROADWAY LIGHTING),,,45594.95909,False,30,Accepted,5,5,O,,"FAILED TO KEEP PROPER LANE, INATTENTION",,2024,1
8334,33976453,0510100,HENDERSON POLICE DEPARTMENT,Accepted,HENDERSON,US0041A,,GREEN,ST,N,,14TH,,,,,37.85407347,-87.57887418,17.074,2024-10-29,1357,2,2,0,1,CLEAR,DRY,False,OTHER INTERSECTION COLLISIONS,REAR END,STRAIGHT & LEVEL,DAYLIGHT,,,45595.51334,False,67,Accepted,5,4,C,,INATTENTION,,2024,1
8335,33976602,0510100,HENDERSON POLICE DEPARTMENT,Accepted,HENDERSON,US0041A,,GREEN,ST,N,,5TH,,,,,37.84328868,-87.58599448,16.217,2024-10-24,1545,2,2,0,0,CLEAR,DRY,False,OTHER INTERSECTION COLLISIONS,REAR END,STRAIGHT & LEVEL,DAYLIGHT,,,45595.52415,False,34,Accepted,5,5,O,,INATTENTION,,2024,1
8336,33977105,0510100,HENDERSON POLICE DEPARTMENT,Accepted,HENDERSON,,,US41,,N,,,,,,,37.88075209,-87.56469886,,2024-10-29,1020,2,2,0,0,CLEAR,DRY,False,REAR END IN TRAFFIC LANES BOTH VEHICLES MOVING,REAR END,STRAIGHT & LEVEL,DAYLIGHT,,,45595.60462,False,82,Accepted,5,5,O,,OTHER,,2024,1
8338,33977357,0510100,HENDERSON POLICE DEPARTMENT,Accepted,HENDERSON,,,US HWY 41,,,,,,,,,37.86919104,-87.57106723,,2024-10-29,750,2,2,0,0,CLEAR,DRY,False,1 VEHICLE ENTERING/LEAVING ENTRANCE,ANGLE,STRAIGHT & LEVEL,DAYLIGHT,,,45595.63838,False,82,Accepted,5,5,O,BACKUP DUE TO REGULAR CONGESTION,INATTENTION,,2024,1
8339,33978990,0510100,HENDERSON POLICE DEPARTMENT,Accepted,HENDERSON,,234,BLUE RIDGE,RD,,,,,,,,37.82304156,-87.57080973,0.116,2024-10-28,2030,2,2,0,0,CLEAR,DRY,True,1 VEHICLE PARKED POSITION (NOT PARKING LOT/DRIVEWAY),SIDESWIPE-SAME DIRECTION,STRAIGHT & LEVEL,DARK-HWY NOT LIGHTED,,,45595.97913,False,58,Accepted,5,5,O,,,,2024,1
8340,33978991,0510100,HENDERSON POLICE DEPARTMENT,Accepted,HENDERSON,US0041A,1408,GREEN,ST,N,,HERRON,,,,,37.8548669,-87.57776162,17.147,2024-10-28,1914,2,2,0,0,CLEAR,DRY,False,REAR END - ONE VEHICLE TURNING LEFT,REAR END,STRAIGHT & LEVEL,DARK-HWY LIGHTED/ON,,,45595.97918,False,37,Accepted,5,5,O,,INATTENTION,,2024,1
8342,33983460,0510100,HENDERSON POLICE DEPARTMENT,Accepted,HENDERSON,US0041A,1335,GREEN,ST,S,,,,,,,37.8230492,-87.60410832,14.362,2024-10-19,1843,2,2,0,0,CLEAR,DRY,False,SIDESWIPE COLLISION - SAME DIRECTION,SIDESWIPE-SAME DIRECTION,STRAIGHT & LEVEL,DARK-HWY LIGHTED/ON,,,45596.95597,False,51,Accepted,5,5,O,,INATTENTION,,2024,1
8343,33984479,0510100,HENDERSON POLICE DEPARTMENT,Accepted,HENDERSON,,,ELM,ST,S,,,,,,,37.83739282,-87.59203835,,2024-10-23,920,2,2,0,0,CLEAR,DRY,False,1 VEHICLE PARKED POSITION (NOT PARKING LOT/DRIVEWAY),ANGLE,STRAIGHT & LEVEL,DAYLIGHT,,,45597.30079,False,82,Accepted,5,5,O,,DISTRACTION,,2024,1
8344,33984648,0510100,HENDERSON POLICE DEPARTMENT,Accepted,HENDERSON,,,VINE,ST,,,ALVES,,,,,37.82903657,-87.59229226,,2024-10-31,645,2,2,0,0,CLOUDY,DRY,False,ANGLE COLLISION - OTHER,ANGLE,STRAIGHT & LEVEL,DARK-HWY LIGHTED/ON,,,45597.32266,False,73,Accepted,5,5,O,,"FAILED TO YIELD RIGHT OF WAY, INATTENTION",,2024,1