OBJECTID,IncidentID,AgencyORI,AgencyName,IncidentStatusDesc,County,RdwyNumber,Street,RoadwayName,StreetSfx,StreetDir,IntersectionRdwy,IntersectionRdwyName,BetweenStRdwy1,BetweenStRdwyName1,BetweenStRdwy2,BetweenStRdwyName2,Latitude,Longitude,Milepoint,CollisionDate,CollisionTime,UnitsInvolved,MotorVehiclesInvolved,NumberKilled,NumberInjured,Weather,RdwyConditionCode,HitandRun,DirAnalysisCode,MannerofCollision,RdwyCharacter,LightCondition,RampFromRdwyId,RampToRdwyId,AcceptedDate,IsSecondaryCollision,OwnerBadge,IncidentStatus,InjurySeverityCde,KABCO_Code,KABCO,Environmental_Factors,Human_Factors,Vehicular_Factors,CollisionYear,CityCrash
8345,33984649,0510100,HENDERSON POLICE DEPARTMENT,Accepted,HENDERSON,,,2ND,ST,,,MAIN,,,,,37.84087467,-87.5916247,0.185,2024-10-31,1457,2,2,0,0,RAINING,WET,False,VEHICLE BACKING IN INTERSECTION,BACKING,STRAIGHT & LEVEL,DAYLIGHT,,,45597.32272,False,25,Accepted,5,5,O,,INATTENTION,,2024,1
8351,33994984,0510100,HENDERSON POLICE DEPARTMENT,Accepted,HENDERSON,,,ELM,ST,N,,14TH,,,,,37.85481149,-87.5806502,1.302,2024-10-30,1553,2,2,0,0,CLEAR,DRY,True,ANGLE COLLISION - OTHER,ANGLE,STRAIGHT & LEVEL,DAYLIGHT,,,45600.34119,False,67,Accepted,5,5,O,,INATTENTION,,2024,1
8352,33995120,0510100,HENDERSON POLICE DEPARTMENT,Accepted,HENDERSON,US0041A,1350,GREEN,ST,N,,,,,,,37.85354309,-87.57929659,17.03,2024-11-01,929,2,2,0,0,CLEAR,DRY,False,SIDESWIPE COLLISION - SAME DIRECTION,SIDESWIPE-SAME DIRECTION,STRAIGHT & LEVEL,DAYLIGHT,,,45600.35544,False,25,Accepted,5,5,O,,INATTENTION,,2024,1
8353,33995122,0510100,HENDERSON POLICE DEPARTMENT,Accepted,HENDERSON,,,HERRON,AVE,,US0041A,GREEN,,,,,37.85485389,-87.5778474,0.095,2024-11-01,1306,4,4,0,1,CLEAR,DRY,False,OTHER INTERSECTION COLLISIONS,REAR END,STRAIGHT & LEVEL,DAYLIGHT,,,45600.35551,False,25,Accepted,5,3,B,,"FOLLOWING TOO CLOSE, INATTENTION",,2024,1
8354,33995329,0510100,HENDERSON POLICE DEPARTMENT,Accepted,HENDERSON,US0041,2400,US41,,N,,,,,,,37.8714483,-87.56987271,17.115,2024-11-01,1438,2,2,0,0,CLEAR,DRY,False,REAR END IN TRAFFIC LANES BOTH VEHICLES MOVING,REAR END,STRAIGHT & LEVEL,DAYLIGHT,,,45600.37708,False,47,Accepted,5,5,O,,FOLLOWING TOO CLOSE,,2024,1
8355,33995331,0510100,HENDERSON POLICE DEPARTMENT,Accepted,HENDERSON,US0041,,US41,,N,,JOHN JAMES AUDUBON STATE,,,,,37.88090714,-87.56465883,17.819,2024-11-03,1517,3,3,0,4,CLEAR,DRY,False,ANGLE COLLISION - OTHER,ANGLE,STRAIGHT & LEVEL,DAYLIGHT,,,45600.37715,False,49,Accepted,4,4,C,,"FAILED TO YIELD RIGHT OF WAY, INATTENTION, MISJUDGE CLEARANCE",,2024,1
8363,34000218,0510100,HENDERSON POLICE DEPARTMENT,Accepted,HENDERSON,US0041A,,US41 ALT,,,US0041A,GREEN,,,,,37.81106439,-87.62242873,13.079,2024-11-04,918,1,1,0,0,CLOUDY,DRY,False,COLLISION WITH FIXED OBJECT IN INTERSECTION - FIRST EVENT COLLISION 09 - 32,SINGLE VEHICLE,CURVE & LEVEL,DAYLIGHT,,,45601.38779,False,34,Accepted,5,5,O,,SICK,BRAKES DEFECTIVE,2024,1
8364,34000372,0510100,HENDERSON POLICE DEPARTMENT,Accepted,HENDERSON,US0041A,,GREEN,ST,N,,8TH,,,,,37.84706698,-87.58357141,16.516,2024-11-04,1451,2,2,0,0,CLOUDY,DRY,False,OTHER INTERSECTION COLLISIONS,REAR END,STRAIGHT & LEVEL,DAYLIGHT,,,45601.42343,False,34,Accepted,5,5,O,,,BRAKES DEFECTIVE,2024,1
8365,34002865,0510100,HENDERSON POLICE DEPARTMENT,Accepted,HENDERSON,US0041,2800,US41,,N,,,,,,,37.87891988,-87.5657537,17.677,2024-11-03,134,1,1,0,0,CLEAR,DRY,False,COLLISION WITH FIXED OBJECT NON - INTERSECTION - FIRST EVENT COLLISION 09 - 32 EXCLUDING 16,SINGLE VEHICLE,STRAIGHT & LEVEL,DARK-HWY LIGHTED/ON,,,45602.05907,False,27,Accepted,5,5,O,,,TIRES,2024,1
8366,34002868,0510100,HENDERSON POLICE DEPARTMENT,Accepted,HENDERSON,,,ELK,AVE,,,GREEN,,,,,37.85628817,-87.57628664,0.167,2024-11-03,1749,1,1,0,0,CLEAR,DRY,False,OTHER INTERSECTION COLLISIONS,SINGLE VEHICLE,STRAIGHT & LEVEL,DARK-HWY LIGHTED/OFF,,,45602.05925,False,23,Accepted,5,5,O,,INATTENTION,,2024,1
8369,34008838,KSP1600,"KY STATE POLICE, POST 16",Accepted,HENDERSON,US0060,,GREEN,ST,S,,,,,,,37.79594143,-87.657958,8.087,2024-11-05,1022,2,2,0,0,CLOUDY,DRY,True,SIDESWIPE COLLISION - SAME DIRECTION,SIDESWIPE-SAME DIRECTION,STRAIGHT & GRADE,DAYLIGHT,,,45603.42083,False,469,Accepted,5,5,O,,FAILED TO YIELD RIGHT OF WAY,,2024,1
8370,34009798,0510100,HENDERSON POLICE DEPARTMENT,Accepted,HENDERSON,,605,DR MARTIN LUTHER KING JR,AVE,,,,,ALVES,,ADAMS,37.83074355,-87.59101575,0.226,2024-11-05,200,2,2,0,0,CLEAR,DRY,True,1 VEHICLE PARKED POSITION (NOT PARKING LOT/DRIVEWAY),SIDESWIPE-SAME DIRECTION,STRAIGHT & LEVEL,DARK-HWY LIGHTED/ON,,,45603.59002,False,32,Accepted,5,5,O,,"INATTENTION, NOT UNDER PROPER CONTROL",,2024,1
8371,34009799,0510100,HENDERSON POLICE DEPARTMENT,Accepted,HENDERSON,US0041,2200,US41,,N,,HARMONY,,,,,37.86919952,-87.57104274,16.952,2024-11-05,1425,2,2,0,1,RAINING,WET,False,ANGLE COLLISION - OTHER,ANGLE,CURVE & LEVEL,DAYLIGHT,,,45603.59017,False,47,Accepted,5,3,B,"VIEW OBSTRUCTED, LIMITED DUE TO WEATHER CONDITIONS",INATTENTION,,2024,1
8372,34010939,0510100,HENDERSON POLICE DEPARTMENT,Accepted,HENDERSON,,,8TH,ST,,,ELM,,,,,37.84773823,-87.58520246,,2024-11-04,1219,2,2,0,3,CLEAR,DRY,False,ANGLE COLLISION - OTHER,ANGLE,STRAIGHT & LEVEL,DAYLIGHT,,,45603.73743,False,82,Accepted,3,3,B,,INATTENTION,,2024,1
8373,34011958,0510100,HENDERSON POLICE DEPARTMENT,Accepted,HENDERSON,,601,CLAY,ST,,,ADAMS,,,,,37.83228916,-87.5907094,0.895,2024-10-31,2152,2,2,0,0,CLEAR,DRY,True,COLLISION WITH PARKED VEHICLE,SIDESWIPE-OPPOSITE DIRECTION,STRAIGHT & LEVEL,DARK-HWY LIGHTED/ON,,,45604.02211,False,33,Accepted,5,5,O,,,,2024,1
8374,34012116,0510100,HENDERSON POLICE DEPARTMENT,Accepted,HENDERSON,,,VINE,ST,,,,,,,,37.82868497,-87.59163781,0.285,2024-10-31,2142,1,1,0,0,CLOUDY,WET,False,COLLISION WITH FIXED OBJECT NON - INTERSECTION - FIRST EVENT COLLISION 09 - 32 EXCLUDING 16,SINGLE VEHICLE,STRAIGHT & GRADE,DARK-HWY LIGHTED/ON,,,45604.06395,False,58,Accepted,5,5,O,,OTHER,,2024,1
8375,34013331,0510100,HENDERSON POLICE DEPARTMENT,Accepted,HENDERSON,KY0351,,2ND,ST,,,KLUTEY PARK PLAZA,,,,,37.83240647,-87.57162037,1.044,2024-11-04,904,2,2,0,1,CLOUDY,DRY,False,ANGLE COLLISION - ONE VEHICLE TURNING LEFT,ANGLE,STRAIGHT & LEVEL,DAYLIGHT,,,45604.37931,False,49,Accepted,5,4,C,,DISREGARD TRAFFIC CONTROL,,2024,1
8376,34023244,0510100,HENDERSON POLICE DEPARTMENT,Accepted,HENDERSON,US0041,2700,US41,,N,,,,,,,37.87792965,-87.56644325,17.6,2024-11-08,1455,2,2,0,0,CLEAR,DRY,False,1 VEHICLE ENTERING/LEAVING ENTRANCE,ANGLE,STRAIGHT & LEVEL,DAYLIGHT,,,45607.47251,False,47,Accepted,5,5,O,BACKUP DUE TO REGULAR CONGESTION,"INATTENTION, OTHER",,2024,1
8377,34025027,0510100,HENDERSON POLICE DEPARTMENT,Accepted,HENDERSON,US0041A,1647,GREEN,ST,S,,,,,,,37.81790651,-87.61209626,13.881,2024-11-07,1937,2,2,0,0,CLEAR,DRY,False,REAR END IN TRAFFIC LANES BOTH VEHICLES MOVING,REAR END,STRAIGHT & LEVEL,DUSK,,,45607.87262,False,42,Accepted,5,5,O,,INATTENTION,,2024,1
8378,34025373,0510100,HENDERSON POLICE DEPARTMENT,Accepted,HENDERSON,,,ATKINSON,ST,,,WASHINGTON,,,,,37.82803598,-87.57692743,0.001,2024-11-08,1605,2,2,0,0,CLEAR,DRY,False,ANGLE COLLISION - OTHER,ANGLE,STRAIGHT & LEVEL,DAYLIGHT,,,45607.96049,False,23,Accepted,5,5,O,,"INATTENTION, MISJUDGE CLEARANCE",,2024,1
8379,34025436,0510100,HENDERSON POLICE DEPARTMENT,Accepted,HENDERSON,,,CLAY,ST,,,,,,,,37.8284996,-87.58455649,0.471,2024-11-05,2125,1,1,0,0,CLOUDY,WET,True,COLLISION WITH FIXED OBJECT NON - INTERSECTION - FIRST EVENT COLLISION 09 - 32 EXCLUDING 16,SINGLE VEHICLE,STRAIGHT & LEVEL,DARK-HWY LIGHTED/ON,,,45607.98506,False,58,Accepted,5,5,O,,,,2024,1
8384,34027516,0510100,HENDERSON POLICE DEPARTMENT,Accepted,HENDERSON,,2457,COBBLESTONE,DR,,,,,,,,37.85568672,-87.55127732,0.232,2024-11-06,941,2,2,0,0,CLEAR,DRY,False,1 VEHICLE PARKED POSITION (NOT PARKING LOT/DRIVEWAY),BACKING,STRAIGHT & LEVEL,DAYLIGHT,,,45608.40004,False,65,Accepted,5,5,O,,INATTENTION,,2024,1
8387,34033549,0510100,HENDERSON POLICE DEPARTMENT,Accepted,HENDERSON,,,GREEN,ST,S,,KRESGE,,,,,37.8160715,-87.61474023,,2024-10-31,1125,2,2,0,0,RAINING,WATER (STANDING OR MOVING),False,COLLISION WITH PARKED VEHICLE,REAR END,STRAIGHT & LEVEL,DAYLIGHT,,,45609.48936,False,82,Accepted,5,5,O,WATER POOLING,OTHER,,2024,1
8388,34033550,0510100,HENDERSON POLICE DEPARTMENT,Accepted,HENDERSON,,,US HWY 60 E,,,,US HWY 41 S,,,,,37.85747986,-87.57362684,,2024-10-31,1320,1,1,0,0,RAINING,WATER (STANDING OR MOVING),False,OTHER INTERSECTION COLLISIONS,SINGLE VEHICLE,STRAIGHT & LEVEL,DAYLIGHT,,,45609.48944,False,82,Accepted,5,5,O,WATER POOLING,OTHER,,2024,1
8389,34033551,0510100,HENDERSON POLICE DEPARTMENT,Accepted,HENDERSON,,,GREEN,ST,N,,,,,,,37.85372405,-87.58131837,,2024-11-01,1110,2,2,0,0,CLEAR,DRY,False,SIDESWIPE COLLISION - SAME DIRECTION,SIDESWIPE-SAME DIRECTION,STRAIGHT & LEVEL,DAYLIGHT,,,45609.4895,False,82,Accepted,5,5,O,,INATTENTION,,2024,1
8390,34033556,0510100,HENDERSON POLICE DEPARTMENT,Accepted,HENDERSON,KY0351,,ZION,RD,,,,,,,,37.83062206,-87.56592941,,2024-11-04,925,2,2,0,0,CLOUDY,DRY,False,OTHER ROADWAY OR MID-BLOCK COLLISION,REAR END,CURVE & LEVEL,DAYLIGHT,,,45609.48964,False,82,Accepted,5,5,O,,INATTENTION,,2024,1
8391,34034131,0510100,HENDERSON POLICE DEPARTMENT,Accepted,HENDERSON,US0041A,600,GREEN,ST,N,,,,,,,37.84491455,-87.58487676,16.299,2024-11-11,1455,2,2,0,0,CLEAR,DRY,False,SIDESWIPE COLLISION - SAME DIRECTION,SIDESWIPE-SAME DIRECTION,STRAIGHT & LEVEL,DAYLIGHT,,,45609.59542,False,11,Accepted,5,5,O,,INATTENTION,,2024,1
8394,34034554,KSP1600,"KY STATE POLICE, POST 16",Accepted,HENDERSON,US0041,,US41,,N,KY2084,KY2084,,,,,37.82480355,-87.56508714,13.641,2024-11-06,1214,2,2,0,0,CLEAR,DRY,False,OTHER INTERSECTION COLLISIONS,REAR END,CURVE & GRADE,DAYLIGHT,,,45609.65509,False,25,Accepted,5,5,O,,INATTENTION,,2024,1
8395,34037085,0510000,HENDERSON COUNTY SHERIFF DEPT.,Accepted,HENDERSON,US0041A,,GREEN,ST,N,,RICHARDSON,,,,,37.85550522,-87.57665678,17.229,2024-11-08,217,1,1,0,0,CLEAR,DRY,False,COLLISION WITH FIXED OBJECT IN INTERSECTION - FIRST EVENT COLLISION 09 - 32,SINGLE VEHICLE,STRAIGHT & LEVEL,DARK-HWY LIGHTED/ON,,,45610.40938,False,135,Accepted,5,5,O,,INATTENTION,,2024,1
8397,34041090,0510100,HENDERSON POLICE DEPARTMENT,Accepted,HENDERSON,US0060,,US60,,E,,,,,,,37.85875168,-87.57044925,10.448,2024-11-12,1712,3,3,0,0,CLEAR,DRY,True,REAR END IN TRAFFIC LANES BOTH VEHICLES MOVING,REAR END,STRAIGHT & LEVEL,DARK-HWY LIGHTED/ON,,,45611.31549,False,36,Accepted,5,5,O,,FOLLOWING TOO CLOSE,,2024,1
8398,34041141,0510100,HENDERSON POLICE DEPARTMENT,Accepted,HENDERSON,,,WATSON,LN,,,GREEN RIVER,,,,,37.86866313,-87.55759573,0.307,2024-11-14,1652,2,2,0,0,CLEAR,DRY,False,ANGLE COLLISION - OTHER,ANGLE,STRAIGHT & LEVEL,DARK-HWY LIGHTED/ON,,,45611.32304,False,25,Accepted,5,5,O,,"FAILED TO YIELD RIGHT OF WAY, INATTENTION",,2024,1
8399,34041378,0510100,HENDERSON POLICE DEPARTMENT,Accepted,HENDERSON,US0041,,US41,,,US0041,US41,,,,,37.82479499,-87.56507063,13.576,2024-11-11,752,2,2,0,0,CLEAR,DRY,False,OTHER INTERSECTION COLLISIONS,REAR END,STRAIGHT & LEVEL,DAYLIGHT,,,45611.36504,False,65,Accepted,5,5,O,,INATTENTION,,2024,1
8400,34041379,0510100,HENDERSON POLICE DEPARTMENT,Accepted,HENDERSON,,1712,1ST,ST,,,,,,,,37.83067141,-87.57087905,1.042,2024-11-11,834,1,1,0,0,CLEAR,DRY,True,OTHER ROADWAY OR MID-BLOCK COLLISION,SINGLE VEHICLE,STRAIGHT & LEVEL,UNKNOWN,,,45611.36518,False,65,Accepted,5,5,O,,,,2024,1
8401,34041381,0510100,HENDERSON POLICE DEPARTMENT,Accepted,HENDERSON,,,ELM,ST,N,,HI Y,,,,,37.85832268,-87.57843863,1.574,2024-11-13,1715,2,2,0,0,RAINING,WET,True,OPPOSITE DIRECTION - BOTH VEHICLES GOING STRAIGHT AHEAD,SIDESWIPE-OPPOSITE DIRECTION,STRAIGHT & LEVEL,DARK-HWY NOT LIGHTED,,,45611.36537,False,67,Accepted,5,5,O,SLIPPERY SURFACE,"INATTENTION, OTHER",,2024,1
8402,34041383,0510100,HENDERSON POLICE DEPARTMENT,Accepted,HENDERSON,,1100,5TH,ST,,,HEILMAN,,,,,37.8393849,-87.57632833,0.358,2024-11-11,1600,2,2,0,0,CLEAR,DRY,False,ANGLE COLLISION - OTHER,ANGLE,STRAIGHT & LEVEL,DAYLIGHT,,,45611.36545,False,47,Accepted,5,5,O,GLARE (SUN),OTHER,,2024,1
8403,34042006,0510100,HENDERSON POLICE DEPARTMENT,Accepted,HENDERSON,,834,KLEYMEYER,ST,,,,,PRINGLE,,BAILEY,37.82513244,-87.58779507,0.07,2024-11-11,705,2,2,0,0,CLEAR,DRY,False,1 VEHICLE PARKED POSITION (NOT PARKING LOT/DRIVEWAY),BACKING,STRAIGHT & LEVEL,DAYLIGHT,,,45611.49567,False,32,Accepted,5,5,O,,MISJUDGE CLEARANCE,,2024,1
8404,34042007,0510100,HENDERSON POLICE DEPARTMENT,Accepted,HENDERSON,US0041A,1759,GREEN,ST,S,,,,KRESGE,,DRURY,37.8155174,-87.61570252,13.604,2024-11-14,1110,2,2,0,0,CLOUDY,DRY,False,REAR END IN TRAFFIC LANES BOTH VEHICLES MOVING,REAR END,STRAIGHT & LEVEL,DAYLIGHT,,,45611.49572,False,32,Accepted,5,5,O,,INATTENTION,,2024,1
8405,34042062,0510100,HENDERSON POLICE DEPARTMENT,Accepted,HENDERSON,US0041,2800,US41,,N,,,,,,,37.87720455,-87.56667054,17.55,2024-11-14,1620,2,2,0,0,CLEAR,DRY,False,1 VEHICLE ENTERING/LEAVING ENTRANCE,ANGLE,STRAIGHT & LEVEL,DARK-HWY LIGHTED/ON,,,45611.50553,False,47,Accepted,5,5,O,BACKUP DUE TO REGULAR CONGESTION,OTHER,,2024,1
8406,34050766,0510100,HENDERSON POLICE DEPARTMENT,Accepted,HENDERSON,,,POWELL,ST,,US0041A,GREEN,,,,,37.83521151,-87.59210645,0.284,2024-11-15,1536,2,2,0,0,CLOUDY,DRY,False,ANGLE COLLISION - OTHER,ANGLE,STRAIGHT & LEVEL,DAYLIGHT,,,45614.34183,False,25,Accepted,5,5,O,,"FAILED TO YIELD RIGHT OF WAY, INATTENTION",,2024,1
8407,34050859,0510100,HENDERSON POLICE DEPARTMENT,Accepted,HENDERSON,US0041,,US41,,N,,WATSON,,,,,37.87533998,-87.56784362,17.407,2024-11-16,910,2,1,0,0,CLEAR,DRY,False,COLLISION WITH PEDESTRIAN IN INTERSECTION,SINGLE VEHICLE,STRAIGHT & LEVEL,DAYLIGHT,,,45614.3553,False,47,Accepted,5,5,O,BACKUP DUE TO REGULAR CONGESTION,,,2024,1
8408,34050861,0510100,HENDERSON POLICE DEPARTMENT,Accepted,HENDERSON,KY0351,,2ND,ST,,,PRIEST,,,,,37.8332226,-87.57324875,0.944,2024-11-14,738,2,2,0,2,CLOUDY,DRY,False,OPPOSING LEFT TURN,OPPOSING LEFT TURN,STRAIGHT & LEVEL,DAYLIGHT,,,45614.35581,False,65,Accepted,5,4,C,,"FAILED TO YIELD RIGHT OF WAY, INATTENTION",,2024,1
8409,34051417,0510100,HENDERSON POLICE DEPARTMENT,Accepted,HENDERSON,,,2ND,ST,,,,,,,,37.83232942,-87.57144387,,2024-11-12,718,2,2,0,0,CLEAR,DRY,False,1 VEHICLE ENTERING/LEAVING ENTRANCE,ANGLE,STRAIGHT & LEVEL,DAYLIGHT,,,45614.40451,False,82,Accepted,5,5,O,"BACKUP DUE TO REGULAR CONGESTION, CONSTRUCTION WORK ZONE",INATTENTION,,2024,1
8414,34054259,0510100,HENDERSON POLICE DEPARTMENT,Accepted,HENDERSON,,,GREEN,ST,N,,,,,,,37.84984997,-87.58177287,,2024-11-07,730,2,2,0,0,CLEAR,DRY,False,SIDESWIPE COLLISION - SAME DIRECTION,SIDESWIPE-SAME DIRECTION,STRAIGHT & LEVEL,DAYLIGHT,,,45614.78075,False,82,Accepted,5,5,O,,INATTENTION,,2024,1
8415,34054262,0510100,HENDERSON POLICE DEPARTMENT,Accepted,HENDERSON,,,US41 ALT,,,,GREEN,,,,,37.81068927,-87.62247097,,2024-11-13,605,1,1,0,0,CLOUDY,WET,False,COLLISION WITH ANIMAL IN INTERSECTION,SINGLE VEHICLE,CURVE & LEVEL,DAYLIGHT,,,45614.78103,False,82,Accepted,5,5,O,ANIMALS ACTION,,,2024,1
8416,34054263,0510100,HENDERSON POLICE DEPARTMENT,Accepted,HENDERSON,,,BARRET,BLVD,,,US HWY 60 E,,,,,37.8599221,-87.56772153,,2024-11-13,1252,2,2,0,1,RAINING,WATER (STANDING OR MOVING),False,ANGLE COLLISION - OTHER,ANGLE,STRAIGHT & LEVEL,DAYLIGHT,,,45614.78112,False,82,Accepted,5,4,C,BACKUP DUE TO REGULAR CONGESTION,INATTENTION,,2024,1
8417,34054264,0510100,HENDERSON POLICE DEPARTMENT,Accepted,HENDERSON,,,GREEN,ST,,,CHESTNUT,,,,,37.82795703,-87.5989331,,2024-11-14,640,2,2,0,0,CLOUDY,WET,False,SIDESWIPE-SAME DIRECTION,SIDESWIPE-SAME DIRECTION,STRAIGHT & LEVEL,DAYLIGHT,,,45614.78121,False,82,Accepted,5,5,O,,INATTENTION,,2024,1
8418,34056513,0510100,HENDERSON POLICE DEPARTMENT,Accepted,HENDERSON,KY0351,,ZION,RD,,,ARLINGTON,,,,,37.8294205,-87.56179748,1.627,2024-11-18,731,2,2,0,0,CLEAR,DRY,False,ANGLE COLLISION - OTHER,ANGLE,STRAIGHT & LEVEL,DAYLIGHT,,,45615.38625,False,36,Accepted,5,5,O,BACKUP DUE TO REGULAR CONGESTION,OTHER,,2024,1
8420,34063625,0510100,HENDERSON POLICE DEPARTMENT,Accepted,HENDERSON,,14,ALVASIA,ST,S,,CENTER,,,,,37.83445934,-87.58498436,0.016,2024-11-19,830,2,2,0,0,RAINING,WET,True,COLLISION WITH PARKED VEHICLE,SIDESWIPE-SAME DIRECTION,STRAIGHT & GRADE,DARK-HWY LIGHTED/ON,,,45616.70135,False,32,Accepted,5,5,O,,"FAILED TO KEEP PROPER LANE, INATTENTION, NOT UNDER PROPER CONTROL",,2024,1
8421,34063626,0510100,HENDERSON POLICE DEPARTMENT,Accepted,HENDERSON,US0060,,US60,,E,,BARRET,,,,,37.85991469,-87.56775995,10.599,2024-10-31,1605,1,1,0,0,CLOUDY,WET,True,COLLISION WITH FIXED OBJECT IN INTERSECTION - FIRST EVENT COLLISION 09 - 32,SINGLE VEHICLE,STRAIGHT & LEVEL,DAYLIGHT,,,45616.70148,False,47,Accepted,5,5,O,,"NOT UNDER PROPER CONTROL, TOO FAST FOR CONDITIONS",,2024,1
8424,34073030,0510100,HENDERSON POLICE DEPARTMENT,Accepted,HENDERSON,,1126,WASHINGTON,ST,,,,,,,,37.82995786,-87.58031217,0.487,2024-11-12,2108,3,3,0,0,CLEAR,DRY,True,1 VEHICLE PARKED POSITION (NOT PARKING LOT/DRIVEWAY),SIDESWIPE-SAME DIRECTION,STRAIGHT & LEVEL,DARK-HWY LIGHTED/ON,,,45618.87408,False,42,Accepted,5,5,O,,"ALCOHOL INVOLVEMENT, FAILED TO KEEP PROPER LANE",,2024,1
8425,34073308,0510100,HENDERSON POLICE DEPARTMENT,Accepted,HENDERSON,,,5TH,ST,,,ALVASIA,,,,,37.84131033,-87.58121808,0.658,2024-11-13,1545,2,2,0,0,RAINING,WET,False,ANGLE COLLISION - OTHER,ANGLE,STRAIGHT & LEVEL,DAYLIGHT,,,45618.9478,False,23,Accepted,5,5,O,,"FAILED TO YIELD RIGHT OF WAY, INATTENTION, MISJUDGE CLEARANCE",,2024,1
8426,34073760,0510100,HENDERSON POLICE DEPARTMENT,Accepted,HENDERSON,,1045,4TH,ST,,,CLARK,,,,,37.83629746,-87.57755696,0.668,2024-10-18,26,1,1,0,1,CLEAR,DRY,False,OTHER INTERSECTION COLLISIONS,SINGLE VEHICLE,CURVE & LEVEL,DARK-HWY LIGHTED/ON,,,45619.08285,False,37,Accepted,5,3,B,,"NOT UNDER PROPER CONTROL, TOO FAST FOR CONDITIONS, TURNING IMPROPERLY",,2024,1
8433,34081651,0510000,HENDERSON COUNTY SHERIFF DEPT.,Accepted,HENDERSON,US0060,,GREEN,ST,S,,,,,,,37.80380537,-87.63752954,9.327,2024-11-13,2308,2,2,0,0,CLEAR,DRY,False,1 VEHICLE ENTERING/LEAVING ENTRANCE,ANGLE,STRAIGHT & LEVEL,DARK-HWY NOT LIGHTED,,,45621.49735,False,144,Accepted,5,5,O,,"FAILED TO YIELD RIGHT OF WAY, TURNING IMPROPERLY",,2024,1
8435,34084243,0510100,HENDERSON POLICE DEPARTMENT,Accepted,HENDERSON,US0041,,US41,,N,,,,,,,37.84913745,-87.56693422,15.398,2024-11-13,1740,1,1,0,0,RAINING,WET,False,RAN OFF ROADWAY (1 VEHICLE WITH/EARTH EMBANKMENT/DITCH),SINGLE VEHICLE,CURVE & LEVEL,DARK-HWY LIGHTED/ON,,,45621.92106,False,19,Accepted,5,5,O,"GLARE (OTHER), VIEW OBSTRUCTED, LIMITED DUE TO WEATHER CONDITIONS",,,2024,1
8436,34084683,0510100,HENDERSON POLICE DEPARTMENT,Accepted,HENDERSON,,2003,STAPP,DR,,,,,,,,37.8605969,-87.56795578,0.026,2024-11-14,1918,2,2,0,0,CLOUDY,DRY,False,1 VEHICLE PARKED POSITION (NOT PARKING LOT/DRIVEWAY),BACKING,STRAIGHT & LEVEL,DARK (UNKNOWN ROADWAY LIGHTING),,,45622.04698,False,30,Accepted,5,5,O,,INATTENTION,,2024,1
8438,34084908,0510100,HENDERSON POLICE DEPARTMENT,Accepted,HENDERSON,US0041,14,US41,,N,,,,,,,37.83506131,-87.56520657,14.408,2024-11-15,527,1,1,0,0,CLEAR,DRY,False,OTHER ROADWAY OR MID-BLOCK COLLISION,SINGLE VEHICLE,STRAIGHT & LEVEL,DARK-HWY LIGHTED/ON,,,45622.12482,False,61,Accepted,5,5,O,,MISJUDGE CLEARANCE,,2024,1
8439,34084910,0510100,HENDERSON POLICE DEPARTMENT,Accepted,HENDERSON,US0041A,1773,GREEN,ST,S,,,,,,,37.81423784,-87.61780209,13.444,2024-11-15,1709,2,2,0,0,CLOUDY,DRY,False,1 VEHICLE ENTERING/LEAVING ENTRANCE,ANGLE,STRAIGHT & LEVEL,DARK (UNKNOWN ROADWAY LIGHTING),,,45622.12496,False,30,Accepted,5,5,O,,"FAILED TO YIELD RIGHT OF WAY, INATTENTION",,2024,1
8440,34084911,0510100,HENDERSON POLICE DEPARTMENT,Accepted,HENDERSON,US0041A,1773,GREEN,ST,S,,,,,,,37.81394268,-87.61819452,13.413,2024-11-15,1725,1,1,0,0,CLOUDY,DRY,False,COLLISION WITH ANIMAL NON INTERSECTION,SINGLE VEHICLE,STRAIGHT & LEVEL,DARK (UNKNOWN ROADWAY LIGHTING),,,45622.12503,False,30,Accepted,5,5,O,,,,2024,1
8441,34085868,0510100,HENDERSON POLICE DEPARTMENT,Accepted,HENDERSON,,,DOVE TRAIL,DR,,KY0812,AIRLINE,,,,,37.81829937,-87.56616452,0.001,2024-11-25,1542,5,5,0,0,CLOUDY,WET,False,OTHER INTERSECTION COLLISIONS,REAR END,STRAIGHT & HILLCREST,DUSK,,,45622.36324,False,25,Accepted,5,5,O,,"FOLLOWING TOO CLOSE, INATTENTION",,2024,1
8442,34086181,0510100,HENDERSON POLICE DEPARTMENT,Accepted,HENDERSON,,,WASHINGTON,ST,,US0041A,GREEN,,,,,37.83633474,-87.59087942,1.204,2024-11-25,1349,2,2,0,1,RAINING,WET,False,SIDESWIPE-SAME DIRECTION,SIDESWIPE-SAME DIRECTION,STRAIGHT & LEVEL,DAYLIGHT,,,45622.42137,False,25,Accepted,5,3,B,,"FAILED TO YIELD RIGHT OF WAY, INATTENTION",,2024,1