OBJECTID,IncidentID,AgencyORI,AgencyName,IncidentStatusDesc,County,RdwyNumber,Street,RoadwayName,StreetSfx,StreetDir,IntersectionRdwy,IntersectionRdwyName,BetweenStRdwy1,BetweenStRdwyName1,BetweenStRdwy2,BetweenStRdwyName2,Latitude,Longitude,Milepoint,CollisionDate,CollisionTime,UnitsInvolved,MotorVehiclesInvolved,NumberKilled,NumberInjured,Weather,RdwyConditionCode,HitandRun,DirAnalysisCode,MannerofCollision,RdwyCharacter,LightCondition,RampFromRdwyId,RampToRdwyId,AcceptedDate,IsSecondaryCollision,OwnerBadge,IncidentStatus,InjurySeverityCde,KABCO_Code,KABCO,Environmental_Factors,Human_Factors,Vehicular_Factors,CollisionYear,CityCrash
8443,34086182,0510100,HENDERSON POLICE DEPARTMENT,Accepted,HENDERSON,,1410,WILSON,DR,,,,,,,,37.80285182,-87.59267281,0.042,2024-11-16,1447,2,2,0,0,CLEAR,DRY,True,SIDESWIPE COLLISION - OPPOSITE DIRECTION,SIDESWIPE-OPPOSITE DIRECTION,STRAIGHT & LEVEL,DAYLIGHT,,,45622.42145,False,37,Accepted,5,5,O,,ALCOHOL INVOLVEMENT,,2024,1
8444,34086183,0510100,HENDERSON POLICE DEPARTMENT,Accepted,HENDERSON,,,2ND,ST,,,,,ELM,,GREEN,37.84011504,-87.59000897,,2024-11-22,1910,2,2,0,0,CLOUDY,DRY,False,OTHER ROADWAY OR MID-BLOCK COLLISION,REAR END,STRAIGHT & LEVEL,DARK-HWY LIGHTED/ON,,,45622.42151,False,73,Accepted,5,5,O,,INATTENTION,,2024,1
8445,34086289,0510100,HENDERSON POLICE DEPARTMENT,Accepted,HENDERSON,,,6TH,ST,,US0041A,GREEN,,,,,37.84461263,-87.58528718,0.102,2024-11-22,1521,2,2,0,0,CLEAR,DRY,False,OTHER INTERSECTION COLLISIONS,REAR END,STRAIGHT & LEVEL,DAYLIGHT,,,45622.44095,False,36,Accepted,5,5,O,,DISTRACTION,,2024,1
8446,34086292,0510100,HENDERSON POLICE DEPARTMENT,Accepted,HENDERSON,US0041,,US41,,N,,,,RACETRACK,,STRATMAN,37.88337879,-87.56312795,18.004,2024-11-22,1647,2,2,0,0,CLEAR,DRY,False,OTHER ROADWAY OR MID-BLOCK COLLISION,REAR END,STRAIGHT & LEVEL,DARK-HWY LIGHTED/OFF,,,45622.44102,False,67,Accepted,5,5,O,BACKUP DUE TO REGULAR CONGESTION,INATTENTION,,2024,1
8447,34086293,0510100,HENDERSON POLICE DEPARTMENT,Accepted,HENDERSON,US0060,,US60,,E,,,US0041,US41 E RAMP TO US41 N,US0041,US41 N EXIT81 OFF RAMP TO US60 W,37.85815993,-87.57162207,10.382,2024-11-21,1721,3,3,0,0,CLEAR,DRY,False,REAR END IN TRAFFIC LANES BOTH VEHICLES MOVING,REAR END,STRAIGHT & LEVEL,DARK-HWY LIGHTED/ON,,,45622.44115,False,36,Accepted,5,5,O,BACKUP DUE TO REGULAR CONGESTION,DISTRACTION,,2024,1
8449,34086680,0510100,HENDERSON POLICE DEPARTMENT,Accepted,HENDERSON,US0041,,US41,,N,,,,WALNUT,,WATSON,37.87536724,-87.56782493,17.409,2024-11-24,1606,2,2,0,2,CLOUDY,DRY,False,OTHER ROADWAY OR MID-BLOCK COLLISION,REAR END,STRAIGHT & LEVEL,DAYLIGHT,,,45622.48538,False,65,Accepted,5,4,C,,INATTENTION,,2024,1
8450,34088353,0510100,HENDERSON POLICE DEPARTMENT,Accepted,HENDERSON,,,CLAY,ST,,,ALVES,,,,,37.83159216,-87.58981441,,2024-11-18,725,2,2,0,0,CLOUDY,DRY,False,HEAD-ON COLLISION,HEAD ON,STRAIGHT & LEVEL,DAYLIGHT,,,45622.73512,False,82,Accepted,5,5,O,,INATTENTION,,2024,1
8451,34088354,0510100,HENDERSON POLICE DEPARTMENT,Accepted,HENDERSON,,,US HWY 2084,,,,US HWY 41 NORTH,,,,,37.82478483,-87.56505983,,2024-11-18,820,2,2,0,0,CLEAR,DRY,False,OTHER INTERSECTION COLLISIONS,REAR END,CURVE & GRADE,DAYLIGHT,,,45622.73518,False,82,Accepted,5,5,O,CONSTRUCTION WORK ZONE,INATTENTION,,2024,1
8452,34088355,0510100,HENDERSON POLICE DEPARTMENT,Accepted,HENDERSON,US0041,2222,US41,,N,,,,,,,37.86901475,-87.57115552,,2024-11-18,910,2,2,0,0,CLEAR,DRY,False,1 VEHICLE ENTERING/LEAVING ENTRANCE,ANGLE,STRAIGHT & LEVEL,DAYLIGHT,,,45622.73522,False,82,Accepted,5,5,O,,INATTENTION,,2024,1
8453,34088356,0510100,HENDERSON POLICE DEPARTMENT,Accepted,HENDERSON,,,1ST,ST,,,,,,,,37.83812988,-87.58909717,,2024-11-21,725,2,2,0,0,CLOUDY,DRY,False,SIDESWIPE COLLISION - SAME DIRECTION,SIDESWIPE-SAME DIRECTION,STRAIGHT & LEVEL,DAYLIGHT,,,45622.73527,False,82,Accepted,5,5,O,,"IMPROPER PASSING, INATTENTION",,2024,1
8454,34088357,0510100,HENDERSON POLICE DEPARTMENT,Accepted,HENDERSON,,,GREEN,ST,N,,1ST,,,,,37.83828189,-87.58922643,,2024-11-23,1042,2,2,0,0,CLEAR,DRY,False,OTHER INTERSECTION COLLISIONS,REAR END,STRAIGHT & LEVEL,DAYLIGHT,,,45622.73532,False,82,Accepted,5,5,O,BACKUP DUE TO REGULAR CONGESTION,INATTENTION,,2024,1
8455,34088360,0510100,HENDERSON POLICE DEPARTMENT,Accepted,HENDERSON,,,US41,,N,,,,,,,37.86997356,-87.57065312,,2024-11-25,710,2,2,0,0,CLEAR,DRY,False,SIDESWIPE COLLISION - SAME DIRECTION,SIDESWIPE-SAME DIRECTION,STRAIGHT & LEVEL,DAYLIGHT,,,45622.73539,False,82,Accepted,5,5,O,BACKUP DUE TO REGULAR CONGESTION,INATTENTION,,2024,1
8456,34089353,0510100,HENDERSON POLICE DEPARTMENT,Accepted,HENDERSON,US0041,,US41,,N,,,,,,,37.8594024,-87.57533533,16.227,2024-11-16,212,1,1,0,0,CLEAR,DRY,False,OTHER COLLISIONS ON SHOULDER,SINGLE VEHICLE,CURVE & LEVEL,DARK-HWY LIGHTED/ON,,,45623.00202,False,35,Accepted,5,5,O,,FAILED TO KEEP PROPER LANE,,2024,1
8457,34089355,0510100,HENDERSON POLICE DEPARTMENT,Accepted,HENDERSON,,,WATER,ST,N,,2ND,,,,,37.84135813,-87.59321048,0.293,2024-11-16,2330,1,1,0,0,CLEAR,DRY,False,COLLISION WITH FIXED OBJECT IN INTERSECTION - FIRST EVENT COLLISION 09 - 32,SINGLE VEHICLE,STRAIGHT & LEVEL,DARK-HWY LIGHTED/ON,,,45623.00213,False,23,Accepted,5,5,O,,ALCOHOL INVOLVEMENT,,2024,1
8461,34093020,0510100,HENDERSON POLICE DEPARTMENT,Accepted,HENDERSON,,,GREEN,ST,,,SAND,,,,,37.82375689,-87.60315183,,2024-11-26,1325,2,2,0,0,CLEAR,DRY,False,ANGLE COLLISION - OTHER,ANGLE,STRAIGHT & LEVEL,DAYLIGHT,,,45623.72156,False,82,Accepted,5,5,O,GLARE (SUN),INATTENTION,,2024,1
8462,34093021,0510100,HENDERSON POLICE DEPARTMENT,Accepted,HENDERSON,,122,GREEN,ST,S,,,,,,,37.83620059,-87.59088338,,2024-11-26,914,2,2,0,2,CLEAR,DRY,False,1 VEHICLE ENTERING/LEAVING ENTRANCE,ANGLE,STRAIGHT & LEVEL,DAYLIGHT,,,45623.72162,False,82,Accepted,5,3,B,BACKUP DUE TO REGULAR CONGESTION,INATTENTION,,2024,1
8463,34093023,0510100,HENDERSON POLICE DEPARTMENT,Accepted,HENDERSON,,,2ND,ST,,,ADAMS,,,,,37.83834016,-87.58564427,,2024-11-26,1105,2,2,0,0,CLEAR,DRY,False,SIDESWIPE-SAME DIRECTION,SIDESWIPE-SAME DIRECTION,STRAIGHT & LEVEL,DAYLIGHT,,,45623.72168,False,82,Accepted,5,5,O,,INATTENTION,,2024,1
8465,34096768,0510100,HENDERSON POLICE DEPARTMENT,Accepted,HENDERSON,,800,BOB POSEY,ST,,,8TH,,,,,37.84312068,-87.5744215,0.279,2024-11-25,2240,1,1,0,0,CLEAR,DRY,True,COLLISION WITH FIXED OBJECT IN INTERSECTION - FIRST EVENT COLLISION 09 - 32,SINGLE VEHICLE,STRAIGHT & LEVEL,DARK-HWY LIGHTED/ON,,,45625.32074,False,37,Accepted,5,5,O,,,,2024,1
8466,34096769,0510100,HENDERSON POLICE DEPARTMENT,Accepted,HENDERSON,KY0812,,AIRLINE,RD,,,HALLWAY,,,,,37.81891379,-87.56723224,7.257,2024-11-26,1546,2,2,0,0,CLEAR,DRY,False,ANGLE COLLISION - OTHER,ANGLE,STRAIGHT & LEVEL,DUSK,,,45625.32081,False,37,Accepted,5,5,O,,INATTENTION,,2024,1
8467,34097036,0510100,HENDERSON POLICE DEPARTMENT,Accepted,HENDERSON,KY2098,,WASHINGTON,ST,,KY2084,KY2084,,,,,37.82438579,-87.56845956,0.256,2024-11-27,931,2,2,0,0,CLEAR,DRY,False,ANGLE COLLISION - ONE VEHICLE TURNING RIGHT,ANGLE,CURVE & LEVEL,DAYLIGHT,,,45625.3946,False,37,Accepted,5,5,O,,"FAILED TO KEEP PROPER LANE, INATTENTION, MISJUDGE CLEARANCE",,2024,1
8468,34097037,0510100,HENDERSON POLICE DEPARTMENT,Accepted,HENDERSON,,240,INGRAM,ST,S,,,,,,,37.83363149,-87.59146744,0.559,2024-11-27,946,2,2,0,0,CLOUDY,DRY,False,1 VEHICLE PARKED POSITION (NOT PARKING LOT/DRIVEWAY),SIDESWIPE-OPPOSITE DIRECTION,STRAIGHT & LEVEL,DAYLIGHT,,,45625.39466,False,36,Accepted,5,5,O,,MISJUDGE CLEARANCE,,2024,1
8469,34097045,0510100,HENDERSON POLICE DEPARTMENT,Accepted,HENDERSON,,,BARRET,BLVD,,US0060,US60,,,,,37.85992167,-87.56775429,0.35,2024-11-27,1044,2,2,0,0,CLOUDY,DRY,True,SIDESWIPE-SAME DIRECTION,SIDESWIPE-SAME DIRECTION,STRAIGHT & LEVEL,DAYLIGHT,,,45625.39886,False,67,Accepted,5,5,O,,"INATTENTION, OTHER",,2024,1
8470,34097048,0510100,HENDERSON POLICE DEPARTMENT,Accepted,HENDERSON,US0041,,US41,,N,,WALKER,,,,,37.86985418,-87.5708838,16.993,2024-11-27,1423,2,2,0,0,RAINING,WET,False,OTHER INTERSECTION COLLISIONS,REAR END,STRAIGHT & LEVEL,DAYLIGHT,,,45625.39893,False,67,Accepted,5,5,O,SLIPPERY SURFACE,INATTENTION,,2024,1
8471,34097049,0510100,HENDERSON POLICE DEPARTMENT,Accepted,HENDERSON,,,WATSON,LN,,,GREEN RIVER,,,,,37.86874978,-87.55755154,0.317,2024-11-28,1324,3,3,0,1,CLOUDY,DRY,False,ANGLE COLLISION - OTHER,ANGLE,STRAIGHT & LEVEL,DAYLIGHT,,,45625.39899,False,31,Accepted,5,3,B,,"DISREGARD TRAFFIC CONTROL, INATTENTION",,2024,1
8472,34097087,0510100,HENDERSON POLICE DEPARTMENT,Accepted,HENDERSON,US0041A,,GREEN,ST,N,,5TH,,,,,37.84330046,-87.58596584,16.217,2024-11-27,1047,2,2,0,0,CLEAR,DRY,False,OTHER INTERSECTION COLLISIONS,REAR END,STRAIGHT & LEVEL,DAYLIGHT,,,45625.42528,False,37,Accepted,5,5,O,,INATTENTION,,2024,1
8473,34098850,0510100,HENDERSON POLICE DEPARTMENT,Accepted,HENDERSON,,966,HILLMONT,DR,,,,,,,,37.86848364,-87.53689665,0.177,2024-11-20,2054,1,1,0,0,CLEAR,DRY,False,COLLISION WITH FIXED OBJECT NON - INTERSECTION - FIRST EVENT COLLISION 09 - 32 EXCLUDING 16,SINGLE VEHICLE,CURVE & HILLCREST,DARK (UNKNOWN ROADWAY LIGHTING),,,45625.961,False,30,Accepted,5,5,O,,"CELL PHONE, INATTENTION",,2024,1
8474,34098851,0510100,HENDERSON POLICE DEPARTMENT,Accepted,HENDERSON,KY0285,,OLD MADISONVILLE,RD,,,STERLING CREEK,,,,,37.80718851,-87.58778963,1.976,2024-11-20,1842,2,2,0,1,CLOUDY,DRY,False,OPPOSING LEFT TURN,OPPOSING LEFT TURN,STRAIGHT & LEVEL,DARK-HWY LIGHTED/ON,,,45625.9611,False,58,Accepted,5,2,A,,INATTENTION,HEADLIGHTS DEFECTIVE,2024,1
8475,34098852,0510100,HENDERSON POLICE DEPARTMENT,Accepted,HENDERSON,,100,2ND,ST,,,,,,,,37.84129419,-87.59298959,0.277,2024-11-20,1901,2,2,0,0,CLEAR,DRY,False,1 VEHICLE PARKED POSITION (NOT PARKING LOT/DRIVEWAY),SIDESWIPE-OPPOSITE DIRECTION,STRAIGHT & LEVEL,DARK (UNKNOWN ROADWAY LIGHTING),,,45625.96118,False,30,Accepted,5,5,O,,INATTENTION,,2024,1
8477,34106694,0510100,HENDERSON POLICE DEPARTMENT,Accepted,HENDERSON,KY0425,,KY425,,,US0060,GREEN,,,,,37.79995939,-87.64772875,0.001,2024-11-27,1653,2,2,0,0,RAINING,WET,False,OPPOSING LEFT TURN,OPPOSING LEFT TURN,STRAIGHT & LEVEL,DARK-HWY LIGHTED/ON,,,45628.38944,False,36,Accepted,5,5,O,,INATTENTION,,2024,1
8478,34106696,0510100,HENDERSON POLICE DEPARTMENT,Accepted,HENDERSON,,2650,IRISH IVY,LN,,,,,,,,37.83381852,-87.5476239,0.262,2024-12-01,1524,2,2,0,0,CLEAR,DRY,False,1 VEHICLE PARKED POSITION (NOT PARKING LOT/DRIVEWAY),SIDESWIPE-SAME DIRECTION,STRAIGHT & LEVEL,DAYLIGHT,,,45628.38956,False,37,Accepted,5,5,O,,"DISTRACTION, INATTENTION",,2024,1
8483,34107942,0510100,HENDERSON POLICE DEPARTMENT,Accepted,HENDERSON,,,LETCHER,ST,,,CUMNOCK,,,,,37.82526507,-87.5806656,0.267,2024-11-29,704,2,2,0,0,CLEAR,DRY,True,COLLISION WITH PARKED VEHICLE,SIDESWIPE-OPPOSITE DIRECTION,STRAIGHT & LEVEL,DAYLIGHT,,,45628.55152,False,25,Accepted,5,5,O,,OTHER,,2024,1
8484,34110493,0510100,HENDERSON POLICE DEPARTMENT,Accepted,HENDERSON,,1195,BARRET,BLVD,,,,,,,,37.85835611,-87.56703106,0.233,2024-11-26,1803,2,2,0,0,CLEAR,DRY,False,1 VEHICLE ENTERING/LEAVING ENTRANCE,ANGLE,STRAIGHT & LEVEL,DARK-HWY LIGHTED/ON,,,45629.06916,False,23,Accepted,5,5,O,,INATTENTION,,2024,1
8485,34110626,0510100,HENDERSON POLICE DEPARTMENT,Accepted,HENDERSON,US0060,,US60,,E,,MANOR,,,,,37.86062107,-87.56563342,10.733,2024-11-27,1742,2,2,0,0,RAINING,WET,False,REAR END - ONE VEHICLE TURNING RIGHT,REAR END,STRAIGHT & LEVEL,DARK-HWY LIGHTED/ON,,,45629.11991,False,23,Accepted,5,5,O,,"FOLLOWING TOO CLOSE, INATTENTION, MISJUDGE CLEARANCE",,2024,1
8486,34110627,0510100,HENDERSON POLICE DEPARTMENT,Accepted,HENDERSON,US0060,,US60,,E,,BARRET,,,,,37.8599423,-87.56776938,10.598,2024-11-27,1825,2,2,0,0,RAINING,WET,False,OTHER INTERSECTION COLLISIONS,REAR END,STRAIGHT & LEVEL,DARK-HWY LIGHTED/ON,,,45629.11998,False,18,Accepted,5,5,O,,INATTENTION,,2024,1
8487,34110628,0510100,HENDERSON POLICE DEPARTMENT,Accepted,HENDERSON,US0041A,1400,GREEN,ST,N,,,,,,,37.85421094,-87.57841539,17.101,2024-11-27,1841,2,2,0,0,RAINING,WET,False,REAR END IN TRAFFIC LANES BOTH VEHICLES MOVING,REAR END,STRAIGHT & LEVEL,DARK-HWY NOT LIGHTED,,,45629.12007,False,23,Accepted,5,5,O,,FOLLOWING TOO CLOSE,,2024,1
8488,34110629,0510100,HENDERSON POLICE DEPARTMENT,Accepted,HENDERSON,,2515,GREEN RIVER,RD,,,,,,,,37.86730677,-87.56016038,0.548,2024-11-27,2027,1,1,0,0,RAINING,WET,False,COLLISION WITH ANIMAL NON INTERSECTION,SINGLE VEHICLE,STRAIGHT & LEVEL,DARK-HWY LIGHTED/ON,,,45629.12013,False,27,Accepted,5,5,O,"ANIMALS ACTION, SLIPPERY SURFACE",,,2024,1
8490,34115728,0510100,HENDERSON POLICE DEPARTMENT,Accepted,HENDERSON,,,CENTER,ST,,,ALVASIA,,,,,37.83453994,-87.58450467,0.491,2024-11-29,1302,2,2,0,0,CLEAR,DRY,False,COLLISION WITH PARKED VEHICLE,REAR END,STRAIGHT & LEVEL,DAYLIGHT,,,45630.35142,False,31,Accepted,5,5,O,,ALCOHOL INVOLVEMENT,,2024,1
8491,34115730,0510100,HENDERSON POLICE DEPARTMENT,Accepted,HENDERSON,,,2ND,ST,,US0041A,GREEN,,,,,37.83946344,-87.58845993,0.001,2024-11-29,1336,2,2,0,0,CLEAR,DRY,False,ANGLE COLLISION - OTHER,ANGLE,STRAIGHT & LEVEL,DAYLIGHT,,,45630.35148,False,25,Accepted,5,5,O,,"FAILED TO YIELD RIGHT OF WAY, INATTENTION",,2024,1
8492,34116046,0510100,HENDERSON POLICE DEPARTMENT,Accepted,HENDERSON,US0041,,US41,,N,,,,,,,37.84806015,-87.56629398,15.317,2024-11-30,1108,1,1,0,0,CLOUDY,OTHER,False,OTHER ROADWAY OR MID-BLOCK COLLISION,SINGLE VEHICLE,CURVE & LEVEL,DAYLIGHT,,,45630.38711,False,36,Accepted,5,5,O,SLIPPERY SURFACE,OVERCORRECTING/OVERSTEERING,,2024,1
8493,34116047,0510100,HENDERSON POLICE DEPARTMENT,Accepted,HENDERSON,US0041,,US41,,N,,,,,,,37.84546832,-87.56610893,15.143,2024-11-30,1343,2,2,0,0,OTHER,OTHER,False,SIDESWIPE COLLISION - SAME DIRECTION,SIDESWIPE-SAME DIRECTION,CURVE & LEVEL,DAYLIGHT,,,45630.38729,False,36,Accepted,5,5,O,SLIPPERY SURFACE,,,2024,1
8494,34116048,0510100,HENDERSON POLICE DEPARTMENT,Accepted,HENDERSON,US0041,,US41,,N,,,,,,,37.86950082,-87.57095759,16.967,2024-11-30,1235,2,2,0,0,CLOUDY,DRY,False,REAR END IN TRAFFIC LANES BOTH VEHICLES MOVING,REAR END,STRAIGHT & LEVEL,DAYLIGHT,,,45630.38739,False,49,Accepted,5,5,O,,FOLLOWING TOO CLOSE,,2024,1
8495,34116051,0510100,HENDERSON POLICE DEPARTMENT,Accepted,HENDERSON,US0060,,US60,,E,,WATSON,,,,,37.86472722,-87.55503251,11.395,2024-12-02,1352,2,2,0,0,SNOWING,WET,False,OPPOSING LEFT TURN,OPPOSING LEFT TURN,STRAIGHT & LEVEL,DAYLIGHT,,,45630.38769,False,67,Accepted,5,5,O,SLIPPERY SURFACE,INATTENTION,,2024,1
8498,34119560,0510100,HENDERSON POLICE DEPARTMENT,Accepted,HENDERSON,,,SHELBY,ST,,,PRINGLE,,,,,37.82097004,-87.58280342,0.235,2024-11-29,2017,2,2,0,0,CLEAR,DRY,True,ANGLE COLLISION - OTHER,ANGLE,STRAIGHT & LEVEL,DARK-HWY LIGHTED/ON,,,45631.04408,False,33,Accepted,5,5,O,,"FAILED TO YIELD RIGHT OF WAY, INATTENTION",,2024,1
8500,34124428,0510100,HENDERSON POLICE DEPARTMENT,Accepted,HENDERSON,,813,ATKINSON,ST,,,,,,,,37.82187881,-87.5799359,0.475,2024-11-13,1940,1,1,0,0,RAINING,WET,False,COLLISION WITH FIXED OBJECT NON - INTERSECTION - FIRST EVENT COLLISION 09 - 32 EXCLUDING 16,SINGLE VEHICLE,STRAIGHT & LEVEL,DARK-HWY LIGHTED/ON,,,45632.05861,False,27,Accepted,5,5,O,SLIPPERY SURFACE,"EXCEEDED STATED SPEED LIMIT, NOT UNDER PROPER CONTROL",TIRES,2024,1
8501,34124429,0510100,HENDERSON POLICE DEPARTMENT,Accepted,HENDERSON,,14,ALVASIA,ST,S,,,,,,,37.83450176,-87.58507697,0.018,2024-12-03,2024,2,2,0,0,CLEAR,DRY,True,1 VEHICLE PARKED POSITION (NOT PARKING LOT/DRIVEWAY),HEAD ON,CURVE & LEVEL,DARK (UNKNOWN ROADWAY LIGHTING),,,45632.05871,False,29,Accepted,5,5,O,,,,2024,1
8507,34137211,0510100,HENDERSON POLICE DEPARTMENT,Accepted,HENDERSON,,,WATSON,LN,,,TIPPECANOE,,,,,37.86766925,-87.55688319,0.23,2024-12-06,1442,2,2,0,0,CLEAR,DRY,False,VEHICLE BACKING IN INTERSECTION,BACKING,STRAIGHT & LEVEL,DAYLIGHT,,,45635.73019,False,67,Accepted,5,5,O,,INATTENTION,,2024,1
8508,34137212,0510100,HENDERSON POLICE DEPARTMENT,Accepted,HENDERSON,,911,STAPP,DR,,,,,,,,37.86151442,-87.56788462,0.101,2024-12-06,1504,1,1,0,0,CLEAR,DRY,False,COLLISION WITH FIXED OBJECT NON - INTERSECTION - FIRST EVENT COLLISION 09 - 32 EXCLUDING 16,SINGLE VEHICLE,STRAIGHT & LEVEL,DAYLIGHT,,,45635.73025,False,67,Accepted,5,5,O,,INATTENTION,,2024,1
8509,34137213,0510100,HENDERSON POLICE DEPARTMENT,Accepted,HENDERSON,US0060,,US60,,E,,MANOR,,,,,37.86062026,-87.56582077,10.723,2024-12-06,1552,2,2,0,1,CLEAR,DRY,False,OPPOSING LEFT TURN,OPPOSING LEFT TURN,STRAIGHT & LEVEL,DUSK,,,45635.7303,False,36,Accepted,5,4,C,GLARE (SUN),MISJUDGE CLEARANCE,,2024,1
8510,34137214,0510100,HENDERSON POLICE DEPARTMENT,Accepted,HENDERSON,,,1ST,ST,,,CLARK,,,,,37.83410977,-87.57896105,0.924,2024-12-07,1210,2,2,0,0,CLEAR,DRY,False,ANGLE COLLISION - OTHER,ANGLE,STRAIGHT & LEVEL,DAYLIGHT,,,45635.73035,False,32,Accepted,5,5,O,,"MISJUDGE CLEARANCE, TURNING IMPROPERLY",,2024,1
8511,34137216,0510100,HENDERSON POLICE DEPARTMENT,Accepted,HENDERSON,US0041,,US41,,N,,,,,,,37.84841052,-87.56700079,15.352,2024-12-08,1541,1,1,0,0,CLOUDY,WET,False,OTHER ROADWAY OR MID-BLOCK COLLISION,SINGLE VEHICLE,CURVE & LEVEL,DAYLIGHT,,,45635.73044,False,31,Accepted,5,5,O,SLIPPERY SURFACE,TOO FAST FOR CONDITIONS,,2024,1
8512,34137218,0510100,HENDERSON POLICE DEPARTMENT,Accepted,HENDERSON,,,12TH,ST,,,ELM,,,,,37.85279056,-87.58192253,0.179,2024-12-08,1718,2,2,0,0,CLOUDY,WET,False,ANGLE COLLISION - OTHER,ANGLE,STRAIGHT & LEVEL,DARK-HWY LIGHTED/OFF,,,45635.73049,False,32,Accepted,5,5,O,,"FAILED TO YIELD RIGHT OF WAY, INATTENTION",,2024,1
8513,34138681,0510100,HENDERSON POLICE DEPARTMENT,Accepted,HENDERSON,US0041,,US41,,N,,,,,,,37.86379982,-87.57421378,16.552,2024-12-06,1745,2,2,0,0,CLEAR,DRY,True,1 VEHICLE ENTERING/LEAVING ENTRANCE,ANGLE,STRAIGHT & GRADE,DARK-HWY LIGHTED/ON,,,45636.13429,False,29,Accepted,5,5,O,,INATTENTION,MIRRORS,2024,1
8514,34138687,0510100,HENDERSON POLICE DEPARTMENT,Accepted,HENDERSON,US0041,2709,US41,,N,,,,,,,37.87637773,-87.56729596,17.484,2024-12-06,2241,2,2,0,0,CLEAR,DRY,False,REAR END IN TRAFFIC LANES BOTH VEHICLES MOVING,REAR END,STRAIGHT & LEVEL,DARK-HWY LIGHTED/ON,,,45636.1363,False,27,Accepted,5,5,O,,"DRUG INVOLVEMENT, INATTENTION",,2024,1
8515,34139227,0510100,HENDERSON POLICE DEPARTMENT,Accepted,HENDERSON,KY0351,,ZION,RD,,,GARDEN MILE,,,,,37.8282697,-87.5577492,1.859,2024-12-05,1409,2,2,0,0,CLEAR,DRY,False,ANGLE COLLISION - OTHER,ANGLE,STRAIGHT & LEVEL,DAYLIGHT,,,45636.29617,False,36,Accepted,5,5,O,,INATTENTION,,2024,1
8516,34140779,0510100,HENDERSON POLICE DEPARTMENT,Accepted,HENDERSON,US0041,2053,US41,,N,,,,,,,37.86617623,-87.57272858,,2024-12-02,1218,2,2,0,0,SNOWING,DRY,False,REAR END IN TRAFFIC LANES BOTH VEHICLES MOVING,REAR END,STRAIGHT & LEVEL,DAYLIGHT,,,45636.54294,False,82,Accepted,5,5,O,,INATTENTION,,2024,1
8517,34140794,0510100,HENDERSON POLICE DEPARTMENT,Accepted,HENDERSON,,,WASHINGTON,ST,,,,,,,,37.833788,-87.58681742,0.931,2024-12-04,1224,2,2,0,0,CLEAR,DRY,True,1 VEHICLE PARKED POSITION (NOT PARKING LOT/DRIVEWAY),SIDESWIPE-SAME DIRECTION,STRAIGHT & LEVEL,DAYLIGHT,,,45636.545,False,31,Accepted,5,5,O,,INATTENTION,,2024,1
8518,34140796,0510100,HENDERSON POLICE DEPARTMENT,Accepted,HENDERSON,,,14TH,ST,,,,,,,,37.8544963,-87.57983519,0.049,2024-12-04,1541,2,2,0,0,CLEAR,DRY,False,SIDESWIPE COLLISION - SAME DIRECTION,SIDESWIPE-SAME DIRECTION,STRAIGHT & LEVEL,DAYLIGHT,,,45636.54507,False,31,Accepted,5,5,O,,IMPROPER PASSING,,2024,1
8519,34143777,0510100,HENDERSON POLICE DEPARTMENT,Accepted,HENDERSON,US0041,,,,,,,,,,,37.83104407,-87.5671246,0.018,2024-12-04,1843,2,2,0,0,CLEAR,DRY,False,OTHER RAMP RELATED COLLISIONS NOT LISTED ABOVE,REAR END,STRAIGHT & GRADE,DARK-HWY LIGHTED/ON,KY0351,US0041,45637.07522,False,33,Accepted,5,5,O,,INATTENTION,,2024,1
8520,34144625,0510100,HENDERSON POLICE DEPARTMENT,Accepted,HENDERSON,US0041A,,GREEN,ST,S,,FAIR,,,,,37.82236019,-87.60457215,14.4,2024-12-09,1643,2,2,0,1,CLEAR,DRY,False,OTHER INTERSECTION COLLISIONS,REAR END,STRAIGHT & LEVEL,DUSK,,,45637.37174,False,47,Accepted,5,3,B,,INATTENTION,,2024,1
8521,34144626,0510100,HENDERSON POLICE DEPARTMENT,Accepted,HENDERSON,,,SAND,LN,,,GREEN,,,,,37.82373803,-87.60311842,,2024-12-10,1520,2,2,0,0,CLEAR,DRY,False,SIDESWIPE-SAME DIRECTION,SIDESWIPE-SAME DIRECTION,STRAIGHT & LEVEL,DAYLIGHT,,,45637.37183,False,73,Accepted,5,5,O,,INATTENTION,,2024,1
8522,34145038,0510100,HENDERSON POLICE DEPARTMENT,Accepted,HENDERSON,KY0351,,2ND,ST,,,,,,,,37.83134868,-87.56906658,1.17,2024-12-10,729,2,2,0,0,RAINING,WET,False,REAR END IN TRAFFIC LANES BOTH VEHICLES MOVING,REAR END,CURVE & LEVEL,DAYLIGHT,,,45637.41802,False,37,Accepted,5,5,O,SLIPPERY SURFACE,"DISTRACTION, INATTENTION",,2024,1
8523,34145105,0510100,HENDERSON POLICE DEPARTMENT,Accepted,HENDERSON,KY0812,,AIRLINE,RD,,KY2084,KY2084,,,,,37.82001915,-87.56916296,7.383,2024-12-09,1726,2,2,0,0,CLOUDY,WET,False,OPPOSITE DIRECTION - BOTH VEHICLES GOING STRAIGHT AHEAD,SIDESWIPE-OPPOSITE DIRECTION,STRAIGHT & LEVEL,DARK-HWY NOT LIGHTED,,,45637.43097,False,31,Accepted,5,5,O,,"FAILED TO KEEP PROPER LANE, INATTENTION",,2024,1