OBJECTID,IncidentID,AgencyORI,AgencyName,IncidentStatusDesc,County,RdwyNumber,Street,RoadwayName,StreetSfx,StreetDir,IntersectionRdwy,IntersectionRdwyName,BetweenStRdwy1,BetweenStRdwyName1,BetweenStRdwy2,BetweenStRdwyName2,Latitude,Longitude,Milepoint,CollisionDate,CollisionTime,UnitsInvolved,MotorVehiclesInvolved,NumberKilled,NumberInjured,Weather,RdwyConditionCode,HitandRun,DirAnalysisCode,MannerofCollision,RdwyCharacter,LightCondition,RampFromRdwyId,RampToRdwyId,AcceptedDate,IsSecondaryCollision,OwnerBadge,IncidentStatus,InjurySeverityCde,KABCO_Code,KABCO,Environmental_Factors,Human_Factors,Vehicular_Factors,CollisionYear,CityCrash
8524,34145120,0510100,HENDERSON POLICE DEPARTMENT,Accepted,HENDERSON,,,ELM,ST,N,,11TH,,,,,37.85151694,-87.58269773,,2024-12-05,1035,2,2,0,0,CLEAR,DRY,False,ANGLE COLLISION - ONE VEHICLE TURNING LEFT,ANGLE,STRAIGHT & LEVEL,DAYLIGHT,,,45637.43161,False,82,Accepted,5,5,O,,INATTENTION,,2024,1
8525,34145122,0510100,HENDERSON POLICE DEPARTMENT,Accepted,HENDERSON,,,2ND,ST,,,,,,,,37.83111705,-87.56822531,,2024-12-02,1304,2,2,0,0,CLEAR,DRY,False,SIDESWIPE COLLISION - SAME DIRECTION,SIDESWIPE-SAME DIRECTION,CURVE & LEVEL,DAYLIGHT,,,45637.43168,False,82,Accepted,5,5,O,,INATTENTION,,2024,1
8526,34145125,0510100,HENDERSON POLICE DEPARTMENT,Accepted,HENDERSON,,,US HWY 41,,,,WATSON,,,,,37.87537503,-87.56778965,,2024-12-06,1214,2,2,0,0,CLEAR,DRY,False,ANGLE COLLISION - OTHER,ANGLE,STRAIGHT & LEVEL,DAYLIGHT,,,45637.43174,False,82,Accepted,5,5,O,BACKUP DUE TO REGULAR CONGESTION,MISJUDGE CLEARANCE,,2024,1
8527,34145126,0510100,HENDERSON POLICE DEPARTMENT,Accepted,HENDERSON,,,US HWY 41,,,,,,,,,37.85492326,-87.57094907,,2024-12-06,1134,2,2,0,0,CLEAR,DRY,False,SIDESWIPE COLLISION - SAME DIRECTION,SIDESWIPE-SAME DIRECTION,CURVE & LEVEL,DAYLIGHT,,,45637.4318,False,82,Accepted,5,5,O,OTHER,OTHER,,2024,1
8528,34145127,0510100,HENDERSON POLICE DEPARTMENT,Accepted,HENDERSON,,,WATSON,LN,,,US HWY 41,,,,,37.87528905,-87.56761741,,2024-11-13,1140,2,2,0,0,RAINING,WET,False,OTHER INTERSECTION COLLISIONS,REAR END,STRAIGHT & LEVEL,DAYLIGHT,,,45637.43186,False,82,Accepted,5,5,O,"SLIPPERY SURFACE, WATER POOLING",OTHER,,2024,1
8529,34145128,0510100,HENDERSON POLICE DEPARTMENT,Accepted,HENDERSON,,,WATSON,LN,,,US HWY 41,,,,,37.87530688,-87.56769806,,2024-12-05,1219,2,2,0,0,CLEAR,DRY,False,OTHER INTERSECTION COLLISIONS,REAR END,STRAIGHT & LEVEL,DAYLIGHT,,,45637.43193,False,82,Accepted,5,5,O,,INATTENTION,,2024,1
8531,34145839,0510100,HENDERSON POLICE DEPARTMENT,Accepted,HENDERSON,,,GREEN,ST,,,DIXON,,,,,37.83289889,-87.59412055,,2024-12-10,639,3,3,0,0,CLOUDY,DRY,False,OTHER INTERSECTION COLLISIONS,REAR END,STRAIGHT & LEVEL,DAYLIGHT,,,45637.54721,False,82,Accepted,5,5,O,BACKUP DUE TO REGULAR CONGESTION,"OTHER, DISTRACTION",,2024,1
8533,34149338,0510100,HENDERSON POLICE DEPARTMENT,Accepted,HENDERSON,US0041,,US41,,N,,,,BARRET,,MARYWOOD,37.86592373,-87.57286701,16.703,2024-11-29,1142,2,2,0,0,CLEAR,DRY,False,OTHER ROADWAY OR MID-BLOCK COLLISION,REAR END,STRAIGHT & LEVEL,DAYLIGHT,,,45638.36277,False,65,Accepted,5,5,O,,INATTENTION,,2024,1
8534,34149339,0510100,HENDERSON POLICE DEPARTMENT,Accepted,HENDERSON,AU9005,,,,,,,,,,,37.81058284,-87.5625657,0.213,2024-12-11,1032,1,1,0,0,CLOUDY,DRY,False,OTHER RAMP RELATED COLLISIONS NOT LISTED ABOVE,SINGLE VEHICLE,CURVE & LEVEL,DAYLIGHT,AU9005,US0041,45638.36285,False,49,Accepted,5,5,O,,,,2024,1
8536,34149678,0510100,HENDERSON POLICE DEPARTMENT,Accepted,HENDERSON,US0041,,US41,,N,,,,ROBIN,,HARMONY,37.86895659,-87.57120041,16.928,2024-12-04,652,2,2,0,1,CLOUDY,DRY,False,OTHER ROADWAY OR MID-BLOCK COLLISION,OPPOSING LEFT TURN,STRAIGHT & LEVEL,DAYLIGHT,,,45638.42618,False,65,Accepted,4,4,C,,INATTENTION,,2024,1
8537,34149679,0510100,HENDERSON POLICE DEPARTMENT,Accepted,HENDERSON,KY0351,,ZION,RD,,,ARLINGTON,,,,,37.82956478,-87.56222947,1.6,2024-12-11,1537,2,2,0,0,CLOUDY,DRY,False,OTHER INTERSECTION COLLISIONS,REAR END,STRAIGHT & LEVEL,DAYLIGHT,,,45638.42625,False,67,Accepted,5,5,O,BACKUP DUE TO REGULAR CONGESTION,INATTENTION,,2024,1
8538,34149680,0510100,HENDERSON POLICE DEPARTMENT,Accepted,HENDERSON,US0041A,,GREEN,ST,N,,14TH,,,,,37.85408253,-87.57886207,17.075,2024-12-11,1616,2,2,0,0,CLEAR,DRY,False,OPPOSING LEFT TURN,OPPOSING LEFT TURN,STRAIGHT & LEVEL,DUSK,,,45638.42636,False,36,Accepted,5,5,O,,"INATTENTION, MISJUDGE CLEARANCE",,2024,1
8539,34153993,0510100,HENDERSON POLICE DEPARTMENT,Accepted,HENDERSON,KY2084,,KY2084,,S,,,,,,,37.81284943,-87.5712407,1.624,2024-12-12,1700,1,1,0,1,CLEAR,DRY,False,OTHER ROADWAY OR MID-BLOCK COLLISION,SINGLE VEHICLE,STRAIGHT & LEVEL,DARK-HWY NOT LIGHTED,,,45639.34565,False,31,Accepted,3,3,B,,INATTENTION,OTHER,2024,1
8540,34154949,0510100,HENDERSON POLICE DEPARTMENT,Accepted,HENDERSON,,,BARKER,RD,,,US HWY 41,,,,,37.87222839,-87.56950572,,2024-12-11,747,2,2,0,0,CLEAR,DRY,False,ANGLE COLLISION - ONE VEHICLE TURNING LEFT,ANGLE,STRAIGHT & LEVEL,DAYLIGHT,,,45639.47475,False,82,Accepted,5,5,O,,OTHER,,2024,1
8541,34157801,0510100,HENDERSON POLICE DEPARTMENT,Accepted,HENDERSON,US0041A,,GREEN,ST,N,,RAY,,,,,37.84737064,-87.58336869,16.54,2024-11-11,1906,2,1,0,1,CLEAR,DRY,False,OTHER INTERSECTION COLLISIONS,REAR END,STRAIGHT & LEVEL,DARK (UNKNOWN ROADWAY LIGHTING),,,45640.12873,False,29,Accepted,5,3,B,,INATTENTION,BRAKES DEFECTIVE,2024,1
8542,34157810,0510100,HENDERSON POLICE DEPARTMENT,Accepted,HENDERSON,US0041,,US41,,N,,,,,,,37.84947037,-87.56738284,15.428,2024-11-24,1917,1,1,0,0,CLEAR,DRY,False,COLLISION WITH FIXED OBJECT NON - INTERSECTION - FIRST EVENT COLLISION 09 - 32 EXCLUDING 16,SINGLE VEHICLE,STRAIGHT & LEVEL,DARK-HWY LIGHTED/OFF,,,45640.12898,False,35,Accepted,5,5,O,,INATTENTION,TOW HITCH DEFECTIVE/UNIT SEPARATION,2024,1
8543,34163830,0510100,HENDERSON POLICE DEPARTMENT,Accepted,HENDERSON,US0041,,US41,,N,,,,WALNUT,,WATSON,37.87886693,-87.56590334,,2024-12-13,1445,2,2,0,1,CLOUDY,DRY,False,1 VEHICLE ENTERING/LEAVING ENTRANCE,ANGLE,STRAIGHT & LEVEL,DAYLIGHT,,,45642.32253,False,73,Accepted,5,4,C,,"INATTENTION, OTHER",,2024,1
8544,34163832,0510100,HENDERSON POLICE DEPARTMENT,Accepted,HENDERSON,,355,RACETRACK,RD,,,,,,,,37.88448506,-87.566079,0.187,2024-12-14,1149,2,2,0,0,CLEAR,DRY,False,1 VEHICLE PARKED POSITION (NOT PARKING LOT/DRIVEWAY),BACKING,STRAIGHT & LEVEL,DAYLIGHT,,,45642.32269,False,67,Accepted,5,5,O,,INATTENTION,,2024,1
8545,34164244,0510100,HENDERSON POLICE DEPARTMENT,Accepted,HENDERSON,US0041A,,GREEN,ST,N,,10TH,,,,,37.84954359,-87.58197386,16.712,2024-12-13,1610,2,2,0,0,CLEAR,DRY,False,OPPOSING LEFT TURN,OPPOSING LEFT TURN,STRAIGHT & GRADE,DARK-HWY LIGHTED/ON,,,45642.39029,False,32,Accepted,5,5,O,,FAILED TO YIELD RIGHT OF WAY,,2024,1
8547,34167512,0510100,HENDERSON POLICE DEPARTMENT,Accepted,HENDERSON,,,BARRET,BLVD,,US0060,US60,,,,,37.85921255,-87.56729714,0.295,2024-12-13,1801,2,2,0,0,CLEAR,DRY,False,SIDESWIPE-SAME DIRECTION,SIDESWIPE-SAME DIRECTION,STRAIGHT & LEVEL,DARK-HWY LIGHTED/ON,,,45642.93566,False,33,Accepted,5,5,O,,,,2024,1
8548,34168740,0510100,HENDERSON POLICE DEPARTMENT,Accepted,HENDERSON,US0041,,US41,,N,,,,WALNUT,,WATSON,37.87779999,-87.5665276,17.59,2024-12-16,1518,2,2,0,0,CLOUDY,WET,False,OTHER ROADWAY OR MID-BLOCK COLLISION,REAR END,STRAIGHT & LEVEL,DAYLIGHT,,,45643.33177,False,67,Accepted,5,5,O,SLIPPERY SURFACE,INATTENTION,,2024,1
8552,34178563,0510100,HENDERSON POLICE DEPARTMENT,Accepted,HENDERSON,,2993,BRIARCLIFF,TRL,,,,,,,,37.86843927,-87.54872099,0.172,2024-12-18,824,2,2,0,0,CLEAR,DRY,True,1 VEHICLE PARKED POSITION (NOT PARKING LOT/DRIVEWAY),SIDESWIPE-SAME DIRECTION,STRAIGHT & LEVEL,DARK (UNKNOWN ROADWAY LIGHTING),,,45645.43936,False,65,Accepted,5,5,O,,,,2024,1
8553,34178975,0510100,HENDERSON POLICE DEPARTMENT,Accepted,HENDERSON,US0041,,US41,,N,,,,BARRET,,MARYWOOD,37.86616955,-87.57273236,16.722,2024-12-12,1621,2,2,0,0,CLEAR,DRY,False,OTHER ROADWAY OR MID-BLOCK COLLISION,REAR END,STRAIGHT & LEVEL,DAYLIGHT,,,45645.49653,False,65,Accepted,5,5,O,,INATTENTION,,2024,1
8554,34181766,0510100,HENDERSON POLICE DEPARTMENT,Accepted,HENDERSON,US0041A,1700,GREEN,ST,S,,,,,,,37.81561085,-87.61553701,13.616,2024-12-14,1745,2,2,0,0,CLEAR,DRY,False,1 VEHICLE ENTERING/LEAVING ENTRANCE,ANGLE,STRAIGHT & LEVEL,DUSK,,,45646.05843,False,42,Accepted,5,5,O,,INATTENTION,,2024,1
8558,34183528,0510100,HENDERSON POLICE DEPARTMENT,Accepted,HENDERSON,US0060,2150,US60,,E,,,,,,,37.86050672,-87.56613464,10.703,2024-11-29,1605,2,2,0,1,CLEAR,DRY,True,REAR END IN TRAFFIC LANES BOTH VEHICLES MOVING,REAR END,STRAIGHT & LEVEL,DUSK,,,45646.42737,False,25,Accepted,3,3,B,,,,2024,1
8564,34184201,0510100,HENDERSON POLICE DEPARTMENT,Accepted,HENDERSON,,1135,BARRET,BLVD,,,,,,,,37.85937379,-87.56553146,,2024-12-17,1350,2,2,0,0,CLEAR,DRY,False,1 VEHICLE ENTERING/LEAVING ENTRANCE,ANGLE,CURVE & LEVEL,DAYLIGHT,,,45646.57623,False,82,Accepted,5,5,O,,MISJUDGE CLEARANCE,,2024,1
8565,34184375,0510100,HENDERSON POLICE DEPARTMENT,Accepted,HENDERSON,,,US HWY 41,,,,,,,,,37.86797048,-87.57190515,,2024-12-18,930,3,1,0,0,CLOUDY,WET,False,REAR END IN TRAFFIC LANES BOTH VEHICLES MOVING,REAR END,STRAIGHT & LEVEL,DAYLIGHT,,,45646.57629,False,82,Accepted,5,5,O,WATER POOLING,OTHER,,2024,1
8566,34184376,0510100,HENDERSON POLICE DEPARTMENT,Accepted,HENDERSON,,,ELM,ST,,,7TH,,,,,37.84644361,-87.58603265,,2024-12-18,1153,2,1,0,0,CLOUDY,DRY,False,ANGLE COLLISION - OTHER,ANGLE,STRAIGHT & LEVEL,DAYLIGHT,,,45646.57639,False,82,Accepted,5,5,O,,OTHER,,2024,1
8567,34185621,0510100,HENDERSON POLICE DEPARTMENT,Accepted,HENDERSON,,,14TH,ST,,,KENTUCKY,,,,,37.85336725,-87.57699389,0.224,2024-12-15,1956,1,1,0,0,CLEAR,DRY,False,OTHER INTERSECTION COLLISIONS,SINGLE VEHICLE,STRAIGHT & LEVEL,DARK-HWY NOT LIGHTED,,,45646.96069,False,23,Accepted,5,5,O,,OTHER,,2024,1
8569,34194473,0510100,HENDERSON POLICE DEPARTMENT,Accepted,HENDERSON,US0041A,700,GREEN,ST,S,,,,,,,37.82700128,-87.59998699,14.891,2024-12-20,815,2,2,0,0,CLEAR,DRY,True,OTHER ROADWAY OR MID-BLOCK COLLISION,REAR END,STRAIGHT & LEVEL,DAWN,,,45649.69039,False,64,Accepted,5,5,O,,DISTRACTION,,2024,1
8570,34194474,0510100,HENDERSON POLICE DEPARTMENT,Accepted,HENDERSON,US0041A,,GREEN,ST,N,,HARDING,,,,,37.85280407,-87.57986641,16.969,2024-12-21,1209,2,2,0,0,CLEAR,DRY,False,VEHICLE BACKING IN INTERSECTION,BACKING,STRAIGHT & LEVEL,DAYLIGHT,,,45649.69045,False,32,Accepted,5,5,O,,MISJUDGE CLEARANCE,,2024,1
8571,34194475,0510100,HENDERSON POLICE DEPARTMENT,Accepted,HENDERSON,US0060,,US60,,E,,WATSON,,,,,37.86471896,-87.55503099,11.395,2024-12-22,1156,2,2,0,0,CLEAR,DRY,False,ANGLE COLLISION - OTHER,ANGLE,STRAIGHT & HILLCREST,DAYLIGHT,,,45649.6905,False,32,Accepted,5,5,O,,FAILED TO YIELD RIGHT OF WAY,,2024,1
8572,34194476,0510100,HENDERSON POLICE DEPARTMENT,Accepted,HENDERSON,,,5TH,ST,,US0041A,GREEN,,,,,37.84329217,-87.58598104,0.953,2024-12-18,1500,2,2,0,0,CLOUDY,DRY,False,SIDESWIPE-SAME DIRECTION,SIDESWIPE-SAME DIRECTION,STRAIGHT & LEVEL,DAYLIGHT,,,45649.69055,False,32,Accepted,5,5,O,,TURNING IMPROPERLY,,2024,1
8573,34194627,0510100,HENDERSON POLICE DEPARTMENT,Accepted,HENDERSON,,517,5TH,ST,,,,,,,,37.84365487,-87.58690683,1.01,2024-12-19,1307,2,2,0,0,CLEAR,DRY,True,SIDESWIPE COLLISION - SAME DIRECTION,SIDESWIPE-SAME DIRECTION,STRAIGHT & LEVEL,DAYLIGHT,,,45649.72854,False,49,Accepted,5,5,O,,,,2024,1
8574,34194628,0510100,HENDERSON POLICE DEPARTMENT,Accepted,HENDERSON,KY0351,,2ND,ST,,,INGRAM,,,,,37.83895297,-87.58694736,0.083,2024-12-20,1539,2,2,0,0,CLOUDY,DRY,False,ANGLE COLLISION - OTHER,ANGLE,STRAIGHT & LEVEL,DUSK,,,45649.72859,False,49,Accepted,5,5,O,,FAILED TO YIELD RIGHT OF WAY,,2024,1
8575,34194629,0510100,HENDERSON POLICE DEPARTMENT,Accepted,HENDERSON,KY0351,,ZION,RD,,US0041,US41,,,,,37.83041777,-87.56540412,1.4,2024-12-20,548,2,2,0,1,CLEAR,DRY,False,ANGLE COLLISION - OTHER,ANGLE,STRAIGHT & LEVEL,DARK-HWY LIGHTED/ON,,,45649.72864,False,49,Accepted,3,3,B,,FAILED TO YIELD RIGHT OF WAY,,2024,1
8576,34194632,0510100,HENDERSON POLICE DEPARTMENT,Accepted,HENDERSON,US0041A,,GREEN,ST,N,,6TH,,,,,37.84461574,-87.5853355,16.309,2024-12-22,1518,2,2,0,0,CLEAR,DRY,False,ANGLE COLLISION - OTHER,ANGLE,STRAIGHT & LEVEL,DAYLIGHT,,,45649.72881,False,36,Accepted,5,5,O,GLARE (SUN),INATTENTION,,2024,1
8577,34199067,0510100,HENDERSON POLICE DEPARTMENT,Accepted,HENDERSON,,500,FAGAN,ST,,,,,,,,37.82665424,-87.58971275,0.076,2024-12-15,2236,3,3,0,0,CLEAR,DRY,False,1 VEHICLE PARKED POSITION (NOT PARKING LOT/DRIVEWAY),REAR END,STRAIGHT & GRADE,DARK-HWY LIGHTED/ON,,,45652.08126,False,18,Accepted,5,5,O,ANIMALS ACTION,"INATTENTION, NOT UNDER PROPER CONTROL",,2024,1
8578,34199206,0510100,HENDERSON POLICE DEPARTMENT,Accepted,HENDERSON,US0041,,US41,,,,,,,,,37.8211806,-87.56259079,2.178,2024-12-17,2007,2,2,0,5,CLEAR,DRY,False,OTHER ROADWAY OR MID-BLOCK COLLISION,REAR END,STRAIGHT & LEVEL,DARK-HWY NOT LIGHTED,,,45652.16614,False,33,Accepted,5,3,B,,INATTENTION,,2024,1
8579,34199208,0510100,HENDERSON POLICE DEPARTMENT,Accepted,HENDERSON,US0060,,US60,,E,,WATSON,,,,,37.86460173,-87.5537753,11.465,2024-12-17,1922,2,2,0,0,CLOUDY,DRY,False,SIDESWIPE-SAME DIRECTION,SIDESWIPE-SAME DIRECTION,STRAIGHT & LEVEL,DARK-HWY LIGHTED/ON,,,45652.16625,False,35,Accepted,5,5,O,,INATTENTION,,2024,1
8580,34199487,0510100,HENDERSON POLICE DEPARTMENT,Accepted,HENDERSON,US0041A,301,GREEN,ST,S,,,,,,,37.83354882,-87.59379862,15.411,2024-12-18,244,1,1,0,0,RAINING,WET,False,COLLISION WITH FIXED OBJECT NON - INTERSECTION - FIRST EVENT COLLISION 09 - 32 EXCLUDING 16,SINGLE VEHICLE,STRAIGHT & LEVEL,DARK-HWY LIGHTED/ON,,,45652.25282,False,58,Accepted,5,5,O,,MISJUDGE CLEARANCE,,2024,1
8581,34199866,0510100,HENDERSON POLICE DEPARTMENT,Accepted,HENDERSON,KY0351,,2ND,ST,,,,,,,,37.83881185,-87.5867973,0.079,2024-12-23,1630,2,2,0,0,CLEAR,DRY,False,1 VEHICLE ENTERING/LEAVING ENTRANCE,ANGLE,STRAIGHT & LEVEL,DARK-HWY NOT LIGHTED,,,45652.33219,False,31,Accepted,5,5,O,,INATTENTION,,2024,1
8582,34199868,0510100,HENDERSON POLICE DEPARTMENT,Accepted,HENDERSON,US0041,,US41,,N,,,,,,,37.88357041,-87.56279306,18.025,2024-12-23,1718,2,2,0,0,CLEAR,DRY,False,1 VEHICLE ENTERING/LEAVING ENTRANCE,ANGLE,STRAIGHT & LEVEL,DARK-HWY NOT LIGHTED,,,45652.33225,False,31,Accepted,5,5,O,,INATTENTION,,2024,1
8583,34199869,0510100,HENDERSON POLICE DEPARTMENT,Accepted,HENDERSON,US0041,2611,US41,,N,,,,,,,37.87389181,-87.56868253,17.296,2024-12-24,1159,2,2,0,0,CLOUDY,DRY,False,REAR END IN TRAFFIC LANES BOTH VEHICLES MOVING,REAR END,STRAIGHT & LEVEL,DAYLIGHT,,,45652.3323,False,49,Accepted,5,5,O,,FOLLOWING TOO CLOSE,,2024,1
8584,34199935,0510100,HENDERSON POLICE DEPARTMENT,Accepted,HENDERSON,US0041A,,GREEN,ST,S,,WASHINGTON,,,,,37.83671581,-87.59032224,15.704,2024-12-09,1436,2,2,0,1,CLEAR,DRY,False,OTHER INTERSECTION COLLISIONS,REAR END,STRAIGHT & HILLCREST,DAYLIGHT,,,45652.33929,False,64,Accepted,4,4,C,,"INATTENTION, NOT UNDER PROPER CONTROL",,2024,1
8585,34202377,0510100,HENDERSON POLICE DEPARTMENT,Accepted,HENDERSON,KY0136,,SAND,LN,,,,,,,,37.82368166,-87.60302385,,2024-12-23,1320,2,2,0,0,CLEAR,DRY,False,1 VEHICLE ENTERING/LEAVING ENTRANCE,ANGLE,STRAIGHT & LEVEL,DAYLIGHT,,,45652.95487,False,82,Accepted,5,5,O,BACKUP DUE TO REGULAR CONGESTION,INATTENTION,,2024,1
8586,34202378,0510100,HENDERSON POLICE DEPARTMENT,Accepted,HENDERSON,,,MARYWOOD,DR,,,US HWY 60 ,,,,,37.86101778,-87.56476091,,2024-12-23,1107,2,2,0,0,CLEAR,DRY,False,ANGLE COLLISION - OTHER,ANGLE,STRAIGHT & LEVEL,DAYLIGHT,,,45652.95496,False,82,Accepted,5,5,O,,INATTENTION,,2024,1
8588,34206182,0510100,HENDERSON POLICE DEPARTMENT,Accepted,HENDERSON,US0041,,US41,,N,,,,,,,37.83570708,-87.56481197,14.456,2024-12-20,532,2,2,0,0,CLEAR,DRY,False,REAR END IN TRAFFIC LANES BOTH VEHICLES MOVING,REAR END,STRAIGHT & LEVEL,DARK-HWY NOT LIGHTED,,,45654.02277,False,42,Accepted,5,5,O,,"FOLLOWING TOO CLOSE, EMOTIONAL",,2024,1
8593,34212917,0510100,HENDERSON POLICE DEPARTMENT,Accepted,HENDERSON,US0041,,US41,,N,,,,BARKER,,PAUL,37.87399908,-87.56846496,17.307,2024-12-28,1126,2,2,0,0,CLOUDY,DRY,False,OTHER ROADWAY OR MID-BLOCK COLLISION,REAR END,STRAIGHT & LEVEL,DAYLIGHT,,,45656.4469,False,67,Accepted,5,5,O,BACKUP DUE TO REGULAR CONGESTION,INATTENTION,,2024,1
8594,34212918,0510100,HENDERSON POLICE DEPARTMENT,Accepted,HENDERSON,,,BARRET,BLVD,,US0041,US41,,,,,37.86433313,-87.57369743,0.899,2024-12-28,1234,2,2,0,0,CLOUDY,DRY,False,ANGLE COLLISION - OTHER,ANGLE,STRAIGHT & LEVEL,DAYLIGHT,,,45656.44703,False,67,Accepted,5,5,O,,INATTENTION,,2024,1
8595,34212919,0510100,HENDERSON POLICE DEPARTMENT,Accepted,HENDERSON,,,MAIN,ST,S,,POWELL,,,,,37.83687117,-87.59486729,2.001,2024-12-28,1439,2,2,0,0,CLOUDY,DRY,False,ANGLE COLLISION - OTHER,ANGLE,STRAIGHT & LEVEL,DAYLIGHT,,,45656.44733,False,49,Accepted,5,5,O,,"FAILED TO YIELD RIGHT OF WAY, INATTENTION",,2024,1
8596,34212920,0510100,HENDERSON POLICE DEPARTMENT,Accepted,HENDERSON,US0041,,US41,,N,,,,CINEMA,US0041,US41 S EXIT81 OFF RAMP TO US60 W,37.86190528,-87.57520399,16.4,2024-12-29,1350,3,3,0,0,CLOUDY,WET,False,REAR END IN TRAFFIC LANES BOTH VEHICLES MOVING,REAR END,STRAIGHT & LEVEL,DAYLIGHT,,,45656.44743,False,67,Accepted,5,5,O,SLIPPERY SURFACE,"INATTENTION, OTHER",,2024,1
8597,34212921,0510100,HENDERSON POLICE DEPARTMENT,Accepted,HENDERSON,,,DR MARTIN LUTHER KING JR,AVE,,,FAGAN,,,,,37.82868002,-87.58770301,0.456,2024-12-26,1618,2,2,0,1,CLEAR,DRY,False,ANGLE COLLISION - OTHER,ANGLE,STRAIGHT & LEVEL,DAYLIGHT,,,45656.44754,False,47,Accepted,5,3,B,,INATTENTION,,2024,1
8598,34212929,0510100,HENDERSON POLICE DEPARTMENT,Accepted,HENDERSON,US0041,,US41,,N,,,,BARKER,,WALKER,37.87213136,-87.56946523,17.166,2024-12-18,1658,2,2,0,0,CLEAR,DRY,False,1 VEHICLE ENTERING/LEAVING ENTRANCE,ANGLE,STRAIGHT & LEVEL,DARK-HWY LIGHTED/ON,,,45656.44785,False,65,Accepted,5,5,O,,INATTENTION,,2024,1
8599,34213076,0510100,HENDERSON POLICE DEPARTMENT,Accepted,HENDERSON,US0041,,US41,,N,,WATSON,,,,,37.87535319,-87.56783836,17.408,2024-12-23,1620,2,2,0,0,CLEAR,DRY,False,SIDESWIPE-SAME DIRECTION,SIDESWIPE-SAME DIRECTION,STRAIGHT & LEVEL,DARK-HWY LIGHTED/ON,,,45656.47753,False,47,Accepted,5,5,O,,INATTENTION,,2024,1
8600,34213077,0510100,HENDERSON POLICE DEPARTMENT,Accepted,HENDERSON,,,US HWY 41,,,,WATSON,,,,,37.87535253,-87.56783211,,2024-12-23,1232,2,2,0,0,CLEAR,DRY,False,OTHER INTERSECTION COLLISIONS,REAR END,STRAIGHT & LEVEL,DAYLIGHT,,,45656.47762,False,82,Accepted,5,5,O,BACKUP DUE TO REGULAR CONGESTION,NOT UNDER PROPER CONTROL,,2024,1
8601,34213078,0510100,HENDERSON POLICE DEPARTMENT,Accepted,HENDERSON,US0041A,,GREEN,ST,N,,1ST,,,,,37.83819737,-87.58927138,15.826,2024-12-23,1700,2,2,0,1,CLEAR,DRY,False,ANGLE COLLISION - ONE VEHICLE TURNING LEFT,ANGLE,STRAIGHT & LEVEL,DARK-HWY LIGHTED/ON,,,45656.47771,False,47,Accepted,5,3,B,BACKUP DUE TO REGULAR CONGESTION,"DISREGARD TRAFFIC CONTROL, INATTENTION",,2024,1
8602,34213079,0510100,HENDERSON POLICE DEPARTMENT,Accepted,HENDERSON,US0060,,US60,,E,,,US0041,US41 N EXIT81 OFF RAMP TO US60 E,,BARRET,37.8595996,-87.56856423,10.555,2024-12-21,1202,3,3,0,3,CLEAR,DRY,False,OTHER ROADWAY OR MID-BLOCK COLLISION,REAR END,STRAIGHT & LEVEL,DAYLIGHT,,,45656.47787,False,65,Accepted,4,4,C,,INATTENTION,,2024,1
8603,34213080,0510100,HENDERSON POLICE DEPARTMENT,Accepted,HENDERSON,US0041,,US41,,N,,,,WALNUT,,JOHN JAMES AUDUBON STATE,37.88023855,-87.5651655,17.773,2024-12-23,1430,2,2,0,0,CLEAR,DRY,False,SIDESWIPE COLLISION - SAME DIRECTION,SIDESWIPE-SAME DIRECTION,STRAIGHT & LEVEL,DAYLIGHT,,,45656.47793,False,65,Accepted,5,5,O,,INATTENTION,,2024,1
8604,34213109,0510100,HENDERSON POLICE DEPARTMENT,Accepted,HENDERSON,,1927,POWELL,ST,,,,,,,,37.82400822,-87.57087799,1.501,2024-12-26,1352,2,2,0,0,CLOUDY,DRY,False,1 VEHICLE PARKED POSITION (NOT PARKING LOT/DRIVEWAY),BACKING,STRAIGHT & LEVEL,DAYLIGHT,,,45656.4873,False,25,Accepted,5,5,O,,INATTENTION,,2024,1
8605,34213110,0510100,HENDERSON POLICE DEPARTMENT,Accepted,HENDERSON,US0041A,300,GREEN,ST,S,,,,,,,37.83357949,-87.59353932,15.423,2024-12-24,942,2,2,0,0,CLOUDY,WET,False,1 VEHICLE ENTERING/LEAVING ENTRANCE,ANGLE,STRAIGHT & LEVEL,DAYLIGHT,,,45656.48736,False,64,Accepted,5,5,O,,INATTENTION,,2024,1
8606,34213111,0510100,HENDERSON POLICE DEPARTMENT,Accepted,HENDERSON,,,CLAY,ST,,,INGRAM,,,,,37.83301684,-87.59199593,,2024-12-24,1145,2,2,0,0,CLOUDY,DRY,False,ANGLE COLLISION - OTHER,ANGLE,STRAIGHT & LEVEL,DAYLIGHT,,,45656.48742,False,73,Accepted,5,5,O,,"FAILED TO YIELD RIGHT OF WAY, INATTENTION",,2024,1