OBJECTID,IncidentID,AgencyORI,AgencyName,IncidentStatusDesc,County,RdwyNumber,Street,RoadwayName,StreetSfx,StreetDir,IntersectionRdwy,IntersectionRdwyName,BetweenStRdwy1,BetweenStRdwyName1,BetweenStRdwy2,BetweenStRdwyName2,Latitude,Longitude,Milepoint,CollisionDate,CollisionTime,UnitsInvolved,MotorVehiclesInvolved,NumberKilled,NumberInjured,Weather,RdwyConditionCode,HitandRun,DirAnalysisCode,MannerofCollision,RdwyCharacter,LightCondition,RampFromRdwyId,RampToRdwyId,AcceptedDate,IsSecondaryCollision,OwnerBadge,IncidentStatus,InjurySeverityCde,KABCO_Code,KABCO,Environmental_Factors,Human_Factors,Vehicular_Factors,CollisionYear,CityCrash
8607,34213319,0510100,HENDERSON POLICE DEPARTMENT,Accepted,HENDERSON,US0041,,US41,,N,,,,KIMSEY,,VAN WYK,37.84652882,-87.56637466,15.211,2024-12-21,1017,1,1,0,0,CLEAR,DRY,True,OTHER COLLISIONS ON SHOULDER,SINGLE VEHICLE,CURVE & HILLCREST,UNKNOWN,,,45656.55117,False,65,Accepted,5,5,O,,NOT UNDER PROPER CONTROL,,2024,1
8608,34215497,0510100,HENDERSON POLICE DEPARTMENT,Accepted,HENDERSON,KY0351,,ZION,RD,,,,,,,,37.83043808,-87.56569321,1.387,2024-12-23,1817,2,2,0,0,CLEAR,DRY,False,SIDESWIPE COLLISION - SAME DIRECTION,SIDESWIPE-SAME DIRECTION,STRAIGHT & LEVEL,DARK-HWY LIGHTED/ON,,,45657.03586,False,33,Accepted,5,5,O,,INATTENTION,,2024,1
8609,34215498,0510100,HENDERSON POLICE DEPARTMENT,Accepted,HENDERSON,,790,WOLF HILLS,RD,,,,,,,,37.89037826,-87.5450907,0.929,2024-12-23,2114,1,1,0,2,CLEAR,WET,False,COLLISION WITH FIXED OBJECT NON - INTERSECTION - FIRST EVENT COLLISION 09 - 32 EXCLUDING 16,SINGLE VEHICLE,CURVE & LEVEL,DARK-HWY NOT LIGHTED,,,45657.03591,False,61,Accepted,4,2,A,SLIPPERY SURFACE,,,2024,1
8610,34215627,0510100,HENDERSON POLICE DEPARTMENT,Accepted,HENDERSON,US0041,,US41,,N,,,,,,,37.84014705,-87.56485087,14.765,2024-12-24,2115,1,1,0,0,RAINING,WET,False,RAN OFF ROADWAY (1 VEHICLE WITH/EARTH EMBANKMENT/DITCH),SINGLE VEHICLE,CURVE & GRADE,DARK-HWY LIGHTED/ON,,,45657.0757,False,42,Accepted,5,5,O,,NOT UNDER PROPER CONTROL,STEERING FAILURE,2024,1
8611,34215672,0510100,HENDERSON POLICE DEPARTMENT,Accepted,HENDERSON,KY0351,,2ND,ST,,,,,,,,37.83237689,-87.5714772,1.039,2024-12-25,1910,2,2,0,0,RAINING,WET,False,REAR END IN TRAFFIC LANES BOTH VEHICLES MOVING,REAR END,STRAIGHT & LEVEL,DARK-HWY LIGHTED/ON,,,45657.08603,False,27,Accepted,5,5,O,,"CELL PHONE, DISTRACTION, INATTENTION",,2024,1
8612,34216577,0510100,HENDERSON POLICE DEPARTMENT,Accepted,HENDERSON,,,ELM,ST,N,,3RD,,,,,37.84136268,-87.58924219,0.262,2024-12-23,1450,2,2,0,0,CLOUDY,DRY,False,ANGLE COLLISION - ONE VEHICLE TURNING RIGHT,ANGLE,STRAIGHT & LEVEL,DAYLIGHT,,,45657.42264,False,32,Accepted,5,5,O,,"FAILED TO YIELD RIGHT OF WAY, TURNING IMPROPERLY",,2024,1
8613,34216578,0510100,HENDERSON POLICE DEPARTMENT,Accepted,HENDERSON,KY0351,,2ND,ST,,,,,INGRAM,US0041A,GREEN,37.83928681,-87.58788395,0.033,2024-12-23,1613,2,2,0,0,CLOUDY,DRY,False,1 VEHICLE ENTERING/LEAVING ENTRANCE,ANGLE,STRAIGHT & LEVEL,DAYLIGHT,,,45657.4227,False,32,Accepted,5,5,O,,MISJUDGE CLEARANCE,,2024,1
8614,34221514,0510100,HENDERSON POLICE DEPARTMENT,Accepted,HENDERSON,US0060,,US60,,E,,MARYWOOD,,,,,37.86103965,-87.56452918,10.78,2024-12-31,1942,1,1,0,0,CLEAR,DRY,False,NON-COLLISION OBJECT COLLISION,SINGLE VEHICLE,STRAIGHT & LEVEL,DARK-HWY LIGHTED/ON,,,45659.02513,False,35,Accepted,5,5,O,DEBRIS IN ROADWAY,,,2024,1
8615,34223204,0510000,HENDERSON COUNTY SHERIFF DEPT.,Accepted,HENDERSON,,,WATER,ST,N,,3RD,,,,,37.842608,-87.59238852,0.199,2024-12-14,,1,1,0,0,CLEAR,DRY,True,OTHER INTERSECTION COLLISIONS,SINGLE VEHICLE,STRAIGHT & LEVEL,DARK-HWY LIGHTED/ON,,,45659.42242,False,135,Accepted,5,5,O,,"INATTENTION, NOT UNDER PROPER CONTROL",STEERING FAILURE,2024,1
8617,34224556,0510100,HENDERSON POLICE DEPARTMENT,Accepted,HENDERSON,US0041,,US41,,N,,,,CINEMA,,PARK,37.86325667,-87.57449215,16.498,2024-12-23,1648,2,2,0,0,RAINING,WET,True,1 VEHICLE ENTERING/LEAVING ENTRANCE,ANGLE,STRAIGHT & LEVEL,DARK-HWY LIGHTED/ON,,,45659.63254,False,32,Accepted,5,5,O,,FAILED TO YIELD RIGHT OF WAY,,2024,1
8618,34224607,0510100,HENDERSON POLICE DEPARTMENT,Accepted,HENDERSON,US0041A,936,GREEN,ST,N,,,,10TH,,9TH,37.84903362,-87.58230789,16.671,2024-12-31,1705,2,2,0,0,CLOUDY,DRY,False,SIDESWIPE COLLISION - SAME DIRECTION,SIDESWIPE-SAME DIRECTION,STRAIGHT & LEVEL,DUSK,,,45659.64141,False,32,Accepted,5,5,O,,"FAILED TO YIELD RIGHT OF WAY, TURNING IMPROPERLY",,2024,1
8619,34224608,0510100,HENDERSON POLICE DEPARTMENT,Accepted,HENDERSON,US0041,,US41,,N,,,,,,,37.8506605,-87.56778252,15.512,2024-12-31,1157,1,1,0,0,RAINING,WET,False,OTHER ROADWAY OR MID-BLOCK COLLISION,SINGLE VEHICLE,CURVE & HILLCREST,DAYLIGHT,,,45659.64146,False,25,Accepted,5,5,O,SLIPPERY SURFACE,TOO FAST FOR CONDITIONS,TIRES,2024,1
8620,34226171,0510100,HENDERSON POLICE DEPARTMENT,Accepted,HENDERSON,US0041A,,GREEN,ST,S,,CLAY,,,,,37.83379511,-87.59321008,15.441,2024-12-26,1918,2,2,0,0,CLOUDY,DRY,False,ANGLE COLLISION - OTHER,ANGLE,STRAIGHT & LEVEL,DARK-HWY LIGHTED/ON,,,45659.99386,False,58,Accepted,5,5,O,,INATTENTION,,2024,1
8624,34238682,0510100,HENDERSON POLICE DEPARTMENT,Accepted,HENDERSON,KY0351,,ZION,RD,,,,,,,,37.83120363,-87.56832362,1.228,2025-01-04,2159,2,2,0,0,CLEAR,DRY,True,SIDESWIPE COLLISION - SAME DIRECTION,SIDESWIPE-SAME DIRECTION,STRAIGHT & LEVEL,DARK-HWY LIGHTED/ON,,,45664.05175,False,33,Accepted,5,5,O,,,,2025,1
8625,34238786,0510100,HENDERSON POLICE DEPARTMENT,Accepted,HENDERSON,KY0812,,AIRLINE,RD,,,GARDEN MILE,,,,,37.814811,-87.5601124,6.773,2025-01-05,1909,1,1,0,0,"SLEET, HAIL, FREEZING RAIN",SNOW/SLUSH,False,OTHER INTERSECTION COLLISIONS,SINGLE VEHICLE,STRAIGHT & LEVEL,DARK-HWY LIGHTED/ON,,,45664.10039,False,61,Accepted,5,5,O,,,,2025,1
8626,34239163,0510100,HENDERSON POLICE DEPARTMENT,Accepted,HENDERSON,US0041,2530,US41,,N,,,,,,,37.87273337,-87.56907805,17.215,2025-01-01,1712,2,2,0,0,CLEAR,DRY,False,SIDESWIPE COLLISION - SAME DIRECTION,SIDESWIPE-SAME DIRECTION,STRAIGHT & LEVEL,DARK-HWY LIGHTED/ON,,,45664.33004,False,25,Accepted,5,5,O,,"FAILED TO YIELD RIGHT OF WAY, INATTENTION",,2025,1
8627,34239215,0510100,HENDERSON POLICE DEPARTMENT,Accepted,HENDERSON,,414,MEADOW,ST,,,,,,,,37.82768332,-87.58437964,0.321,2025-01-06,1455,2,2,0,0,CLOUDY,ICE,False,1 VEHICLE PARKED POSITION (NOT PARKING LOT/DRIVEWAY),HEAD ON,STRAIGHT & LEVEL,DAYLIGHT,,,45664.35035,False,25,Accepted,5,5,O,SLIPPERY SURFACE,TOO FAST FOR CONDITIONS,,2025,1
8628,34239296,0510100,HENDERSON POLICE DEPARTMENT,Accepted,HENDERSON,US0041,,US41,,N,,,,RACETRACK,,STRATMAN,37.88380719,-87.5624206,18.051,2025-01-06,554,1,1,0,0,CLOUDY,SNOW/SLUSH,False,COLLISION WITH FIXED OBJECT NON - INTERSECTION - FIRST EVENT COLLISION 09 - 32 EXCLUDING 16,SINGLE VEHICLE,STRAIGHT & LEVEL,DARK-HWY NOT LIGHTED,,,45664.37437,False,65,Accepted,5,5,O,DEBRIS IN ROADWAY,INATTENTION,,2025,1
8629,34239298,0510100,HENDERSON POLICE DEPARTMENT,Accepted,HENDERSON,,,WATSON,LN,,,,,CLAYTON,,HILLSIDE TERRACE TRAILER PARK,37.87464254,-87.56447309,0.912,2025-01-06,1129,1,1,0,0,CLOUDY,SNOW/SLUSH,False,COLLISION WITH FIXED OBJECT NON - INTERSECTION - FIRST EVENT COLLISION 09 - 32 EXCLUDING 16,SINGLE VEHICLE,STRAIGHT & LEVEL,DAYLIGHT,,,45664.37446,False,65,Accepted,5,5,O,SLIPPERY SURFACE,NOT UNDER PROPER CONTROL,,2025,1
8630,34239323,0510100,HENDERSON POLICE DEPARTMENT,Accepted,HENDERSON,KY0812,1904,AIRLINE,RD,,,,,,,,37.82179357,-87.57222009,7.566,2025-01-05,1104,1,1,0,0,CLOUDY,SNOW/SLUSH,False,OTHER ROADWAY OR MID-BLOCK COLLISION,SINGLE VEHICLE,STRAIGHT & LEVEL,DAYLIGHT,,,45664.38373,False,25,Accepted,5,5,O,SLIPPERY SURFACE,,,2025,1
8632,34239378,0510000,HENDERSON COUNTY SHERIFF DEPT.,Accepted,HENDERSON,,,WOLF HILLS,RD,,,,US0041,US41,,GREEN RIVER RD 1,37.88933768,-87.54343637,0.828,2025-01-03,758,1,1,0,0,CLOUDY,DRY,False,COLLISION WITH ANIMAL NON INTERSECTION,SINGLE VEHICLE,STRAIGHT & LEVEL,DAYLIGHT,,,45664.40455,False,132,Accepted,5,5,O,ANIMALS ACTION,,,2025,1
8636,34239593,0510100,HENDERSON POLICE DEPARTMENT,Accepted,HENDERSON,,,RETTIG,RD,,US0041,US41,,,,,37.86734436,-87.57242576,0.017,2025-01-01,1739,2,2,0,0,CLEAR,DRY,False,OTHER INTERSECTION COLLISIONS,REAR END,STRAIGHT & LEVEL,DARK-HWY LIGHTED/ON,,,45664.44326,False,32,Accepted,5,5,O,,FOLLOWING TOO CLOSE,,2025,1
8640,34241132,0510100,HENDERSON POLICE DEPARTMENT,Accepted,HENDERSON,,,US HWY 60 E,,,,,,,,,37.86134137,-87.5640744,,2024-12-31,900,2,2,0,0,RAINING,WET,False,SIDESWIPE COLLISION - SAME DIRECTION,SIDESWIPE-SAME DIRECTION,STRAIGHT & LEVEL,DAYLIGHT,,,45664.74764,False,82,Accepted,5,5,O,,INATTENTION,,2024,1
8641,34242452,0510100,HENDERSON POLICE DEPARTMENT,Accepted,HENDERSON,US0041A,,GREEN,ST,N,,14TH,,,,,37.85407888,-87.57886554,17.075,2024-12-29,1104,2,2,0,0,CLOUDY,DRY,False,OPPOSING LEFT TURN,OPPOSING LEFT TURN,STRAIGHT & LEVEL,DAYLIGHT,,,45665.28471,False,34,Accepted,5,5,O,,INATTENTION,,2024,1
8643,34246572,0510100,HENDERSON POLICE DEPARTMENT,Accepted,HENDERSON,KY0351,,2ND,ST,,,,,,,,37.83194629,-87.57066694,1.104,2025-01-02,1250,2,2,0,0,CLOUDY,DRY,False,SIDESWIPE COLLISION - SAME DIRECTION,SIDESWIPE-SAME DIRECTION,STRAIGHT & LEVEL,DAYLIGHT,,,45666.42507,False,49,Accepted,5,5,O,,INATTENTION,,2025,1
8644,34246575,0510100,HENDERSON POLICE DEPARTMENT,Accepted,HENDERSON,,,ELM,ST,N,,ATKINSON PARK,,,,,37.86436356,-87.57551102,2.03,2025-01-03,1448,2,2,0,0,CLEAR,DRY,False,OTHER INTERSECTION COLLISIONS,REAR END,STRAIGHT & LEVEL,DAYLIGHT,,,45666.42525,False,34,Accepted,5,5,O,,INATTENTION,,2025,1
8645,34247476,0510000,HENDERSON COUNTY SHERIFF DEPT.,Accepted,HENDERSON,AU9005,,AU9005 E,,,,,,,,,37.81017311,-87.55401117,0.5,2025-01-07,1439,2,2,0,0,CLOUDY,SNOW/SLUSH,False,1 VEHICLE ENTERING/LEAVING ENTRANCE,ANGLE,STRAIGHT & LEVEL,DAYLIGHT,,,45666.5768,False,140,Accepted,5,5,O,OTHER,,,2025,1
8647,34249336,0510100,HENDERSON POLICE DEPARTMENT,Accepted,HENDERSON,KY0351,,ZION,RD,,,,,,,,37.83055413,-87.56592484,1.374,2025-01-08,1548,2,2,0,0,CLOUDY,DRY,False,SIDESWIPE COLLISION - SAME DIRECTION,SIDESWIPE-SAME DIRECTION,CURVE & LEVEL,DAYLIGHT,,,45666.96901,False,36,Accepted,5,5,O,,INATTENTION,,2025,1
8648,34249337,0510100,HENDERSON POLICE DEPARTMENT,Accepted,HENDERSON,US0041A,,GREEN,ST,N,,2ND,,,,,37.83947371,-87.58843412,15.921,2025-01-08,1707,2,2,0,0,CLEAR,DRY,False,OPPOSING LEFT TURN,OPPOSING LEFT TURN,STRAIGHT & LEVEL,DUSK,,,45666.96908,False,36,Accepted,5,5,O,MAINTENANCE/UTILITY WORK ZONE,"DISREGARD TRAFFIC CONTROL, MISJUDGE CLEARANCE",,2025,1
8650,34257953,0510100,HENDERSON POLICE DEPARTMENT,Accepted,HENDERSON,,,5TH,ST,,US0041A,GREEN,,,,,37.84329892,-87.58585248,0.946,2024-12-26,854,2,2,0,0,CLOUDY,WET,False,ANGLE COLLISION - ONE VEHICLE TURNING RIGHT,ANGLE,STRAIGHT & LEVEL,DAYLIGHT,,,45670.31705,False,15,Accepted,5,5,O,,INATTENTION,,2024,1
8652,34258770,0510100,HENDERSON POLICE DEPARTMENT,Accepted,HENDERSON,,,MAIN,ST,N,,FIFTH,,,,,37.8445157,-87.58919245,,2025-01-08,1500,2,2,0,0,CLOUDY,WET,False,ANGLE COLLISION - OTHER,ANGLE,STRAIGHT & LEVEL,DAYLIGHT,,,45670.46245,False,73,Accepted,5,5,O,,"DISREGARD TRAFFIC CONTROL, INATTENTION",,2025,1
8653,34258772,0510100,HENDERSON POLICE DEPARTMENT,Accepted,HENDERSON,US0041,,US41,,N,,,,KIMSEY,,VAN WYK,37.84889625,-87.56624536,15.369,2024-12-24,1050,1,1,0,1,CLOUDY,WET,False,OTHER ROADWAY OR MID-BLOCK COLLISION,SINGLE VEHICLE,CURVE & GRADE,DAYLIGHT,,,45670.46252,False,34,Accepted,4,4,C,SLIPPERY SURFACE,OVERCORRECTING/OVERSTEERING,,2024,1
8654,34258774,0510100,HENDERSON POLICE DEPARTMENT,Accepted,HENDERSON,KY0351,,2ND,ST,,,KLUTEY PARK PLAZA,,,,,37.83242841,-87.57161553,1.043,2025-01-08,1405,3,3,0,0,CLOUDY,WET,False,ANGLE COLLISION - OTHER,ANGLE,STRAIGHT & LEVEL,DAYLIGHT,,,45670.46257,False,67,Accepted,5,5,O,SLIPPERY SURFACE,"INATTENTION, OTHER",,2025,1
8655,34258778,0510100,HENDERSON POLICE DEPARTMENT,Accepted,HENDERSON,US0041,,US41,,N,,,,WALNUT,,WATSON,37.87749833,-87.56666238,17.568,2025-01-09,1445,3,3,0,0,CLEAR,SNOW/SLUSH,False,OTHER ROADWAY OR MID-BLOCK COLLISION,REAR END,STRAIGHT & LEVEL,DAYLIGHT,,,45670.46276,False,65,Accepted,5,5,O,,INATTENTION,,2025,1
8656,34258780,0510100,HENDERSON POLICE DEPARTMENT,Accepted,HENDERSON,US0041,,US41,,N,,,,WALNUT,,WATSON,37.87906614,-87.56580314,17.685,2025-01-09,1649,2,2,0,0,CLEAR,SNOW/SLUSH,False,SIDESWIPE COLLISION - SAME DIRECTION,SIDESWIPE-SAME DIRECTION,STRAIGHT & LEVEL,DARK (UNKNOWN ROADWAY LIGHTING),,,45670.46284,False,65,Accepted,5,5,O,SLIPPERY SURFACE,INATTENTION,,2025,1
8657,34258874,0510100,HENDERSON POLICE DEPARTMENT,Accepted,HENDERSON,,,2ND,ST,,US0041A,GREEN,,,,,37.8394757,-87.58853496,0.004,2025-01-10,1104,2,2,0,0,SNOWING,SNOW/SLUSH,True,ANGLE COLLISION - OTHER,ANGLE,STRAIGHT & LEVEL,DAYLIGHT,,,45670.4826,False,23,Accepted,5,5,O,,,,2025,1
8658,34258876,0510100,HENDERSON POLICE DEPARTMENT,Accepted,HENDERSON,,,5TH,ST,,US0041A,GREEN,,,,,37.84328697,-87.58594848,0.951,2025-01-10,1421,2,2,0,2,SNOWING,SNOW/SLUSH,True,OTHER INTERSECTION COLLISIONS,REAR END,STRAIGHT & LEVEL,DAYLIGHT,,,45670.48266,False,23,Accepted,5,4,C,,DISTRACTION,,2025,1
8659,34258878,0510100,HENDERSON POLICE DEPARTMENT,Accepted,HENDERSON,US0041A,,GREEN,ST,S,,,,KRESGE,,DRURY,37.81525863,-87.61596836,,2025-01-13,715,2,2,0,0,CLEAR,DRY,True,SIDESWIPE COLLISION - SAME DIRECTION,SIDESWIPE-SAME DIRECTION,STRAIGHT & LEVEL,DAYLIGHT,,,45670.48271,False,73,Accepted,5,5,O,,,,2025,1
8660,34262666,0510100,HENDERSON POLICE DEPARTMENT,Accepted,HENDERSON,US0060,,US60,,E,,,,FRONTIER,,WATSON,37.8647156,-87.55267579,11.524,2025-01-13,1622,2,2,0,0,CLEAR,ICE,False,OTHER ROADWAY OR MID-BLOCK COLLISION,REAR END,STRAIGHT & LEVEL,DAYLIGHT,,,45671.39313,False,67,Accepted,5,5,O,SLIPPERY SURFACE,OTHER,,2025,1
8662,34263767,0510100,HENDERSON POLICE DEPARTMENT,Accepted,HENDERSON,US0041,,US41,,N,,,,,,,37.87698113,-87.56698303,,2025-01-02,1231,2,2,0,0,CLEAR,DRY,False,REAR END IN TRAFFIC LANES BOTH VEHICLES MOVING,REAR END,STRAIGHT & LEVEL,DAYLIGHT,,,45671.4892,False,82,Accepted,5,5,O,ANIMALS ACTION,OTHER,,2025,1
8663,34263768,0510100,HENDERSON POLICE DEPARTMENT,Accepted,HENDERSON,KY0351,,2ND,ST,,,,,,,,37.83089502,-87.56700381,,2025-01-02,1107,2,2,0,0,CLEAR,DRY,False,OTHER ROADWAY OR MID-BLOCK COLLISION,REAR END,CURVE & LEVEL,DAYLIGHT,,,45671.48925,False,82,Accepted,5,5,O,,OTHER,"BRAKES DEFECTIVE, OTHER",2025,1
8664,34263770,0510100,HENDERSON POLICE DEPARTMENT,Accepted,HENDERSON,,,ATKINSON,ST,,,PRINGLE,,,,,37.82024964,-87.58141707,,2025-01-03,1145,1,1,0,0,CLEAR,DRY,False,COLLISION WITH FIXED OBJECT IN INTERSECTION - FIRST EVENT COLLISION 09 - 32,SINGLE VEHICLE,STRAIGHT & LEVEL,DAYLIGHT,,,45671.4893,False,82,Accepted,5,5,O,OTHER,MISJUDGE CLEARANCE,,2025,1
8671,34267613,0510100,HENDERSON POLICE DEPARTMENT,Accepted,HENDERSON,,3110,HWY 41,,,,,,,,,37.88333983,-87.56301658,,2025-01-08,800,2,2,0,0,CLEAR,ICE,False,OTHER ROADWAY OR MID-BLOCK COLLISION,OPPOSING LEFT TURN,STRAIGHT & LEVEL,DAYLIGHT,,,45672.34448,False,83,Accepted,5,5,O,,"OTHER, INATTENTION",,2025,1
8672,34267614,0510100,HENDERSON POLICE DEPARTMENT,Accepted,HENDERSON,KY0136,,SAND,LN,,,,,,,,37.82359815,-87.60291573,,2025-01-10,720,2,2,0,0,SNOWING,DRY,False,1 VEHICLE PARKED POSITION (NOT PARKING LOT/DRIVEWAY),REAR END,STRAIGHT & LEVEL,DAYLIGHT,,,45672.34455,False,83,Accepted,5,5,O,,INATTENTION,OTHER,2025,1
8673,34267615,0510100,HENDERSON POLICE DEPARTMENT,Accepted,HENDERSON,US0041A,,US41 ALT,,,,,,,,,37.85610934,-87.57535066,,2025-01-09,1120,2,2,0,0,CLEAR,DRY,False,SIDESWIPE COLLISION - SAME DIRECTION,SIDESWIPE-SAME DIRECTION,STRAIGHT & GRADE,DAYLIGHT,,,45672.34461,False,83,Accepted,5,5,O,,INATTENTION,,2025,1
8674,34267616,0510100,HENDERSON POLICE DEPARTMENT,Accepted,HENDERSON,,1000,GREEN,ST,N,,,,,,,37.84957973,-87.58156977,,2025-01-13,1209,2,2,0,0,CLEAR,DRY,False,1 VEHICLE ENTERING OR LEAVING PARKED POSITION (NOT PARKING LOT),SIDESWIPE-SAME DIRECTION,STRAIGHT & LEVEL,DAYLIGHT,,,45672.34467,False,83,Accepted,5,5,O,,INATTENTION,,2025,1
8675,34272067,0510100,HENDERSON POLICE DEPARTMENT,Accepted,HENDERSON,,1400,CLAY,ST,,,,,,,,37.82569725,-87.57949731,0.133,2025-01-15,1222,2,2,0,0,OTHER,DRY,True,1 VEHICLE PARKED POSITION (NOT PARKING LOT/DRIVEWAY),SIDESWIPE-SAME DIRECTION,STRAIGHT & HILLCREST,DAYLIGHT,,,45673.35901,False,25,Accepted,5,5,O,,,,2025,1
8676,34272068,0510100,HENDERSON POLICE DEPARTMENT,Accepted,HENDERSON,,,1ST,ST,,US0041A,GREEN,,,,,37.83808866,-87.58923045,0.287,2025-01-14,1539,3,3,0,0,CLEAR,DRY,False,OTHER INTERSECTION COLLISIONS,REAR END,STRAIGHT & LEVEL,DAYLIGHT,,,45673.35908,False,23,Accepted,5,5,O,,"EXCEEDED STATED SPEED LIMIT, INATTENTION, TOO FAST FOR CONDITIONS, FOLLOWING TOO CLOSE",,2025,1
8677,34276925,0510100,HENDERSON POLICE DEPARTMENT,Accepted,HENDERSON,,610,6TH,ST,,,,,,,,37.84281884,-87.58203682,0.046,2025-01-11,1017,3,3,0,0,CLOUDY,ICE,False,1 VEHICLE PARKED POSITION (NOT PARKING LOT/DRIVEWAY),ANGLE,STRAIGHT & LEVEL,DAYLIGHT,,,45674.37401,False,44,Accepted,5,5,O,SLIPPERY SURFACE,,,2025,1
8678,34276927,0510100,HENDERSON POLICE DEPARTMENT,Accepted,HENDERSON,,,FRANKLIN,AVE,,,LINCOLN,,,,,37.82695625,-87.57122983,0.28,2025-01-13,835,2,2,0,0,CLEAR,DRY,True,OPPOSITE DIRECTION - BOTH VEHICLES GOING STRAIGHT AHEAD,SIDESWIPE-OPPOSITE DIRECTION,STRAIGHT & LEVEL,DAYLIGHT,,,45674.37411,False,44,Accepted,5,5,O,,INATTENTION,,2025,1
8679,34277037,0510100,HENDERSON POLICE DEPARTMENT,Accepted,HENDERSON,US0041,,US41,,N,,MARYWOOD,,,,,37.8672776,-87.57213187,16.806,2025-01-16,1631,2,2,0,0,CLEAR,WET,False,OTHER INTERSECTION COLLISIONS,REAR END,STRAIGHT & LEVEL,DAYLIGHT,,,45674.38157,False,67,Accepted,5,5,O,,INATTENTION,,2025,1
8680,34277038,0510100,HENDERSON POLICE DEPARTMENT,Accepted,HENDERSON,US0041A,,GREEN,ST,S,,,,CLAY,,DIXON,37.83319797,-87.5938403,15.39,2025-01-16,1627,2,2,0,0,CLEAR,DRY,False,1 VEHICLE ENTERING/LEAVING ENTRANCE,ANGLE,STRAIGHT & LEVEL,DUSK,,,45674.3817,False,49,Accepted,5,5,O,,"FAILED TO YIELD RIGHT OF WAY, INATTENTION",,2025,1
8681,34278934,0510100,HENDERSON POLICE DEPARTMENT,Accepted,HENDERSON,US0041A,,GREEN,ST,S,,CLAY,,,,,37.83383266,-87.5932033,15.451,2025-01-14,850,2,2,0,0,CLEAR,DRY,False,ANGLE COLLISION - OTHER,ANGLE,STRAIGHT & LEVEL,DAYLIGHT,,,45674.72787,False,83,Accepted,5,5,O,BACKUP DUE TO REGULAR CONGESTION,INATTENTION,,2025,1
8682,34285290,0510100,HENDERSON POLICE DEPARTMENT,Accepted,HENDERSON,KY0351,716,2ND,ST,,,,,,,,37.83745049,-87.58342508,0.303,2025-01-13,1740,2,2,0,0,CLOUDY,DRY,False,REAR END IN TRAFFIC LANES BOTH VEHICLES MOVING,REAR END,STRAIGHT & LEVEL,DARK-HWY LIGHTED/ON,,,45677.34678,False,44,Accepted,5,5,O,,DISTRACTION,,2025,1
8683,34285291,0510100,HENDERSON POLICE DEPARTMENT,Accepted,HENDERSON,,,ALVASIA,ST,N,,,,FULCHER,,4TH,37.83890142,-87.58154352,0.161,2025-01-15,1545,2,2,0,0,CLEAR,DRY,False,1 VEHICLE PARKED POSITION (NOT PARKING LOT/DRIVEWAY),BACKING,STRAIGHT & LEVEL,DAYLIGHT,,,45677.34686,False,34,Accepted,5,5,O,,MISJUDGE CLEARANCE,,2025,1
8684,34285292,0510100,HENDERSON POLICE DEPARTMENT,Accepted,HENDERSON,KY0285,,OLD MADISONVILLE,RD,,,,,LEE,KY0136,MADISON,37.81704121,-87.58386766,2.717,2025-01-08,1347,2,2,0,0,CLEAR,ICE,False,1 VEHICLE ENTERING/LEAVING ENTRANCE,ANGLE,STRAIGHT & LEVEL,DAYLIGHT,,,45677.34692,False,34,Accepted,5,5,O,SLIPPERY SURFACE,"INATTENTION, MISJUDGE CLEARANCE",,2025,1
8685,34285396,0510100,HENDERSON POLICE DEPARTMENT,Accepted,HENDERSON,,235,ADAMS,ST,S,,,,,,,37.83313852,-87.59021952,0.247,2025-01-18,1352,2,2,0,0,CLEAR,DRY,False,1 VEHICLE PARKED POSITION (NOT PARKING LOT/DRIVEWAY),BACKING,STRAIGHT & LEVEL,DAYLIGHT,,,45677.38982,False,23,Accepted,5,5,O,,NOT UNDER PROPER CONTROL,,2025,1
8686,34285398,0510100,HENDERSON POLICE DEPARTMENT,Accepted,HENDERSON,,,GASLIGHT,DR,,,FRONTIER,,,,,37.86578615,-87.55106241,,2025-01-19,1002,2,2,0,0,CLEAR,DRY,False,OTHER INTERSECTION COLLISIONS,REAR END,STRAIGHT & LEVEL,DAYLIGHT,,,45677.38988,False,65,Accepted,5,5,O,,NOT UNDER PROPER CONTROL,,2025,1
8687,34285399,0510100,HENDERSON POLICE DEPARTMENT,Accepted,HENDERSON,,,ELM,ST,N,,,,BARKER,,HARMONY,37.87214277,-87.57101938,2.634,2025-01-17,700,2,2,0,0,CLEAR,ICE,False,VEHICLE BACKING NON INTERSECTION,BACKING,STRAIGHT & LEVEL,DAYLIGHT,,,45677.38993,False,67,Accepted,5,5,O,SLIPPERY SURFACE,INATTENTION,,2025,1
8688,34285707,0510100,HENDERSON POLICE DEPARTMENT,Accepted,HENDERSON,US0041A,,GREEN,ST,N,,RICHARDSON,,,,,37.855474,-87.57665456,17.23,2025-01-18,1939,2,2,0,0,CLEAR,DRY,True,OTHER INTERSECTION COLLISIONS,REAR END,STRAIGHT & LEVEL,DARK-HWY LIGHTED/ON,,,45677.43649,False,23,Accepted,5,5,O,,"ALCOHOL INVOLVEMENT, INATTENTION",,2025,1
8689,34289298,0510100,HENDERSON POLICE DEPARTMENT,Accepted,HENDERSON,US0041,,US41,,N,,,,,,,37.87582288,-87.56755705,,2025-01-08,852,2,2,0,0,CLEAR,ICE,False,SIDESWIPE COLLISION - OPPOSITE DIRECTION,SIDESWIPE-OPPOSITE DIRECTION,STRAIGHT & LEVEL,DAYLIGHT,,,45678.42767,False,83,Accepted,5,5,O,SLIPPERY SURFACE,OTHER,,2025,1