OBJECTID,IncidentID,AgencyORI,AgencyName,IncidentStatusDesc,County,RdwyNumber,Street,RoadwayName,StreetSfx,StreetDir,IntersectionRdwy,IntersectionRdwyName,BetweenStRdwy1,BetweenStRdwyName1,BetweenStRdwy2,BetweenStRdwyName2,Latitude,Longitude,Milepoint,CollisionDate,CollisionTime,UnitsInvolved,MotorVehiclesInvolved,NumberKilled,NumberInjured,Weather,RdwyConditionCode,HitandRun,DirAnalysisCode,MannerofCollision,RdwyCharacter,LightCondition,RampFromRdwyId,RampToRdwyId,AcceptedDate,IsSecondaryCollision,OwnerBadge,IncidentStatus,InjurySeverityCde,KABCO_Code,KABCO,Environmental_Factors,Human_Factors,Vehicular_Factors,CollisionYear,CityCrash
8690,34289299,0510100,HENDERSON POLICE DEPARTMENT,Accepted,HENDERSON,,,41 NORTH,,N,,,,,,,37.85212672,-87.56387017,,2025-01-09,723,1,1,0,0,CLEAR,ICE,False,COLLISION WITH FIXED OBJECT NON - INTERSECTION - FIRST EVENT COLLISION 09 - 32 EXCLUDING 16,SINGLE VEHICLE,CURVE & GRADE,DAYLIGHT,,,45678.42775,False,83,Accepted,5,5,O,SLIPPERY SURFACE,FAILED TO KEEP PROPER LANE,,2025,1
8691,34289481,0510100,HENDERSON POLICE DEPARTMENT,Accepted,HENDERSON,US0060,,US60,,E,,,,,,,37.85948052,-87.56892881,10.536,2025-01-20,1727,2,2,0,0,CLEAR,DRY,False,SIDESWIPE COLLISION - SAME DIRECTION,SIDESWIPE-SAME DIRECTION,STRAIGHT & LEVEL,DARK-HWY LIGHTED/OFF,,,45678.45299,False,31,Accepted,5,5,O,,INATTENTION,,2025,1
8701,34292362,0510100,HENDERSON POLICE DEPARTMENT,Accepted,HENDERSON,KY0812,,AIRLINE,RD,,,,,,,,37.82258555,-87.57365917,7.684,2025-01-19,143,1,1,0,0,CLEAR,DRY,True,COLLISION WITH FIXED OBJECT NON - INTERSECTION - FIRST EVENT COLLISION 09 - 32 EXCLUDING 16,SINGLE VEHICLE,STRAIGHT & LEVEL,DARK-HWY LIGHTED/ON,,,45679.05271,False,58,Accepted,5,5,O,,ALCOHOL INVOLVEMENT,,2025,1
8705,34312723,0510100,HENDERSON POLICE DEPARTMENT,Accepted,HENDERSON,,,PRINGLE,ST,,,,,,,,37.82096137,-87.58270633,,2025-01-17,1142,2,2,0,0,CLEAR,DRY,False,1 VEHICLE ENTERING/LEAVING ENTRANCE,ANGLE,STRAIGHT & LEVEL,DAYLIGHT,,,45684.28949,False,83,Accepted,5,5,O,,INATTENTION,,2025,1
8706,34313562,0510100,HENDERSON POLICE DEPARTMENT,Accepted,HENDERSON,US0041A,,GREEN,ST,S,,,,JEFFERSON,,DIXON,37.83263521,-87.59442281,15.325,2025-01-21,1114,2,2,0,3,CLOUDY,DRY,False,1 VEHICLE ENTERING/LEAVING ENTRANCE,ANGLE,STRAIGHT & LEVEL,DAYLIGHT,,,45684.39282,False,49,Accepted,4,4,C,,MISJUDGE CLEARANCE,,2025,1
8707,34313566,0510100,HENDERSON POLICE DEPARTMENT,Accepted,HENDERSON,,,WASHINGTON,ST,,,JULIA,,,,,37.83175719,-87.58344167,0.688,2025-01-24,1733,2,2,0,0,CLEAR,DRY,True,ANGLE COLLISION - OTHER,ANGLE,STRAIGHT & LEVEL,DARK-HWY LIGHTED/ON,,,45684.39297,False,25,Accepted,5,5,O,,,,2025,1
8708,34313568,0510100,HENDERSON POLICE DEPARTMENT,Accepted,HENDERSON,US0041A,,GREEN,ST,N,KY0351,2ND,,,,,37.83962382,-87.58836826,15.934,2025-01-20,1143,2,2,0,0,CLEAR,DRY,False,SIDESWIPE-SAME DIRECTION,SIDESWIPE-SAME DIRECTION,STRAIGHT & LEVEL,DAYLIGHT,,,45684.39303,False,65,Accepted,5,5,O,,INATTENTION,,2025,1
8709,34313781,0510000,HENDERSON COUNTY SHERIFF DEPT.,Accepted,HENDERSON,KY0425,,KY425,,,,,,OLD HENDERSON CORYDON,US0041A,US41 ALT,37.78971081,-87.63522737,1.019,2025-01-25,800,1,1,0,0,CLEAR,DRY,False,COLLISION WITH NON-FIXED OBJECT ,SINGLE VEHICLE,CURVE & GRADE,DAYLIGHT,,,45684.41873,False,132,Accepted,5,5,O,DEBRIS IN ROADWAY,,,2025,1
8711,34313900,0510100,HENDERSON POLICE DEPARTMENT,Accepted,HENDERSON,US0041A,,GREEN,ST,N,,5TH,,,,,37.84324368,-87.5860721,16.212,2025-01-21,1557,2,2,0,0,CLOUDY,DRY,True,OTHER INTERSECTION COLLISIONS,REAR END,STRAIGHT & LEVEL,DAYLIGHT,,,45684.43597,False,34,Accepted,5,5,O,,INATTENTION,,2025,1
8712,34315531,0510100,HENDERSON POLICE DEPARTMENT,Accepted,HENDERSON,,,WASHINGTON,ST,,,,,,,,37.83717318,-87.59222288,,2025-01-15,922,2,2,0,0,CLEAR,DRY,False,1 VEHICLE ENTERING/LEAVING ENTRANCE,ANGLE,STRAIGHT & LEVEL,DAYLIGHT,,,45684.69182,False,83,Accepted,5,5,O,,INATTENTION,,2025,1
8713,34315537,0510100,HENDERSON POLICE DEPARTMENT,Accepted,HENDERSON,US0041A,,GREEN,ST,S,,,,,,,37.81403417,-87.6180623,,2025-01-17,707,2,2,0,0,CLEAR,DRY,False,OTHER ROADWAY OR MID-BLOCK COLLISION,OPPOSING LEFT TURN,STRAIGHT & LEVEL,DAYLIGHT,,,45684.69202,False,83,Accepted,5,5,O,,INATTENTION,,2025,1
8714,34316981,0510100,HENDERSON POLICE DEPARTMENT,Accepted,HENDERSON,,900,BELLEWOOD,DR,,,,,,,,37.87976795,-87.53842251,0.027,2025-01-23,2238,1,1,0,0,CLEAR,DRY,False,OTHER ROADWAY OR MID-BLOCK COLLISION,SINGLE VEHICLE,STRAIGHT & LEVEL,DARK-HWY NOT LIGHTED,,,45685.01782,False,37,Accepted,5,5,O,ANIMALS ACTION,"ALCOHOL INVOLVEMENT, DRUG INVOLVEMENT",,2025,1
8715,34317274,0510100,HENDERSON POLICE DEPARTMENT,Accepted,HENDERSON,US0041,14,US41,,N,,,,,,,37.84578607,-87.56615423,15.165,2025-01-25,1811,1,1,0,0,CLEAR,DRY,False,COLLISION WITH FIXED OBJECT NON - INTERSECTION - FIRST EVENT COLLISION 09 - 32 EXCLUDING 16,SINGLE VEHICLE,STRAIGHT & LEVEL,DARK-HWY NOT LIGHTED,,,45685.08824,False,43,Accepted,5,5,O,,"CELL PHONE, DISTRACTION",,2025,1
8719,34321600,0510100,HENDERSON POLICE DEPARTMENT,Accepted,HENDERSON,KY0812,,AIRLINE,RD,,KY2084,KY2084,,,,,37.82014332,-87.56936351,7.395,2025-01-27,2113,2,2,0,1,CLEAR,DRY,False,OTHER INTERSECTION COLLISIONS,REAR END,STRAIGHT & LEVEL,DARK-HWY LIGHTED/ON,,,45685.957,False,42,Accepted,5,3,B,,INATTENTION,,2025,1
8721,34324321,0510100,HENDERSON POLICE DEPARTMENT,Accepted,HENDERSON,,,41 NORTH,,,,,,,,,37.87421384,-87.56831416,,2025-01-21,911,2,2,0,0,CLEAR,DRY,False,1 VEHICLE ENTERING/LEAVING ENTRANCE,ANGLE,STRAIGHT & LEVEL,DAYLIGHT,,,45686.58932,False,83,Accepted,5,5,O,,INATTENTION,,2025,1
8722,34324322,0510100,HENDERSON POLICE DEPARTMENT,Accepted,HENDERSON,,,GREEN,ST,N,,,,,,,37.85505509,-87.57746236,,2025-01-24,735,2,2,0,0,CLEAR,DRY,False,SIDESWIPE COLLISION - SAME DIRECTION,SIDESWIPE-SAME DIRECTION,STRAIGHT & LEVEL,DAYLIGHT,,,45686.58939,False,82,Accepted,5,5,O,,INATTENTION,,2025,1
8723,34324323,0510100,HENDERSON POLICE DEPARTMENT,Accepted,HENDERSON,,,GARDEN MILE,RD,,,,,,,,37.82726381,-87.55804572,,2025-01-23,1533,3,3,0,0,CLEAR,DRY,False,1 VEHICLE ENTERING/LEAVING ENTRANCE,ANGLE,STRAIGHT & LEVEL,DAYLIGHT,,,45686.58944,True,83,Accepted,5,5,O,,INATTENTION,,2025,1
8724,34324325,0510100,HENDERSON POLICE DEPARTMENT,Accepted,HENDERSON,US0041,,US41,,N,,,,,,,37.82835219,-87.56699164,,2025-01-24,1840,2,2,0,0,CLEAR,DRY,False,SIDESWIPE COLLISION - OPPOSITE DIRECTION,SIDESWIPE-OPPOSITE DIRECTION,STRAIGHT & LEVEL,DARK (UNKNOWN ROADWAY LIGHTING),,,45686.5895,False,83,Accepted,5,5,O,,INATTENTION,,2025,1
8725,34326764,0510100,HENDERSON POLICE DEPARTMENT,Accepted,HENDERSON,US0041A,,GREEN,ST,N,KY0351,2ND,,,,,37.83947992,-87.58845862,15.923,2025-01-28,2030,2,2,0,0,CLEAR,DRY,False,ANGLE COLLISION - OTHER,ANGLE,STRAIGHT & LEVEL,DARK (UNKNOWN ROADWAY LIGHTING),,,45687.02077,False,30,Accepted,5,5,O,,INATTENTION,,2025,1
8727,34329058,0510100,HENDERSON POLICE DEPARTMENT,Accepted,HENDERSON,US0041,,US41,,N,,,,WALNUT,,WATSON,37.87955427,-87.56538379,17.724,2025-01-27,1616,2,2,0,3,CLEAR,DRY,False,SIDESWIPE COLLISION - SAME DIRECTION,SIDESWIPE-SAME DIRECTION,STRAIGHT & LEVEL,DAYLIGHT,,,45687.53074,False,67,Accepted,4,3,B,,INATTENTION,,2025,1
8729,34343122,0510100,HENDERSON POLICE DEPARTMENT,Accepted,HENDERSON,,449,CRESTVIEW,DR,,,,,,,,37.85054839,-87.57905845,0.063,2025-02-02,1334,2,2,0,0,CLEAR,DRY,False,VEHICLE BACKING NON INTERSECTION,BACKING,STRAIGHT & LEVEL,DAYLIGHT,,,45691.42865,False,23,Accepted,5,5,O,VIEW OBSTRUCTED/LIMITED DUE TO RDWY,,,2025,1
8730,34343123,0510100,HENDERSON POLICE DEPARTMENT,Accepted,HENDERSON,US0041,,US41,,N,,,,MARYWOOD,,BARRET,37.86630637,-87.57265819,16.732,2025-02-02,1518,2,2,0,0,CLEAR,DRY,False,SIDESWIPE COLLISION - SAME DIRECTION,SIDESWIPE-SAME DIRECTION,STRAIGHT & LEVEL,DAYLIGHT,,,45691.42871,False,65,Accepted,5,5,O,,INATTENTION,,2025,1
8735,34343294,0510100,HENDERSON POLICE DEPARTMENT,Accepted,HENDERSON,US0041A,,GREEN,ST,S,,CLAY,,,,,37.83414928,-87.59282749,15.481,2025-02-02,732,1,1,0,0,CLEAR,DRY,False,COLLISION WITH FIXED OBJECT IN INTERSECTION - FIRST EVENT COLLISION 09 - 32,SINGLE VEHICLE,STRAIGHT & LEVEL,DAYLIGHT,,,45691.44716,False,23,Accepted,5,5,O,,"DRUG INVOLVEMENT, INATTENTION",,2025,1
8736,34343297,0510100,HENDERSON POLICE DEPARTMENT,Accepted,HENDERSON,,,WASHINGTON,ST,,US0041A,GREEN,,,,,37.8362821,-87.5908045,1.208,2025-01-30,1447,2,2,0,1,RAINING,WET,False,OPPOSING LEFT TURN,OPPOSING LEFT TURN,STRAIGHT & LEVEL,DAYLIGHT,,,45691.44724,False,44,Accepted,5,4,C,,"INATTENTION, MISJUDGE CLEARANCE",,2025,1
8737,34343298,0510100,HENDERSON POLICE DEPARTMENT,Accepted,HENDERSON,US0041,,US41,,N,,,,BARKER,,WALKER,37.87150752,-87.56985667,17.119,2025-01-30,1657,2,2,0,0,RAINING,WET,False,REAR END IN TRAFFIC LANES BOTH VEHICLES MOVING,REAR END,STRAIGHT & LEVEL,DUSK,,,45691.44738,False,67,Accepted,5,5,O,SLIPPERY SURFACE,INATTENTION,,2025,1
8738,34343299,0510100,HENDERSON POLICE DEPARTMENT,Accepted,HENDERSON,,414,MAIN,ST,N,,,,,,,37.84358192,-87.58985398,0.32,2025-01-30,949,2,2,0,0,CLEAR,DRY,False,VEHICLE BACKING NON INTERSECTION,BACKING,STRAIGHT & LEVEL,DAYLIGHT,,,45691.44744,False,17,Accepted,5,5,O,,INATTENTION,,2025,1
8739,34343300,0510100,HENDERSON POLICE DEPARTMENT,Accepted,HENDERSON,US0041,14,US41,,N,,,,,,,37.83804439,-87.5646198,14.617,2025-01-31,648,1,1,0,1,CLOUDY,WET,False,COLLISION WITH FIXED OBJECT NON - INTERSECTION - FIRST EVENT COLLISION 09 - 32 EXCLUDING 16,SINGLE VEHICLE,STRAIGHT & LEVEL,DAYLIGHT,,,45691.44751,False,17,Accepted,5,4,C,,OTHER,,2025,1
8740,34343318,0510100,HENDERSON POLICE DEPARTMENT,Accepted,HENDERSON,US0041,,US41,,N,,,,KIMSEY,,VAN WYK,37.84788919,-87.56672076,15.313,2025-01-31,921,1,1,0,0,CLOUDY,DRY,False,COLLISION WITH FIXED OBJECT NON - INTERSECTION - FIRST EVENT COLLISION 09 - 32 EXCLUDING 16,SINGLE VEHICLE,CURVE & HILLCREST,DAYLIGHT,,,45691.45188,False,67,Accepted,5,5,O,,INATTENTION,,2025,1
8741,34343319,0510100,HENDERSON POLICE DEPARTMENT,Accepted,HENDERSON,US0041,,US41,,N,,,,WALNUT,,WATSON,37.87534246,-87.56783747,17.407,2025-02-02,1346,3,3,0,0,CLEAR,DRY,False,REAR END IN TRAFFIC LANES BOTH VEHICLES MOVING,REAR END,STRAIGHT & LEVEL,DAYLIGHT,,,45691.452,False,65,Accepted,5,5,O,,INATTENTION,,2025,1
8742,34343462,0510100,HENDERSON POLICE DEPARTMENT,Accepted,HENDERSON,,,WASHINGTON,ST,,US0041A,GREEN,,,,,37.83624872,-87.59072419,1.204,2025-02-02,1325,2,2,0,0,CLEAR,DRY,False,OTHER INTERSECTION COLLISIONS,REAR END,STRAIGHT & HILLCREST,DAYLIGHT,,,45691.46947,False,32,Accepted,5,5,O,,NOT UNDER PROPER CONTROL,,2025,1
8743,34346044,0510100,HENDERSON POLICE DEPARTMENT,Accepted,HENDERSON,US0041A,,GREEN,ST,N,,12TH,,,,,37.85198363,-87.58038301,16.905,2025-01-29,1834,1,1,0,0,CLEAR,DRY,False,COLLISION WITH FIXED OBJECT IN INTERSECTION - FIRST EVENT COLLISION 09 - 32,SINGLE VEHICLE,STRAIGHT & HILLCREST,DARK (UNKNOWN ROADWAY LIGHTING),,,45691.91125,False,30,Accepted,5,5,O,,"ALCOHOL INVOLVEMENT, NOT UNDER PROPER CONTROL, OVERCORRECTING/OVERSTEERING",,2025,1
8744,34346184,0510100,HENDERSON POLICE DEPARTMENT,Accepted,HENDERSON,,,LINCOLN,AVE,,KY2098,WASHINGTON,,,,,37.82528168,-87.57205894,0.181,2025-02-01,2026,2,2,0,0,CLEAR,DRY,True,OPPOSITE DIRECTION - BOTH VEHICLES GOING STRAIGHT AHEAD,SIDESWIPE-OPPOSITE DIRECTION,CURVE & LEVEL,DARK-HWY NOT LIGHTED,,,45691.95183,False,37,Accepted,5,5,O,,INATTENTION,,2025,1
8745,34346310,0510100,HENDERSON POLICE DEPARTMENT,Accepted,HENDERSON,,205,ELM,ST,S,,,,,,,37.83602419,-87.59340013,1.11,2025-02-02,134,1,1,0,2,CLEAR,DRY,False,COLLISION WITH FIXED OBJECT NON - INTERSECTION - FIRST EVENT COLLISION 09 - 32 EXCLUDING 16,SINGLE VEHICLE,STRAIGHT & HILLCREST,DARK (UNKNOWN ROADWAY LIGHTING),,,45691.99094,False,30,Accepted,5,2,A,,"ALCOHOL INVOLVEMENT, EXCEEDED STATED SPEED LIMIT, INATTENTION",,2025,1
8746,34347712,0510100,HENDERSON POLICE DEPARTMENT,Accepted,HENDERSON,US0041,,US41,,N,,,,CANARY,,RETTIG,37.86771544,-87.57204393,16.833,2025-02-03,959,2,2,0,0,CLEAR,DRY,False,SIDESWIPE COLLISION - SAME DIRECTION,SIDESWIPE-SAME DIRECTION,STRAIGHT & LEVEL,DAYLIGHT,,,45692.35845,False,65,Accepted,5,5,O,,INATTENTION,,2025,1
8748,34349193,0510100,HENDERSON POLICE DEPARTMENT,Accepted,HENDERSON,KY0351,,ZION,RD,,,,,,,,37.82975619,-87.56291594,,2025-01-28,1538,2,2,0,0,CLEAR,DRY,False,OTHER ROADWAY OR MID-BLOCK COLLISION,REAR END,STRAIGHT & LEVEL,DAYLIGHT,,,45692.56157,False,83,Accepted,5,5,O,,INATTENTION,,2025,1
8749,34349196,0510100,HENDERSON POLICE DEPARTMENT,Accepted,HENDERSON,,,ELM,ST,N,,,,,,,37.84080101,-87.58974386,,2025-01-29,1646,2,2,0,0,CLEAR,DRY,False,1 VEHICLE ENTERING/LEAVING ENTRANCE,ANGLE,STRAIGHT & LEVEL,DAYLIGHT,,,45692.56174,False,83,Accepted,5,5,O,,INATTENTION,,2025,1
8750,34349197,0510100,HENDERSON POLICE DEPARTMENT,Accepted,HENDERSON,,,5TH,ST,,,,,,,,37.84436615,-87.58896074,,2025-01-30,1049,2,2,0,0,CLOUDY,DRY,False,1 VEHICLE PARKED POSITION (NOT PARKING LOT/DRIVEWAY),HEAD ON,STRAIGHT & LEVEL,DAYLIGHT,,,45692.56179,False,83,Accepted,5,5,O,,LOST CONSCIOUSNESS/FAINTED,,2025,1
8751,34349258,0510100,HENDERSON POLICE DEPARTMENT,Accepted,HENDERSON,,,POWELL,ST,,,HOLLOWAY,,,,,37.83146261,-87.58568543,0.721,2025-01-17,1206,2,2,0,0,CLEAR,WET,False,ANGLE COLLISION - OTHER,ANGLE,STRAIGHT & LEVEL,DAYLIGHT,,,45692.57784,False,67,Accepted,5,5,O,,INATTENTION,,2025,1
8752,34350131,0510100,HENDERSON POLICE DEPARTMENT,Accepted,HENDERSON,,,ELM,ST,N,,,,,,,37.85283964,-87.58189309,,2025-01-30,1625,2,2,0,0,RAINING,WET,False,1 VEHICLE ENTERING/LEAVING ENTRANCE,ANGLE,STRAIGHT & LEVEL,DAYLIGHT,,,45692.69964,False,83,Accepted,5,5,O,,INATTENTION,,2025,1
8753,34350132,0510100,HENDERSON POLICE DEPARTMENT,Accepted,HENDERSON,,,BRAXTON PARK,DR,,,,,,,,37.87757147,-87.52551955,,2025-01-31,928,1,1,0,0,CLEAR,GRAVEL,False,OTHER ROADWAY OR MID-BLOCK COLLISION,SINGLE VEHICLE,STRAIGHT & LEVEL,DAYLIGHT,,,45692.6997,False,83,Accepted,5,5,O,DEBRIS IN ROADWAY,INATTENTION,,2025,1
8754,34350133,0510100,HENDERSON POLICE DEPARTMENT,Accepted,HENDERSON,US0041,,US41,,N,,,,,,,37.86041363,-87.57543166,,2025-01-31,1206,1,1,0,0,CLOUDY,DRY,False,OTHER ROADWAY OR MID-BLOCK COLLISION,SINGLE VEHICLE,CURVE & LEVEL,DAYLIGHT,,,45692.69975,False,83,Accepted,5,5,O,,INATTENTION,,2025,1
8755,34350134,0510100,HENDERSON POLICE DEPARTMENT,Accepted,HENDERSON,,,GREEN,ST,,,12TH,,,,,37.85218439,-87.58027751,,2025-02-04,654,2,2,0,0,CLEAR,DRY,False,ANGLE COLLISION - OTHER,ANGLE,STRAIGHT & LEVEL,DAYLIGHT,,,45692.6998,False,82,Accepted,5,5,O,BACKUP DUE TO REGULAR CONGESTION,INATTENTION,,2025,1
8757,34353091,0510100,HENDERSON POLICE DEPARTMENT,Accepted,HENDERSON,US0041A,,GREEN,ST,N,,14TH,,,,,37.85407366,-87.57886159,17.074,2025-01-31,1421,2,2,0,3,CLEAR,DRY,False,ANGLE COLLISION - OTHER,ANGLE,STRAIGHT & LEVEL,DAYLIGHT,,,45693.39842,False,67,Accepted,3,3,B,BACKUP DUE TO REGULAR CONGESTION,INATTENTION,,2025,1
8758,34353092,0510100,HENDERSON POLICE DEPARTMENT,Accepted,HENDERSON,US0060,,US60,,E,,WATSON,,,,,37.86476385,-87.55503492,11.393,2025-01-31,1649,1,1,0,0,CLEAR,DRY,False,COLLISION WITH FIXED OBJECT IN INTERSECTION - FIRST EVENT COLLISION 09 - 32,SINGLE VEHICLE,STRAIGHT & LEVEL,DAYLIGHT,,,45693.39849,False,17,Accepted,5,5,O,,"ALCOHOL INVOLVEMENT, DRUG INVOLVEMENT, EMOTIONAL",,2025,1
8761,34372901,0510100,HENDERSON POLICE DEPARTMENT,Accepted,HENDERSON,KY0351,,2ND,ST,,US0041A,GREEN,,,,,37.83941754,-87.58831805,0.009,2025-02-06,1525,2,2,0,0,RAINING,WET,True,SIDESWIPE-SAME DIRECTION,SIDESWIPE-SAME DIRECTION,STRAIGHT & LEVEL,DAYLIGHT,,,45698.33883,False,32,Accepted,5,5,O,,TURNING IMPROPERLY,,2025,1
8762,34373076,0510100,HENDERSON POLICE DEPARTMENT,Accepted,HENDERSON,US0041,,US41,,N,,WATSON,,,,,37.8753278,-87.56784879,17.408,2025-02-09,1600,2,2,0,0,CLOUDY,DRY,False,ANGLE COLLISION - OTHER,ANGLE,STRAIGHT & LEVEL,DAYLIGHT,,,45698.36274,False,67,Accepted,5,5,O,,INATTENTION,,2025,1
8766,34376570,0510100,HENDERSON POLICE DEPARTMENT,Accepted,HENDERSON,US0041,1917,US41,,N,,,,,,,37.86225609,-87.57498574,16.425,2025-02-06,1952,1,1,0,0,CLEAR,DRY,False,COLLISION WITH NON-FIXED OBJECT ,SINGLE VEHICLE,STRAIGHT & LEVEL,DARK-HWY LIGHTED/ON,,,45698.97995,False,35,Accepted,5,5,O,DEBRIS IN ROADWAY,,,2025,1
8768,34381496,0510100,HENDERSON POLICE DEPARTMENT,Accepted,HENDERSON,,,POWELL,ST,,,MEADOW,,,,,37.82981764,-87.58296909,0.908,2025-02-08,1608,2,2,0,0,CLOUDY,WET,False,ANGLE COLLISION - OTHER,ANGLE,STRAIGHT & LEVEL,DAYLIGHT,,,45700.36351,False,43,Accepted,5,5,O,SLIPPERY SURFACE,,,2025,1
8769,34381497,0510100,HENDERSON POLICE DEPARTMENT,Accepted,HENDERSON,,,WASHINGTON,ST,,,LETCHER,,,,,37.82852801,-87.57781756,0.319,2025-02-09,1331,2,2,0,0,CLOUDY,DRY,False,ANGLE COLLISION - OTHER,ANGLE,STRAIGHT & LEVEL,DAYLIGHT,,,45700.36358,False,43,Accepted,5,5,O,,,STEERING FAILURE,2025,1
8772,34384413,0510100,HENDERSON POLICE DEPARTMENT,Accepted,HENDERSON,,,LAWNDALE APARTMENTS,CT,,,,,,,,37.82727858,-87.58657813,0.06,2025-02-05,208,3,3,0,0,CLEAR,DRY,True,1 VEHICLE PARKED POSITION (NOT PARKING LOT/DRIVEWAY),SIDESWIPE-SAME DIRECTION,STRAIGHT & LEVEL,DARK-HWY LIGHTED/ON,,,45700.92495,False,36,Accepted,5,5,O,,"INATTENTION, MISJUDGE CLEARANCE, NOT UNDER PROPER CONTROL",,2025,1
8775,34388344,0370200,"KY STATE POLICE, CVE",Accepted,HENDERSON,US0041,,US41,,N,,,,,,,37.84459895,-87.56590097,15.077,2025-02-10,1246,1,1,0,1,CLEAR,DRY,False,OTHER COLLISIONS ON SHOULDER,SINGLE VEHICLE,CURVE & GRADE,DAYLIGHT,,,45701.73811,False,,Accepted,5,3,B,,"EXCEEDED STATED SPEED LIMIT, INATTENTION, NOT UNDER PROPER CONTROL",LOAD SECUREMENT,2025,1
8777,34391468,0510100,HENDERSON POLICE DEPARTMENT,Accepted,HENDERSON,US0041A,,GREEN,ST,N,,,,,,,37.84898452,-87.58222483,,2025-02-06,1206,2,2,0,0,CLEAR,DRY,False,REAR END IN TRAFFIC LANES BOTH VEHICLES MOVING,REAR END,STRAIGHT & LEVEL,DAYLIGHT,,,45702.52316,False,83,Accepted,5,5,O,,INATTENTION,,2025,1
8778,34399252,0510100,HENDERSON POLICE DEPARTMENT,Accepted,HENDERSON,,,PRIEST,ST,,KY0351,2ND,,,,,37.83299662,-87.57320759,0.317,2025-02-10,1454,2,2,0,1,CLEAR,DRY,False,OTHER INTERSECTION COLLISIONS,REAR END,STRAIGHT & LEVEL,DAYLIGHT,,,45705.35136,False,43,Accepted,3,3,B,,"DISTRACTION, MISJUDGE CLEARANCE",,2025,1
8779,34400091,0510100,HENDERSON POLICE DEPARTMENT,Accepted,HENDERSON,,3120,STRATMAN,RD,,,,,,,,37.88421046,-87.56666793,,2025-02-05,1035,3,3,0,0,CLEAR,MUD-DIRT,False,VEHICLE BACKING NON INTERSECTION,BACKING,STRAIGHT & LEVEL,DAYLIGHT,,,45705.49887,False,82,Accepted,5,5,O,OTHER,"INATTENTION, OTHER",,2025,1
8780,34400092,0510100,HENDERSON POLICE DEPARTMENT,Accepted,HENDERSON,,,2084,,,,,,,,,37.81592858,-87.57052618,,2025-02-06,615,1,1,0,0,CLOUDY,WET,False,COLLISION WITH FIXED OBJECT NON - INTERSECTION - FIRST EVENT COLLISION 09 - 32 EXCLUDING 16,SINGLE VEHICLE,STRAIGHT & LEVEL,DAWN,,,45705.49891,False,82,Accepted,5,5,O,ANIMALS ACTION,OTHER,,2025,1
8781,34400094,0510100,HENDERSON POLICE DEPARTMENT,Accepted,HENDERSON,US0041A,,GREEN,ST,S,,,,,,,37.83239586,-87.59461339,,2025-02-05,1213,2,2,0,0,RAINING,WET,False,SIDESWIPE COLLISION - SAME DIRECTION,SIDESWIPE-SAME DIRECTION,STRAIGHT & LEVEL,DAYLIGHT,,,45705.49894,False,83,Accepted,5,5,O,,INATTENTION,,2025,1
8782,34400095,0510100,HENDERSON POLICE DEPARTMENT,Accepted,HENDERSON,,,GREEN STREET,,,,,,,,,37.83722433,-87.58993242,,2025-02-05,1006,2,2,0,0,RAINING,WET,False,1 VEHICLE ENTERING/LEAVING ENTRANCE,ANGLE,STRAIGHT & LEVEL,DAYLIGHT,,,45705.49898,False,83,Accepted,5,5,O,,INATTENTION,,2025,1
8783,34400097,0510100,HENDERSON POLICE DEPARTMENT,Accepted,HENDERSON,,,ELM,ST,N,,,,,,,37.85785838,-87.5787376,,2025-02-05,1539,1,1,0,0,RAINING,WET,False,COLLISION WITH FIXED OBJECT NON - INTERSECTION - FIRST EVENT COLLISION 09 - 32 EXCLUDING 16,SINGLE VEHICLE,STRAIGHT & LEVEL,DAYLIGHT,,,45705.49901,False,83,Accepted,5,5,O,,INATTENTION,,2025,1
8784,34400099,0510100,HENDERSON POLICE DEPARTMENT,Accepted,HENDERSON,,,US 425,,,,GREEN,,,,,37.80009126,-87.64737863,,2025-02-12,600,2,2,0,0,CLOUDY,DRY,False,ANGLE COLLISION - OTHER,ANGLE,STRAIGHT & LEVEL,DAWN,,,45705.49904,False,82,Accepted,5,5,O,OTHER,INATTENTION,,2025,1
8785,34400106,0510100,HENDERSON POLICE DEPARTMENT,Accepted,HENDERSON,,2150,60,HWY,,,,,,,,37.86050737,-87.56573044,,2025-02-07,1720,2,2,0,0,CLOUDY,WET,False,1 VEHICLE ENTERING/LEAVING ENTRANCE,ANGLE,STRAIGHT & LEVEL,DARK (UNKNOWN ROADWAY LIGHTING),,,45705.49918,False,83,Accepted,5,5,O,,INATTENTION,,2025,1
8786,34400108,0510100,HENDERSON POLICE DEPARTMENT,Accepted,HENDERSON,,,41,HWY,,,,,,,,37.86924552,-87.57120488,,2025-02-11,1256,2,2,0,0,"SLEET, HAIL, FREEZING RAIN",WET,False,1 VEHICLE ENTERING/LEAVING ENTRANCE,ANGLE,STRAIGHT & LEVEL,DAYLIGHT,,,45705.49926,False,83,Accepted,5,5,O,,INATTENTION,,2025,1
8787,34400109,0510100,HENDERSON POLICE DEPARTMENT,Accepted,HENDERSON,,,2ND,ST,,,,,,,,37.84091214,-87.59226895,,2025-02-12,1211,2,2,0,0,CLOUDY,WET,False,1 VEHICLE PARKED POSITION (NOT PARKING LOT/DRIVEWAY),ANGLE,STRAIGHT & LEVEL,DAYLIGHT,,,45705.4993,False,83,Accepted,5,5,O,,INATTENTION,,2025,1