OBJECTID,IncidentID,AgencyORI,AgencyName,IncidentStatusDesc,County,RdwyNumber,Street,RoadwayName,StreetSfx,StreetDir,IntersectionRdwy,IntersectionRdwyName,BetweenStRdwy1,BetweenStRdwyName1,BetweenStRdwy2,BetweenStRdwyName2,Latitude,Longitude,Milepoint,CollisionDate,CollisionTime,UnitsInvolved,MotorVehiclesInvolved,NumberKilled,NumberInjured,Weather,RdwyConditionCode,HitandRun,DirAnalysisCode,MannerofCollision,RdwyCharacter,LightCondition,RampFromRdwyId,RampToRdwyId,AcceptedDate,IsSecondaryCollision,OwnerBadge,IncidentStatus,InjurySeverityCde,KABCO_Code,KABCO,Environmental_Factors,Human_Factors,Vehicular_Factors,CollisionYear,CityCrash
8788,34400111,0510100,HENDERSON POLICE DEPARTMENT,Accepted,HENDERSON,US0041,,US41,,N,,,,,,,37.85738281,-87.57353259,,2025-02-07,1615,2,2,0,0,CLOUDY,WET,False,REAR END IN TRAFFIC LANES BOTH VEHICLES MOVING,REAR END,STRAIGHT & LEVEL,DAYLIGHT,,,45705.49934,False,83,Accepted,5,5,O,,INATTENTION,,2025,1
8789,34400115,0510100,HENDERSON POLICE DEPARTMENT,Accepted,HENDERSON,KY0351,2543,ZION,RD,,,,,,,,37.82775649,-87.5556642,1.958,2025-02-10,1555,5,5,1,2,CLEAR,DRY,False,HEAD-ON COLLISION,HEAD ON,STRAIGHT & LEVEL,DAYLIGHT,,,45705.49943,False,17,Accepted,5,1,K,,OTHER,,2025,1
8790,34400119,0510100,HENDERSON POLICE DEPARTMENT,Accepted,HENDERSON,,,GREEN,ST,,,,,,,,37.83947665,-87.58846458,,2025-02-12,1554,2,2,0,0,CLOUDY,WET,False,OTHER ROADWAY OR MID-BLOCK COLLISION,OPPOSING LEFT TURN,STRAIGHT & LEVEL,DAYLIGHT,,,45705.49948,False,83,Accepted,5,5,O,,INATTENTION,,2025,1
8791,34400120,0510100,HENDERSON POLICE DEPARTMENT,Accepted,HENDERSON,,,5TH AND WATER,ST,,,,,,,,37.84522401,-87.59076389,,2025-02-13,1706,1,1,0,0,CLEAR,DRY,False,COLLISION WITH FIXED OBJECT NON - INTERSECTION - FIRST EVENT COLLISION 09 - 32 EXCLUDING 16,SINGLE VEHICLE,STRAIGHT & LEVEL,DAYLIGHT,,,45705.49951,False,83,Accepted,5,5,O,,INATTENTION,,2025,1
8792,34400121,0510100,HENDERSON POLICE DEPARTMENT,Accepted,HENDERSON,,,AIRLINE,RD,,,DOVE TRAIL,,,,,37.81829406,-87.56616254,,2025-02-14,720,3,3,0,0,CLEAR,DRY,False,OTHER INTERSECTION COLLISIONS,REAR END,STRAIGHT & GRADE,DAYLIGHT,,,45705.49955,False,82,Accepted,5,5,O,BACKUP DUE TO REGULAR CONGESTION,"INATTENTION, OTHER",,2025,1
8793,34400328,0510100,HENDERSON POLICE DEPARTMENT,Accepted,HENDERSON,,1419,CLAY,ST,,,,,,,,37.82572737,-87.57962086,0.139,2025-02-16,1109,2,2,0,0,SNOWING,SNOW/SLUSH,True,1 VEHICLE PARKED POSITION (NOT PARKING LOT/DRIVEWAY),SIDESWIPE-SAME DIRECTION,STRAIGHT & HILLCREST,DAYLIGHT,,,45705.53185,False,25,Accepted,5,5,O,,,,2025,1
8797,34403864,0510100,HENDERSON POLICE DEPARTMENT,Accepted,HENDERSON,US0041A,,GREEN,ST,N,,12TH,,,,,37.8521846,-87.58024435,16.918,2025-02-10,1348,2,2,0,2,CLEAR,DRY,False,OPPOSING LEFT TURN,OPPOSING LEFT TURN,STRAIGHT & LEVEL,DAYLIGHT,,,45706.39745,False,34,Accepted,5,4,C,OTHER,"INATTENTION, MISJUDGE CLEARANCE",,2025,1
8798,34404577,0510100,HENDERSON POLICE DEPARTMENT,Accepted,HENDERSON,US0060,,US60,,E,,,,,,,37.86473005,-87.54158607,12.127,2025-02-08,2150,1,1,0,0,CLEAR,DRY,False,COLLISION WITH ANIMAL NON INTERSECTION,SINGLE VEHICLE,STRAIGHT & LEVEL,DARK-HWY LIGHTED/ON,,,45706.51606,False,27,Accepted,5,5,O,ANIMALS ACTION,,,2025,1
8799,34404600,0510100,HENDERSON POLICE DEPARTMENT,Accepted,HENDERSON,,27,ALVASIA,ST,N,,,,,,,37.83749925,-87.58246824,0.271,2025-02-07,2213,2,2,0,0,RAINING,WET,False,1 VEHICLE PARKED POSITION (NOT PARKING LOT/DRIVEWAY),BACKING,STRAIGHT & LEVEL,DARK (UNKNOWN ROADWAY LIGHTING),,,45706.52011,False,30,Accepted,5,5,O,,INATTENTION,,2025,1
8802,34407136,0510100,HENDERSON POLICE DEPARTMENT,Accepted,HENDERSON,,622,POWELL,ST,,,,,,,,37.83397917,-87.58998076,0.428,2025-02-10,1932,2,2,0,0,CLOUDY,DRY,True,1 VEHICLE PARKED POSITION (NOT PARKING LOT/DRIVEWAY),HEAD ON,STRAIGHT & LEVEL,DARK-HWY LIGHTED/ON,,,45707.06968,False,44,Accepted,5,5,O,,INATTENTION,,2025,1
8803,34408214,0510000,HENDERSON COUNTY SHERIFF DEPT.,Accepted,HENDERSON,,,OHIO,DR,,,,,,,,37.80642208,-87.63377546,0.088,2025-02-19,603,2,2,0,0,CLOUDY,SNOW/SLUSH,False,SIDESWIPE COLLISION - SAME DIRECTION,SIDESWIPE-SAME DIRECTION,STRAIGHT & LEVEL,DAYLIGHT,,,45707.41,False,164,Accepted,5,5,O,,IMPROPER PASSING,,2025,1
8804,34411499,0510100,HENDERSON POLICE DEPARTMENT,Accepted,HENDERSON,US0041A,,GREEN,ST,N,,,,,,,37.84219852,-87.58674721,16.122,2025-02-18,1304,2,2,0,0,CLEAR,DRY,False,SIDESWIPE COLLISION - SAME DIRECTION,SIDESWIPE-SAME DIRECTION,STRAIGHT & LEVEL,DAYLIGHT,,,45708.40916,False,43,Accepted,5,5,O,,MISJUDGE CLEARANCE,,2025,1
8805,34411500,0510100,HENDERSON POLICE DEPARTMENT,Accepted,HENDERSON,US0041,,US41,,N,,CANARY,,,,,37.86797731,-87.57193372,16.847,2025-02-18,1349,2,2,0,0,CLOUDY,DRY,False,ANGLE COLLISION - OTHER,ANGLE,STRAIGHT & LEVEL,DAYLIGHT,,,45708.40919,False,67,Accepted,5,5,O,,INATTENTION,,2025,1
8807,34414431,0510100,HENDERSON POLICE DEPARTMENT,Accepted,HENDERSON,,,GREEN RIVER,RD,,,WATSON,,,,,37.86864086,-87.55749936,0.713,2025-02-07,1810,2,2,0,0,CLOUDY,WET,True,ANGLE COLLISION - OTHER,ANGLE,STRAIGHT & LEVEL,DARK-HWY LIGHTED/ON,,,45709.02614,False,35,Accepted,5,5,O,,"DISREGARD TRAFFIC CONTROL, FAILED TO YIELD RIGHT OF WAY",,2025,1
8809,34416070,0510100,HENDERSON POLICE DEPARTMENT,Accepted,HENDERSON,KY0351,,ZION,RD,,,,,,,,37.8309797,-87.56727282,,2025-02-14,1456,2,2,0,0,CLEAR,DRY,False,1 VEHICLE ENTERING/LEAVING ENTRANCE,ANGLE,STRAIGHT & LEVEL,DAYLIGHT,,,45709.50994,False,83,Accepted,5,5,O,,INATTENTION,,2025,1
8810,34417959,0510100,HENDERSON POLICE DEPARTMENT,Accepted,HENDERSON,US0060,,GREEN,ST,S,,OHIO,,,,,37.80579753,-87.63230796,9.628,2025-02-07,1855,3,3,0,0,CLOUDY,WET,False,OTHER INTERSECTION COLLISIONS,REAR END,STRAIGHT & LEVEL,DARK-HWY LIGHTED/ON,,,45709.89373,False,58,Accepted,5,5,O,SLIPPERY SURFACE,INATTENTION,,2025,1
8811,34425758,0510100,HENDERSON POLICE DEPARTMENT,Accepted,HENDERSON,,,2ND,ST,,,,,MAIN,,ELM,37.84054782,-87.5908526,0.15,2025-02-22,1025,2,2,0,0,CLOUDY,DRY,False,SIDESWIPE COLLISION - SAME DIRECTION,SIDESWIPE-SAME DIRECTION,STRAIGHT & LEVEL,DAYLIGHT,,,45712.38247,False,34,Accepted,5,5,O,,MISJUDGE CLEARANCE,,2025,1
8812,34425759,0510100,HENDERSON POLICE DEPARTMENT,Accepted,HENDERSON,,,BARKER,RD,,US0041,US41,,,,,37.87225852,-87.56959946,0.021,2025-02-23,1323,2,2,0,0,CLEAR,DRY,True,VEHICLE BACKING IN INTERSECTION,BACKING,STRAIGHT & LEVEL,DAYLIGHT,,,45712.38251,False,67,Accepted,5,5,O,,INATTENTION,,2025,1
8821,34432268,0510100,HENDERSON POLICE DEPARTMENT,Accepted,HENDERSON,US0041,,US41,,N,,,,,,,37.86733988,-87.57225306,,2025-02-17,1202,2,2,0,0,CLEAR,DRY,False,REAR END IN TRAFFIC LANES BOTH VEHICLES MOVING,REAR END,STRAIGHT & LEVEL,DAYLIGHT,,,45713.66824,False,83,Accepted,5,5,O,,INATTENTION,,2025,1
8822,34432269,0510100,HENDERSON POLICE DEPARTMENT,Accepted,HENDERSON,,,LAWNDALE APARTMENTS,CT,,,,,,,,37.82760378,-87.58690565,,2025-02-17,1429,2,2,0,0,CLEAR,ICE,False,1 VEHICLE PARKED POSITION (NOT PARKING LOT/DRIVEWAY),ANGLE,STRAIGHT & LEVEL,DAYLIGHT,,,45713.66827,False,83,Accepted,5,5,O,,INATTENTION,,2025,1
8823,34432270,0510100,HENDERSON POLICE DEPARTMENT,Accepted,HENDERSON,,,GREEN,ST,,,5TH,,,,,37.8432903,-87.58598361,,2025-02-18,650,2,2,0,0,CLEAR,DRY,False,OTHER INTERSECTION COLLISIONS,REAR END,STRAIGHT & LEVEL,DAYLIGHT,,,45713.6683,False,82,Accepted,5,5,O,,DISTRACTION,,2025,1
8824,34432273,0510100,HENDERSON POLICE DEPARTMENT,Accepted,HENDERSON,,1423,CLAY,ST,,,,,,,,37.8256319,-87.5794544,,2025-02-19,640,2,2,0,0,SNOWING,SNOW/SLUSH,False,1 VEHICLE PARKED POSITION (NOT PARKING LOT/DRIVEWAY),SIDESWIPE-OPPOSITE DIRECTION,STRAIGHT & LEVEL,DAYLIGHT,,,45713.66837,False,82,Accepted,5,5,O,,OTHER,,2025,1
8825,34432274,0510100,HENDERSON POLICE DEPARTMENT,Accepted,HENDERSON,,,SPRING GARDEN,RD,,,,,,,,37.83243343,-87.54423696,,2025-02-18,1244,2,2,0,0,CLEAR,DRY,False,SIDESWIPE COLLISION - SAME DIRECTION,SIDESWIPE-SAME DIRECTION,STRAIGHT & LEVEL,DAYLIGHT,,,45713.6684,False,83,Accepted,5,5,O,,INATTENTION,,2025,1
8826,34433516,0510100,HENDERSON POLICE DEPARTMENT,Accepted,HENDERSON,US0041,2000,US41,,N,,,,,,,37.86564114,-87.57315237,16.679,2025-01-26,604,2,2,0,0,CLOUDY,DRY,False,REAR END IN TRAFFIC LANES BOTH VEHICLES MOVING,REAR END,STRAIGHT & LEVEL,DARK-HWY LIGHTED/ON,,,45713.9171,False,44,Accepted,5,5,O,,INATTENTION,,2025,1
8827,34433652,0510100,HENDERSON POLICE DEPARTMENT,Accepted,HENDERSON,KY0351,2206,ZION,RD,,,,,,,,37.8296992,-87.56378186,1.531,2025-02-20,1747,2,2,0,0,CLEAR,DRY,False,SIDESWIPE COLLISION - SAME DIRECTION,SIDESWIPE-SAME DIRECTION,CURVE & LEVEL,DARK-HWY LIGHTED/ON,,,45713.96276,False,33,Accepted,5,5,O,,FAILED TO KEEP PROPER LANE,OTHER,2025,1
8828,34436245,0510100,HENDERSON POLICE DEPARTMENT,Accepted,HENDERSON,US0041A,,GREEN,ST,S,,BORAX,,,,,37.81108692,-87.62274317,13.095,2025-02-21,1720,3,3,0,0,CLEAR,DRY,False,OTHER INTERSECTION COLLISIONS,REAR END,STRAIGHT & LEVEL,DAWN,,,45714.46562,False,47,Accepted,5,5,O,,DISTRACTION,,2025,1
8829,34440676,0510100,HENDERSON POLICE DEPARTMENT,Accepted,HENDERSON,,,SHELBY,ST,,,YOUNG,,,,,37.81910799,-87.58432055,0.075,2025-02-25,1607,2,2,0,1,CLEAR,DRY,False,ANGLE COLLISION - OTHER,ANGLE,STRAIGHT & HILLCREST,DAYLIGHT,,,45715.31576,False,25,Accepted,5,3,B,,"DISREGARD TRAFFIC CONTROL, FAILED TO YIELD RIGHT OF WAY, INATTENTION",,2025,1
8831,34441257,0510000,HENDERSON COUNTY SHERIFF DEPT.,Accepted,HENDERSON,US0060,,GREEN,ST,S,,BORAX,,,,,37.81107482,-87.62275699,10.283,2025-02-26,1522,2,2,0,0,CLEAR,DRY,False,OPPOSING LEFT TURN,OPPOSING LEFT TURN,STRAIGHT & LEVEL,DAYLIGHT,,,45715.43505,False,101,Accepted,5,5,O,,FAILED TO YIELD RIGHT OF WAY,,2025,1
8835,34457510,0510100,HENDERSON POLICE DEPARTMENT,Accepted,HENDERSON,,,5TH,ST,,,INGRAM,,,,,37.84263821,-87.58449634,0.86,2025-02-27,1047,2,2,0,0,CLEAR,DRY,False,OPPOSING LEFT TURN,OPPOSING LEFT TURN,STRAIGHT & LEVEL,DAYLIGHT,,,45719.42443,False,43,Accepted,5,5,O,,"INATTENTION, MISJUDGE CLEARANCE",,2025,1
8836,34457511,0510100,HENDERSON POLICE DEPARTMENT,Accepted,HENDERSON,KY0351,,ZION,RD,,,,,,,,37.83087372,-87.56694924,1.304,2025-02-27,1613,2,2,0,0,CLEAR,DRY,False,SIDESWIPE COLLISION - SAME DIRECTION,SIDESWIPE-SAME DIRECTION,STRAIGHT & LEVEL,DAYLIGHT,,,45719.42448,False,43,Accepted,5,5,O,,INATTENTION,,2025,1
8837,34457512,0510100,HENDERSON POLICE DEPARTMENT,Accepted,HENDERSON,,,8TH,ST,,,ELM,,,,,37.84774127,-87.58501252,0.66,2025-02-28,1215,2,2,0,0,CLEAR,DRY,False,COLLISION WITH PARKED VEHICLE,REAR END,STRAIGHT & LEVEL,DAYLIGHT,,,45719.42451,False,43,Accepted,5,5,O,,LOST CONSCIOUSNESS/FAINTED,,2025,1
8838,34457513,0510100,HENDERSON POLICE DEPARTMENT,Accepted,HENDERSON,KY0812,,AIRLINE,RD,,KY2084,KY2084,,,,,37.82013024,-87.56935708,7.396,2025-02-28,1317,2,2,0,0,CLEAR,DRY,False,ANGLE COLLISION - OTHER,ANGLE,STRAIGHT & LEVEL,DAYLIGHT,,,45719.42455,False,43,Accepted,5,5,O,,INATTENTION,,2025,1
8841,34460012,0510100,HENDERSON POLICE DEPARTMENT,Accepted,HENDERSON,,1013,GREEN,ST,N,,WATSON,,,,,37.84985874,-87.58174217,,2025-02-24,730,2,2,0,0,CLEAR,DRY,False,OTHER INTERSECTION COLLISIONS,REAR END,STRAIGHT & LEVEL,DAYLIGHT,,,45719.72467,False,82,Accepted,5,5,O,,OTHER,BRAKES DEFECTIVE,2025,1
8842,34460013,0510100,HENDERSON POLICE DEPARTMENT,Accepted,HENDERSON,,,US HWY 60 EAST,,,,WATSON,,,,,37.86471947,-87.5550379,,2025-02-24,935,2,2,0,0,CLEAR,DRY,False,OTHER INTERSECTION COLLISIONS,REAR END,STRAIGHT & LEVEL,DAYLIGHT,,,45719.72471,False,82,Accepted,5,5,O,,INATTENTION,,2025,1
8843,34460015,0510100,HENDERSON POLICE DEPARTMENT,Accepted,HENDERSON,US0041,,US41,,N,,,,,,,37.87244596,-87.56925496,,2025-02-24,1150,2,2,0,0,CLEAR,DRY,False,SIDESWIPE COLLISION - SAME DIRECTION,SIDESWIPE-SAME DIRECTION,STRAIGHT & LEVEL,DAYLIGHT,,,45719.72474,False,82,Accepted,5,5,O,,INATTENTION,,2025,1
8844,34460016,0510100,HENDERSON POLICE DEPARTMENT,Accepted,HENDERSON,,,41,HWY,,,,,,,,37.86735196,-87.57233064,,2025-02-21,1336,3,3,0,0,CLEAR,WET,False,REAR END IN TRAFFIC LANES BOTH VEHICLES MOVING,REAR END,STRAIGHT & LEVEL,DAYLIGHT,,,45719.72477,False,83,Accepted,5,5,O,,INATTENTION,,2025,1
8845,34460017,0510100,HENDERSON POLICE DEPARTMENT,Accepted,HENDERSON,,,PRIEST,ST,,,,,,,,37.8330769,-87.57319365,,2025-02-21,1431,2,2,0,0,CLEAR,DRY,False,REAR END IN TRAFFIC LANES BOTH VEHICLES MOVING,REAR END,STRAIGHT & GRADE,DAYLIGHT,,,45719.72481,False,83,Accepted,5,5,O,,,,2025,1
8846,34460018,0510100,HENDERSON POLICE DEPARTMENT,Accepted,HENDERSON,,300,2084,HWY,,,,,,,,37.81941852,-87.5686956,,2025-02-24,1147,2,2,0,0,CLEAR,DRY,False,1 VEHICLE PARKED POSITION (NOT PARKING LOT/DRIVEWAY),REAR END,STRAIGHT & LEVEL,DAYLIGHT,,,45719.72484,False,83,Accepted,5,5,O,,INATTENTION,,2025,1
8847,34460020,0510100,HENDERSON POLICE DEPARTMENT,Accepted,HENDERSON,,,GREEN,ST,,,2ND,,,,,37.83947717,-87.58846212,,2025-02-25,705,2,2,0,0,CLEAR,DRY,False,ANGLE COLLISION - OTHER,ANGLE,STRAIGHT & LEVEL,DAYLIGHT,,,45719.72487,False,82,Accepted,5,5,O,,MISJUDGE CLEARANCE,,2025,1
8848,34461237,0510100,HENDERSON POLICE DEPARTMENT,Accepted,HENDERSON,,,GREEN RIVER,RD,,,WATSON,,,,,37.86866684,-87.55757707,0.715,2025-02-22,1934,2,2,0,0,CLEAR,DRY,False,ANGLE COLLISION - OTHER,ANGLE,STRAIGHT & LEVEL,DARK-HWY LIGHTED/ON,,,45720.02993,False,27,Accepted,5,5,O,,FAILED TO YIELD RIGHT OF WAY,,2025,1
8849,34461355,0510100,HENDERSON POLICE DEPARTMENT,Accepted,HENDERSON,US0041,2700,US41,,N,,,,,,,37.87531087,-87.56770254,17.408,2025-02-03,1553,3,3,0,0,CLEAR,WET,False,REAR END IN TRAFFIC LANES BOTH VEHICLES MOVING,REAR END,STRAIGHT & LEVEL,OTHER,,,45720.04636,False,65,Accepted,5,5,O,,OTHER,,2025,1
8853,34465446,0510100,HENDERSON POLICE DEPARTMENT,Accepted,HENDERSON,KY2084,,2ND,ST,,,,,,,,37.83129797,-87.56917016,,2025-02-27,820,2,2,0,0,CLEAR,DRY,False,SIDESWIPE COLLISION - SAME DIRECTION,SIDESWIPE-SAME DIRECTION,CURVE & LEVEL,DAYLIGHT,,,45720.78534,False,82,Accepted,5,5,O,,INATTENTION,,2025,1
8854,34465448,0510100,HENDERSON POLICE DEPARTMENT,Accepted,HENDERSON,,,60,HWY,,,,,,,,37.86466264,-87.55099098,,2025-02-26,1821,2,2,0,0,CLEAR,DRY,False,1 VEHICLE ENTERING/LEAVING ENTRANCE,ANGLE,STRAIGHT & LEVEL,DARK (UNKNOWN ROADWAY LIGHTING),,,45720.7854,False,83,Accepted,5,5,O,,INATTENTION,,2025,1
8855,34465449,0510100,HENDERSON POLICE DEPARTMENT,Accepted,HENDERSON,US0041,2700,US41,,N,,,,,,,37.87925852,-87.56552398,17.703,2025-02-27,1354,1,1,0,0,CLEAR,DRY,False,COLLISION WITH FIXED OBJECT NON - INTERSECTION - FIRST EVENT COLLISION 09 - 32 EXCLUDING 16,SINGLE VEHICLE,CURVE & LEVEL,DAYLIGHT,,,45720.78543,False,7,Accepted,5,5,O,DEBRIS IN ROADWAY,"FOLLOWING TOO CLOSE, NOT UNDER PROPER CONTROL",,2025,1
8856,34465450,0510100,HENDERSON POLICE DEPARTMENT,Accepted,HENDERSON,US0041,2700,US41,,N,,,,,,,37.87904133,-87.56570458,17.686,2025-02-27,1354,1,1,0,0,CLEAR,DRY,True,COLLISION WITH FIXED OBJECT NON - INTERSECTION - FIRST EVENT COLLISION 09 - 32 EXCLUDING 16,SINGLE VEHICLE,STRAIGHT & LEVEL,DAYLIGHT,,,45720.78546,False,7,Accepted,5,5,O,,,,2025,1
8857,34465451,0510100,HENDERSON POLICE DEPARTMENT,Accepted,HENDERSON,,1000,CENTER,ST,N,,JULIA,,,,,37.8331927,-87.58192564,,2025-02-28,744,2,2,0,0,CLEAR,DRY,False,VEHICLE BACKING IN INTERSECTION,BACKING,STRAIGHT & LEVEL,DAYLIGHT,,,45720.78549,False,82,Accepted,5,5,O,,INATTENTION,,2025,1
8858,34465453,0510100,HENDERSON POLICE DEPARTMENT,Accepted,HENDERSON,US0041A,,GREEN,ST,N,,7TH,,,,,37.84573664,-87.58441637,16.411,2025-02-27,752,3,2,0,2,CLEAR,DRY,False,OTHER INTERSECTION COLLISIONS,REAR TO REAR,STRAIGHT & LEVEL,DAYLIGHT,,,45720.78554,False,34,Accepted,3,3,B,,"FOLLOWING TOO CLOSE, INATTENTION",,2025,1
8859,34467056,0510100,HENDERSON POLICE DEPARTMENT,Accepted,HENDERSON,US0041,3000,US41,,N,,,,,,,37.88238308,-87.56404778,17.923,2025-02-28,1538,1,1,0,0,CLEAR,DRY,False,COLLISION WITH ANIMAL NON INTERSECTION,SINGLE VEHICLE,STRAIGHT & LEVEL,DAYLIGHT,,,45721.28529,False,64,Accepted,5,5,O,,,,2025,1
8861,34475299,0510100,HENDERSON POLICE DEPARTMENT,Accepted,HENDERSON,US0060,,KY331,,,,,,,,,37.79649437,-87.65678075,8.161,2025-03-04,1918,2,2,0,0,RAINING,WET,False,SIDESWIPE COLLISION - SAME DIRECTION,SIDESWIPE-SAME DIRECTION,STRAIGHT & LEVEL,DARK-HWY NOT LIGHTED,,,45722.99138,False,36,Accepted,5,5,O,,"IMPROPER PASSING, MISJUDGE CLEARANCE",,2025,1
8862,34476471,0510100,HENDERSON POLICE DEPARTMENT,Accepted,HENDERSON,,,WATER,ST,S,,POWELL,,,,,37.838074,-87.59583795,0.168,2025-03-06,1100,2,2,0,1,CLEAR,DRY,False,COLLISION WITH PARKED VEHICLE,REAR END,STRAIGHT & LEVEL,DAYLIGHT,,,45723.30519,False,32,Accepted,4,4,C,,"INATTENTION, NOT UNDER PROPER CONTROL",,2025,1
8863,34477076,0510000,HENDERSON COUNTY SHERIFF DEPT.,Accepted,HENDERSON,,,WATHEN,LN,,,,,,,,37.88004507,-87.52332939,0.113,2025-03-07,558,1,1,0,0,CLEAR,DRY,False,COLLISION WITH ANIMAL NON INTERSECTION,SINGLE VEHICLE,STRAIGHT & LEVEL,DUSK,,,45723.454,False,131,Accepted,5,5,O,ANIMALS ACTION,,,2025,1
8865,34488695,0510100,HENDERSON POLICE DEPARTMENT,Accepted,HENDERSON,,,GREEN,ST,S,,,,,,,37.81569027,-87.615381,,2025-02-28,1041,2,2,0,0,CLEAR,DRY,False,SIDESWIPE COLLISION - SAME DIRECTION,SIDESWIPE-SAME DIRECTION,STRAIGHT & LEVEL,DAYLIGHT,,,45726.45055,False,82,Accepted,5,5,O,,OTHER,,2025,1
8868,34491928,0510100,HENDERSON POLICE DEPARTMENT,Accepted,HENDERSON,,343,3RD,ST,,,,,,,,37.84082269,-87.58790523,0.276,2025-03-08,2029,2,2,0,0,CLEAR,DRY,False,1 VEHICLE PARKED POSITION (NOT PARKING LOT/DRIVEWAY),REAR TO REAR,STRAIGHT & LEVEL,DARK-HWY LIGHTED/ON,,,45727.06985,False,44,Accepted,5,5,O,,"IMPROPER BACKING, INATTENTION",,2025,1
8869,34491929,0510100,HENDERSON POLICE DEPARTMENT,Accepted,HENDERSON,,2104,ELM,ST,N,,,,,,,37.87160824,-87.57147291,2.59,2025-03-08,2155,1,1,0,0,CLEAR,DRY,True,OTHER ROADWAY OR MID-BLOCK COLLISION,SINGLE VEHICLE,CURVE & LEVEL,DARK-HWY LIGHTED/ON,,,45727.06988,False,44,Accepted,5,5,O,,"ALCOHOL INVOLVEMENT, DRUG INVOLVEMENT",,2025,1
8870,34493311,0510100,HENDERSON POLICE DEPARTMENT,Accepted,HENDERSON,US0060,,US60,,E,,GREEN RIVER,,,,,37.86127628,-87.56413995,10.827,2025-03-08,1440,2,2,0,0,CLEAR,DRY,False,ANGLE COLLISION - OTHER,ANGLE,STRAIGHT & LEVEL,DAYLIGHT,,,45727.39328,False,49,Accepted,5,5,O,,MISJUDGE CLEARANCE,,2025,1
8873,34496460,0510100,HENDERSON POLICE DEPARTMENT,Accepted,HENDERSON,US0041,2600,US41,,N,,,,,,,37.87503795,-87.56787459,17.425,2025-03-05,2005,2,2,0,0,SNOWING,WET,False,REAR END IN TRAFFIC LANES BOTH VEHICLES MOVING,REAR END,STRAIGHT & LEVEL,DARK-HWY LIGHTED/ON,,,45727.92351,False,27,Accepted,5,5,O,SLIPPERY SURFACE,FOLLOWING TOO CLOSE,,2025,1
8875,34499670,0510100,HENDERSON POLICE DEPARTMENT,Accepted,HENDERSON,,,GREEN,ST,,,,,,,,37.83819988,-87.58927028,,2025-03-07,1153,2,2,0,0,CLEAR,DRY,False,1 VEHICLE ENTERING/LEAVING ENTRANCE,ANGLE,STRAIGHT & LEVEL,DAYLIGHT,,,45728.58131,False,83,Accepted,5,5,O,,INATTENTION,,2025,1
8876,34499672,0510100,HENDERSON POLICE DEPARTMENT,Accepted,HENDERSON,,,BRETTWOOD,LN,,,,,,,,37.82807431,-87.54882601,,2025-03-07,1509,2,2,0,0,CLEAR,DRY,False,1 VEHICLE PARKED POSITION (NOT PARKING LOT/DRIVEWAY),ANGLE,STRAIGHT & LEVEL,DAYLIGHT,,,45728.58138,False,83,Accepted,5,5,O,,INATTENTION,,2025,1
8877,34499673,0510100,HENDERSON POLICE DEPARTMENT,Accepted,HENDERSON,,,GREEN,ST,,,CLAY,,,,,37.83377604,-87.59326579,,2025-03-06,850,2,2,0,0,CLEAR,DRY,False,OTHER INTERSECTION COLLISIONS,REAR END,STRAIGHT & LEVEL,DAYLIGHT,,,45728.5814,False,82,Accepted,5,5,O,,INATTENTION,,2025,1
8878,34499674,0510100,HENDERSON POLICE DEPARTMENT,Accepted,HENDERSON,,129,ELM,ST,N,,,,,,,37.83878997,-87.59088211,,2025-02-28,1138,2,2,0,0,CLEAR,DRY,False,1 VEHICLE PARKED POSITION (NOT PARKING LOT/DRIVEWAY),BACKING,STRAIGHT & LEVEL,DAYLIGHT,,,45728.58144,False,82,Accepted,5,5,O,,MISJUDGE CLEARANCE,,2025,1
8879,34499675,0510100,HENDERSON POLICE DEPARTMENT,Accepted,HENDERSON,,,DR MARTIN LUTHER KING JR,AVE,,,GREEN,,,,,37.83274633,-87.59426079,,2025-03-05,1040,2,2,0,0,CLOUDY,WET,False,SIDESWIPE-SAME DIRECTION,SIDESWIPE-SAME DIRECTION,STRAIGHT & LEVEL,DAYLIGHT,,,45728.58147,False,82,Accepted,5,5,O,,FAILED TO KEEP PROPER LANE,,2025,1
8880,34499676,0510100,HENDERSON POLICE DEPARTMENT,Accepted,HENDERSON,US0041,,US41,,N,,,,,,,37.87579495,-87.5674373,,2025-03-04,1645,2,2,0,0,RAINING,WET,False,SIDESWIPE COLLISION - SAME DIRECTION,SIDESWIPE-SAME DIRECTION,STRAIGHT & LEVEL,DAYLIGHT,,,45728.5815,False,83,Accepted,5,5,O,,INATTENTION,,2025,1
8881,34499677,0510100,HENDERSON POLICE DEPARTMENT,Accepted,HENDERSON,,,SAND,LN,,,GREEN,,,,,37.82375665,-87.60314869,,2025-03-05,915,2,2,0,0,CLOUDY,WET,False,ANGLE COLLISION - OTHER,ANGLE,STRAIGHT & LEVEL,DAYLIGHT,,,45728.58153,False,82,Accepted,5,5,O,,OTHER,,2025,1