OBJECTID,IncidentID,AgencyORI,AgencyName,IncidentStatusDesc,County,RdwyNumber,Street,RoadwayName,StreetSfx,StreetDir,IntersectionRdwy,IntersectionRdwyName,BetweenStRdwy1,BetweenStRdwyName1,BetweenStRdwy2,BetweenStRdwyName2,Latitude,Longitude,Milepoint,CollisionDate,CollisionTime,UnitsInvolved,MotorVehiclesInvolved,NumberKilled,NumberInjured,Weather,RdwyConditionCode,HitandRun,DirAnalysisCode,MannerofCollision,RdwyCharacter,LightCondition,RampFromRdwyId,RampToRdwyId,AcceptedDate,IsSecondaryCollision,OwnerBadge,IncidentStatus,InjurySeverityCde,KABCO_Code,KABCO,Environmental_Factors,Human_Factors,Vehicular_Factors,CollisionYear,CityCrash
8882,34500998,0510100,HENDERSON POLICE DEPARTMENT,Accepted,HENDERSON,KY0351,,ZION,RD,,,,,,,,37.82597409,-87.54835838,,2025-03-03,1147,2,2,0,0,CLEAR,DRY,False,1 VEHICLE ENTERING/LEAVING ENTRANCE,ANGLE,STRAIGHT & LEVEL,DAYLIGHT,,,45728.78498,False,83,Accepted,5,5,O,,INATTENTION,,2025,1
8883,34500999,0510100,HENDERSON POLICE DEPARTMENT,Accepted,HENDERSON,US0041,,US41,,N,,,,,,,37.86285094,-87.57467671,,2025-03-03,1445,2,2,0,0,CLEAR,DRY,False,1 VEHICLE ENTERING/LEAVING ENTRANCE,ANGLE,STRAIGHT & LEVEL,DAYLIGHT,,,45728.78501,False,83,Accepted,5,5,O,,INATTENTION,,2025,1
8884,34501000,0510100,HENDERSON POLICE DEPARTMENT,Accepted,HENDERSON,,336,RETTING,RD,,,,,,,,37.86725885,-87.57255675,,2025-03-03,1212,2,2,0,0,CLEAR,DRY,False,1 VEHICLE PARKED POSITION (NOT PARKING LOT/DRIVEWAY),ANGLE,STRAIGHT & LEVEL,DAYLIGHT,,,45728.78504,False,83,Accepted,5,5,O,,INATTENTION,,2025,1
8885,34501002,0510100,HENDERSON POLICE DEPARTMENT,Accepted,HENDERSON,,,ASHWOOD,CT,,,,,,,,37.82009999,-87.61344987,,2025-03-03,1821,2,2,0,0,CLEAR,DRY,False,1 VEHICLE PARKED POSITION (NOT PARKING LOT/DRIVEWAY),BACKING,STRAIGHT & LEVEL,DUSK,,,45728.7851,False,83,Accepted,5,5,O,,INATTENTION,,2025,1
8886,34501579,0510100,HENDERSON POLICE DEPARTMENT,Accepted,HENDERSON,,200,INGRAM,ST,N,,,,,,,37.84065851,-87.58573819,0.342,2025-03-11,2119,4,4,0,0,CLEAR,DRY,True,1 VEHICLE PARKED POSITION (NOT PARKING LOT/DRIVEWAY),HEAD ON,STRAIGHT & LEVEL,DARK (UNKNOWN ROADWAY LIGHTING),,,45728.93702,False,30,Accepted,5,5,O,,OTHER,,2025,1
8887,34503190,0510100,HENDERSON POLICE DEPARTMENT,Accepted,HENDERSON,US0041A,200,GREEN,ST,S,,WASHINGTON,,,,,37.83629119,-87.59080094,15.663,2025-03-11,1428,2,2,0,1,CLEAR,DRY,False,ANGLE COLLISION - OTHER,ANGLE,STRAIGHT & LEVEL,DAYLIGHT,,,45729.31953,False,47,Accepted,3,3,B,BACKUP DUE TO REGULAR CONGESTION,INATTENTION,,2025,1
8888,34503191,0510100,HENDERSON POLICE DEPARTMENT,Accepted,HENDERSON,,460,FAGAN,ST,,,,,,,,37.82716736,-87.58922272,0.119,2025-03-11,1439,1,1,0,0,CLEAR,DRY,False,COLLISION WITH FIXED OBJECT NON - INTERSECTION - FIRST EVENT COLLISION 09 - 32 EXCLUDING 16,SINGLE VEHICLE,STRAIGHT & LEVEL,DAYLIGHT,,,45729.31962,False,43,Accepted,5,5,O,,ALCOHOL INVOLVEMENT,OTHER,2025,1
8889,34503193,0510100,HENDERSON POLICE DEPARTMENT,Accepted,HENDERSON,AU9005,,,,,,,,,,,37.8101348,-87.55933537,0.034,2025-03-12,648,2,2,0,0,CLEAR,DRY,True,COLLISION WITH FIXED OBJECT NOT IN GORE ,HEAD ON,STRAIGHT & LEVEL,DAWN,AU9005,US0041,45729.31966,False,25,Accepted,5,5,O,,,,2025,1
8890,34503335,0510100,HENDERSON POLICE DEPARTMENT,Accepted,HENDERSON,,,CENTER,ST,,US0041A,GREEN,,,,,37.83725868,-87.59001411,0.836,2024-11-05,1501,2,2,0,3,RAINING,WET,False,ANGLE COLLISION - OTHER,ANGLE,STRAIGHT & LEVEL,DAYLIGHT,,,45729.34796,False,25,Accepted,3,3,B,,"FAILED TO YIELD RIGHT OF WAY, INATTENTION",,2024,1
8891,34503367,0510100,HENDERSON POLICE DEPARTMENT,Accepted,HENDERSON,,201,HICKS,ST,,,,,,,,37.82477776,-87.57419039,0.115,2025-03-06,1505,2,2,0,0,CLEAR,DRY,False,VEHICLE BACKING NON INTERSECTION,BACKING,STRAIGHT & LEVEL,DAYLIGHT,,,45729.35995,False,25,Accepted,5,5,O,,INATTENTION,,2025,1
8892,34507288,0510100,HENDERSON POLICE DEPARTMENT,Accepted,HENDERSON,,,14TH,ST,,,ELM,,,,,37.85475922,-87.58066149,0.003,2025-01-18,2053,2,2,0,0,CLEAR,DRY,False,ANGLE COLLISION - OTHER,ANGLE,STRAIGHT & GRADE,DARK-HWY LIGHTED/ON,,,45730.06045,False,29,Accepted,5,5,O,,"INATTENTION, MISJUDGE CLEARANCE",,2025,1
8896,34520552,0510100,HENDERSON POLICE DEPARTMENT,Accepted,HENDERSON,KY0351,,2ND,ST,,,,,,,,37.83729745,-87.58350935,,2025-03-10,1154,2,2,0,0,CLEAR,DRY,False,1 VEHICLE PARKED POSITION (NOT PARKING LOT/DRIVEWAY),BACKING,STRAIGHT & LEVEL,DAYLIGHT,,,45733.5906,False,83,Accepted,5,5,O,,INATTENTION,,2025,1
8897,34520553,0510100,HENDERSON POLICE DEPARTMENT,Accepted,HENDERSON,KY0351,,ZION,RD,,,,,,,,37.83022565,-87.56438988,,2025-03-10,1538,2,2,0,0,CLEAR,DRY,False,REAR END IN TRAFFIC LANES BOTH VEHICLES MOVING,REAR END,STRAIGHT & LEVEL,DAYLIGHT,,,45733.59067,False,83,Accepted,5,5,O,,INATTENTION,,2025,1
8898,34520555,0510100,HENDERSON POLICE DEPARTMENT,Accepted,HENDERSON,,,GREEN,ST,,,,,,,,37.83274973,-87.59426287,,2025-03-11,1308,2,2,0,0,CLEAR,DRY,False,1 VEHICLE ENTERING/LEAVING ENTRANCE,ANGLE,STRAIGHT & LEVEL,DAYLIGHT,,,45733.59073,False,83,Accepted,5,5,O,,INATTENTION,,2025,1
8899,34520557,0510100,HENDERSON POLICE DEPARTMENT,Accepted,HENDERSON,,,US HWY 41 N,,,,PAUL,,,,,37.87421172,-87.56831306,,2025-03-12,1259,2,2,0,0,CLEAR,DRY,False,OTHER INTERSECTION COLLISIONS,REAR END,STRAIGHT & LEVEL,DAYLIGHT,,,45733.59088,False,82,Accepted,5,5,O,BACKUP DUE TO REGULAR CONGESTION,INATTENTION,,2025,1
8900,34521889,0510100,HENDERSON POLICE DEPARTMENT,Accepted,HENDERSON,,,WASHINGTON,,,,,,,,,37.82580951,-87.57309344,,2025-03-11,1325,1,1,0,0,CLEAR,DRY,False,RAN OFF ROADWAY (1 VEHICLE WITH/EARTH EMBANKMENT/DITCH),SINGLE VEHICLE,STRAIGHT & LEVEL,DAYLIGHT,,,45733.80539,False,83,Accepted,5,5,O,,INATTENTION,,2025,1
8901,34521891,0510100,HENDERSON POLICE DEPARTMENT,Accepted,HENDERSON,US0041,,US41,,N,,,,,,,37.88175014,-87.56445462,,2025-03-11,1628,1,1,0,0,CLEAR,DRY,False,COLLISION WITH FIXED OBJECT NON - INTERSECTION - FIRST EVENT COLLISION 09 - 32 EXCLUDING 16,SINGLE VEHICLE,STRAIGHT & LEVEL,DAYLIGHT,,,45733.8055,False,83,Accepted,5,5,O,,INATTENTION,,2025,1
8902,34521892,0510100,HENDERSON POLICE DEPARTMENT,Accepted,HENDERSON,,,ALVES,,,,,,,,,37.83159269,-87.58954561,,2025-03-11,1731,2,2,0,0,CLEAR,DRY,False,REAR END IN TRAFFIC LANES BOTH VEHICLES MOVING,REAR END,STRAIGHT & LEVEL,DAYLIGHT,,,45733.80555,False,83,Accepted,5,5,O,GLARE (SUN),INATTENTION,,2025,1
8903,34521893,0510100,HENDERSON POLICE DEPARTMENT,Accepted,HENDERSON,,,2ND,,,,,,,,,37.83888496,-87.5869832,,2025-03-12,1150,2,2,0,0,CLEAR,DRY,False,1 VEHICLE ENTERING/LEAVING ENTRANCE,ANGLE,STRAIGHT & LEVEL,DAYLIGHT,,,45733.80565,False,83,Accepted,5,5,O,,INATTENTION,,2025,1
8904,34521894,0510100,HENDERSON POLICE DEPARTMENT,Accepted,HENDERSON,,,5TH,ST,,,GREEN,,,,,37.84329333,-87.58598699,,2025-03-14,729,2,2,0,0,CLEAR,DRY,False,ANGLE COLLISION - OTHER,ANGLE,STRAIGHT & LEVEL,DAYLIGHT,,,45733.80579,False,82,Accepted,5,5,O,,OTHER,,2025,1
8905,34521896,0510100,HENDERSON POLICE DEPARTMENT,Accepted,HENDERSON,US0041,,US41,,N,,,,,,,37.8299083,-87.56643815,,2025-03-14,1022,2,2,0,0,CLEAR,DRY,False,SIDESWIPE COLLISION - SAME DIRECTION,SIDESWIPE-SAME DIRECTION,CURVE & LEVEL,DAYLIGHT,,,45733.80587,False,82,Accepted,5,5,O,CONSTRUCTION WORK ZONE,INATTENTION,,2025,1
8906,34522236,0510100,HENDERSON POLICE DEPARTMENT,Accepted,HENDERSON,US0060,,US60,,E,,,,,,,37.86471324,-87.55077048,11.605,2025-03-11,208,1,1,0,0,CLEAR,DRY,False,COLLISION WITH ANIMAL NON INTERSECTION,SINGLE VEHICLE,STRAIGHT & LEVEL,DARK-HWY LIGHTED/ON,,,45733.91289,False,27,Accepted,5,5,O,ANIMALS ACTION,,,2025,1
8907,34522238,0510100,HENDERSON POLICE DEPARTMENT,Accepted,HENDERSON,US0041A,310,GREEN,ST,S,,,,,,,37.83367902,-87.59341209,15.434,2025-03-13,2150,2,2,0,0,CLEAR,DRY,False,SIDESWIPE COLLISION - SAME DIRECTION,SIDESWIPE-SAME DIRECTION,STRAIGHT & LEVEL,DUSK,,,45733.91297,False,36,Accepted,5,5,O,,FAILED TO KEEP PROPER LANE,,2025,1
8908,34525707,0510100,HENDERSON POLICE DEPARTMENT,Accepted,HENDERSON,,,MARYWOOD,,,,,,,,,37.86567252,-87.56886929,,2025-03-12,1625,2,2,0,0,CLEAR,DRY,False,VEHICLE BACKING NON INTERSECTION,BACKING,STRAIGHT & LEVEL,DAYLIGHT,,,45734.62832,False,83,Accepted,5,5,O,,INATTENTION,,2025,1
8909,34525708,0510100,HENDERSON POLICE DEPARTMENT,Accepted,HENDERSON,,,WASHINGTON,,,,,,,,,37.83333683,-87.58603259,,2025-03-14,1528,2,2,0,0,CLEAR,DRY,False,1 VEHICLE ENTERING/LEAVING ENTRANCE,ANGLE,STRAIGHT & LEVEL,DAYLIGHT,,,45734.62837,False,83,Accepted,5,5,O,,,BRAKES DEFECTIVE,2025,1
8911,34529702,0510100,HENDERSON POLICE DEPARTMENT,Accepted,HENDERSON,US0041,,US41,,N,,,,BARKER,,WALKER,37.87205726,-87.56966888,17.158,2025-03-18,745,2,2,0,1,CLEAR,DRY,False,OTHER ROADWAY OR MID-BLOCK COLLISION,REAR END,STRAIGHT & LEVEL,DAYLIGHT,,,45735.50882,False,67,Accepted,4,4,C,,INATTENTION,,2025,1
8912,34529704,0510100,HENDERSON POLICE DEPARTMENT,Accepted,HENDERSON,,,US HWY 41,,,,,,BARRET,,GREEN,37.863046,-87.5745767,,2025-03-18,1510,2,2,0,0,CLEAR,DRY,False,1 VEHICLE ENTERING/LEAVING ENTRANCE,ANGLE,STRAIGHT & LEVEL,DAYLIGHT,,,45735.50898,False,73,Accepted,5,5,O,,"FAILED TO YIELD RIGHT OF WAY, INATTENTION",,2025,1
8915,34537907,0510100,HENDERSON POLICE DEPARTMENT,Accepted,HENDERSON,US0060,,US60,,E,,MANOR,,,,,37.86062131,-87.56580823,10.722,2025-03-19,1105,2,2,0,1,CLOUDY,DRY,False,ANGLE COLLISION - OTHER,ANGLE,STRAIGHT & LEVEL,DAYLIGHT,,,45737.31011,False,67,Accepted,3,3,B,,INATTENTION,,2025,1
8916,34537908,0510100,HENDERSON POLICE DEPARTMENT,Accepted,HENDERSON,,,12TH,ST,,US0041A,GREEN,,,,,37.85217568,-87.58027137,0.297,2025-03-18,1535,3,3,0,1,CLEAR,DRY,False,COLLISION WITH FIXED OBJECT IN INTERSECTION - FIRST EVENT COLLISION 09 - 32,HEAD ON,STRAIGHT & LEVEL,DAYLIGHT,,,45737.31016,False,44,Accepted,5,3,B,,OTHER,,2025,1
8917,34537909,0510100,HENDERSON POLICE DEPARTMENT,Accepted,HENDERSON,,,MAIN,ST,S,,HANCOCK,,,,,37.83040323,-87.60124875,,2025-03-19,1645,1,1,0,1,CLOUDY,DRY,False,COLLISION WITH FIXED OBJECT IN INTERSECTION - FIRST EVENT COLLISION 09 - 32,SINGLE VEHICLE,STRAIGHT & LEVEL,DAYLIGHT,,,45737.31022,False,73,Accepted,5,4,C,,"INATTENTION, OTHER",,2025,1
8918,34537910,0510100,HENDERSON POLICE DEPARTMENT,Accepted,HENDERSON,,,ALVASIA,ST,S,,POWELL,,,,,37.83226351,-87.58706154,0.206,2025-03-14,1548,2,2,0,0,CLEAR,DRY,False,COLLISION WITH PARKED VEHICLE,SIDESWIPE-OPPOSITE DIRECTION,STRAIGHT & LEVEL,DAYLIGHT,,,45737.31027,False,44,Accepted,5,5,O,,MISJUDGE CLEARANCE,,2025,1
8920,34539239,0510100,HENDERSON POLICE DEPARTMENT,Accepted,HENDERSON,,,GARDEN MILE,RD,,,,,,,,37.82765649,-87.55797675,,2025-03-11,1530,2,2,0,0,CLEAR,DRY,False,1 VEHICLE ENTERING/LEAVING ENTRANCE,ANGLE,STRAIGHT & LEVEL,DAWN,,,45737.51077,False,83,Accepted,5,5,O,,INATTENTION,,2025,1
8921,34550821,0510100,HENDERSON POLICE DEPARTMENT,Accepted,HENDERSON,,,US HWY 41,,,,WATSON,,,,,37.875337,-87.56784242,,2025-03-20,1045,2,2,0,0,CLOUDY,DRY,False,OTHER INTERSECTION COLLISIONS,REAR END,STRAIGHT & LEVEL,DAYLIGHT,,,45740.64763,False,82,Accepted,5,5,O,,"NOT UNDER PROPER CONTROL, OTHER",TIRE FAILURE,2025,1
8922,34550823,0510100,HENDERSON POLICE DEPARTMENT,Accepted,HENDERSON,US0041,,US41,,N,,,,,,,37.86014787,-87.57539552,,2025-03-20,1716,2,2,0,0,CLEAR,DRY,False,SIDESWIPE COLLISION - SAME DIRECTION,SIDESWIPE-SAME DIRECTION,STRAIGHT & LEVEL,DAYLIGHT,,,45740.64773,False,83,Accepted,5,5,O,,INATTENTION,,2025,1
8923,34553881,0510100,HENDERSON POLICE DEPARTMENT,Accepted,HENDERSON,,,CENTER,ST,,US0041A,GREEN,,,,,37.83722242,-87.58990046,0.839,2025-03-22,1135,2,2,0,0,CLEAR,DRY,False,SIDESWIPE-SAME DIRECTION,SIDESWIPE-SAME DIRECTION,STRAIGHT & LEVEL,DAYLIGHT,,,45741.3799,False,44,Accepted,5,5,O,,"FAILED TO KEEP PROPER LANE, INATTENTION",,2025,1
8924,34553882,0510100,HENDERSON POLICE DEPARTMENT,Accepted,HENDERSON,US0041,,US41,,N,,,US0041,US41 RAMP FROM KY351,US0041,US41 CROSSOVER,37.83403494,-87.56526088,14.342,2025-03-22,1602,2,2,0,0,CLEAR,DRY,False,SIDESWIPE COLLISION - SAME DIRECTION,SIDESWIPE-SAME DIRECTION,STRAIGHT & LEVEL,DAYLIGHT,,,45741.37996,False,67,Accepted,5,5,O,,INATTENTION,,2025,1
8925,34553883,0510100,HENDERSON POLICE DEPARTMENT,Accepted,HENDERSON,US0041A,,GREEN,ST,S,,,,DRURY,,KRESGE,37.815496,-87.61577901,13.599,2025-03-23,1134,2,2,0,0,RAINING,WET,False,1 VEHICLE ENTERING/LEAVING ENTRANCE,ANGLE,STRAIGHT & GRADE,DAYLIGHT,,,45741.38001,False,67,Accepted,5,5,O,SLIPPERY SURFACE,INATTENTION,,2025,1
8926,34553884,0510100,HENDERSON POLICE DEPARTMENT,Accepted,HENDERSON,US0041,,US41,,N,,,,BARKER,,PAUL,37.87258937,-87.56921806,17.202,2025-03-23,1229,2,2,0,4,RAINING,WET,False,REAR END IN TRAFFIC LANES BOTH VEHICLES MOVING,REAR END,STRAIGHT & LEVEL,DAYLIGHT,,,45741.38007,False,67,Accepted,4,3,B,SLIPPERY SURFACE,INATTENTION,,2025,1
8927,34554979,0510100,HENDERSON POLICE DEPARTMENT,Accepted,HENDERSON,US0041A,,GREEN,ST,N,,5TH,,,,,37.84328018,-87.58597892,16.217,2025-03-25,630,2,2,0,0,CLEAR,DRY,False,SIDESWIPE-SAME DIRECTION,SIDESWIPE-SAME DIRECTION,STRAIGHT & LEVEL,DAWN,,,45741.58367,False,32,Accepted,5,5,O,,"FAILED TO KEEP PROPER LANE, FAILED TO YIELD RIGHT OF WAY",,2025,1
8932,34557517,0510100,HENDERSON POLICE DEPARTMENT,Accepted,HENDERSON,,,JULIA,ST,S,,THOMPSON,,,,,37.83244763,-87.58261328,0.067,2025-02-28,37,1,1,0,0,CLEAR,DRY,False,COLLISION WITH FIXED OBJECT IN INTERSECTION - FIRST EVENT COLLISION 09 - 32,SINGLE VEHICLE,STRAIGHT & LEVEL,DARK-HWY LIGHTED/ON,,,45742.0706,False,42,Accepted,5,5,O,,"ALCOHOL INVOLVEMENT, NOT UNDER PROPER CONTROL",,2025,1
8934,34561910,0510100,HENDERSON POLICE DEPARTMENT,Accepted,HENDERSON,US0041A,,GREEN,ST,N,,10TH,,,,,37.84946563,-87.58202164,16.705,2025-03-19,1921,2,2,0,2,RAINING,WET,False,OTHER INTERSECTION COLLISIONS,REAR END,STRAIGHT & LEVEL,DARK-HWY LIGHTED/ON,,,45743.00558,False,36,Accepted,4,4,C,"SLIPPERY SURFACE, BACKUP DUE TO REGULAR CONGESTION","FOLLOWING TOO CLOSE, OTHER",,2025,1
8935,34563630,0510000,HENDERSON COUNTY SHERIFF DEPT.,Accepted,HENDERSON,US0041A,,GREEN,ST,S,,,,,,,37.813147,-87.61942566,13.326,2025-03-26,1428,1,1,0,0,CLEAR,DRY,False,COLLISION WITH ANIMAL NON INTERSECTION,SINGLE VEHICLE,STRAIGHT & LEVEL,DAYLIGHT,,,45743.41088,False,138,Accepted,5,5,O,,,,2025,1
8938,34568022,0510100,HENDERSON POLICE DEPARTMENT,Accepted,HENDERSON,KY0285,,OLD MADISONVILLE,RD,,,ILEX,,,,,37.80545535,-87.58783924,1.858,2025-03-25,1520,2,2,0,0,CLEAR,DRY,True,OPPOSITE DIRECTION - BOTH VEHICLES GOING STRAIGHT AHEAD,SIDESWIPE-OPPOSITE DIRECTION,STRAIGHT & LEVEL,DAYLIGHT,,,45744.33849,False,47,Accepted,5,5,O,,FAILED TO KEEP PROPER LANE,,2025,1
8939,34568023,0510100,HENDERSON POLICE DEPARTMENT,Accepted,HENDERSON,,1000,ALVES,ST,S,,,,,,,37.82392922,-87.59650876,0.178,2025-03-25,1553,1,1,0,0,CLEAR,DRY,False,OTHER ROADWAY OR MID-BLOCK COLLISION,SINGLE VEHICLE,CURVE & HILLCREST,DAYLIGHT,,,45744.33858,False,47,Accepted,5,5,O,,"EXCEEDED STATED SPEED LIMIT, NOT UNDER PROPER CONTROL, TOO FAST FOR CONDITIONS",,2025,1
8940,34568024,0510100,HENDERSON POLICE DEPARTMENT,Accepted,HENDERSON,KY0351,,ZION,RD,,,,,,,,37.82971683,-87.56285282,1.562,2025-03-27,737,3,3,0,0,CLOUDY,WET,False,REAR END IN TRAFFIC LANES BOTH VEHICLES MOVING,REAR END,STRAIGHT & LEVEL,DAYLIGHT,,,45744.33863,False,49,Accepted,5,5,O,,FOLLOWING TOO CLOSE,,2025,1
8941,34568284,0510000,HENDERSON COUNTY SHERIFF DEPT.,Accepted,HENDERSON,US0041A,,GREEN,ST,N,,,,,,,37.85396251,-87.57900847,17.063,2025-03-26,1407,4,4,0,1,CLEAR,DRY,False,OTHER ROADWAY OR MID-BLOCK COLLISION,REAR END,STRAIGHT & LEVEL,DAYLIGHT,,,45744.39186,False,140,Accepted,5,3,B,,INATTENTION,,2025,1
8943,34568387,0510100,HENDERSON POLICE DEPARTMENT,Accepted,HENDERSON,KY0351,,ZION,RD,,,,,,,,37.83033572,-87.56542877,1.401,2025-03-27,1540,2,2,0,0,CLEAR,DRY,False,SIDESWIPE COLLISION - SAME DIRECTION,SIDESWIPE-SAME DIRECTION,STRAIGHT & LEVEL,DAYLIGHT,,,45744.40582,False,17,Accepted,5,5,O,,INATTENTION,,2025,1
8944,34569155,0510100,HENDERSON POLICE DEPARTMENT,Accepted,HENDERSON,US0041A,,GREEN,ST,N,,,,,,,37.8547405,-87.57783007,,2025-03-20,1752,2,2,0,0,CLEAR,DRY,False,SIDESWIPE COLLISION - SAME DIRECTION,SIDESWIPE-SAME DIRECTION,STRAIGHT & LEVEL,DAYLIGHT,,,45744.59129,False,83,Accepted,5,5,O,,INATTENTION,,2025,1
8945,34569797,0510100,HENDERSON POLICE DEPARTMENT,Accepted,HENDERSON,,,GREEN,ST,S,,NORRIS,,,,,37.82656726,-87.60030666,,2025-03-25,720,2,2,0,0,CLEAR,DRY,False,REAR END - ONE VEHICLE TURNING LEFT,REAR END,STRAIGHT & LEVEL,DAYLIGHT,,,45744.71189,False,82,Accepted,5,5,O,,INATTENTION,,2025,1
8946,34569798,0510100,HENDERSON POLICE DEPARTMENT,Accepted,HENDERSON,US0041A,,GREEN,ST,S,,WASHINGTON,,,,,37.83628846,-87.59089195,15.668,2025-03-18,1315,2,2,0,2,CLEAR,DRY,False,ANGLE COLLISION - OTHER,ANGLE,STRAIGHT & HILLCREST,DAYLIGHT,,,45744.71196,False,64,Accepted,3,3,B,,DISTRACTION,,2025,1
8947,34569799,0510100,HENDERSON POLICE DEPARTMENT,Accepted,HENDERSON,,,BARRET,,,,,,,,,37.86433085,-87.57372812,,2025-03-24,1636,2,2,0,0,CLEAR,DRY,False,1 VEHICLE ENTERING/LEAVING ENTRANCE,ANGLE,STRAIGHT & LEVEL,DAWN,,,45744.71203,False,83,Accepted,5,5,O,,INATTENTION,,2025,1
8948,34569800,0510100,HENDERSON POLICE DEPARTMENT,Accepted,HENDERSON,,,WATSON,LN,,,ZEHNER,,,,,37.87483793,-87.56539605,,2025-03-26,745,2,2,0,0,CLEAR,DRY,False,VEHICLE BACKING IN INTERSECTION,BACKING,STRAIGHT & LEVEL,DAYLIGHT,,,45744.71208,False,82,Accepted,5,5,O,BACKUP DUE TO REGULAR CONGESTION,INATTENTION,,2025,1
8949,34569801,0510100,HENDERSON POLICE DEPARTMENT,Accepted,HENDERSON,KY0351,,ZION,RD,,,,,,,,37.83048766,-87.56583979,,2025-03-26,1536,2,2,0,0,CLEAR,DRY,False,1 VEHICLE ENTERING/LEAVING ENTRANCE,ANGLE,STRAIGHT & LEVEL,DAYLIGHT,,,45744.71213,False,83,Accepted,5,5,O,,INATTENTION,,2025,1
8950,34569802,0510100,HENDERSON POLICE DEPARTMENT,Accepted,HENDERSON,KY2084,,KY2084,,S,,,,,,,37.81000269,-87.57214566,,2025-03-27,725,2,2,0,0,RAINING,WET,False,OTHER ROADWAY OR MID-BLOCK COLLISION,REAR END,STRAIGHT & LEVEL,DAYLIGHT,,,45744.71219,False,82,Accepted,5,5,O,"BACKUP DUE TO REGULAR CONGESTION, SLIPPERY SURFACE",OTHER,,2025,1
8951,34569803,0510100,HENDERSON POLICE DEPARTMENT,Accepted,HENDERSON,,,US HWY 41,,,,PARKWAY,,,,,37.86388083,-87.57413146,,2025-03-27,1042,2,2,0,0,CLOUDY,DRY,False,ANGLE COLLISION - OTHER,ANGLE,STRAIGHT & LEVEL,DAYLIGHT,,,45744.71224,False,82,Accepted,5,5,O,,INATTENTION,,2025,1
8952,34569804,0510100,HENDERSON POLICE DEPARTMENT,Accepted,HENDERSON,US0041A,,GREEN,ST,N,,,,,,,37.84436299,-87.58529311,,2025-03-27,1531,2,2,0,0,CLEAR,DRY,False,1 VEHICLE ENTERING/LEAVING ENTRANCE,ANGLE,STRAIGHT & LEVEL,DAYLIGHT,,,45744.71229,False,83,Accepted,5,5,O,,INATTENTION,,2025,1
8953,34578064,0510100,HENDERSON POLICE DEPARTMENT,Accepted,HENDERSON,US0041,,US41 E RAMP,,,,,,,,,37.85776921,-87.57414434,0.116,2025-03-29,1734,1,1,0,0,RAINING,WET,False,COLLISION WITH FIXED OBJECT NOT IN GORE ,SINGLE VEHICLE,CURVE & GRADE,DAYLIGHT,US0041,US0041,45747.37523,False,32,Accepted,5,5,O,SLIPPERY SURFACE,NOT UNDER PROPER CONTROL,,2025,1
8954,34578065,0510100,HENDERSON POLICE DEPARTMENT,Accepted,HENDERSON,US0041,15,US41,,N,,,,,,,37.85453823,-87.57037528,15.894,2025-03-29,1648,1,1,0,0,RAINING,WET,False,OTHER ROADWAY OR MID-BLOCK COLLISION,SINGLE VEHICLE,CURVE & HILLCREST,DAYLIGHT,,,45747.37531,False,23,Accepted,5,5,O,SLIPPERY SURFACE,,,2025,1
8955,34578066,0510100,HENDERSON POLICE DEPARTMENT,Accepted,HENDERSON,KY0351,902,2ND,ST,,,,,,,,37.83678345,-87.58155637,0.418,2025-03-30,1330,2,2,0,0,CLEAR,DRY,False,1 VEHICLE PARKED POSITION (NOT PARKING LOT/DRIVEWAY),SIDESWIPE-SAME DIRECTION,STRAIGHT & LEVEL,DAYLIGHT,,,45747.37541,False,43,Accepted,5,5,O,,OTHER,,2025,1
8956,34578067,0510100,HENDERSON POLICE DEPARTMENT,Accepted,HENDERSON,US0041A,,GREEN,ST,S,KY0136,SAND,,,,,37.82375163,-87.60315061,14.522,2025-03-30,1602,2,2,0,0,CLEAR,DRY,False,OPPOSING LEFT TURN,OPPOSING LEFT TURN,STRAIGHT & LEVEL,DAYLIGHT,,,45747.37547,False,47,Accepted,5,5,O,,DISREGARD TRAFFIC CONTROL,,2025,1
8962,34580079,0510100,HENDERSON POLICE DEPARTMENT,Accepted,HENDERSON,,,2ND,ST,,,,,,,,37.84114893,-87.59249005,,2025-03-28,1108,2,2,0,0,CLEAR,DRY,False,VEHICLE BACKING NON INTERSECTION,BACKING,STRAIGHT & LEVEL,DAYLIGHT,,,45747.59109,False,83,Accepted,5,5,O,,INATTENTION,,2025,1
8965,34593162,0510100,HENDERSON POLICE DEPARTMENT,Accepted,HENDERSON,,,GREEN RIVER,RD,,,BELLEWOOD,,,,,37.88007239,-87.53870482,,2025-03-31,1416,2,2,0,0,CLEAR,DRY,False,OPPOSITE DIRECTION - BOTH VEHICLES GOING STRAIGHT AHEAD,SIDESWIPE-OPPOSITE DIRECTION,CURVE & HILLCREST,DAYLIGHT,,,45750.38429,False,82,Accepted,5,5,O,,OTHER,,2025,1
8966,34593660,0510100,HENDERSON POLICE DEPARTMENT,Accepted,HENDERSON,,,US HWY 60 EAST,,,,MARYWOOD,,,,,37.86102289,-87.56475215,,2025-04-02,1255,4,4,0,0,CLOUDY,DRY,False,ANGLE COLLISION - OTHER,ANGLE,STRAIGHT & LEVEL,DAYLIGHT,,,45750.47959,False,82,Accepted,5,5,O,"BACKUP DUE TO REGULAR CONGESTION, OTHER","INATTENTION, OTHER",,2025,1