OBJECTID,IncidentID,AgencyORI,AgencyName,IncidentStatusDesc,County,RdwyNumber,Street,RoadwayName,StreetSfx,StreetDir,IntersectionRdwy,IntersectionRdwyName,BetweenStRdwy1,BetweenStRdwyName1,BetweenStRdwy2,BetweenStRdwyName2,Latitude,Longitude,Milepoint,CollisionDate,CollisionTime,UnitsInvolved,MotorVehiclesInvolved,NumberKilled,NumberInjured,Weather,RdwyConditionCode,HitandRun,DirAnalysisCode,MannerofCollision,RdwyCharacter,LightCondition,RampFromRdwyId,RampToRdwyId,AcceptedDate,IsSecondaryCollision,OwnerBadge,IncidentStatus,InjurySeverityCde,KABCO_Code,KABCO,Environmental_Factors,Human_Factors,Vehicular_Factors,CollisionYear,CityCrash
8968,34596098,0510100,HENDERSON POLICE DEPARTMENT,Accepted,HENDERSON,,,ELM,ST,N,,14TH,,,,,37.85484127,-87.58062209,1.3,2025-03-24,2116,2,2,0,0,CLEAR,DRY,True,OPPOSITE DIRECTION - BOTH VEHICLES GOING STRAIGHT AHEAD,SIDESWIPE-OPPOSITE DIRECTION,STRAIGHT & LEVEL,DARK-HWY LIGHTED/ON,,,45751.10541,False,27,Accepted,5,5,O,,FAILED TO YIELD RIGHT OF WAY,,2025,1
8969,34596763,0510100,HENDERSON POLICE DEPARTMENT,Accepted,HENDERSON,US0041,2855,US41,,N,,,,,,,37.87668208,-87.56695521,17.511,2025-03-31,1712,2,2,0,0,CLOUDY,DRY,False,1 VEHICLE ENTERING/LEAVING ENTRANCE,ANGLE,STRAIGHT & LEVEL,DAYLIGHT,,,45751.38445,False,25,Accepted,5,5,O,VIEW OBSTRUCTED/LIMITED DUE TO RDWY,"INATTENTION, OTHER",,2025,1
8970,34596841,0510100,HENDERSON POLICE DEPARTMENT,Accepted,HENDERSON,,,WASHINGTON,ST,,,INGRAM,,,,,37.83557573,-87.5896274,1.12,2025-04-01,1612,2,2,0,2,CLEAR,DRY,False,ANGLE COLLISION - OTHER,ANGLE,STRAIGHT & LEVEL,DAYLIGHT,,,45751.39975,False,49,Accepted,5,4,C,,"DISREGARD TRAFFIC CONTROL, DISTRACTION, INATTENTION",,2025,1
8971,34596843,0510100,HENDERSON POLICE DEPARTMENT,Accepted,HENDERSON,US0041A,,GREEN,ST,S,,BORAX,,,,,37.81106861,-87.62270531,13.097,2025-04-02,1413,3,3,0,1,CLEAR,DRY,False,ANGLE COLLISION - OTHER,ANGLE,STRAIGHT & LEVEL,DAYLIGHT,,,45751.39981,False,49,Accepted,5,4,C,,"DISREGARD TRAFFIC CONTROL, INATTENTION",,2025,1
8972,34596847,0510000,HENDERSON COUNTY SHERIFF DEPT.,Accepted,HENDERSON,US0041,,US41,,N,,,,,,,37.8719324,-87.56958422,17.151,2025-04-02,1357,2,2,0,0,CLEAR,DRY,False,1 VEHICLE ENTERING/LEAVING ENTRANCE,ANGLE,STRAIGHT & LEVEL,DAYLIGHT,,,45751.4012,False,140,Accepted,5,5,O,,"DISREGARD TRAFFIC CONTROL, INATTENTION",,2025,1
8973,34597662,0510100,HENDERSON POLICE DEPARTMENT,Accepted,HENDERSON,,,ELM,ST,N,,,,,,,37.85284801,-87.58188579,,2025-03-24,1737,2,2,0,0,CLEAR,DRY,False,REAR END IN TRAFFIC LANES BOTH VEHICLES MOVING,REAR END,STRAIGHT & LEVEL,DAYLIGHT,,,45751.6021,False,83,Accepted,5,5,O,GLARE (SUN),INATTENTION,,2025,1
8974,34597664,0510100,HENDERSON POLICE DEPARTMENT,Accepted,HENDERSON,,436,TIDWELL,DR,,,,,,,,37.85456673,-87.56314053,,2025-03-04,700,2,2,0,0,CLEAR,DRY,False,1 VEHICLE PARKED POSITION (NOT PARKING LOT/DRIVEWAY),BACKING,STRAIGHT & LEVEL,DAYLIGHT,,,45751.60215,False,82,Accepted,5,5,O,,MISJUDGE CLEARANCE,,2025,1
8975,34597665,0510100,HENDERSON POLICE DEPARTMENT,Accepted,HENDERSON,US0041,,US41,,N,,,,,,,37.87579793,-87.56754757,,2025-03-06,1303,2,2,0,0,CLEAR,DRY,False,1 VEHICLE ENTERING/LEAVING ENTRANCE,ANGLE,STRAIGHT & LEVEL,DAYLIGHT,,,45751.6022,False,83,Accepted,5,5,O,,INATTENTION,,2025,1
8976,34600084,0510100,HENDERSON POLICE DEPARTMENT,Accepted,HENDERSON,,1519,WASHINGTON,ST,,,,,,,,37.82746609,-87.57603471,0.197,2025-04-01,716,2,2,0,0,CLEAR,DRY,True,1 VEHICLE PARKED POSITION (NOT PARKING LOT/DRIVEWAY),REAR END,STRAIGHT & LEVEL,DAYLIGHT,,,45752.4623,False,64,Accepted,5,5,O,,DISTRACTION,,2025,1
8977,34604521,0510100,HENDERSON POLICE DEPARTMENT,Accepted,HENDERSON,US0041,,US41,,N,,WATSON,,,,,37.87540307,-87.56783172,17.412,2025-04-05,834,3,3,0,0,RAINING,WET,False,SIDESWIPE-SAME DIRECTION,SIDESWIPE-SAME DIRECTION,STRAIGHT & LEVEL,DAYLIGHT,,,45754.32125,False,67,Accepted,5,5,O,SLIPPERY SURFACE,"INATTENTION, OTHER",,2025,1
8978,34604522,0510100,HENDERSON POLICE DEPARTMENT,Accepted,HENDERSON,US0041,,US41,,N,,,,KIMSEY,,VAN WYK,37.8442134,-87.56572056,15.053,2025-04-05,1231,1,1,0,0,RAINING,WET,False,OTHER ROADWAY OR MID-BLOCK COLLISION,SINGLE VEHICLE,STRAIGHT & GRADE,DAYLIGHT,,,45754.3213,False,67,Accepted,5,5,O,SLIPPERY SURFACE,"INATTENTION, TOO FAST FOR CONDITIONS",,2025,1
8979,34608161,0510100,HENDERSON POLICE DEPARTMENT,Accepted,HENDERSON,US0041A,538,GREEN,ST,S,,,,,,,37.83143465,-87.59548284,15.239,2025-04-02,2022,1,1,0,1,SEVERE CROSSWINDS,WET,False,COLLISION WITH FIXED OBJECT NON - INTERSECTION - FIRST EVENT COLLISION 09 - 32 EXCLUDING 16,SINGLE VEHICLE,STRAIGHT & GRADE,DARK-HWY LIGHTED/ON,,,45755.0845,False,42,Accepted,5,3,B,,DRUG INVOLVEMENT,,2025,1
8980,34610374,0510100,HENDERSON POLICE DEPARTMENT,Accepted,HENDERSON,US0041,,US41,,N,,WATSON,,,,,37.87532087,-87.56781761,17.409,2025-04-05,1420,3,3,0,3,RAINING,WET,False,OPPOSING LEFT TURN,OPPOSING LEFT TURN,STRAIGHT & LEVEL,DAYLIGHT,,,45755.56646,False,44,Accepted,5,4,C,,"DISREGARD TRAFFIC CONTROL, INATTENTION",,2025,1
8981,34610492,0510100,HENDERSON POLICE DEPARTMENT,Accepted,HENDERSON,,,PRIEST,ST,,KY0351,2ND,,,,,37.83322462,-87.57319824,0.311,2025-04-08,738,2,2,0,0,CLEAR,DRY,False,ANGLE COLLISION - OTHER,ANGLE,STRAIGHT & HILLCREST,DAYLIGHT,,,45755.58488,False,25,Accepted,5,5,O,,"FAILED TO YIELD RIGHT OF WAY, INATTENTION",,2025,1
8982,34611692,0510100,HENDERSON POLICE DEPARTMENT,Accepted,HENDERSON,US0041A,200,GREEN,ST,N,,,,,,,37.83980162,-87.58830839,15.947,2025-04-04,2001,2,2,0,0,CLOUDY,WET,False,SIDESWIPE COLLISION - SAME DIRECTION,SIDESWIPE-SAME DIRECTION,STRAIGHT & LEVEL,DARK (UNKNOWN ROADWAY LIGHTING),,,45755.78076,False,30,Accepted,5,5,O,,INATTENTION,,2025,1
8983,34611693,0510100,HENDERSON POLICE DEPARTMENT,Accepted,HENDERSON,,,WATSON,LN,,US0041,US41,,,,,37.87528134,-87.56756625,1.086,2025-04-04,2040,2,2,0,0,CLOUDY,DRY,True,COLLISION WITH FIXED OBJECT IN INTERSECTION - FIRST EVENT COLLISION 09 - 32,REAR END,STRAIGHT & LEVEL,DARK-HWY LIGHTED/ON,,,45755.7808,False,35,Accepted,5,5,O,,,,2025,1
8984,34614368,0510100,HENDERSON POLICE DEPARTMENT,Accepted,HENDERSON,,,ALVES,ST,S,,,,,,,37.83517467,-87.58595565,,2025-04-08,1238,2,2,0,0,CLEAR,DRY,False,1 VEHICLE ENTERING/LEAVING ENTRANCE,ANGLE,STRAIGHT & LEVEL,DAYLIGHT,,,45756.47108,False,83,Accepted,5,5,O,,INATTENTION,,2025,1
8985,34614371,0510100,HENDERSON POLICE DEPARTMENT,Accepted,HENDERSON,US0041A,,GREEN,ST,N,,,,10TH,,CRESTVIEW,37.84996966,-87.58168577,16.745,2025-04-08,1424,2,2,0,0,CLEAR,DRY,False,SIDESWIPE COLLISION - SAME DIRECTION,SIDESWIPE-SAME DIRECTION,STRAIGHT & LEVEL,DAYLIGHT,,,45756.47114,False,32,Accepted,5,5,O,,MISJUDGE CLEARANCE,,2025,1
8986,34616389,0510100,HENDERSON POLICE DEPARTMENT,Accepted,HENDERSON,AU9005,,,,,,,,,,,37.81384641,-87.56434529,0.269,2025-04-03,2311,1,1,0,0,RAINING,WET,False,COLLISION WITH FIXED OBJECT NOT IN GORE ,SINGLE VEHICLE,CURVE & GRADE,DARK (UNKNOWN ROADWAY LIGHTING),US0041,AU9005,45756.84837,False,30,Accepted,5,5,O,SLIPPERY SURFACE,"ALCOHOL INVOLVEMENT, NOT UNDER PROPER CONTROL",,2025,1
8987,34616481,0510100,HENDERSON POLICE DEPARTMENT,Accepted,HENDERSON,,,WASHINGTON,ST,,,MEADOW,,,,,37.83093657,-87.58205239,0.592,2025-04-08,2115,2,2,0,0,CLEAR,DRY,False,ANGLE COLLISION - OTHER,ANGLE,STRAIGHT & LEVEL,DARK (UNKNOWN ROADWAY LIGHTING),,,45756.88765,False,30,Accepted,5,5,O,,INATTENTION,,2025,1
8988,34620810,0510100,HENDERSON POLICE DEPARTMENT,Accepted,HENDERSON,KY0351,,ZION,RD,,,ADAMS,,,,,37.82591969,-87.54837189,2.388,2025-04-01,1901,2,2,0,1,CLEAR,DRY,False,REAR END - ONE VEHICLE TURNING RIGHT,REAR END,STRAIGHT & LEVEL,DAYLIGHT,,,45757.84625,False,42,Accepted,5,2,A,,"ALCOHOL INVOLVEMENT, EXCEEDED STATED SPEED LIMIT, WEAVING IN TRAFFIC",,2025,1
8989,34623222,0510100,HENDERSON POLICE DEPARTMENT,Accepted,HENDERSON,US0041,2907,US41,,N,,,,,,,37.88040907,-87.56521348,17.715,2025-04-08,1648,2,2,0,0,CLEAR,DRY,False,OTHER ROADWAY OR MID-BLOCK COLLISION,OPPOSING LEFT TURN,STRAIGHT & LEVEL,DAYLIGHT,,,45758.46942,False,23,Accepted,5,5,O,,"INATTENTION, MISJUDGE CLEARANCE, TURNING IMPROPERLY",,2025,1
8990,34623227,0510100,HENDERSON POLICE DEPARTMENT,Accepted,HENDERSON,,,JEFFERSON,ST,,,ELM,,,,,37.83271989,-87.5965611,0.098,2025-04-10,1514,2,2,0,1,CLOUDY,DRY,False,ANGLE COLLISION - OTHER,ANGLE,STRAIGHT & HILLCREST,DAYLIGHT,,,45758.46957,False,49,Accepted,5,4,C,,"DISREGARD TRAFFIC CONTROL, FAILED TO YIELD RIGHT OF WAY, INATTENTION",,2025,1
8991,34624172,0510100,HENDERSON POLICE DEPARTMENT,Accepted,HENDERSON,KY0351,,2ND,ST,,,,,,,,37.83885055,-87.58663171,,2025-04-05,1736,2,2,0,0,RAINING,WET,False,REAR END IN TRAFFIC LANES BOTH VEHICLES MOVING,REAR END,STRAIGHT & LEVEL,DAYLIGHT,,,45758.64386,False,83,Accepted,5,5,O,,INATTENTION,,2025,1
8992,34624173,0510100,HENDERSON POLICE DEPARTMENT,Accepted,HENDERSON,US0041,,US41,,N,,,,,,,37.87551998,-87.5675892,,2025-04-01,1548,2,2,0,0,CLEAR,DRY,False,REAR END IN TRAFFIC LANES BOTH VEHICLES MOVING,REAR END,STRAIGHT & LEVEL,DAYLIGHT,,,45758.64389,False,83,Accepted,5,5,O,,INATTENTION,,2025,1
8993,34624175,0510100,HENDERSON POLICE DEPARTMENT,Accepted,HENDERSON,,,ALVES,ST,S,,,,,,,37.82939103,-87.59192667,,2025-04-07,1436,2,2,0,0,CLEAR,DRY,False,1 VEHICLE PARKED POSITION (NOT PARKING LOT/DRIVEWAY),ANGLE,STRAIGHT & LEVEL,DAYLIGHT,,,45758.64393,False,83,Accepted,5,5,O,,,,2025,1
8994,34632530,0510100,HENDERSON POLICE DEPARTMENT,Accepted,HENDERSON,,1509,WASHINGTON,ST,,,,,,,,37.82757932,-87.57608176,0.203,2025-04-10,648,2,2,0,0,CLEAR,WET,True,1 VEHICLE PARKED POSITION (NOT PARKING LOT/DRIVEWAY),SIDESWIPE-OPPOSITE DIRECTION,STRAIGHT & LEVEL,DAYLIGHT,,,45761.37433,False,64,Accepted,5,5,O,,,,2025,1
8995,34632532,0510100,HENDERSON POLICE DEPARTMENT,Accepted,HENDERSON,,1101,MADISON,ST,,,,,,,,37.8239349,-87.59042392,0.223,2025-04-11,700,2,2,0,0,CLOUDY,WET,True,1 VEHICLE PARKED POSITION (NOT PARKING LOT/DRIVEWAY),SIDESWIPE-SAME DIRECTION,STRAIGHT & LEVEL,DUSK,,,45761.37447,False,49,Accepted,5,5,O,,,,2025,1
8996,34632533,0510100,HENDERSON POLICE DEPARTMENT,Accepted,HENDERSON,US0060,,US60,,E,,MANOR,,,,,37.86059526,-87.56581448,10.721,2025-04-11,1448,3,3,0,2,CLEAR,DRY,False,ANGLE COLLISION - OTHER,ANGLE,STRAIGHT & LEVEL,DAYLIGHT,,,45761.37454,False,49,Accepted,5,3,B,,"FAILED TO YIELD RIGHT OF WAY, INATTENTION",,2025,1
8997,34632534,0510100,HENDERSON POLICE DEPARTMENT,Accepted,HENDERSON,US0041,,US41,,N,,,,,,,37.87890202,-87.56587481,17.674,2025-04-11,1514,2,2,0,0,CLEAR,DRY,False,1 VEHICLE ENTERING/LEAVING ENTRANCE,ANGLE,STRAIGHT & LEVEL,DAYLIGHT,,,45761.3746,False,44,Accepted,5,5,O,,"OTHER, RACING, MISJUDGE CLEARANCE",,2025,1
8998,34632535,0510100,HENDERSON POLICE DEPARTMENT,Accepted,HENDERSON,KY0136,,MADISON,ST,,,,,,,,37.81055418,-87.57870124,21.323,2025-04-12,1435,1,1,0,0,CLEAR,DRY,False,OTHER ROADWAY OR MID-BLOCK COLLISION,SINGLE VEHICLE,CURVE & LEVEL,DAYLIGHT,,,45761.37466,False,31,Accepted,5,5,O,,INATTENTION,,2025,1
8999,34632700,0510100,HENDERSON POLICE DEPARTMENT,Accepted,HENDERSON,KY2084,,KY2084,,S,,,,,,,37.82001569,-87.56931936,2.13,2025-04-12,741,1,1,0,0,CLEAR,DRY,False,OTHER ROADWAY OR MID-BLOCK COLLISION,SINGLE VEHICLE,STRAIGHT & LEVEL,DAYLIGHT,,,45761.39065,False,25,Accepted,5,5,O,CONSTRUCTION WORK ZONE,INATTENTION,,2025,1
9000,34632701,0510100,HENDERSON POLICE DEPARTMENT,Accepted,HENDERSON,US0041,,US41,,N,,,,,,,37.8716602,-87.569726,17.131,2025-04-13,1409,2,2,0,0,CLEAR,DRY,False,REAR END IN TRAFFIC LANES BOTH VEHICLES MOVING,REAR END,STRAIGHT & LEVEL,DAYLIGHT,,,45761.39073,False,31,Accepted,5,5,O,,DISTRACTION,,2025,1
9011,34635128,0510100,HENDERSON POLICE DEPARTMENT,Accepted,HENDERSON,,,ELM,ST,N,,12TH,,,,,37.85277551,-87.58193314,1.146,2025-04-10,2050,2,2,0,0,CLOUDY,DRY,False,ANGLE COLLISION - OTHER,ANGLE,STRAIGHT & LEVEL,DARK-HWY LIGHTED/ON,,,45761.66285,False,65,Accepted,5,5,O,,INATTENTION,,2025,1
9012,34640555,0510100,HENDERSON POLICE DEPARTMENT,Accepted,HENDERSON,,,ELM,ST,N,,,,,,,37.85487422,-87.58060994,,2025-04-08,1323,2,2,0,0,CLEAR,DRY,False,1 VEHICLE ENTERING/LEAVING ENTRANCE,ANGLE,STRAIGHT & LEVEL,DAYLIGHT,,,45762.71373,False,83,Accepted,5,5,O,,INATTENTION,,2025,1
9013,34640556,0510100,HENDERSON POLICE DEPARTMENT,Accepted,HENDERSON,KY0351,,ZION,RD,,,,,,,,37.83059603,-87.5659849,,2025-04-08,1503,2,2,0,0,CLEAR,DRY,False,REAR END IN TRAFFIC LANES BOTH VEHICLES MOVING,REAR END,STRAIGHT & LEVEL,DAYLIGHT,,,45762.71378,False,83,Accepted,5,5,O,,INATTENTION,,2025,1
9014,34640561,0510100,HENDERSON POLICE DEPARTMENT,Accepted,HENDERSON,,,WASHINGTON,ST,,,ALVES,,,,,37.83401434,-87.5871335,,2025-04-10,1020,2,2,0,0,CLEAR,DRY,False,ANGLE COLLISION - OTHER,ANGLE,STRAIGHT & LEVEL,DAYLIGHT,,,45762.71389,False,82,Accepted,5,5,O,,INATTENTION,,2025,1
9015,34641186,0510100,HENDERSON POLICE DEPARTMENT,Accepted,HENDERSON,US0041A,,GREEN,ST,S,,,,,,,37.8351949,-87.59186615,,2025-04-11,1226,2,2,0,0,CLEAR,DRY,False,1 VEHICLE ENTERING/LEAVING ENTRANCE,ANGLE,STRAIGHT & LEVEL,DAYLIGHT,,,45762.77262,False,83,Accepted,5,5,O,,INATTENTION,,2025,1
9016,34641188,0510100,HENDERSON POLICE DEPARTMENT,Accepted,HENDERSON,US0041,,US41,HWY,N,,,,,,,37.85894234,-87.57488535,,2025-04-11,1527,2,2,0,0,CLEAR,DRY,False,SIDESWIPE COLLISION - SAME DIRECTION,SIDESWIPE-SAME DIRECTION,STRAIGHT & LEVEL,DAYLIGHT,,,45762.77273,False,83,Accepted,5,5,O,,INATTENTION,,2025,1
9017,34641189,0510100,HENDERSON POLICE DEPARTMENT,Accepted,HENDERSON,,,GREEN,ST,,,5TH,,,,,37.84330036,-87.58599398,,2025-04-15,755,2,2,0,0,CLEAR,DRY,False,SIDESWIPE-SAME DIRECTION,SIDESWIPE-SAME DIRECTION,STRAIGHT & LEVEL,DAYLIGHT,,,45762.77278,False,82,Accepted,5,5,O,BACKUP DUE TO REGULAR CONGESTION,OTHER,,2025,1
9018,34641190,0510100,HENDERSON POLICE DEPARTMENT,Accepted,HENDERSON,,606,5TH,ST,,,,,,,,37.84188915,-87.58276969,,2025-04-15,1230,2,2,0,0,CLEAR,GRAVEL,False,1 VEHICLE PARKED POSITION (NOT PARKING LOT/DRIVEWAY),BACKING,STRAIGHT & LEVEL,DAYLIGHT,,,45762.77283,False,82,Accepted,5,5,O,,INATTENTION,,2025,1
9023,34655032,0510100,HENDERSON POLICE DEPARTMENT,Accepted,HENDERSON,,229,HOLLOWAY,ST,S,,,,,,,37.83335638,-87.58397877,0.287,2025-04-12,2328,2,2,0,0,CLEAR,DRY,False,1 VEHICLE PARKED POSITION (NOT PARKING LOT/DRIVEWAY),BACKING,STRAIGHT & LEVEL,DARK-HWY LIGHTED/OFF,,,45765.94531,False,29,Accepted,5,5,O,,INATTENTION,,2025,1
9024,34655155,0510100,HENDERSON POLICE DEPARTMENT,Accepted,HENDERSON,US0041,,US41,,N,,WATSON,,,,,37.87552963,-87.56774981,17.421,2025-04-14,1737,2,2,0,0,CLEAR,DRY,False,OTHER INTERSECTION COLLISIONS,REAR END,STRAIGHT & LEVEL,DAYLIGHT,,,45765.98294,False,18,Accepted,5,5,O,,INATTENTION,,2025,1
9025,34655452,0510100,HENDERSON POLICE DEPARTMENT,Accepted,HENDERSON,,,RACETRACK,RD,,,COLE TRAILER PARK A,,,,,37.88439269,-87.56603516,0.181,2025-04-15,458,2,2,0,0,CLEAR,DRY,False,VEHICLE BACKING IN INTERSECTION,BACKING,STRAIGHT & LEVEL,DARK-HWY LIGHTED/OFF,,,45766.06033,False,35,Accepted,5,5,O,,INATTENTION,,2025,1
9026,34655526,0510100,HENDERSON POLICE DEPARTMENT,Accepted,HENDERSON,US0041,2067,US41,,N,,,,,,,37.86582897,-87.5730907,16.692,2025-04-16,2139,2,2,0,0,CLEAR,DRY,False,1 VEHICLE ENTERING/LEAVING ENTRANCE,ANGLE,STRAIGHT & LEVEL,DARK-HWY LIGHTED/ON,,,45766.08366,False,27,Accepted,5,5,O,,FAILED TO YIELD RIGHT OF WAY,,2025,1
9027,34663004,0510100,HENDERSON POLICE DEPARTMENT,Accepted,HENDERSON,US0060,,US60,,E,,BARRET,,,,,37.85987246,-87.56788539,10.593,2025-04-17,810,2,2,0,0,CLEAR,DRY,False,OTHER INTERSECTION COLLISIONS,REAR END,STRAIGHT & LEVEL,DAYLIGHT,,,45768.41988,False,23,Accepted,5,5,O,,INATTENTION,,2025,1
9028,34663006,0510100,HENDERSON POLICE DEPARTMENT,Accepted,HENDERSON,US0041,2067,US41,,N,,,,,,,37.86555611,-87.57311341,16.674,2025-04-18,1659,2,2,0,0,CLEAR,DRY,False,SIDESWIPE COLLISION - SAME DIRECTION,SIDESWIPE-SAME DIRECTION,STRAIGHT & LEVEL,DAYLIGHT,,,45768.41995,False,23,Accepted,5,5,O,,"FAILED TO KEEP PROPER LANE, FAILED TO YIELD RIGHT OF WAY, INATTENTION",,2025,1
9029,34663007,0510100,HENDERSON POLICE DEPARTMENT,Accepted,HENDERSON,US0041,15,US41,,N,,,,,,,37.85398326,-87.56951741,15.755,2025-04-18,1641,2,2,0,0,CLEAR,DRY,True,SIDESWIPE COLLISION - SAME DIRECTION,SIDESWIPE-SAME DIRECTION,CURVE & HILLCREST,DAYLIGHT,,,45768.42002,False,23,Accepted,5,5,O,,,,2025,1
9030,34663008,0510100,HENDERSON POLICE DEPARTMENT,Accepted,HENDERSON,,,14TH,ST,,US0041A,GREEN,,,,,37.85407307,-87.57890876,0.107,2025-04-18,818,2,2,0,1,CLEAR,DRY,False,ANGLE COLLISION - OTHER,ANGLE,STRAIGHT & LEVEL,DAYLIGHT,,,45768.42005,False,17,Accepted,5,4,C,,INATTENTION,,2025,1
9031,34663010,0510100,HENDERSON POLICE DEPARTMENT,Accepted,HENDERSON,,,5TH,ST,,,INGRAM,,,,,37.84294615,-87.58518468,0.904,2025-04-18,1113,2,2,0,0,CLEAR,DRY,False,SIDESWIPE-SAME DIRECTION,SIDESWIPE-SAME DIRECTION,STRAIGHT & LEVEL,DAYLIGHT,,,45768.42013,False,17,Accepted,5,5,O,,"FAILED TO KEEP PROPER LANE, INATTENTION",,2025,1
9032,34663011,0510100,HENDERSON POLICE DEPARTMENT,Accepted,HENDERSON,,,5TH,ST,,US0041A,GREEN,,,,,37.84327095,-87.5859785,0.952,2025-04-18,1332,2,2,0,0,CLEAR,DRY,False,ANGLE COLLISION - OTHER,ANGLE,STRAIGHT & LEVEL,DAYLIGHT,,,45768.42017,False,17,Accepted,5,5,O,,DISREGARD TRAFFIC CONTROL,,2025,1
9033,34663012,0510100,HENDERSON POLICE DEPARTMENT,Accepted,HENDERSON,US0041,,US41,,N,,,,CINEMA,,PARK,37.86362856,-87.57414378,16.554,2025-04-19,1117,2,2,0,0,CLOUDY,DRY,False,REAR END IN TRAFFIC LANES BOTH VEHICLES MOVING,REAR END,STRAIGHT & LEVEL,DAYLIGHT,,,45768.42021,False,67,Accepted,5,5,O,,INATTENTION,,2025,1
9034,34663333,0510100,HENDERSON POLICE DEPARTMENT,Accepted,HENDERSON,,331,HWY 2084 S,,,,,,,,,37.82010011,-87.56937367,,2025-04-14,730,2,2,0,0,CLEAR,DRY,False,1 VEHICLE ENTERING/LEAVING ENTRANCE,ANGLE,STRAIGHT & LEVEL,DAYLIGHT,,,45768.48449,False,82,Accepted,5,5,O,BACKUP DUE TO REGULAR CONGESTION,INATTENTION,,2025,1
9035,34663334,0510100,HENDERSON POLICE DEPARTMENT,Accepted,HENDERSON,,,PARK,WAY,,,,,,,,37.8638924,-87.57435403,,2025-04-15,1331,2,2,0,0,CLEAR,DRY,False,VEHICLE BACKING NON INTERSECTION,BACKING,STRAIGHT & LEVEL,DAYLIGHT,,,45768.48453,False,83,Accepted,5,5,O,IMPROPERLY PARKED VEHICLE(S),INATTENTION,,2025,1
9042,34667735,0510100,HENDERSON POLICE DEPARTMENT,Accepted,HENDERSON,US0041,15,US41,,N,,,,,,,37.85884256,-87.5748692,16.184,2025-04-18,1101,2,2,0,0,CLEAR,DRY,True,OTHER ROADWAY OR MID-BLOCK COLLISION,REAR END,STRAIGHT & LEVEL,DAYLIGHT,,,45769.44107,False,23,Accepted,5,5,O,,"DISTRACTION, INATTENTION, NOT UNDER PROPER CONTROL",,2025,1
9043,34667736,0510100,HENDERSON POLICE DEPARTMENT,Accepted,HENDERSON,,732,CHEROKEE,DR,,,,,,,,37.86401221,-87.56897757,0.077,2025-04-18,1511,1,1,0,0,CLEAR,DRY,False,COLLISION WITH FIXED OBJECT NON - INTERSECTION - FIRST EVENT COLLISION 09 - 32 EXCLUDING 16,SINGLE VEHICLE,STRAIGHT & HILLCREST,DAYLIGHT,,,45769.44117,False,23,Accepted,5,5,O,,,BRAKES DEFECTIVE,2025,1
9044,34667739,0510100,HENDERSON POLICE DEPARTMENT,Accepted,HENDERSON,,1133,KILLIECRANKIE,DR,,,,,,,,37.86162532,-87.56072638,0.098,2025-04-15,1348,1,1,0,0,CLEAR,DRY,True,COLLISION WITH FIXED OBJECT NON - INTERSECTION - FIRST EVENT COLLISION 09 - 32 EXCLUDING 16,SINGLE VEHICLE,STRAIGHT & GRADE,DAYLIGHT,,,45769.44124,False,67,Accepted,5,5,O,,"INATTENTION, OTHER",,2025,1
9046,34672491,0510100,HENDERSON POLICE DEPARTMENT,Accepted,HENDERSON,,24,INGRAM,ST,N,,,,,,,37.83698197,-87.58816915,0.629,2025-04-22,1225,1,1,0,0,CLEAR,DRY,True,COLLISION WITH FIXED OBJECT NON - INTERSECTION - FIRST EVENT COLLISION 09 - 32 EXCLUDING 16,SINGLE VEHICLE,STRAIGHT & LEVEL,DAYLIGHT,,,45770.4228,False,31,Accepted,5,5,O,,DISTRACTION,,2025,1
9047,34672493,0510100,HENDERSON POLICE DEPARTMENT,Accepted,HENDERSON,,980,COSBY,DR,,,,,,,,37.86486006,-87.55930788,0.06,2025-04-21,2200,1,1,0,0,CLEAR,DRY,False,COLLISION WITH FIXED OBJECT NON - INTERSECTION - FIRST EVENT COLLISION 09 - 32 EXCLUDING 16,SINGLE VEHICLE,STRAIGHT & LEVEL,DARK-HWY LIGHTED/OFF,,,45770.42287,True,23,Accepted,5,5,O,ANIMALS ACTION,INATTENTION,,2025,1
9048,34672535,0510100,HENDERSON POLICE DEPARTMENT,Accepted,HENDERSON,,,US HWY 425,,,,GREEN,,,,,37.80009494,-87.64727498,,2025-04-16,735,2,2,0,0,CLEAR,DRY,False,OTHER INTERSECTION COLLISIONS,REAR END,CURVE & LEVEL,DAYLIGHT,,,45770.43129,False,82,Accepted,5,5,O,,INATTENTION,,2025,1
9049,34672538,0510100,HENDERSON POLICE DEPARTMENT,Accepted,HENDERSON,KY0351,737,2ND,ST,,,,,,,,37.83512338,-87.57725509,0.68,2025-04-11,1534,2,2,0,0,CLEAR,DRY,False,REAR END IN TRAFFIC LANES BOTH VEHICLES MOVING,REAR END,STRAIGHT & LEVEL,DAYLIGHT,,,45770.43138,False,17,Accepted,5,5,O,,DISTRACTION,,2025,1
9050,34675509,0510100,HENDERSON POLICE DEPARTMENT,Accepted,HENDERSON,,,WASHINGTON,ST,,,ADAMS,,,,,37.83481987,-87.58844905,1.046,2025-04-16,2055,2,1,0,1,CLEAR,DRY,True,COLLISION WITH BICYCLE IN INTERSECTION,SINGLE VEHICLE,STRAIGHT & LEVEL,DARK-HWY LIGHTED/ON,,,45771.02807,False,44,Accepted,4,4,C,,,,2025,1