OBJECTID,IncidentID,AgencyORI,AgencyName,IncidentStatusDesc,County,RdwyNumber,Street,RoadwayName,StreetSfx,StreetDir,IntersectionRdwy,IntersectionRdwyName,BetweenStRdwy1,BetweenStRdwyName1,BetweenStRdwy2,BetweenStRdwyName2,Latitude,Longitude,Milepoint,CollisionDate,CollisionTime,UnitsInvolved,MotorVehiclesInvolved,NumberKilled,NumberInjured,Weather,RdwyConditionCode,HitandRun,DirAnalysisCode,MannerofCollision,RdwyCharacter,LightCondition,RampFromRdwyId,RampToRdwyId,AcceptedDate,IsSecondaryCollision,OwnerBadge,IncidentStatus,InjurySeverityCde,KABCO_Code,KABCO,Environmental_Factors,Human_Factors,Vehicular_Factors,CollisionYear,CityCrash
9053,34682097,0510000,HENDERSON COUNTY SHERIFF DEPT.,Accepted,HENDERSON,US0041A,,GREEN,ST,N,,,,,,,37.84377562,-87.58572381,16.255,2025-04-23,2108,2,2,0,0,CLEAR,DRY,False,SIDESWIPE COLLISION - SAME DIRECTION,SIDESWIPE-SAME DIRECTION,STRAIGHT & LEVEL,DARK-HWY LIGHTED/ON,,,45772.47145,False,140,Accepted,5,5,O,,INATTENTION,,2025,1
9056,34692409,0510100,HENDERSON POLICE DEPARTMENT,Accepted,HENDERSON,,,4TH,ST,,,,,ALVASIA,,CLARK,37.83845933,-87.57977158,0.471,2025-04-21,1530,2,2,0,0,CLEAR,DRY,False,1 VEHICLE PARKED POSITION (NOT PARKING LOT/DRIVEWAY),BACKING,STRAIGHT & LEVEL,DAYLIGHT,,,45775.46749,False,34,Accepted,5,5,O,IMPROPERLY PARKED VEHICLE(S),"DISTRACTION, MISJUDGE CLEARANCE",,2025,1
9057,34692412,0510100,HENDERSON POLICE DEPARTMENT,Accepted,HENDERSON,US0041,12,US41,,,KY0812,AIRLINE,,,,,37.8162426,-87.56330064,1.829,2025-04-22,1706,1,1,0,0,CLEAR,DRY,False,OTHER INTERSECTION COLLISIONS,SINGLE VEHICLE,STRAIGHT & LEVEL,DAYLIGHT,,,45775.46756,False,23,Accepted,5,5,O,"CONSTRUCTION WORK ZONE, DEBRIS IN ROADWAY",,,2025,1
9058,34692414,0510100,HENDERSON POLICE DEPARTMENT,Accepted,HENDERSON,,,WASHINGTON,ST,,US0041A,GREEN,,,,,37.83637649,-87.59079675,1.204,2025-04-23,1238,2,2,0,0,CLEAR,DRY,True,OTHER INTERSECTION COLLISIONS,REAR END,STRAIGHT & LEVEL,DAYLIGHT,,,45775.46762,False,25,Accepted,5,5,O,,"FOLLOWING TOO CLOSE, INATTENTION",,2025,1
9059,34692415,0510100,HENDERSON POLICE DEPARTMENT,Accepted,HENDERSON,,965,FRONTIER,DR,,,,,,,,37.86677625,-87.55124537,0.148,2025-04-23,1724,1,1,0,0,CLEAR,DRY,False,OTHER ROADWAY OR MID-BLOCK COLLISION,SINGLE VEHICLE,STRAIGHT & HILLCREST,DAYLIGHT,,,45775.46767,False,23,Accepted,5,5,O,,INATTENTION,,2025,1
9060,34692498,0510100,HENDERSON POLICE DEPARTMENT,Accepted,HENDERSON,,330,ADAMS,ST,S,,,,,,,37.83189648,-87.5912939,0.351,2025-04-24,1339,2,2,0,0,CLEAR,DRY,True,1 VEHICLE PARKED POSITION (NOT PARKING LOT/DRIVEWAY),SIDESWIPE-SAME DIRECTION,STRAIGHT & LEVEL,UNKNOWN,,,45775.4845,False,49,Accepted,5,5,O,,,,2025,1
9061,34692499,0510100,HENDERSON POLICE DEPARTMENT,Accepted,HENDERSON,,,ELM,ST,S,,,,ELM,,RAGAN,37.82638375,-87.60275316,0.273,2025-04-25,1322,2,2,0,0,CLOUDY,DRY,False,1 VEHICLE PARKED POSITION (NOT PARKING LOT/DRIVEWAY),REAR END,STRAIGHT & LEVEL,DAYLIGHT,,,45775.48453,False,49,Accepted,5,5,O,,"FATIGUE, FELL ASLEEP",,2025,1
9062,34692500,0510100,HENDERSON POLICE DEPARTMENT,Accepted,HENDERSON,US0041A,,GREEN,ST,S,,CLAY,,,,,37.83401627,-87.59306271,15.464,2025-04-25,1547,2,2,0,0,CLEAR,WET,False,OTHER INTERSECTION COLLISIONS,REAR END,STRAIGHT & LEVEL,DAYLIGHT,,,45775.48457,False,49,Accepted,5,5,O,,INATTENTION,,2025,1
9063,34692501,0510100,HENDERSON POLICE DEPARTMENT,Accepted,HENDERSON,,,4TH,ST,,,,,,,,37.84143474,-87.58533991,0.284,2025-04-27,1044,1,1,0,0,CLEAR,DRY,False,OTHER ROADWAY OR MID-BLOCK COLLISION,SINGLE VEHICLE,STRAIGHT & LEVEL,DAYLIGHT,,,45775.4846,False,31,Accepted,5,5,O,OTHER,MISJUDGE CLEARANCE,,2025,1
9064,34693035,0510100,HENDERSON POLICE DEPARTMENT,Accepted,HENDERSON,US0060,,US60,,E,,,US0041,US41 W RAMP TO US41 N,US0041,US41 E RAMP TO US41 N,37.85809602,-87.57162704,10.38,2025-04-25,1606,2,2,0,1,CLOUDY,WET,False,OTHER ROADWAY OR MID-BLOCK COLLISION,REAR END,STRAIGHT & LEVEL,DAYLIGHT,,,45775.57724,False,67,Accepted,3,3,B,BACKUP DUE TO REGULAR CONGESTION,INATTENTION,,2025,1
9065,34693036,0510100,HENDERSON POLICE DEPARTMENT,Accepted,HENDERSON,US0041A,,GREEN,ST,N,,10TH,,,,,37.84940782,-87.58210033,16.69,2025-04-26,901,2,2,0,0,CLEAR,DRY,False,ANGLE COLLISION - OTHER,ANGLE,STRAIGHT & LEVEL,DAYLIGHT,,,45775.57728,False,31,Accepted,5,5,O,,INATTENTION,,2025,1
9066,34693037,0510100,HENDERSON POLICE DEPARTMENT,Accepted,HENDERSON,,,3RD,ST,,,MAIN,,,,,37.84205949,-87.59084075,0.092,2025-04-26,1027,2,2,0,0,CLEAR,DRY,False,ANGLE COLLISION - OTHER,ANGLE,STRAIGHT & LEVEL,DAYLIGHT,,,45775.57731,False,31,Accepted,5,5,O,,FAILED TO YIELD RIGHT OF WAY,,2025,1
9067,34693038,0510100,HENDERSON POLICE DEPARTMENT,Accepted,HENDERSON,,,MAIN,ST,S,,WASHINGTON,,,,,37.83802733,-87.59357897,2.1,2025-04-26,1143,2,2,0,0,CLEAR,DRY,False,VEHICLE BACKING IN INTERSECTION,BACKING,STRAIGHT & LEVEL,DAYLIGHT,,,45775.57735,False,31,Accepted,5,5,O,,INATTENTION,,2025,1
9068,34697482,0510100,HENDERSON POLICE DEPARTMENT,Accepted,HENDERSON,,,KLUTEY PARK PLAZA,DR,,,,,,,,37.83293554,-87.57116996,,2025-04-16,1642,2,2,0,0,CLEAR,DRY,False,OTHER ROADWAY OR MID-BLOCK COLLISION,OPPOSING LEFT TURN,STRAIGHT & LEVEL,DAYLIGHT,,,45776.47885,False,83,Accepted,5,5,O,,INATTENTION,,2025,1
9069,34697486,0510100,HENDERSON POLICE DEPARTMENT,Accepted,HENDERSON,US0041,,US41,,N,,,,,,,37.87580796,-87.56742729,,2025-04-22,1738,2,2,0,0,CLEAR,DRY,False,1 VEHICLE ENTERING OR LEAVING PARKED POSITION (NOT PARKING LOT),REAR END,STRAIGHT & LEVEL,DAYLIGHT,,,45776.479,False,83,Accepted,5,5,O,,INATTENTION,,2025,1
9070,34697487,0510100,HENDERSON POLICE DEPARTMENT,Accepted,HENDERSON,,,ELM,,,,,,,,,37.84707213,-87.58354943,,2025-04-14,1525,2,2,0,0,CLEAR,DRY,False,OTHER ROADWAY OR MID-BLOCK COLLISION,OPPOSING LEFT TURN,STRAIGHT & LEVEL,DAYLIGHT,,,45776.47903,False,83,Accepted,5,5,O,,INATTENTION,,2025,1
9071,34699739,0510100,HENDERSON POLICE DEPARTMENT,Accepted,HENDERSON,,,ADAMS,ST,N,,5TH,,,,,37.8422363,-87.58341089,0.466,2025-04-23,1939,2,2,0,0,CLEAR,DRY,False,ANGLE COLLISION - OTHER,ANGLE,STRAIGHT & LEVEL,DARK (UNKNOWN ROADWAY LIGHTING),,,45776.90059,False,30,Accepted,5,5,O,,ALCOHOL INVOLVEMENT,,2025,1
9072,34700386,0510100,HENDERSON POLICE DEPARTMENT,Accepted,HENDERSON,US0041A,,GREEN,ST,N,,6TH,,,,,37.84455433,-87.58517873,16.318,2025-04-25,2049,2,2,0,0,CLOUDY,WET,False,ANGLE COLLISION - OTHER,ANGLE,STRAIGHT & LEVEL,DARK-HWY LIGHTED/ON,,,45777.07974,False,44,Accepted,5,5,O,OTHER,,OTHER LIGHTING DEFECTIVE,2025,1
9073,34702457,0510100,HENDERSON POLICE DEPARTMENT,Accepted,HENDERSON,,,ADAMS,ST,,,POWELL,,,,,37.83369913,-87.58955726,,2025-04-17,1322,2,2,0,1,CLEAR,DRY,False,ANGLE COLLISION - OTHER,ANGLE,STRAIGHT & LEVEL,DAYLIGHT,,,45777.4869,False,83,Accepted,3,3,B,,INATTENTION,,2025,1
9074,34702458,0510100,HENDERSON POLICE DEPARTMENT,Accepted,HENDERSON,,,WATSON,LN,,,,,,,,37.86890358,-87.5576217,,2025-04-03,1149,2,2,0,0,CLEAR,DRY,False,1 VEHICLE ENTERING/LEAVING ENTRANCE,ANGLE,STRAIGHT & LEVEL,DAYLIGHT,,,45777.48696,False,83,Accepted,5,5,O,,INATTENTION,,2025,1
9075,34702760,0510100,HENDERSON POLICE DEPARTMENT,Accepted,HENDERSON,,,GREEN,ST,,,CRESTVIEW,,,,,37.8511973,-87.58090628,,2025-04-24,1236,2,2,0,0,CLEAR,DRY,False,SIDESWIPE-SAME DIRECTION,SIDESWIPE-SAME DIRECTION,STRAIGHT & LEVEL,DAYLIGHT,,,45777.54622,False,82,Accepted,5,5,O,,OTHER,,2025,1
9076,34703560,0510100,HENDERSON POLICE DEPARTMENT,Accepted,HENDERSON,,920,MADISON,ST,,,,,,,,37.82489369,-87.59038596,,2025-04-29,1438,1,1,0,0,CLEAR,DRY,False,COLLISION WITH FIXED OBJECT NON - INTERSECTION - FIRST EVENT COLLISION 09 - 32 EXCLUDING 16,SINGLE VEHICLE,STRAIGHT & LEVEL,DAYLIGHT,,,45777.67803,False,83,Accepted,5,5,O,,INATTENTION,BRAKES DEFECTIVE,2025,1
9077,34704870,0510100,HENDERSON POLICE DEPARTMENT,Accepted,HENDERSON,,,3RD,ST,,US0041A,GREEN,,,,,37.84076991,-87.58777341,0.284,2025-04-26,2132,2,2,0,0,CLEAR,DRY,False,OTHER INTERSECTION COLLISIONS,REAR END,STRAIGHT & LEVEL,DARK (UNKNOWN ROADWAY LIGHTING),,,45777.96046,False,30,Accepted,5,5,O,,INATTENTION,,2025,1
9078,34705258,0510100,HENDERSON POLICE DEPARTMENT,Accepted,HENDERSON,US0041A,721,GREEN,ST,N,,,,,,,37.84611724,-87.58416079,16.441,2025-04-26,2039,3,3,0,0,CLEAR,DRY,False,REAR END IN TRAFFIC LANES BOTH VEHICLES MOVING,REAR END,STRAIGHT & LEVEL,DARK-HWY LIGHTED/ON,,,45778.05917,False,29,Accepted,5,5,O,,"IMPROPER PASSING, INATTENTION",,2025,1
9079,34706527,0510100,HENDERSON POLICE DEPARTMENT,Accepted,HENDERSON,KY0351,,ZION,RD,,US0041,US41 RAMP FROM KY351,,,,,37.83092071,-87.56759737,1.279,2025-04-29,1556,2,2,0,0,RAINING,WET,False,ANGLE COLLISION - OTHER,ANGLE,CURVE & LEVEL,DAYLIGHT,,,45778.41317,False,64,Accepted,5,5,O,,OTHER,,2025,1
9083,34706887,0510100,HENDERSON POLICE DEPARTMENT,Accepted,HENDERSON,,503,7TH,ST,,,,,,,,37.84518572,-87.58305191,0.379,2025-01-06,1200,2,2,0,0,"SLEET, HAIL, FREEZING RAIN",ICE,True,1 VEHICLE PARKED POSITION (NOT PARKING LOT/DRIVEWAY),ANGLE,STRAIGHT & LEVEL,UNKNOWN,,,45778.48637,False,15,Accepted,5,5,O,SLIPPERY SURFACE,,,2025,1
9084,34706911,0510100,HENDERSON POLICE DEPARTMENT,Accepted,HENDERSON,US0041,,,,,,,,,,,37.85608729,-87.57579546,0.218,2025-04-21,1950,1,1,0,0,CLEAR,DRY,False,COLLISION WITH FIXED OBJECT NOT IN GORE ,SINGLE VEHICLE,CURVE & LEVEL,DARK-HWY LIGHTED/ON,US0041,US0060,45778.49096,False,44,Accepted,5,5,O,,INATTENTION,,2025,1
9085,34708606,0510100,HENDERSON POLICE DEPARTMENT,Accepted,HENDERSON,,,BARRETT,BLVD,,,US HWY 60,,,,,37.85891561,-87.5671821,,2025-04-28,1046,2,2,0,0,CLEAR,DRY,False,SIDESWIPE-SAME DIRECTION,SIDESWIPE-SAME DIRECTION,STRAIGHT & LEVEL,DAYLIGHT,,,45778.78085,False,82,Accepted,5,5,O,,OTHER,,2025,1
9086,34708608,0510100,HENDERSON POLICE DEPARTMENT,Accepted,HENDERSON,,2740,41 NORTH,HWY,,,,,,,,37.87670026,-87.56734122,,2025-04-28,1045,2,2,0,0,CLEAR,DRY,False,VEHICLE BACKING NON INTERSECTION,BACKING,STRAIGHT & LEVEL,DAYLIGHT,,,45778.7809,False,83,Accepted,5,5,O,,INATTENTION,,2025,1
9089,34722396,0510100,HENDERSON POLICE DEPARTMENT,Accepted,HENDERSON,US0041A,,GREEN,ST,S,KY0136,SAND,,,,,37.82375125,-87.60315147,14.522,2025-05-01,825,2,2,0,1,CLEAR,DRY,False,ANGLE COLLISION - OTHER,ANGLE,STRAIGHT & LEVEL,DAYLIGHT,,,45782.4848,False,47,Accepted,5,2,A,,"NOT UNDER PROPER CONTROL, OTHER",,2025,1
9090,34722397,0510100,HENDERSON POLICE DEPARTMENT,Accepted,HENDERSON,,,WASHINGTON,ST,,,,,KLUTEY,,MEADOW,37.83091604,-87.58190526,0.594,2025-05-04,1203,2,2,0,0,RAINING,WET,False,REAR END IN TRAFFIC LANES BOTH VEHICLES MOVING,REAR END,STRAIGHT & GRADE,DAYLIGHT,,,45782.48493,False,34,Accepted,5,5,O,SLIPPERY SURFACE,,,2025,1
9091,34722398,0510100,HENDERSON POLICE DEPARTMENT,Accepted,HENDERSON,US0041,,US41,,N,,,,BARKER,,PAUL,37.87257149,-87.56925263,17.2,2025-05-04,1450,3,3,0,2,RAINING,WET,False,OTHER ROADWAY OR MID-BLOCK COLLISION,REAR END,STRAIGHT & LEVEL,DAYLIGHT,,,45782.48496,False,67,Accepted,5,3,B,SLIPPERY SURFACE,INATTENTION,,2025,1
9097,34728379,0510100,HENDERSON POLICE DEPARTMENT,Accepted,HENDERSON,US0060,,US60,,E,,BARRET,,,,,37.85993495,-87.56779376,10.597,2025-04-25,1720,2,2,0,0,CLEAR,DRY,False,ANGLE COLLISION - OTHER,ANGLE,STRAIGHT & LEVEL,DAYLIGHT,,,45783.58523,False,17,Accepted,5,5,O,,INATTENTION,,2025,1
9098,34728380,0510100,HENDERSON POLICE DEPARTMENT,Accepted,HENDERSON,US0041,,US41,,N,,,,RACETRACK,,JOHN JAMES AUDUBON STATE,37.88207137,-87.56395409,17.907,2025-04-16,1516,3,3,0,5,CLEAR,DRY,False,HEAD-ON COLLISION,HEAD ON,STRAIGHT & LEVEL,DAYLIGHT,,,45783.58526,False,34,Accepted,5,3,B,,"LOST CONSCIOUSNESS/FAINTED, SICK",,2025,1
9099,34728391,0510100,HENDERSON POLICE DEPARTMENT,Accepted,HENDERSON,US0041,2907,US41,,N,,,,,,,37.87862747,-87.5658781,17.656,2025-05-04,1310,1,1,0,0,FOG WITH RAIN,WET,False,OTHER ROADWAY OR MID-BLOCK COLLISION,SINGLE VEHICLE,STRAIGHT & LEVEL,DAYLIGHT,,,45783.58952,False,44,Accepted,5,5,O,,,,2025,1
9100,34734590,0510100,HENDERSON POLICE DEPARTMENT,Accepted,HENDERSON,KY0351,,ZION,RD,,,,,,,,37.83020845,-87.56482581,1.436,2025-05-04,1229,2,2,0,0,FOG WITH RAIN,WET,False,SIDESWIPE COLLISION - SAME DIRECTION,SIDESWIPE-SAME DIRECTION,CURVE & LEVEL,DAYLIGHT,,,45784.56223,False,44,Accepted,5,5,O,,INATTENTION,,2025,1
9101,34741112,0510100,HENDERSON POLICE DEPARTMENT,Accepted,HENDERSON,US0041,2500,US41,HWY,N,,,,,,,37.87202261,-87.56967895,,2025-04-25,1701,2,2,0,0,CLEAR,DRY,False,SIDESWIPE COLLISION - SAME DIRECTION,SIDESWIPE-SAME DIRECTION,STRAIGHT & LEVEL,DAYLIGHT,,,45785.58284,False,83,Accepted,5,5,O,,INATTENTION,,2025,1
9102,34741113,0510100,HENDERSON POLICE DEPARTMENT,Accepted,HENDERSON,,2736,ST PATRICK,DR,,,,,,,,37.87725036,-87.56969725,,2025-04-25,1747,2,2,0,0,CLEAR,DRY,False,1 VEHICLE PARKED POSITION (NOT PARKING LOT/DRIVEWAY),BACKING,STRAIGHT & LEVEL,DAYLIGHT,,,45785.58289,False,83,Accepted,5,5,O,,INATTENTION,,2025,1
9103,34741114,0510100,HENDERSON POLICE DEPARTMENT,Accepted,HENDERSON,US0041,,US41,,N,,,,,,,37.87951007,-87.56538974,,2025-05-06,1437,2,2,0,0,CLEAR,DRY,False,1 VEHICLE ENTERING/LEAVING ENTRANCE,ANGLE,STRAIGHT & LEVEL,DAYLIGHT,,,45785.58293,False,83,Accepted,5,5,O,,INATTENTION,,2025,1
9104,34741115,0510100,HENDERSON POLICE DEPARTMENT,Accepted,HENDERSON,KY0351,,2ND,ST,,,,,,,,37.83350326,-87.57381781,,2025-05-07,848,2,2,0,0,CLEAR,DRY,False,SIDESWIPE COLLISION - SAME DIRECTION,SIDESWIPE-SAME DIRECTION,STRAIGHT & GRADE,DAYLIGHT,,,45785.58296,False,82,Accepted,5,5,O,,INATTENTION,OTHER,2025,1
9105,34741117,0510100,HENDERSON POLICE DEPARTMENT,Accepted,HENDERSON,,,ELM,ST,,,,,,,,37.84520793,-87.58683609,,2025-05-07,1204,2,2,0,1,CLEAR,DRY,False,1 VEHICLE ENTERING/LEAVING ENTRANCE,ANGLE,STRAIGHT & LEVEL,DAYLIGHT,,,45785.58305,False,83,Accepted,3,3,B,,INATTENTION,,2025,1
9106,34741379,0510100,HENDERSON POLICE DEPARTMENT,Accepted,HENDERSON,US0041A,1001,GREEN,ST,N,,,,,,,37.85022168,-87.58152404,16.765,2025-05-04,1522,2,2,0,1,FOG WITH RAIN,WET,False,1 VEHICLE ENTERING/LEAVING ENTRANCE,ANGLE,STRAIGHT & LEVEL,DAYLIGHT,,,45785.61702,False,44,Accepted,4,4,C,,INATTENTION,,2025,1
9108,34746314,0510100,HENDERSON POLICE DEPARTMENT,Accepted,HENDERSON,,,CLAY,ST,,,FAGAN,,,,,37.82973789,-87.58663848,,2025-05-02,656,2,2,0,0,CLEAR,DRY,False,ANGLE COLLISION - ONE VEHICLE TURNING LEFT,ANGLE,STRAIGHT & LEVEL,DAYLIGHT,,,45786.42855,False,82,Accepted,5,5,O,,OTHER,,2025,1
9109,34746315,0510100,HENDERSON POLICE DEPARTMENT,Accepted,HENDERSON,,,ELM,ST,,,BARKER,,,,,37.87248791,-87.57074086,,2025-05-02,759,2,2,0,0,CLEAR,DRY,False,ANGLE COLLISION - OTHER,ANGLE,STRAIGHT & LEVEL,DAYLIGHT,,,45786.4286,False,82,Accepted,5,5,O,,INATTENTION,,2025,1
9110,34746316,0510100,HENDERSON POLICE DEPARTMENT,Accepted,HENDERSON,,400,GREEN,ST,N,,,,,,,37.84188649,-87.58688703,,2025-05-02,1145,2,2,0,0,CLOUDY,DRY,False,REAR END IN TRAFFIC LANES BOTH VEHICLES MOVING,REAR END,STRAIGHT & LEVEL,DAYLIGHT,,,45786.42863,False,82,Accepted,5,5,O,BACKUP DUE TO REGULAR CONGESTION,OTHER,,2025,1
9111,34746317,0510100,HENDERSON POLICE DEPARTMENT,Accepted,HENDERSON,KY0351,,ZION,RD,,,,,,,,37.83107243,-87.56830466,,2025-05-02,1306,2,2,0,0,CLOUDY,WET,False,REAR END IN TRAFFIC LANES BOTH VEHICLES MOVING,REAR END,CURVE & LEVEL,DAYLIGHT,,,45786.42866,False,82,Accepted,5,5,O,"SLIPPERY SURFACE, OTHER","FOLLOWING TOO CLOSE, OTHER",OTHER,2025,1
9112,34746318,0510100,HENDERSON POLICE DEPARTMENT,Accepted,HENDERSON,KY0351,,2ND,ST,,,,,,,,37.83109814,-87.56777518,,2025-05-05,715,2,2,0,0,CLOUDY,WET,False,REAR END IN TRAFFIC LANES BOTH VEHICLES MOVING,REAR END,CURVE & LEVEL,DAYLIGHT,,,45786.4287,False,82,Accepted,5,5,O,BACKUP DUE TO REGULAR CONGESTION,INATTENTION,,2025,1
9113,34746320,0510100,HENDERSON POLICE DEPARTMENT,Accepted,HENDERSON,,1324,WASHINGTON,ST,,,,,,,,37.82868029,-87.57793466,,2025-05-05,1227,2,2,0,0,RAINING,WET,False,1 VEHICLE ENTERING/LEAVING ENTRANCE,ANGLE,STRAIGHT & HILLCREST,DAYLIGHT,,,45786.42876,False,82,Accepted,5,5,O,,OTHER,,2025,1
9114,34746321,0510100,HENDERSON POLICE DEPARTMENT,Accepted,HENDERSON,,936,GREEN,ST,N,,,,,,,37.84932968,-87.58211125,,2025-05-05,1308,1,1,0,0,CLOUDY,WET,False,COLLISION WITH FIXED OBJECT NON - INTERSECTION - FIRST EVENT COLLISION 09 - 32 EXCLUDING 16,SINGLE VEHICLE,STRAIGHT & HILLCREST,DAYLIGHT,,,45786.42879,False,82,Accepted,5,5,O,,,TIRE FAILURE,2025,1
9115,34746322,0510100,HENDERSON POLICE DEPARTMENT,Accepted,HENDERSON,,,WASHINGTON,ST,,,AKINSION,,,,,37.82800218,-87.57690324,,2025-05-06,1143,2,2,0,0,CLEAR,DRY,False,REAR END - ONE VEHICLE TURNING LEFT,REAR END,STRAIGHT & LEVEL,DAYLIGHT,,,45786.42881,False,83,Accepted,5,5,O,,,,2025,1
9116,34746323,0510100,HENDERSON POLICE DEPARTMENT,Accepted,HENDERSON,,,GREEN,ST,N,,9TH,,,,,37.84826407,-87.58277797,,2025-05-06,744,2,2,0,0,CLEAR,DRY,False,OTHER INTERSECTION COLLISIONS,REAR END,STRAIGHT & LEVEL,DAYLIGHT,,,45786.42884,False,82,Accepted,5,5,O,,OTHER,,2025,1
9117,34746575,0510100,HENDERSON POLICE DEPARTMENT,Accepted,HENDERSON,,,MERRITT,DR,,,6TH,,,,,37.84647642,-87.58999731,,2025-04-30,738,2,2,0,0,CLOUDY,DRY,False,ANGLE COLLISION - OTHER,ANGLE,STRAIGHT & LEVEL,DAYLIGHT,,,45786.4765,False,82,Accepted,5,5,O,,INATTENTION,,2025,1
9118,34746631,0510100,HENDERSON POLICE DEPARTMENT,Accepted,HENDERSON,US0041A,,GREEN,ST,S,,,,,,,37.82429698,-87.60260822,,2025-04-29,1438,2,2,0,0,CLOUDY,DRY,False,1 VEHICLE ENTERING/LEAVING ENTRANCE,ANGLE,STRAIGHT & LEVEL,DAYLIGHT,,,45786.4934,False,83,Accepted,5,5,O,,INATTENTION,,2025,1
9119,34746633,0510100,HENDERSON POLICE DEPARTMENT,Accepted,HENDERSON,KY0351,2500,ZION,RD,,,,,,,,37.82788124,-87.55609666,,2025-04-24,1547,2,2,0,0,CLEAR,DRY,False,OTHER ROADWAY OR MID-BLOCK COLLISION,OPPOSING LEFT TURN,STRAIGHT & LEVEL,DAYLIGHT,,,45786.49344,False,83,Accepted,5,5,O,,INATTENTION,,2025,1
9120,34760512,0510100,HENDERSON POLICE DEPARTMENT,Accepted,HENDERSON,,,14TH,ST,,,ADAMS,,,,,37.85309065,-87.57620494,0.269,2025-05-01,1518,2,2,0,0,CLEAR,DRY,False,HEAD-ON COLLISION,HEAD ON,STRAIGHT & HILLCREST,DAYLIGHT,,,45789.33454,False,15,Accepted,5,5,O,,MISJUDGE CLEARANCE,,2025,1
9121,34761938,0510100,HENDERSON POLICE DEPARTMENT,Accepted,HENDERSON,US0041,2746,US41,,N,,,,,,,37.87669045,-87.56695875,17.511,2025-05-11,1448,2,2,0,0,CLEAR,DRY,False,SIDESWIPE COLLISION - SAME DIRECTION,SIDESWIPE-SAME DIRECTION,STRAIGHT & LEVEL,DAYLIGHT,,,45789.46556,False,23,Accepted,5,5,O,,"FAILED TO YIELD RIGHT OF WAY, INATTENTION",MIRRORS,2025,1
9122,34761967,0510000,HENDERSON COUNTY SHERIFF DEPT.,Accepted,HENDERSON,,,INGRAM,ST,N,,4TH,,,,,37.84147951,-87.58523164,0.278,2025-05-09,1555,2,2,0,0,CLEAR,DRY,True,ANGLE COLLISION - OTHER,ANGLE,STRAIGHT & LEVEL,DAYLIGHT,,,45789.46902,False,120,Accepted,5,5,O,,"DISREGARD TRAFFIC CONTROL, NOT UNDER PROPER CONTROL",,2025,1
9124,34762047,0510100,HENDERSON POLICE DEPARTMENT,Accepted,HENDERSON,US0041A,,GREEN,ST,N,KY0351,2ND,,,,,37.83947539,-87.58847633,15.922,2025-05-10,715,2,2,0,0,CLEAR,DRY,False,ANGLE COLLISION - OTHER,ANGLE,STRAIGHT & LEVEL,DAYLIGHT,,,45789.48125,False,32,Accepted,5,5,O,,FAILED TO YIELD RIGHT OF WAY,,2025,1
9125,34762048,0510100,HENDERSON POLICE DEPARTMENT,Accepted,HENDERSON,US0041A,,GREEN,ST,S,,WASHINGTON,,,,,37.83630061,-87.59082633,15.665,2025-05-10,911,2,2,0,2,CLEAR,DRY,False,ANGLE COLLISION - OTHER,ANGLE,STRAIGHT & LEVEL,DAYLIGHT,,,45789.48129,False,32,Accepted,4,4,C,,DISREGARD TRAFFIC CONTROL,,2025,1
9126,34762050,0510100,HENDERSON POLICE DEPARTMENT,Accepted,HENDERSON,US0041,,,,,KY0351,ZION,,,,,37.83163526,-87.56692869,0.155,2025-05-10,1226,1,1,0,0,CLOUDY,DRY,False,COLLISION WITH FIXED OBJECT IN INTERSECTION - FIRST EVENT COLLISION 09 - 32,SINGLE VEHICLE,CURVE & HILLCREST,DAYLIGHT,,,45789.48138,False,25,Accepted,5,5,O,,"CELL PHONE, INATTENTION",,2025,1
9127,34762257,0510100,HENDERSON POLICE DEPARTMENT,Accepted,HENDERSON,,,WASHINGTON,ST,,,MEADOW,,,,,37.83090913,-87.58194241,0.596,2025-05-11,1330,2,1,0,0,CLEAR,DRY,True,ANGLE COLLISION - OTHER,ANGLE,STRAIGHT & LEVEL,DAYLIGHT,,,45789.46548,False,32,Accepted,5,5,O,,DISREGARD TRAFFIC CONTROL,,2025,1
9128,34762484,0510100,HENDERSON POLICE DEPARTMENT,Accepted,HENDERSON,KY2084,,KY2084 TURN LANE,,,KY0351,2ND,,,,,37.83135967,-87.56897194,0.017,2025-05-11,1042,2,2,0,0,CLEAR,DRY,True,SIDESWIPE-SAME DIRECTION,SIDESWIPE-SAME DIRECTION,CURVE & LEVEL,DAYLIGHT,,,45789.56275,False,25,Accepted,5,5,O,,INATTENTION,,2025,1
9129,34762563,0510100,HENDERSON POLICE DEPARTMENT,Accepted,HENDERSON,,,GREEN,,,,DURY,,,,,37.81406996,-87.61799215,,2025-05-08,1517,2,2,0,0,RAINING,WET,False,OTHER INTERSECTION COLLISIONS,REAR END,STRAIGHT & LEVEL,DAYLIGHT,,,45789.57528,False,83,Accepted,5,5,O,,INATTENTION,,2025,1
9131,34768992,0510100,HENDERSON POLICE DEPARTMENT,Accepted,HENDERSON,,,FRANKLIN,AVE,,KY0351,2ND,,,,,37.83164604,-87.57015848,0.005,2025-04-28,1846,2,1,0,1,CLEAR,DRY,True,COLLISION WITH PEDESTRIAN IN INTERSECTION,SINGLE VEHICLE,STRAIGHT & LEVEL,DAYLIGHT,,,45790.91137,False,33,Accepted,4,4,C,,DISREGARD TRAFFIC CONTROL,,2025,1