OBJECTID,IncidentID,AgencyORI,AgencyName,IncidentStatusDesc,County,RdwyNumber,Street,RoadwayName,StreetSfx,StreetDir,IntersectionRdwy,IntersectionRdwyName,BetweenStRdwy1,BetweenStRdwyName1,BetweenStRdwy2,BetweenStRdwyName2,Latitude,Longitude,Milepoint,CollisionDate,CollisionTime,UnitsInvolved,MotorVehiclesInvolved,NumberKilled,NumberInjured,Weather,RdwyConditionCode,HitandRun,DirAnalysisCode,MannerofCollision,RdwyCharacter,LightCondition,RampFromRdwyId,RampToRdwyId,AcceptedDate,IsSecondaryCollision,OwnerBadge,IncidentStatus,InjurySeverityCde,KABCO_Code,KABCO,Environmental_Factors,Human_Factors,Vehicular_Factors,CollisionYear,CityCrash
9132,34769595,0510100,HENDERSON POLICE DEPARTMENT,Accepted,HENDERSON,US0060,,US60,,E,,KILLIECRANKIE,,,,,37.86248729,-87.5621676,10.961,2025-05-03,2010,2,2,0,0,RAINING,WET,False,OTHER INTERSECTION COLLISIONS,REAR END,STRAIGHT & LEVEL,DARK (UNKNOWN ROADWAY LIGHTING),,,45791.07434,False,16,Accepted,5,5,O,SLIPPERY SURFACE,INATTENTION,TIRES,2025,1
9133,34769745,0510100,HENDERSON POLICE DEPARTMENT,Accepted,HENDERSON,US0041,15,US41,,N,,,,,,,37.84321474,-87.56555747,14.983,2025-05-04,1846,1,1,0,0,CLOUDY,WET,False,OTHER ROADWAY OR MID-BLOCK COLLISION,SINGLE VEHICLE,CURVE & LEVEL,DARK-HWY LIGHTED/ON,,,45791.1161,False,27,Accepted,5,5,O,SLIPPERY SURFACE,NOT UNDER PROPER CONTROL,TIRES,2025,1
9134,34769751,0510100,HENDERSON POLICE DEPARTMENT,Accepted,HENDERSON,US0041A,,GREEN,ST,N,,4TH,,,,,37.84204736,-87.5868042,16.122,2025-05-05,2132,1,1,0,0,CLEAR,WET,False,OTHER INTERSECTION COLLISIONS,SINGLE VEHICLE,STRAIGHT & LEVEL,DARK-HWY LIGHTED/ON,,,45791.11796,False,61,Accepted,5,5,O,,,,2025,1
9136,34772101,0510100,HENDERSON POLICE DEPARTMENT,Accepted,HENDERSON,,,1ST,ST,,,CLARK,,,,,37.83410171,-87.57893425,,2025-05-12,701,2,2,0,0,CLOUDY,WET,False,ANGLE COLLISION - OTHER,ANGLE,STRAIGHT & LEVEL,DAYLIGHT,,,45791.6604,False,82,Accepted,5,5,O,,INATTENTION,,2025,1
9137,34772102,0510100,HENDERSON POLICE DEPARTMENT,Accepted,HENDERSON,,,US HWY 41,,,,BARRET,,,,,37.86433368,-87.57373268,,2025-05-12,1004,2,2,0,0,CLOUDY,WET,False,ANGLE COLLISION - ONE VEHICLE TURNING LEFT,ANGLE,STRAIGHT & LEVEL,DAYLIGHT,,,45791.66043,False,82,Accepted,5,5,O,BACKUP DUE TO REGULAR CONGESTION,INATTENTION,,2025,1
9142,34775962,0510100,HENDERSON POLICE DEPARTMENT,Accepted,HENDERSON,,,BARRET,BLVD,,US0041,US41,,,,,37.86434737,-87.57368016,0.898,2025-05-13,649,2,2,0,0,CLOUDY,DRY,False,SIDESWIPE-SAME DIRECTION,SIDESWIPE-SAME DIRECTION,STRAIGHT & LEVEL,DAYLIGHT,,,45792.4667,False,67,Accepted,5,5,O,,INATTENTION,,2025,1
9143,34775965,0510100,HENDERSON POLICE DEPARTMENT,Accepted,HENDERSON,US0060,,GREEN,ST,S,,COMMUNITY,,,,,37.80375963,-87.63749357,9.323,2025-05-13,1333,2,2,0,0,CLEAR,DRY,False,OTHER INTERSECTION COLLISIONS,REAR END,STRAIGHT & LEVEL,DAYLIGHT,,,45792.46683,False,49,Accepted,5,5,O,,INATTENTION,,2025,1
9144,34775966,0510100,HENDERSON POLICE DEPARTMENT,Accepted,HENDERSON,,,WATSON,LN,,,,,WILLOW,,SUNSET,37.87620508,-87.571632,1.314,2025-05-13,1436,1,1,0,1,CLOUDY,DRY,False,COLLISION WITH FIXED OBJECT NON - INTERSECTION - FIRST EVENT COLLISION 09 - 32 EXCLUDING 16,SINGLE VEHICLE,STRAIGHT & LEVEL,DAYLIGHT,,,45792.46686,False,67,Accepted,5,3,B,,INATTENTION,,2025,1
9145,34775968,0510100,HENDERSON POLICE DEPARTMENT,Accepted,HENDERSON,,,COMMONWEALTH,DR,,KY0136,SAND,,,,,37.8207292,-87.5902145,0.002,2025-05-14,642,2,2,0,0,CLEAR,DRY,False,ANGLE COLLISION - ONE VEHICLE TURNING LEFT,ANGLE,STRAIGHT & LEVEL,DAYLIGHT,,,45792.46691,False,44,Accepted,5,5,O,GLARE (SUN),,,2025,1
9146,34776051,0510100,HENDERSON POLICE DEPARTMENT,Accepted,HENDERSON,US0041,,US41,,N,,,,BARKER,,PAUL,37.87246691,-87.56926319,17.194,2025-04-16,900,2,2,0,0,CLEAR,DRY,False,REAR END IN TRAFFIC LANES BOTH VEHICLES MOVING,REAR END,STRAIGHT & LEVEL,DAYLIGHT,,,45792.47947,False,34,Accepted,5,5,O,,INATTENTION,,2025,1
9147,34778686,0510100,HENDERSON POLICE DEPARTMENT,Accepted,HENDERSON,,704,LETCHER,ST,,,,,,,,37.82355799,-87.58217038,0.416,2025-05-06,2346,2,2,0,0,CLEAR,DRY,True,1 VEHICLE PARKED POSITION (NOT PARKING LOT/DRIVEWAY),HEAD ON,STRAIGHT & LEVEL,DARK-HWY LIGHTED/ON,,,45792.92956,False,33,Accepted,5,5,O,,ALCOHOL INVOLVEMENT,,2025,1
9148,34789444,0510100,HENDERSON POLICE DEPARTMENT,Accepted,HENDERSON,US0041A,,GREEN,ST,N,,12TH,,,,,37.85197883,-87.58038274,16.905,2025-05-05,1514,2,2,0,0,CLOUDY,DRY,False,OTHER INTERSECTION COLLISIONS,REAR END,STRAIGHT & LEVEL,DAYLIGHT,,,45796.28758,False,34,Accepted,5,5,O,,INATTENTION,,2025,1
9149,34790231,0510100,HENDERSON POLICE DEPARTMENT,Accepted,HENDERSON,KY0351,,ZION,RD,,,,,,,,37.83019994,-87.56479906,1.438,2025-05-09,719,2,2,0,0,CLEAR,DRY,True,REAR END IN TRAFFIC LANES BOTH VEHICLES MOVING,REAR END,CURVE & LEVEL,DAYLIGHT,,,45796.41812,False,44,Accepted,5,5,O,,INATTENTION,,2025,1
9151,34790319,0510100,HENDERSON POLICE DEPARTMENT,Accepted,HENDERSON,US0041A,,US41 ALT,,,,RICHARDSON,,,,,37.85559878,-87.57639429,17.237,2025-05-17,1025,2,2,0,0,CLEAR,DRY,False,SIDESWIPE-SAME DIRECTION,SIDESWIPE-SAME DIRECTION,STRAIGHT & LEVEL,DAYLIGHT,,,45796.42808,False,44,Accepted,5,5,O,,INATTENTION,,2025,1
9152,34790493,0510100,HENDERSON POLICE DEPARTMENT,Accepted,HENDERSON,,238,MAIN,ST,N,,,,,,,37.84126118,-87.59135874,0.14,2025-05-09,2216,2,2,0,0,CLEAR,DRY,True,1 VEHICLE PARKED POSITION (NOT PARKING LOT/DRIVEWAY),REAR END,STRAIGHT & LEVEL,DARK-HWY LIGHTED/ON,,,45796.45048,False,61,Accepted,5,5,O,,,,2025,1
9153,34790495,0510100,HENDERSON POLICE DEPARTMENT,Accepted,HENDERSON,,,WASHINGTON,ST,,,MEADOW,,,,,37.8308955,-87.58194789,0.597,2025-05-09,2226,2,2,0,1,CLEAR,DRY,False,ANGLE COLLISION - OTHER,ANGLE,STRAIGHT & LEVEL,DARK-HWY LIGHTED/ON,,,45796.45051,False,65,Accepted,5,4,C,,"FAILED TO YIELD RIGHT OF WAY, INATTENTION",,2025,1
9154,34791587,0510100,HENDERSON POLICE DEPARTMENT,Accepted,HENDERSON,US0041A,721,GREEN,ST,N,,,,,,,37.84608076,-87.58440524,16.434,2025-05-10,1939,2,2,0,0,CLEAR,DRY,False,SIDESWIPE COLLISION - SAME DIRECTION,SIDESWIPE-SAME DIRECTION,CURVE & LEVEL,DAYLIGHT,,,45796.63384,False,29,Accepted,5,5,O,,INATTENTION,,2025,1
9155,34800294,0510100,HENDERSON POLICE DEPARTMENT,Accepted,HENDERSON,KY0136,,SAND,LN,,,,,,,,37.82289371,-87.60192821,19.637,2025-05-19,1404,2,2,0,0,CLEAR,DRY,False,SIDESWIPE COLLISION - SAME DIRECTION,SIDESWIPE-SAME DIRECTION,STRAIGHT & LEVEL,DAYLIGHT,,,45798.64118,False,49,Accepted,5,5,O,,FAILED TO KEEP PROPER LANE,,2025,1
9156,34800297,0510100,HENDERSON POLICE DEPARTMENT,Accepted,HENDERSON,US0041A,,GREEN,ST,N,,CRESTVIEW,,,,,37.85101357,-87.58104797,16.827,2025-05-17,1217,2,2,0,0,CLEAR,DRY,False,SIDESWIPE-SAME DIRECTION,SIDESWIPE-SAME DIRECTION,STRAIGHT & LEVEL,DAYLIGHT,,,45798.64121,False,17,Accepted,5,5,O,,INATTENTION,,2025,1
9157,34800299,0510100,HENDERSON POLICE DEPARTMENT,Accepted,HENDERSON,,2021,ELM,ST,N,,VILLA,,,,,37.86709603,-87.57506378,2.209,2025-05-20,1729,1,1,0,0,CLEAR,DRY,False,COLLISION WITH FIXED OBJECT IN INTERSECTION - FIRST EVENT COLLISION 09 - 32,SINGLE VEHICLE,CURVE & LEVEL,DAYLIGHT,,,45798.64135,False,23,Accepted,5,5,O,,DRUG INVOLVEMENT,,2025,1
9158,34801830,0510100,HENDERSON POLICE DEPARTMENT,Accepted,HENDERSON,US0060,,GREEN,ST,S,,COMMUNITY,,,,,37.80376484,-87.63755353,9.324,2025-05-06,2247,3,3,0,3,CLOUDY,DRY,False,HEAD-ON COLLISION,HEAD ON,STRAIGHT & GRADE,DARK-HWY LIGHTED/ON,,,45798.91741,False,58,Accepted,4,4,C,,DRUG INVOLVEMENT,,2025,1
9160,34806674,0510100,HENDERSON POLICE DEPARTMENT,Accepted,HENDERSON,US0041,,US41,,N,,,,,,,37.8663626,-87.57296573,16.731,2025-05-10,2239,2,2,0,0,CLEAR,DRY,False,1 VEHICLE ENTERING/LEAVING ENTRANCE,ANGLE,STRAIGHT & GRADE,DARK-HWY LIGHTED/ON,,,45799.961,False,29,Accepted,5,5,O,,INATTENTION,,2025,1
9161,34807285,0510100,HENDERSON POLICE DEPARTMENT,Accepted,HENDERSON,US0041A,1500,GREEN,ST,N,,,,,,,37.85538704,-87.57690489,17.217,2025-05-12,1914,2,2,0,0,CLOUDY,DRY,False,SIDESWIPE COLLISION - SAME DIRECTION,SIDESWIPE-SAME DIRECTION,CURVE & LEVEL,DAYLIGHT,,,45800.12177,False,30,Accepted,5,5,O,,FAILED TO KEEP PROPER LANE,,2025,1
9162,34808193,0510100,HENDERSON POLICE DEPARTMENT,Accepted,HENDERSON,US0041A,,GREEN,ST,N,,HERRON,,,,,37.85479616,-87.5777935,17.149,2025-05-22,1532,3,3,0,1,CLEAR,DRY,False,OTHER INTERSECTION COLLISIONS,REAR END,STRAIGHT & LEVEL,DAYLIGHT,,,45800.39148,False,34,Accepted,4,4,C,,INATTENTION,,2025,1
9163,34809907,0510100,HENDERSON POLICE DEPARTMENT,Accepted,HENDERSON,,208,ADAMS,ST,S,,,,,,,37.83359681,-87.58964766,,2025-05-16,1036,2,2,0,0,CLEAR,DRY,False,VEHICLE BACKING NON INTERSECTION,BACKING,STRAIGHT & LEVEL,DAYLIGHT,,,45800.77053,False,82,Accepted,5,5,O,,INATTENTION,,2025,1
9164,34809908,0510100,HENDERSON POLICE DEPARTMENT,Accepted,HENDERSON,US0060,,US60,HWY,E,,BARRET,,,,,37.85971551,-87.56793128,,2025-05-14,1738,2,2,0,0,CLEAR,DRY,False,OTHER INTERSECTION COLLISIONS,REAR END,STRAIGHT & LEVEL,DAYLIGHT,,,45800.77057,False,83,Accepted,5,5,O,,INATTENTION,,2025,1
9165,34809909,0510100,HENDERSON POLICE DEPARTMENT,Accepted,HENDERSON,US0041A,,GREEN,ST,S,,,,,,,37.81840923,-87.61126268,,2025-05-15,1445,2,2,0,0,CLEAR,DRY,False,1 VEHICLE ENTERING/LEAVING ENTRANCE,ANGLE,STRAIGHT & LEVEL,DAYLIGHT,,,45800.7706,False,83,Accepted,5,5,O,,INATTENTION,,2025,1
9166,34809910,0510100,HENDERSON POLICE DEPARTMENT,Accepted,HENDERSON,KY0351,,ZION,RD,,,,,,,,37.83023632,-87.56433027,,2025-05-15,1539,3,3,0,0,CLEAR,DRY,False,OTHER ROADWAY OR MID-BLOCK COLLISION,REAR END,STRAIGHT & LEVEL,DAYLIGHT,,,45800.77064,False,83,Accepted,5,5,O,,INATTENTION,,2025,1
9167,34809914,0510100,HENDERSON POLICE DEPARTMENT,Accepted,HENDERSON,,,1ST,ST,,,,,,,,37.83996599,-87.59389283,,2025-05-16,1525,2,2,0,0,CLEAR,DRY,False,VEHICLE BACKING NON INTERSECTION,BACKING,STRAIGHT & LEVEL,DAYLIGHT,,,45800.77077,False,83,Accepted,5,5,O,,INATTENTION,,2025,1
9168,34809915,0510100,HENDERSON POLICE DEPARTMENT,Accepted,HENDERSON,US0041,,US41,,N,,,,,,,37.86924249,-87.57103422,,2025-05-19,1553,2,2,0,0,CLEAR,DRY,False,1 VEHICLE ENTERING/LEAVING ENTRANCE,ANGLE,STRAIGHT & LEVEL,DAYLIGHT,,,45800.77079,False,83,Accepted,5,5,O,,INATTENTION,,2025,1
9169,34810127,0510100,HENDERSON POLICE DEPARTMENT,Accepted,HENDERSON,,,GREEN,ST,,,14TH,,,,,37.85404518,-87.57882459,,2025-05-14,1602,2,2,0,0,CLEAR,DRY,False,ANGLE COLLISION - OTHER,ANGLE,STRAIGHT & LEVEL,DAYLIGHT,,,45800.83122,False,83,Accepted,5,5,O,,INATTENTION,,2025,1
9170,34810129,0510100,HENDERSON POLICE DEPARTMENT,Accepted,HENDERSON,,,BARRET,BLVD,,,41,,,,,37.8643017,-87.5735972,,2025-05-15,1653,2,2,0,0,CLEAR,DRY,False,ANGLE COLLISION - ONE VEHICLE TURNING RIGHT,ANGLE,STRAIGHT & LEVEL,DAYLIGHT,,,45800.83127,False,83,Accepted,5,5,O,,INATTENTION,,2025,1
9171,34810130,0510100,HENDERSON POLICE DEPARTMENT,Accepted,HENDERSON,,,GREEN,ST,,,RAGAN,,,,,37.82545219,-87.6014322,,2025-05-12,1804,2,2,0,0,CLEAR,DRY,False,ANGLE COLLISION - OTHER,ANGLE,STRAIGHT & LEVEL,DAYLIGHT,,,45800.8313,False,83,Accepted,5,5,O,,,TIRE FAILURE,2025,1
9172,34810131,0510100,HENDERSON POLICE DEPARTMENT,Accepted,HENDERSON,,,ELM,ST,N,,,,,,,37.84819646,-87.58496637,,2025-05-07,1717,2,2,0,0,CLEAR,DRY,False,1 VEHICLE PARKED POSITION (NOT PARKING LOT/DRIVEWAY),SIDESWIPE-SAME DIRECTION,STRAIGHT & LEVEL,DAYLIGHT,,,45800.83133,False,83,Accepted,5,5,O,,INATTENTION,,2025,1
9173,34810134,0510100,HENDERSON POLICE DEPARTMENT,Accepted,HENDERSON,,1213,WASHINGTON,ST,,,,,,,,37.8296029,-87.57970502,,2025-05-22,1205,2,2,0,0,CLEAR,DRY,False,SIDESWIPE COLLISION - OPPOSITE DIRECTION,SIDESWIPE-OPPOSITE DIRECTION,STRAIGHT & LEVEL,DAYLIGHT,,,45800.83139,False,82,Accepted,5,5,O,,MISJUDGE CLEARANCE,,2025,1
9174,34810137,0510100,HENDERSON POLICE DEPARTMENT,Accepted,HENDERSON,US0041,,US41,,N,,,,,,,37.87850359,-87.56611725,,2025-05-19,1651,2,2,0,0,CLEAR,DRY,False,1 VEHICLE ENTERING/LEAVING ENTRANCE,ANGLE,STRAIGHT & LEVEL,DAYLIGHT,,,45800.83146,False,83,Accepted,5,5,O,,INATTENTION,,2025,1
9175,34811095,0510100,HENDERSON POLICE DEPARTMENT,Accepted,HENDERSON,US0041,,US41,,N,,,,,,,37.86351183,-87.5743335,16.517,2025-05-16,532,2,2,0,0,CLOUDY,WET,False,SIDESWIPE COLLISION - SAME DIRECTION,SIDESWIPE-SAME DIRECTION,STRAIGHT & LEVEL,DAWN,,,45801.06595,False,43,Accepted,5,5,O,,INATTENTION,,2025,1
9176,34811363,0510100,HENDERSON POLICE DEPARTMENT,Accepted,HENDERSON,US0041,,US41,,N,,,,,,,37.87457268,-87.56816395,17.352,2025-05-17,1938,2,2,0,0,CLEAR,DRY,False,REAR END IN TRAFFIC LANES BOTH VEHICLES MOVING,REAR END,STRAIGHT & LEVEL,DUSK,,,45801.13391,False,42,Accepted,5,5,O,,,,2025,1
9177,34811365,0510100,HENDERSON POLICE DEPARTMENT,Accepted,HENDERSON,,622,GRAVES,DR,,,,,,,,37.79683423,-87.64087966,0.06,2025-05-17,2248,2,2,0,0,CLEAR,DRY,False,1 VEHICLE PARKED POSITION (NOT PARKING LOT/DRIVEWAY),BACKING,STRAIGHT & LEVEL,DARK-HWY LIGHTED/ON,,,45801.13399,False,61,Accepted,5,5,O,,INATTENTION,,2025,1
9178,34818026,0510100,HENDERSON POLICE DEPARTMENT,Accepted,HENDERSON,US0041A,,GREEN,ST,N,,2ND,,,,,37.8394983,-87.58835147,15.917,2025-05-24,756,2,2,0,0,CLEAR,DRY,False,ANGLE COLLISION - OTHER,ANGLE,STRAIGHT & LEVEL,DAYLIGHT,,,45803.37541,False,23,Accepted,5,5,O,,"DISREGARD TRAFFIC CONTROL, INATTENTION",,2025,1
9179,34818139,0510100,HENDERSON POLICE DEPARTMENT,Accepted,HENDERSON,,,BARRET,BLVD,,,SONIC,,,,,37.85889809,-87.56715182,,2025-05-23,1420,2,2,0,1,CLEAR,DRY,False,ANGLE COLLISION - OTHER,ANGLE,STRAIGHT & LEVEL,DAYLIGHT,,,45803.4154,False,83,Accepted,5,3,B,,INATTENTION,,2025,1
9180,34822354,0510000,HENDERSON COUNTY SHERIFF DEPT.,Accepted,HENDERSON,AU9005,,AU9005 W,,,,,,,,,37.81014642,-87.55814046,0.296,2025-05-24,2155,2,2,0,2,CLEAR,DRY,False,REAR END IN TRAFFIC LANES BOTH VEHICLES MOVING,REAR END,STRAIGHT & GRADE,DARK-HWY LIGHTED/ON,,,45804.41739,False,133,Accepted,3,3,B,,"INATTENTION, DISTRACTION",,2025,1
9181,34825261,0510100,HENDERSON POLICE DEPARTMENT,Accepted,HENDERSON,,,BARRET,BLVD,,US0060,US60,,,,,37.85981937,-87.56776166,0.343,2025-05-16,2206,2,2,0,0,CLOUDY,WET,False,SIDESWIPE-SAME DIRECTION,SIDESWIPE-SAME DIRECTION,CURVE & HILLCREST,DARK (UNKNOWN ROADWAY LIGHTING),,,45804.99491,False,30,Accepted,5,5,O,,"INATTENTION, TURNING IMPROPERLY",,2025,1
9182,34825428,0510100,HENDERSON POLICE DEPARTMENT,Accepted,HENDERSON,,896,CLAYMARK,WAY,,,,,,,,37.8649557,-87.56365899,0.012,2025-05-20,2028,1,1,0,1,CLEAR,DRY,False,COLLISION WITH FIXED OBJECT NON - INTERSECTION - FIRST EVENT COLLISION 09 - 32 EXCLUDING 16,SINGLE VEHICLE,STRAIGHT & LEVEL,DARK-HWY LIGHTED/ON,,,45805.03011,False,43,Accepted,5,3,B,,NOT UNDER PROPER CONTROL,,2025,1
9185,34827951,0510100,HENDERSON POLICE DEPARTMENT,Accepted,HENDERSON,US0041,,US41,,N,,WATSON,,,,,37.87545097,-87.56778149,17.415,2025-05-25,1535,1,1,0,0,RAINING,WET,False,OTHER INTERSECTION COLLISIONS,SINGLE VEHICLE,STRAIGHT & LEVEL,DAYLIGHT,,,45805.59878,False,32,Accepted,5,5,O,SLIPPERY SURFACE,NOT UNDER PROPER CONTROL,,2025,1
9186,34827952,0510100,HENDERSON POLICE DEPARTMENT,Accepted,HENDERSON,,640,SHORT SEVENTH,ST,,,,,,,,37.84335127,-87.58085261,0.155,2025-05-22,300,1,1,0,0,CLEAR,DRY,False,COLLISION WITH FIXED OBJECT NON - INTERSECTION - FIRST EVENT COLLISION 09 - 32 EXCLUDING 16,SINGLE VEHICLE,STRAIGHT & LEVEL,DARK (UNKNOWN ROADWAY LIGHTING),,,45805.59886,False,34,Accepted,5,5,O,,"IMPROPER BACKING, MISJUDGE CLEARANCE",,2025,1
9188,34828418,0510100,HENDERSON POLICE DEPARTMENT,Accepted,HENDERSON,US0041,,41,HWY,N,,,,,,,37.85903262,-87.57520576,0.005,2025-05-07,1741,2,2,0,0,CLEAR,DRY,False,OTHER RAMP RELATED COLLISIONS NOT LISTED ABOVE,ANGLE,STRAIGHT & LEVEL,DAYLIGHT,US0041,US0060,45805.66307,False,83,Accepted,5,5,O,,INATTENTION,,2025,1
9189,34830460,0510100,HENDERSON POLICE DEPARTMENT,Accepted,HENDERSON,US0041A,,GREEN,ST,N,,5TH,,,,,37.84330833,-87.58597808,16.217,2025-05-22,1749,2,2,0,0,CLEAR,DRY,False,ANGLE COLLISION - OTHER,ANGLE,STRAIGHT & LEVEL,DARK-HWY LIGHTED/ON,,,45806.04086,False,61,Accepted,5,5,O,,DISREGARD TRAFFIC CONTROL,,2025,1
9190,34830461,0510100,HENDERSON POLICE DEPARTMENT,Accepted,HENDERSON,,,CENTER,ST,,,INGRAM,,,,,37.83650623,-87.58854099,0.75,2025-05-22,2204,2,2,0,0,CLEAR,DRY,False,ANGLE COLLISION - OTHER,ANGLE,STRAIGHT & LEVEL,DARK-HWY LIGHTED/ON,,,45806.04091,False,61,Accepted,5,5,O,,INATTENTION,,2025,1
9191,34831738,0510000,HENDERSON COUNTY SHERIFF DEPT.,Accepted,HENDERSON,US0041,,,,,,,,,,,37.83074773,-87.56488292,0.045,2025-05-28,2304,1,1,0,0,CLEAR,DRY,False,OTHER RAMP RELATED COLLISIONS NOT LISTED ABOVE,SINGLE VEHICLE,CURVE & GRADE,DARK-HWY LIGHTED/ON,KY0351,US0041,45806.39946,False,133,Accepted,5,5,O,ANIMALS ACTION,,,2025,1
9192,34831817,0510100,HENDERSON POLICE DEPARTMENT,Accepted,HENDERSON,KY0351,2000,ZION,RD,,,,,,,,37.83039783,-87.56502692,1.405,2025-05-21,1209,2,2,0,0,CLEAR,DRY,False,1 VEHICLE ENTERING/LEAVING ENTRANCE,ANGLE,CURVE & LEVEL,DAYLIGHT,,,45806.41158,False,64,Accepted,5,5,O,,INATTENTION,,2025,1
9193,34831818,0510100,HENDERSON POLICE DEPARTMENT,Accepted,HENDERSON,US0041A,100,GREEN,ST,N,,,,,,,37.83873369,-87.58898466,15.865,2025-05-28,1321,1,1,0,1,CLEAR,DRY,False,COLLISION WITH FIXED OBJECT NON - INTERSECTION - FIRST EVENT COLLISION 09 - 32 EXCLUDING 16,SINGLE VEHICLE,STRAIGHT & LEVEL,DAYLIGHT,,,45806.41163,False,64,Accepted,5,4,C,,LOST CONSCIOUSNESS/FAINTED,,2025,1
9194,34831942,0510100,HENDERSON POLICE DEPARTMENT,Accepted,HENDERSON,US0041A,,GREEN,ST,N,,,,,,,37.84206986,-87.58676554,,2025-05-27,1139,2,2,0,0,CLEAR,DRY,False,1 VEHICLE ENTERING/LEAVING ENTRANCE,ANGLE,STRAIGHT & LEVEL,DAYLIGHT,,,45806.43531,False,83,Accepted,5,5,O,,INATTENTION,,2025,1
9195,34831943,0510100,HENDERSON POLICE DEPARTMENT,Accepted,HENDERSON,KY2084,,KY2084,,,KY2098,WASHINGTON,,,,,37.8244429,-87.56820717,0.071,2025-05-28,733,2,2,0,0,RAINING,WET,False,REAR END - ONE VEHICLE TURNING LEFT,REAR END,STRAIGHT & LEVEL,DAYLIGHT,,,45806.43535,False,38,Accepted,5,5,O,SLIPPERY SURFACE,INATTENTION,,2025,1
9196,34835270,0510100,HENDERSON POLICE DEPARTMENT,Accepted,HENDERSON,US0041,2700,US41,,N,,,,,,,37.87561853,-87.56753198,17.431,2025-05-26,1741,1,1,0,0,CLOUDY,WET,False,COLLISION WITH FIXED OBJECT NON - INTERSECTION - FIRST EVENT COLLISION 09 - 32 EXCLUDING 16,SINGLE VEHICLE,STRAIGHT & LEVEL,DAYLIGHT,,,45807.03956,False,30,Accepted,5,5,O,,INATTENTION,,2025,1
9197,34835271,0510100,HENDERSON POLICE DEPARTMENT,Accepted,HENDERSON,,400,1ST,ST,,,,,,,,37.83781573,-87.58824909,0.355,2025-05-27,51,1,1,0,0,CLOUDY,DRY,False,OTHER ROADWAY OR MID-BLOCK COLLISION,SINGLE VEHICLE,STRAIGHT & LEVEL,DARK (UNKNOWN ROADWAY LIGHTING),,,45807.03961,False,30,Accepted,5,5,O,HOLES/DEEP RUTS/BUMPS,,,2025,1
9198,34839300,0510100,HENDERSON POLICE DEPARTMENT,Accepted,HENDERSON,US0041,2800,US41,,N,,,,,,,37.87818091,-87.56624808,17.62,2025-05-30,404,1,1,0,0,RAINING,WET,False,OTHER ROADWAY OR MID-BLOCK COLLISION,SINGLE VEHICLE,STRAIGHT & LEVEL,DARK (UNKNOWN ROADWAY LIGHTING),,,45808.06176,False,30,Accepted,5,5,O,SLIPPERY SURFACE,NOT UNDER PROPER CONTROL,,2025,1
9199,34846716,0510100,HENDERSON POLICE DEPARTMENT,Accepted,HENDERSON,,1196,5TH,ST,,,,,,,,37.83808951,-87.57309754,0.162,2025-05-07,1022,1,1,0,1,CLOUDY,DRY,False,OTHER ROADWAY OR MID-BLOCK COLLISION,SINGLE VEHICLE,STRAIGHT & LEVEL,DAYLIGHT,,,45810.38432,False,32,Accepted,5,3,B,,DRUG INVOLVEMENT,,2025,1
9200,34846717,0510100,HENDERSON POLICE DEPARTMENT,Accepted,HENDERSON,KY0351,,ZION,RD,,,,,,,,37.8301432,-87.56404744,,2025-05-16,1446,2,2,0,0,CLEAR,DRY,False,REAR END IN TRAFFIC LANES BOTH VEHICLES MOVING,REAR END,STRAIGHT & LEVEL,DAYLIGHT,,,45810.3844,False,83,Accepted,5,5,O,,INATTENTION,,2025,1
9201,34846718,0510100,HENDERSON POLICE DEPARTMENT,Accepted,HENDERSON,,,WASHINGTON,ST,,,JULIA,,,,,37.83168425,-87.58334011,0.691,2025-05-29,1640,2,2,0,0,CLOUDY,DRY,False,ANGLE COLLISION - OTHER,ANGLE,STRAIGHT & LEVEL,DAYLIGHT,,,45810.38444,False,31,Accepted,5,5,O,,INATTENTION,,2025,1
9202,34851409,0510100,HENDERSON POLICE DEPARTMENT,Accepted,HENDERSON,KY0351,1707,2ND,ST,,,,,,,,37.83225602,-87.57119924,1.031,2025-05-28,1421,2,2,0,0,CLEAR,DRY,True,1 VEHICLE ENTERING/LEAVING ENTRANCE,ANGLE,STRAIGHT & LEVEL,DAYLIGHT,,,45811.40948,False,38,Accepted,5,5,O,,"DISREGARD TRAFFIC CONTROL, INATTENTION",,2025,1
9203,34851410,0510100,HENDERSON POLICE DEPARTMENT,Accepted,HENDERSON,US0060,,US60,,E,,BARRET,,,,,37.85989905,-87.5677598,10.599,2025-06-01,948,2,2,0,0,CLEAR,DRY,False,ANGLE COLLISION - ONE VEHICLE TURNING LEFT,ANGLE,STRAIGHT & LEVEL,DAYLIGHT,,,45811.40956,False,34,Accepted,5,5,O,GLARE (SUN),INATTENTION,,2025,1
9204,34851411,0510100,HENDERSON POLICE DEPARTMENT,Accepted,HENDERSON,US0041A,,GREEN,ST,S,,,,POWELL,,WASHINGTON,37.83580694,-87.59126436,15.622,2025-06-01,1452,2,2,0,0,CLEAR,DRY,False,1 VEHICLE ENTERING/LEAVING ENTRANCE,ANGLE,STRAIGHT & LEVEL,DAYLIGHT,,,45811.40961,False,34,Accepted,5,5,O,,"MISJUDGE CLEARANCE, OTHER",,2025,1