OBJECTID,IncidentID,AgencyORI,AgencyName,IncidentStatusDesc,County,RdwyNumber,Street,RoadwayName,StreetSfx,StreetDir,IntersectionRdwy,IntersectionRdwyName,BetweenStRdwy1,BetweenStRdwyName1,BetweenStRdwy2,BetweenStRdwyName2,Latitude,Longitude,Milepoint,CollisionDate,CollisionTime,UnitsInvolved,MotorVehiclesInvolved,NumberKilled,NumberInjured,Weather,RdwyConditionCode,HitandRun,DirAnalysisCode,MannerofCollision,RdwyCharacter,LightCondition,RampFromRdwyId,RampToRdwyId,AcceptedDate,IsSecondaryCollision,OwnerBadge,IncidentStatus,InjurySeverityCde,KABCO_Code,KABCO,Environmental_Factors,Human_Factors,Vehicular_Factors,CollisionYear,CityCrash
9207,34860342,0510100,HENDERSON POLICE DEPARTMENT,Accepted,HENDERSON,,867,WATSON,LN,,,,,,,,37.86975812,-87.55799672,0.389,2025-06-03,1755,2,2,0,0,CLEAR,DRY,False,REAR END IN TRAFFIC LANES BOTH VEHICLES MOVING,REAR END,STRAIGHT & LEVEL,DAYLIGHT,,,45813.23376,False,5,Accepted,5,5,O,,FOLLOWING TOO CLOSE,BRAKES DEFECTIVE,2025,1
9208,34866232,0510100,HENDERSON POLICE DEPARTMENT,Accepted,HENDERSON,,,US41,,,,,,,,,37.81675957,-87.56317378,,2025-05-29,1350,2,2,0,0,CLOUDY,DRY,False,OTHER ROADWAY OR MID-BLOCK COLLISION,REAR END,STRAIGHT & LEVEL,DAYLIGHT,,,45814.5344,False,82,Accepted,5,5,O,CONSTRUCTION WORK ZONE,NOT UNDER PROPER CONTROL,,2025,1
9209,34866236,0510100,HENDERSON POLICE DEPARTMENT,Accepted,HENDERSON,,3113,US 41,HWY,N,,,,,,,37.88356808,-87.56355308,,2025-05-30,1534,2,2,0,0,CLEAR,DRY,False,VEHICLE BACKING NON INTERSECTION,BACKING,STRAIGHT & LEVEL,DAYLIGHT,,,45814.53449,False,83,Accepted,5,5,O,,INATTENTION,,2025,1
9210,34866240,0510100,HENDERSON POLICE DEPARTMENT,Accepted,HENDERSON,,,41,HWY,N,,,,,,,37.87987844,-87.56536668,,2025-06-03,1203,2,2,0,0,CLEAR,DRY,False,1 VEHICLE ENTERING/LEAVING ENTRANCE,ANGLE,STRAIGHT & LEVEL,DAYLIGHT,,,45814.53462,False,83,Accepted,5,5,O,,INATTENTION,,2025,1
9211,34875638,0510100,HENDERSON POLICE DEPARTMENT,Accepted,HENDERSON,,,ELM,ST,N,,,,,,,37.87318315,-87.57033316,2.716,2025-06-06,1607,2,2,0,0,RAINING,WET,False,HEAD-ON COLLISION,HEAD ON,STRAIGHT & LEVEL,DAYLIGHT,,,45817.40345,False,49,Accepted,5,5,O,SLIPPERY SURFACE,"FOLLOWING TOO CLOSE, INATTENTION",,2025,1
9212,34875639,0510100,HENDERSON POLICE DEPARTMENT,Accepted,HENDERSON,US0041A,1680,GREEN,ST,S,,,,,,,37.81644303,-87.61438342,13.711,2025-06-06,1318,3,3,0,3,CLOUDY,WET,False,1 VEHICLE ENTERING/LEAVING ENTRANCE,ANGLE,STRAIGHT & LEVEL,DAYLIGHT,,,45817.40353,False,49,Accepted,4,4,C,,"INATTENTION, MISJUDGE CLEARANCE",,2025,1
9213,34875641,0510100,HENDERSON POLICE DEPARTMENT,Accepted,HENDERSON,,1133,POWELL,ST,,,,,,,,37.82912052,-87.58160856,0.996,2025-06-07,652,1,1,0,0,CLOUDY,WET,True,OTHER ROADWAY OR MID-BLOCK COLLISION,SINGLE VEHICLE,STRAIGHT & HILLCREST,DAYLIGHT,,,45817.40361,False,25,Accepted,5,5,O,OTHER,OTHER,OTHER,2025,1
9214,34875643,0510100,HENDERSON POLICE DEPARTMENT,Accepted,HENDERSON,,896,COSTANZA,DR,,,,,,,,37.87088818,-87.53531696,0.022,2025-06-07,1037,2,2,0,0,CLEAR,DRY,False,1 VEHICLE PARKED POSITION (NOT PARKING LOT/DRIVEWAY),SIDESWIPE-SAME DIRECTION,STRAIGHT & LEVEL,DAYLIGHT,,,45817.40364,False,23,Accepted,5,5,O,,"INATTENTION, MISJUDGE CLEARANCE",,2025,1
9215,34875850,0510100,HENDERSON POLICE DEPARTMENT,Accepted,HENDERSON,,,BARKER,RD,,,ELM,,,,,37.87247956,-87.57076713,0.069,2025-06-08,1553,1,1,0,0,CLEAR,DRY,False,COLLISION WITH FIXED OBJECT IN INTERSECTION - FIRST EVENT COLLISION 09 - 32,SINGLE VEHICLE,STRAIGHT & LEVEL,DAYLIGHT,,,45817.42289,False,23,Accepted,5,5,O,,"INATTENTION, TURNING IMPROPERLY",,2025,1
9216,34875911,0510100,HENDERSON POLICE DEPARTMENT,Accepted,HENDERSON,,1195,BARRET,BLVD,,,,,,,,37.85788496,-87.56682808,,2025-05-29,1410,2,2,0,0,CLEAR,DRY,False,1 VEHICLE PARKED POSITION (NOT PARKING LOT/DRIVEWAY),BACKING,STRAIGHT & LEVEL,DAYLIGHT,,,45817.43971,False,83,Accepted,5,5,O,,INATTENTION,,2025,1
9217,34875914,0510100,HENDERSON POLICE DEPARTMENT,Accepted,HENDERSON,US0041A,,GREEN,ST,S,,,,,,,37.83389238,-87.59322033,,2025-06-02,1719,2,2,0,0,CLEAR,DRY,False,OTHER ROADWAY OR MID-BLOCK COLLISION,REAR END,STRAIGHT & LEVEL,DAYLIGHT,,,45817.4398,False,83,Accepted,5,5,O,,INATTENTION,,2025,1
9218,34875915,0510100,HENDERSON POLICE DEPARTMENT,Accepted,HENDERSON,KY0351,,ZION,RD,,,GARDEN MILE,,,,,37.82824729,-87.55755601,,2025-06-02,1822,2,2,0,0,CLEAR,DRY,False,OTHER INTERSECTION COLLISIONS,REAR END,STRAIGHT & LEVEL,DAYLIGHT,,,45817.43984,False,83,Accepted,5,5,O,,INATTENTION,,2025,1
9219,34875916,0510100,HENDERSON POLICE DEPARTMENT,Accepted,HENDERSON,US0041A,,GREEN,ST,N,,,,,,,37.8420706,-87.58677182,,2025-06-03,1121,2,2,0,0,CLEAR,DRY,False,1 VEHICLE ENTERING/LEAVING ENTRANCE,ANGLE,STRAIGHT & LEVEL,DAYLIGHT,,,45817.43988,False,83,Accepted,5,5,O,,,,2025,1
9220,34875918,0510100,HENDERSON POLICE DEPARTMENT,Accepted,HENDERSON,,,WATSON,LN,,,SUREWAY,,,,,37.87512785,-87.56665485,,2025-06-03,1340,2,2,0,0,CLEAR,DRY,False,ANGLE COLLISION - OTHER,ANGLE,STRAIGHT & LEVEL,DAYLIGHT,,,45817.43992,False,83,Accepted,5,5,O,,INATTENTION,,2025,1
9221,34875919,0510100,HENDERSON POLICE DEPARTMENT,Accepted,HENDERSON,,,10TH,ST,,,,,,,,37.8495653,-87.58200831,,2025-06-03,1401,2,2,0,0,CLEAR,DRY,False,VEHICLE BACKING NON INTERSECTION,BACKING,STRAIGHT & LEVEL,DAYLIGHT,,,45817.43998,False,83,Accepted,5,5,O,,INATTENTION,,2025,1
9222,34875920,0510100,HENDERSON POLICE DEPARTMENT,Accepted,HENDERSON,US0041,,US41,,N,,CANARY,,,,,37.86812047,-87.57171519,16.863,2025-06-04,1529,2,2,0,0,CLEAR,DRY,True,ANGLE COLLISION - OTHER,ANGLE,STRAIGHT & LEVEL,DAYLIGHT,,,45817.44004,False,31,Accepted,5,5,O,,OTHER,,2025,1
9223,34875921,0510100,HENDERSON POLICE DEPARTMENT,Accepted,HENDERSON,US0041,,US41,,N,,MARYWOOD,,,,,37.86746476,-87.57221802,16.795,2025-06-04,839,2,2,0,2,CLEAR,DRY,False,OTHER INTERSECTION COLLISIONS,REAR END,STRAIGHT & LEVEL,DAYLIGHT,,,45817.44008,False,23,Accepted,5,3,B,,INATTENTION,,2025,1
9224,34875922,0510100,HENDERSON POLICE DEPARTMENT,Accepted,HENDERSON,US0041,,,,,KY0351,ZION,,,,,37.83093052,-87.56722161,0.203,2025-06-01,712,1,1,0,0,OTHER,OTHER,True,OTHER INTERSECTION COLLISIONS,SINGLE VEHICLE,CURVE & HILLCREST,DAWN,,,45817.44011,False,25,Accepted,5,5,O,,,,2025,1
9225,34875925,0510100,HENDERSON POLICE DEPARTMENT,Accepted,HENDERSON,,,ELM,ST,N,,10TH,,,,,37.85021344,-87.58359966,0.947,2025-06-02,759,2,2,0,0,CLEAR,DRY,False,ANGLE COLLISION - OTHER,ANGLE,STRAIGHT & LEVEL,DAYLIGHT,,,45817.44018,False,34,Accepted,5,5,O,,INATTENTION,,2025,1
9226,34875926,0510100,HENDERSON POLICE DEPARTMENT,Accepted,HENDERSON,KY2084,331,KY2084,,S,,,,,,,37.81712763,-87.57023656,1.925,2025-06-02,1727,2,2,0,0,CLEAR,DRY,False,REAR END IN TRAFFIC LANES BOTH VEHICLES MOVING,REAR END,STRAIGHT & LEVEL,DAYLIGHT,,,45817.44021,False,17,Accepted,5,5,O,,ALCOHOL INVOLVEMENT,,2025,1
9227,34875927,0510100,HENDERSON POLICE DEPARTMENT,Accepted,HENDERSON,US0041A,,GREEN,ST,N,,,,6TH,,7TH,37.84558146,-87.58451623,16.399,2025-06-02,1542,3,3,0,0,CLEAR,DRY,False,REAR END IN TRAFFIC LANES BOTH VEHICLES MOVING,REAR END,STRAIGHT & LEVEL,DAYLIGHT,,,45817.44024,False,34,Accepted,5,5,O,,"FOLLOWING TOO CLOSE, INATTENTION",,2025,1
9228,34875928,0510100,HENDERSON POLICE DEPARTMENT,Accepted,HENDERSON,US0041,2855,US41,,N,,,,,,,37.87907906,-87.56588584,17.684,2025-06-04,1707,2,2,0,0,CLEAR,DRY,False,1 VEHICLE ENTERING/LEAVING ENTRANCE,ANGLE,STRAIGHT & LEVEL,DAYLIGHT,,,45817.44028,False,64,Accepted,5,5,O,VIEW OBSTRUCTED/LIMITED DUE TO RDWY,INATTENTION,,2025,1
9229,34875929,0510100,HENDERSON POLICE DEPARTMENT,Accepted,HENDERSON,US0041,,US41,,N,,,,,,,37.88102686,-87.56471818,,2025-06-05,1526,2,2,0,0,CLEAR,DRY,False,1 VEHICLE ENTERING/LEAVING ENTRANCE,ANGLE,STRAIGHT & LEVEL,DAYLIGHT,,,45817.44031,False,83,Accepted,5,5,O,,INATTENTION,,2025,1
9230,34877857,0510100,HENDERSON POLICE DEPARTMENT,Accepted,HENDERSON,,,ATKINSON,ST,,,MADISON,,,,,37.81737965,-87.58398962,,2025-06-03,1141,2,2,0,0,CLEAR,DRY,False,VEHICLE BACKING IN INTERSECTION,BACKING,STRAIGHT & LEVEL,DAYLIGHT,,,45817.78293,False,82,Accepted,5,5,O,OTHER,INATTENTION,,2025,1
9231,34878961,0510100,HENDERSON POLICE DEPARTMENT,Accepted,HENDERSON,US0060,,US60,,E,,,,,,,37.86471774,-87.5410717,12.155,2025-06-07,2108,1,1,0,0,CLEAR,DRY,False,COLLISION WITH ANIMAL NON INTERSECTION,SINGLE VEHICLE,STRAIGHT & LEVEL,DARK-HWY LIGHTED/ON,,,45818.0471,False,29,Accepted,5,5,O,ANIMALS ACTION,,,2025,1
9232,34879214,0510100,HENDERSON POLICE DEPARTMENT,Accepted,HENDERSON,US0041A,1000,GREEN,ST,N,,,,,,,37.84972166,-87.58180251,16.727,2025-06-08,2045,2,2,0,0,CLEAR,DRY,False,1 VEHICLE ENTERING/LEAVING ENTRANCE,ANGLE,STRAIGHT & GRADE,DARK (UNKNOWN ROADWAY LIGHTING),,,45818.12621,False,30,Accepted,5,5,O,,INATTENTION,,2025,1
9233,34879782,0510100,HENDERSON POLICE DEPARTMENT,Accepted,HENDERSON,KY2084,,KY2084,,,KY0351,2ND,,,,,37.83128637,-87.56888478,0.576,2025-06-03,1513,2,2,0,0,CLEAR,DRY,False,SIDESWIPE-SAME DIRECTION,SIDESWIPE-SAME DIRECTION,CURVE & LEVEL,DAYLIGHT,,,45818.33313,False,25,Accepted,5,5,O,,"FAILED TO YIELD RIGHT OF WAY, INATTENTION",,2025,1
9242,34881769,0510100,HENDERSON POLICE DEPARTMENT,Accepted,HENDERSON,,,41,HWY,,,BARRET,,,,,37.86433383,-87.57373312,,2025-06-06,1504,2,2,0,0,CLEAR,DRY,False,ANGLE COLLISION - ONE VEHICLE TURNING LEFT,ANGLE,STRAIGHT & LEVEL,DAYLIGHT,,,45818.68961,False,83,Accepted,5,5,O,,INATTENTION,,2025,1
9243,34887531,0510100,HENDERSON POLICE DEPARTMENT,Accepted,HENDERSON,US0041A,,GREEN,ST,S,,,,,,,37.82410879,-87.6029265,14.558,2025-06-08,2104,1,1,0,0,CLEAR,DRY,False,COLLISION WITH FIXED OBJECT NON - INTERSECTION - FIRST EVENT COLLISION 09 - 32 EXCLUDING 16,SINGLE VEHICLE,STRAIGHT & LEVEL,DARK-HWY LIGHTED/ON,,,45819.92977,False,43,Accepted,5,5,O,OTHER,,,2025,1
9244,34887534,0510100,HENDERSON POLICE DEPARTMENT,Accepted,HENDERSON,,1,JULIA,ST,N,,,,,,,37.83408277,-87.58092892,0.045,2025-06-10,301,1,1,0,0,CLEAR,DRY,False,COLLISION WITH FIXED OBJECT NON - INTERSECTION - FIRST EVENT COLLISION 09 - 32 EXCLUDING 16,SINGLE VEHICLE,STRAIGHT & LEVEL,DARK-HWY LIGHTED/ON,,,45819.9299,False,35,Accepted,5,5,O,,TOO FAST FOR CONDITIONS,,2025,1
9248,34889296,0510000,HENDERSON COUNTY SHERIFF DEPT.,Accepted,HENDERSON,KY0285,,OLD MADISONVILLE,RD,,,,,,,,37.80780889,-87.58779178,2.02,2025-06-11,2312,1,1,0,0,CLEAR,DRY,False,OTHER ROADWAY OR MID-BLOCK COLLISION,SINGLE VEHICLE,CURVE & LEVEL,DARK-HWY NOT LIGHTED,,,45820.40971,False,134,Accepted,5,5,O,OTHER,OVERCORRECTING/OVERSTEERING,,2025,1
9250,34890667,0510100,HENDERSON POLICE DEPARTMENT,Accepted,HENDERSON,US0060,,US60,,E,US0041,US41 WB RAMP TO US41 NB,,,,,37.85869987,-87.57074905,10.434,2025-06-05,1734,2,2,0,0,CLOUDY,DRY,False,SIDESWIPE-SAME DIRECTION,SIDESWIPE-SAME DIRECTION,STRAIGHT & LEVEL,DAYLIGHT,,,45820.6348,False,34,Accepted,5,5,O,,"MISJUDGE CLEARANCE, OTHER",,2025,1
9251,34890668,0510100,HENDERSON POLICE DEPARTMENT,Accepted,HENDERSON,US0041,,US41,,N,,,US0041,US41 RAMP TO US41 NB,,CINEMA,37.86273404,-87.57465486,16.396,2025-06-10,1618,2,2,0,0,CLEAR,DRY,False,SIDESWIPE COLLISION - SAME DIRECTION,SIDESWIPE-SAME DIRECTION,STRAIGHT & LEVEL,DAYLIGHT,,,45820.63484,False,34,Accepted,5,5,O,,OTHER,,2025,1
9252,34890864,0510100,HENDERSON POLICE DEPARTMENT,Accepted,HENDERSON,,,ELM,ST,,,12TH,,,,,37.85278898,-87.58192683,,2025-06-06,1148,2,2,0,0,CLEAR,DRY,False,ANGLE COLLISION - OTHER,ANGLE,STRAIGHT & LEVEL,DAYLIGHT,,,45820.65902,False,83,Accepted,5,5,O,,INATTENTION,,2025,1
9253,34891518,0510100,HENDERSON POLICE DEPARTMENT,Accepted,HENDERSON,,,MAIN,ST,N,,,,,,,37.8418705,-87.59093017,,2025-06-09,1101,2,2,0,0,CLEAR,DRY,False,VEHICLE BACKING NON INTERSECTION,BACKING,STRAIGHT & LEVEL,DAYLIGHT,,,45820.74438,False,83,Accepted,5,5,O,,INATTENTION,,2025,1
9254,34891519,0510100,HENDERSON POLICE DEPARTMENT,Accepted,HENDERSON,,,WALNUT,LN,,,,,,,,37.87988196,-87.56529435,,2025-06-09,1619,2,2,0,0,CLEAR,DRY,False,1 VEHICLE ENTERING/LEAVING ENTRANCE,ANGLE,STRAIGHT & LEVEL,DAYLIGHT,,,45820.74442,False,83,Accepted,5,5,O,,INATTENTION,,2025,1
9255,34891520,0510100,HENDERSON POLICE DEPARTMENT,Accepted,HENDERSON,,,DR ANTHONY M BROOKS,ST,,,,,,,,37.84400068,-87.58231634,,2025-06-09,1734,2,2,0,0,CLEAR,DRY,False,VEHICLE BACKING NON INTERSECTION,BACKING,STRAIGHT & LEVEL,DAYLIGHT,,,45820.74445,False,83,Accepted,5,5,O,,INATTENTION,,2025,1
9256,34892656,0510100,HENDERSON POLICE DEPARTMENT,Accepted,HENDERSON,US0060,,US60,,E,,BARRET,,,,,37.85979092,-87.56818459,10.577,2025-06-11,1920,2,2,0,1,CLEAR,DRY,False,OTHER INTERSECTION COLLISIONS,REAR TO REAR,STRAIGHT & LEVEL,DAYLIGHT,,,45821.01076,False,33,Accepted,5,4,C,,INATTENTION,,2025,1
9257,34892659,0510100,HENDERSON POLICE DEPARTMENT,Accepted,HENDERSON,US0041A,1739,GREEN,ST,S,,,,,,,37.81662151,-87.61403703,13.736,2025-06-10,1751,2,2,0,0,CLEAR,DRY,False,SIDESWIPE COLLISION - SAME DIRECTION,SIDESWIPE-SAME DIRECTION,STRAIGHT & LEVEL,DAYLIGHT,,,45821.01083,False,36,Accepted,5,5,O,,FAILED TO KEEP PROPER LANE,,2025,1
9258,34892661,0510100,HENDERSON POLICE DEPARTMENT,Accepted,HENDERSON,,1300,WASHINGTON,ST,,,,,,,,37.83507248,-87.58879988,1.072,2025-06-08,422,2,2,0,0,CLOUDY,WET,True,1 VEHICLE PARKED POSITION (NOT PARKING LOT/DRIVEWAY),SIDESWIPE-SAME DIRECTION,STRAIGHT & LEVEL,DARK-HWY LIGHTED/ON,,,45821.01088,False,35,Accepted,5,5,O,,,,2025,1
9259,34894194,0510100,HENDERSON POLICE DEPARTMENT,Accepted,HENDERSON,KY0136,,SAND,LN,,,COMMONWEALTH,,,,,37.82072547,-87.59026422,20.328,2025-06-11,1638,2,2,0,0,CLEAR,DRY,False,ANGLE COLLISION - OTHER,ANGLE,CURVE & LEVEL,DAYLIGHT,,,45821.4663,False,9,Accepted,5,5,O,,INATTENTION,,2025,1
9260,34894326,0510100,HENDERSON POLICE DEPARTMENT,Accepted,HENDERSON,US0041,,US41,,N,,BARKER,,,,,37.87220775,-87.56943151,17.171,2025-06-06,1508,2,2,0,0,RAINING,WET,False,OTHER INTERSECTION COLLISIONS,REAR END,STRAIGHT & LEVEL,DAYLIGHT,,,45821.51205,False,67,Accepted,5,5,O,,INATTENTION,,2025,1
9263,34901057,0510100,HENDERSON POLICE DEPARTMENT,Accepted,HENDERSON,,,2ND,ST,,US0041A,GREEN,,,,,37.83947821,-87.58846634,,2025-06-10,1833,2,2,0,0,CLEAR,DRY,False,VEHICLE BACKING IN INTERSECTION,BACKING,STRAIGHT & LEVEL,DAYLIGHT,,,45823.88787,False,36,Accepted,5,5,O,,"IMPROPER BACKING, INATTENTION",,2025,1
9264,34902403,0510100,HENDERSON POLICE DEPARTMENT,Accepted,HENDERSON,US0041,,US41,,N,,WATSON,,,,,37.8753646,-87.5678227,17.409,2025-06-15,1114,2,2,0,0,CLEAR,DRY,False,OTHER INTERSECTION COLLISIONS,REAR END,STRAIGHT & LEVEL,DAYLIGHT,,,45824.34502,False,64,Accepted,5,5,O,,"DISTRACTION, INATTENTION",,2025,1
9266,34903373,0510100,HENDERSON POLICE DEPARTMENT,Accepted,HENDERSON,,,POWELL,ST,,KY2084,KY2084,,,,,37.82363177,-87.56843215,1.638,2025-06-13,1429,2,2,0,1,CLEAR,DRY,False,ANGLE COLLISION - OTHER,ANGLE,STRAIGHT & LEVEL,DAYLIGHT,,,45824.44907,False,25,Accepted,3,3,B,,"FAILED TO YIELD RIGHT OF WAY, INATTENTION",,2025,1
9272,34915735,0510100,HENDERSON POLICE DEPARTMENT,Accepted,HENDERSON,KY0351,2200,ZION,RD,,,,,,,,37.8300774,-87.56430331,1.471,2025-06-13,2236,2,2,0,0,RAINING,WET,False,REAR END IN TRAFFIC LANES BOTH VEHICLES MOVING,REAR END,STRAIGHT & LEVEL,DARK (UNKNOWN ROADWAY LIGHTING),,,45827.0441,False,30,Accepted,5,5,O,,"FOLLOWING TOO CLOSE, INATTENTION",,2025,1
9273,34915760,0510100,HENDERSON POLICE DEPARTMENT,Accepted,HENDERSON,,,BARRET,BLVD,,,60,,,,,37.8598702,-87.56773771,,2025-06-06,1615,2,2,0,0,RAINING,WET,False,ANGLE COLLISION - OTHER,ANGLE,STRAIGHT & LEVEL,DAYLIGHT,,,45827.05323,False,83,Accepted,5,5,O,,INATTENTION,,2025,1
9274,34915762,0510100,HENDERSON POLICE DEPARTMENT,Accepted,HENDERSON,,,1ST,ST,,,,,,,,37.838164,-87.58911352,,2025-06-11,1325,2,2,0,0,CLEAR,DRY,False,REAR END IN TRAFFIC LANES BOTH VEHICLES MOVING,REAR END,STRAIGHT & LEVEL,DAYLIGHT,,,45827.05331,False,83,Accepted,5,5,O,,INATTENTION,,2025,1
9275,34915764,0510100,HENDERSON POLICE DEPARTMENT,Accepted,HENDERSON,,230,3RD,ST,,,,,,,,37.84144891,-87.58945429,,2025-06-11,1441,2,2,0,0,CLEAR,DRY,False,1 VEHICLE PARKED POSITION (NOT PARKING LOT/DRIVEWAY),SIDESWIPE-SAME DIRECTION,STRAIGHT & LEVEL,DAYLIGHT,,,45827.05338,False,82,Accepted,5,5,O,,OTHER,BRAKES DEFECTIVE,2025,1
9276,34915765,0510100,HENDERSON POLICE DEPARTMENT,Accepted,HENDERSON,,,US HWY 41,,,,,,,,,37.84369578,-87.56561824,,2025-06-13,828,2,2,0,0,RAINING,WATER (STANDING OR MOVING),False,SIDESWIPE COLLISION - SAME DIRECTION,SIDESWIPE-SAME DIRECTION,CURVE & HILLCREST,DAYLIGHT,,,45827.05341,False,82,Accepted,5,5,O,"VIEW OBSTRUCTED, LIMITED DUE TO WEATHER CONDITIONS, WATER POOLING",FAILED TO KEEP PROPER LANE,,2025,1
9277,34915767,0510100,HENDERSON POLICE DEPARTMENT,Accepted,HENDERSON,,141,GARDEN MILE,RD,,,,,,,,37.82477426,-87.55930576,,2025-06-13,1304,2,2,0,0,CLEAR,DRY,False,1 VEHICLE PARKED POSITION (NOT PARKING LOT/DRIVEWAY),ANGLE,STRAIGHT & LEVEL,DAYLIGHT,,,45827.05347,False,83,Accepted,5,5,O,,INATTENTION,,2025,1
9278,34915769,0510100,HENDERSON POLICE DEPARTMENT,Accepted,HENDERSON,US0041,3113,US41,,N,,,,,,,37.88047206,-87.56508477,17.785,2025-03-23,1830,2,2,0,0,CLEAR,DRY,False,SIDESWIPE COLLISION - SAME DIRECTION,SIDESWIPE-SAME DIRECTION,STRAIGHT & LEVEL,DAYLIGHT,,,45827.05354,False,27,Accepted,5,5,O,,,,2025,1
9279,34915879,0510100,HENDERSON POLICE DEPARTMENT,Accepted,HENDERSON,US0041,15,US41,,N,,,,,,,37.85050632,-87.56759273,15.498,2025-06-16,2208,1,1,0,0,FOG WITH RAIN,WET,False,RAN OFF ROADWAY (1 VEHICLE WITH/EARTH EMBANKMENT/DITCH),SINGLE VEHICLE,CURVE & GRADE,DARK-HWY LIGHTED/ON,,,45827.09404,False,44,Accepted,5,5,O,SLIPPERY SURFACE,TOO FAST FOR CONDITIONS,,2025,1
9280,34919294,0510100,HENDERSON POLICE DEPARTMENT,Accepted,HENDERSON,,1021,PRINGLE,ST,,,,,,,,37.82453187,-87.58894233,0.594,2025-06-17,2217,2,2,0,0,CLEAR,DRY,False,1 VEHICLE PARKED POSITION (NOT PARKING LOT/DRIVEWAY),SIDESWIPE-SAME DIRECTION,STRAIGHT & LEVEL,DARK-HWY LIGHTED/ON,,,45828.00107,False,58,Accepted,5,5,O,ANIMALS ACTION,,,2025,1
9281,34919295,0510100,HENDERSON POLICE DEPARTMENT,Accepted,HENDERSON,US0041,,US41,,N,,,,,,,37.82886232,-87.56691301,13.969,2025-06-17,2329,2,2,0,0,CLOUDY,DRY,True,SIDESWIPE COLLISION - SAME DIRECTION,SIDESWIPE-SAME DIRECTION,CURVE & GRADE,DARK (UNKNOWN ROADWAY LIGHTING),,,45828.0011,False,30,Accepted,5,5,O,,INATTENTION,,2025,1
9283,34920807,0510000,HENDERSON COUNTY SHERIFF DEPT.,Accepted,HENDERSON,US0041,,US41,,N,,,,,,,37.82769112,-87.56669894,13.875,2025-06-18,2335,1,1,0,0,CLEAR,DRY,False,COLLISION WITH ANIMAL NON INTERSECTION,SINGLE VEHICLE,STRAIGHT & LEVEL,DARK-HWY NOT LIGHTED,,,45828.42105,False,134,Accepted,5,5,O,ANIMALS ACTION,,,2025,1
9286,34920914,0510100,HENDERSON POLICE DEPARTMENT,Accepted,HENDERSON,,,BROOMSAGE,DR,,,BOB-O-LINK,,,,,37.82191497,-87.55251096,,2025-05-12,1448,2,2,0,0,CLEAR,DRY,False,OTHER INTERSECTION COLLISIONS,REAR END,STRAIGHT & LEVEL,DAYLIGHT,,,45828.44508,False,83,Accepted,5,5,O,,INATTENTION,,2025,1
9287,34920915,0510100,HENDERSON POLICE DEPARTMENT,Accepted,HENDERSON,,,SONIC,DR,,,,,,,,37.85954789,-87.56559218,,2025-05-23,1314,2,2,0,0,CLEAR,DRY,False,1 VEHICLE ENTERING/LEAVING ENTRANCE,ANGLE,STRAIGHT & LEVEL,DAYLIGHT,,,45828.44514,False,83,Accepted,5,5,O,,INATTENTION,,2025,1
9288,34920916,0510100,HENDERSON POLICE DEPARTMENT,Accepted,HENDERSON,US0041,,US41,,N,,,,VAN WYK,,KIMSEY,37.84334778,-87.56561183,14.993,2025-06-19,1130,1,1,0,0,CLEAR,DRY,False,OTHER ROADWAY OR MID-BLOCK COLLISION,SINGLE VEHICLE,STRAIGHT & LEVEL,DAYLIGHT,,,45828.44518,False,67,Accepted,5,5,O,,INATTENTION,,2025,1
9289,34920917,0510100,HENDERSON POLICE DEPARTMENT,Accepted,HENDERSON,,,COSTANZA,DR,,,,,DYLAN,,HILLMONT,37.87103616,-87.53539452,0.031,2025-06-19,1530,2,2,0,0,CLEAR,DRY,False,1 VEHICLE PARKED POSITION (NOT PARKING LOT/DRIVEWAY),BACKING,STRAIGHT & LEVEL,DAYLIGHT,,,45828.44522,False,67,Accepted,5,5,O,,INATTENTION,,2025,1
9290,34923610,0510100,HENDERSON POLICE DEPARTMENT,Accepted,HENDERSON,,,1ST,ST,,,,,,,,37.83941218,-87.59247064,0.096,2025-06-13,1805,2,2,0,0,CLEAR,DRY,False,REAR END IN TRAFFIC LANES BOTH VEHICLES MOVING,REAR END,STRAIGHT & LEVEL,DAYLIGHT,,,45829.00633,False,29,Accepted,5,5,O,,INATTENTION,,2025,1
9291,34925338,0510100,HENDERSON POLICE DEPARTMENT,Accepted,HENDERSON,,,GREEN,ST,,,14TH,,,,,37.85408054,-87.57886021,,2025-06-17,1114,2,2,0,0,CLOUDY,WET,False,REAR END - ONE VEHICLE TURNING RIGHT,REAR END,CURVE & GRADE,DAYLIGHT,,,45829.69921,False,82,Accepted,5,5,O,,OTHER,,2025,1
9293,34931486,0510100,HENDERSON POLICE DEPARTMENT,Accepted,HENDERSON,KY0351,,ZION,RD,,,KERRY,,,,,37.82783317,-87.55593068,1.962,2025-06-20,1428,2,2,0,1,CLEAR,DRY,False,ANGLE COLLISION - OTHER,ANGLE,STRAIGHT & LEVEL,DAYLIGHT,,,45831.46002,False,49,Accepted,5,4,C,,MISJUDGE CLEARANCE,,2025,1
9294,34931487,0510100,HENDERSON POLICE DEPARTMENT,Accepted,HENDERSON,KY0351,,ZION,RD,,,,,,,,37.8308883,-87.56732166,1.305,2025-06-22,530,1,1,0,1,CLEAR,DRY,False,OTHER ROADWAY OR MID-BLOCK COLLISION,SINGLE VEHICLE,CURVE & LEVEL,DAYLIGHT,,,45831.46006,False,31,Accepted,4,4,C,,PHYSICAL DISABILITY,,2025,1