OBJECTID,IncidentID,AgencyORI,AgencyName,IncidentStatusDesc,County,RdwyNumber,Street,RoadwayName,StreetSfx,StreetDir,IntersectionRdwy,IntersectionRdwyName,BetweenStRdwy1,BetweenStRdwyName1,BetweenStRdwy2,BetweenStRdwyName2,Latitude,Longitude,Milepoint,CollisionDate,CollisionTime,UnitsInvolved,MotorVehiclesInvolved,NumberKilled,NumberInjured,Weather,RdwyConditionCode,HitandRun,DirAnalysisCode,MannerofCollision,RdwyCharacter,LightCondition,RampFromRdwyId,RampToRdwyId,AcceptedDate,IsSecondaryCollision,OwnerBadge,IncidentStatus,InjurySeverityCde,KABCO_Code,KABCO,Environmental_Factors,Human_Factors,Vehicular_Factors,CollisionYear,CityCrash
9295,34931534,0510100,HENDERSON POLICE DEPARTMENT,Accepted,HENDERSON,US0041,2855,US41,,N,,,,,,,37.8792115,-87.56575909,17.696,2025-06-13,1447,2,2,0,0,CLEAR,DRY,False,1 VEHICLE ENTERING/LEAVING ENTRANCE,ANGLE,STRAIGHT & LEVEL,DAYLIGHT,,,45831.47578,False,23,Accepted,5,5,O,BACKUP DUE TO REGULAR CONGESTION,"FAILED TO YIELD RIGHT OF WAY, INATTENTION, TURNING IMPROPERLY",,2025,1
9296,34931535,0510100,HENDERSON POLICE DEPARTMENT,Accepted,HENDERSON,KY0136,,SAND,LN,,,,,,,,37.82342634,-87.60263076,19.584,2025-06-21,1615,2,2,0,0,CLEAR,DRY,False,REAR END IN TRAFFIC LANES BOTH VEHICLES MOVING,REAR END,STRAIGHT & LEVEL,DAYLIGHT,,,45831.47587,False,47,Accepted,5,5,O,OTHER,"INATTENTION, OTHER",,2025,1
9298,34933259,0510100,HENDERSON POLICE DEPARTMENT,Accepted,HENDERSON,,,GREEN,ST,,,,,,,,37.8329213,-87.59410064,,2025-06-16,833,2,2,0,0,CLOUDY,DRY,False,OTHER ROADWAY OR MID-BLOCK COLLISION,REAR END,STRAIGHT & LEVEL,DAYLIGHT,,,45831.75601,False,82,Accepted,5,5,O,BACKUP DUE TO REGULAR CONGESTION,DISTRACTION,,2025,1
9299,34933261,0510100,HENDERSON POLICE DEPARTMENT,Accepted,HENDERSON,,2260,ZION,RD,,,,,,,,37.82535898,-87.55647527,,2025-06-16,1113,2,2,0,0,CLEAR,DRY,False,1 VEHICLE PARKED POSITION (NOT PARKING LOT/DRIVEWAY),ANGLE,STRAIGHT & LEVEL,DAYLIGHT,,,45831.75607,False,83,Accepted,5,5,O,,INATTENTION,,2025,1
9300,34933262,0510100,HENDERSON POLICE DEPARTMENT,Accepted,HENDERSON,KY1539,,LARUE,RD,,,,,,,,37.83084457,-87.55638736,,2025-06-17,1301,2,2,0,0,CLEAR,DRY,False,SIDESWIPE COLLISION - OPPOSITE DIRECTION,SIDESWIPE-OPPOSITE DIRECTION,STRAIGHT & LEVEL,DAYLIGHT,,,45831.7561,False,83,Accepted,5,5,O,,INATTENTION,,2025,1
9301,34933263,0510100,HENDERSON POLICE DEPARTMENT,Accepted,HENDERSON,US0041,,US41,,N,,,,,,,37.87842307,-87.56612677,,2025-06-17,1521,2,2,0,1,CLEAR,DRY,False,OTHER ROADWAY OR MID-BLOCK COLLISION,OPPOSING LEFT TURN,STRAIGHT & LEVEL,DAYLIGHT,,,45831.75612,False,83,Accepted,3,3,B,,INATTENTION,,2025,1
9302,34933285,0510100,HENDERSON POLICE DEPARTMENT,Accepted,HENDERSON,KY0351,,ZION,RD,,,,,,,,37.82718136,-87.55391366,,2025-06-10,1749,1,1,0,0,CLEAR,DRY,False,COLLISION WITH FIXED OBJECT NON - INTERSECTION - FIRST EVENT COLLISION 09 - 32 EXCLUDING 16,SINGLE VEHICLE,STRAIGHT & LEVEL,DAYLIGHT,,,45831.76061,False,83,Accepted,5,5,O,,INATTENTION,,2025,1
9305,34938318,0510100,HENDERSON POLICE DEPARTMENT,Accepted,HENDERSON,KY0351,2614,ZION,RD,,,,,,,,37.82698648,-87.55247174,2.104,2025-06-20,2214,2,2,0,0,CLEAR,DRY,False,REAR END IN TRAFFIC LANES BOTH VEHICLES MOVING,REAR END,STRAIGHT & LEVEL,DARK-HWY LIGHTED/ON,,,45832.9042,False,35,Accepted,5,5,O,,"FOLLOWING TOO CLOSE, TURNING IMPROPERLY",,2025,1
9306,34938319,0510100,HENDERSON POLICE DEPARTMENT,Accepted,HENDERSON,US0041,,US41,,N,,,,,,,37.8793799,-87.56569567,17.707,2025-06-17,2036,1,1,0,0,CLEAR,DRY,False,OTHER ROADWAY OR MID-BLOCK COLLISION,SINGLE VEHICLE,STRAIGHT & LEVEL,DARK-HWY LIGHTED/ON,,,45832.90424,False,43,Accepted,5,5,O,DEBRIS IN ROADWAY,,,2025,1
9307,34938638,0510100,HENDERSON POLICE DEPARTMENT,Accepted,HENDERSON,,,2ND,ST,,,WATER,,,,,37.84140487,-87.59327252,0.286,2025-06-24,1920,2,2,0,0,CLEAR,DRY,False,VEHICLE BACKING IN INTERSECTION,BACKING,STRAIGHT & GRADE,DAYLIGHT,,,45832.98836,False,16,Accepted,5,5,O,OTHER,INATTENTION,,2025,1
9308,34940385,0510100,HENDERSON POLICE DEPARTMENT,Accepted,HENDERSON,US0041A,,GREEN,ST,N,,5TH,,,,,37.84327128,-87.586003,16.196,2025-06-11,924,2,2,0,2,CLEAR,DRY,False,OPPOSING LEFT TURN,OPPOSING LEFT TURN,STRAIGHT & LEVEL,DAYLIGHT,,,45833.45526,False,34,Accepted,5,4,C,,DISREGARD TRAFFIC CONTROL,,2025,1
9309,34940386,0510100,HENDERSON POLICE DEPARTMENT,Accepted,HENDERSON,,,INGRAM,ST,N,,,,3RD,,4TH,37.84081562,-87.58565674,0.33,2025-06-11,1300,2,2,0,0,CLEAR,DRY,True,1 VEHICLE PARKED POSITION (NOT PARKING LOT/DRIVEWAY),SIDESWIPE-SAME DIRECTION,STRAIGHT & LEVEL,DAYLIGHT,,,45833.45532,False,34,Accepted,5,5,O,,,,2025,1
9310,34940457,0510100,HENDERSON POLICE DEPARTMENT,Accepted,HENDERSON,US0041A,,GREEN,ST,N,,12TH,,,,,37.85216574,-87.58027151,16.897,2025-06-24,1557,2,2,0,0,CLOUDY,DRY,True,SIDESWIPE-SAME DIRECTION,SIDESWIPE-SAME DIRECTION,STRAIGHT & LEVEL,DAYLIGHT,,,45833.47311,False,67,Accepted,5,5,O,,INATTENTION,,2025,1
9313,34948095,0510100,HENDERSON POLICE DEPARTMENT,Accepted,HENDERSON,,1479,ARROW,WAY,,,,,,,,37.81786129,-87.60347869,0.067,2025-06-23,303,2,2,0,0,CLEAR,DRY,False,1 VEHICLE PARKED POSITION (NOT PARKING LOT/DRIVEWAY),BACKING,STRAIGHT & LEVEL,DARK (UNKNOWN ROADWAY LIGHTING),,,45835.20807,False,30,Accepted,5,5,O,,INATTENTION,,2025,1
9314,34948272,0510100,HENDERSON POLICE DEPARTMENT,Accepted,HENDERSON,,,ELM,ST,N,,12TH,,,,,37.85287,-87.5819058,1.153,2025-06-21,2301,2,2,0,0,CLEAR,DRY,True,ANGLE COLLISION - OTHER,ANGLE,STRAIGHT & LEVEL,DARK-HWY LIGHTED/ON,,,45835.26722,False,43,Accepted,5,5,O,,"INATTENTION, MISJUDGE CLEARANCE",,2025,1
9315,34948405,0510100,HENDERSON POLICE DEPARTMENT,Accepted,HENDERSON,,,WASHINGTON,ST,,US0041A,GREEN,,,,,37.83632357,-87.59079803,1.207,2025-03-25,1915,2,1,0,1,CLEAR,DRY,False,COLLISION WITH PEDESTRIAN IN INTERSECTION,SINGLE VEHICLE,STRAIGHT & HILLCREST,DARK-HWY LIGHTED/ON,,,45835.30539,False,29,Accepted,5,3,B,,OTHER,,2025,1
9319,34958510,0510100,HENDERSON POLICE DEPARTMENT,Accepted,HENDERSON,,,ELM,ST,N,,CAMARO,,,,,37.86800744,-87.57424237,2.298,2025-06-25,1402,2,2,0,1,CLEAR,DRY,True,ANGLE COLLISION - ONE VEHICLE TURNING LEFT,ANGLE,STRAIGHT & LEVEL,DAYLIGHT,,,45838.38682,False,67,Accepted,5,3,B,,"OTHER, INATTENTION",,2025,1
9320,34958512,0510100,HENDERSON POLICE DEPARTMENT,Accepted,HENDERSON,,,12TH,ST,,,ELM,,,,,37.8528076,-87.58193077,0.179,2025-06-25,1601,2,2,0,0,CLEAR,DRY,False,ANGLE COLLISION - OTHER,ANGLE,STRAIGHT & LEVEL,DAYLIGHT,,,45838.38692,False,67,Accepted,5,5,O,,"INATTENTION, OTHER",,2025,1
9321,34958514,0510100,HENDERSON POLICE DEPARTMENT,Accepted,HENDERSON,KY0136,400,SAND,LN,,,,,,,,37.82330699,-87.60238587,19.6,2025-06-28,1052,2,2,0,1,CLEAR,DRY,False,1 VEHICLE ENTERING/LEAVING ENTRANCE,ANGLE,STRAIGHT & LEVEL,DAYLIGHT,,,45838.38697,False,64,Accepted,3,3,B,,INATTENTION,,2025,1
9322,34958515,0510100,HENDERSON POLICE DEPARTMENT,Accepted,HENDERSON,US0041A,300,GREEN,ST,S,,,,,,,37.83371706,-87.59339198,15.437,2025-06-28,1148,2,2,0,0,CLEAR,DRY,False,1 VEHICLE ENTERING/LEAVING ENTRANCE,ANGLE,STRAIGHT & LEVEL,DAYLIGHT,,,45838.38701,False,64,Accepted,5,5,O,VIEW OBSTRUCTED/LIMITED DUE TO RDWY,INATTENTION,,2025,1
9324,34959028,0510100,HENDERSON POLICE DEPARTMENT,Accepted,HENDERSON,US0041,,US41,,N,,RETTIG,,,,,37.86728533,-87.57225333,16.806,2025-06-26,1246,2,2,0,0,CLEAR,DRY,True,OTHER INTERSECTION COLLISIONS,REAR END,STRAIGHT & LEVEL,DAYLIGHT,,,45838.45154,False,31,Accepted,5,5,O,,,,2025,1
9325,34959029,0510100,HENDERSON POLICE DEPARTMENT,Accepted,HENDERSON,US0041A,,GREEN,ST,S,KY0136,SAND,,,,,37.82370385,-87.60312146,14.519,2025-06-26,1530,2,2,0,0,CLEAR,DRY,True,OTHER INTERSECTION COLLISIONS,REAR END,STRAIGHT & LEVEL,DAYLIGHT,,,45838.45161,False,31,Accepted,5,5,O,,,,2025,1
9326,34959034,0510100,HENDERSON POLICE DEPARTMENT,Accepted,HENDERSON,US0041A,,GREEN,ST,N,,,,10TH,,CRESTVIEW,37.85103283,-87.58097164,16.809,2025-06-24,1445,3,3,0,1,CLEAR,DRY,False,OTHER ROADWAY OR MID-BLOCK COLLISION,REAR END,STRAIGHT & HILLCREST,DAYLIGHT,,,45838.45176,False,34,Accepted,3,3,B,,FOLLOWING TOO CLOSE,,2025,1
9327,34959035,0510100,HENDERSON POLICE DEPARTMENT,Accepted,HENDERSON,US0041A,1126,GREEN,ST,S,,,,,,,37.82388199,-87.60254407,14.561,2025-06-25,1359,2,2,0,0,CLEAR,DRY,True,1 VEHICLE ENTERING/LEAVING ENTRANCE,ANGLE,STRAIGHT & LEVEL,DAYLIGHT,,,45838.45183,False,23,Accepted,5,5,O,,INATTENTION,,2025,1
9336,34959305,0510100,HENDERSON POLICE DEPARTMENT,Accepted,HENDERSON,,,12TH,ST,,,ELM,,,,,37.85277471,-87.58193306,,2025-06-26,1336,2,2,0,0,CLEAR,DRY,False,ANGLE COLLISION - OTHER,ANGLE,STRAIGHT & LEVEL,DAYLIGHT,,,45838.50415,False,82,Accepted,5,5,O,,INATTENTION,,2025,1
9337,34959306,0510100,HENDERSON POLICE DEPARTMENT,Accepted,HENDERSON,,,GREEN,ST,,,2ND,,,,,37.83948625,-87.5884836,,2025-06-27,1216,2,2,0,0,CLEAR,DRY,False,OTHER INTERSECTION COLLISIONS,REAR END,STRAIGHT & LEVEL,DAYLIGHT,,,45838.50419,False,82,Accepted,5,5,O,,INATTENTION,,2025,1
9338,34960348,0510100,HENDERSON POLICE DEPARTMENT,Accepted,HENDERSON,US0060,,GREEN,ST,S,,,,,,,37.805053,-87.63408397,,2025-06-23,1222,2,2,0,0,CLEAR,DRY,False,REAR END IN TRAFFIC LANES BOTH VEHICLES MOVING,REAR END,STRAIGHT & LEVEL,DAYLIGHT,,,45838.68022,False,83,Accepted,5,5,O,,INATTENTION,OTHER,2025,1
9339,34960349,0510100,HENDERSON POLICE DEPARTMENT,Accepted,HENDERSON,US0041,,US41,,N,,,,,,,37.8810609,-87.56471225,,2025-06-23,1721,2,2,0,0,CLEAR,DRY,False,OTHER ROADWAY OR MID-BLOCK COLLISION,OPPOSING LEFT TURN,STRAIGHT & LEVEL,DAYLIGHT,,,45838.68026,False,83,Accepted,5,5,O,,INATTENTION,,2025,1
9340,34960350,0510100,HENDERSON POLICE DEPARTMENT,Accepted,HENDERSON,,,BARRET,BLVD,,,US HWY 60 E,,,,,37.85990618,-87.56775172,,2025-06-24,735,2,2,0,0,CLEAR,DRY,False,OTHER INTERSECTION COLLISIONS,REAR END,STRAIGHT & LEVEL,DAYLIGHT,,,45838.68029,False,82,Accepted,5,5,O,BACKUP DUE TO REGULAR CONGESTION,OTHER,,2025,1
9341,34960351,0510100,HENDERSON POLICE DEPARTMENT,Accepted,HENDERSON,,,US HWY 425,,,,GREEN,,,,,37.79974944,-87.64738923,,2025-06-25,737,2,2,0,0,CLEAR,DRY,False,OTHER INTERSECTION COLLISIONS,REAR END,STRAIGHT & LEVEL,DAYLIGHT,,,45838.68032,False,82,Accepted,5,5,O,BACKUP DUE TO REGULAR CONGESTION,OTHER,BRAKES DEFECTIVE,2025,1
9342,34960352,0510100,HENDERSON POLICE DEPARTMENT,Accepted,HENDERSON,,721,GREEN,ST,N,,8TH,,,,,37.84665161,-87.58381851,,2025-06-25,1406,3,3,0,0,CLEAR,DRY,False,OPPOSING LEFT TURN,OPPOSING LEFT TURN,STRAIGHT & LEVEL,DAYLIGHT,,,45838.68035,False,82,Accepted,5,5,O,OTHER,"MISJUDGE CLEARANCE, OTHER",,2025,1
9343,34962478,0510100,HENDERSON POLICE DEPARTMENT,Accepted,HENDERSON,,,WATSON,LN,,US0060,US60,,,,,37.8649159,-87.55502749,0.014,2025-06-21,153,2,2,0,0,CLEAR,DRY,True,HEAD-ON COLLISION,HEAD ON,STRAIGHT & LEVEL,DARK-HWY LIGHTED/ON,,,45839.12326,False,44,Accepted,5,5,O,,NOT UNDER PROPER CONTROL,OTHER,2025,1
9344,34962479,0510100,HENDERSON POLICE DEPARTMENT,Accepted,HENDERSON,US0060,,US60,,E,,BARRET,,,,,37.85990398,-87.5677572,10.6,2025-06-27,1740,2,2,0,0,CLEAR,DRY,True,ANGLE COLLISION - OTHER,ANGLE,STRAIGHT & LEVEL,DAYLIGHT,,,45839.12337,False,29,Accepted,5,5,O,,"INATTENTION, MISJUDGE CLEARANCE",,2025,1
9346,34966380,0510100,HENDERSON POLICE DEPARTMENT,Accepted,HENDERSON,,1541,CLAY,ST,,,ATKINSON,,,,,37.82466458,-87.57767079,0.01,2025-06-29,1900,1,1,0,0,CLEAR,DRY,False,COLLISION WITH FIXED OBJECT IN INTERSECTION - FIRST EVENT COLLISION 09 - 32,SINGLE VEHICLE,STRAIGHT & LEVEL,DAYLIGHT,,,45839.99698,False,35,Accepted,5,5,O,,NOT UNDER PROPER CONTROL,,2025,1
9347,34967687,0510100,HENDERSON POLICE DEPARTMENT,Accepted,HENDERSON,,,2ND,ST,,,PRIEST,,,,,37.83303381,-87.57286717,,2025-06-26,852,2,2,0,0,CLEAR,DRY,False,SIDESWIPE-SAME DIRECTION,SIDESWIPE-SAME DIRECTION,STRAIGHT & LEVEL,DAYLIGHT,,,45840.37208,False,82,Accepted,5,5,O,,INATTENTION,,2025,1
9348,34967688,0510100,HENDERSON POLICE DEPARTMENT,Accepted,HENDERSON,US0041A,,GREEN,ST,S,,,,,,,37.8334207,-87.59362081,,2025-06-25,1229,2,2,0,0,CLEAR,DRY,False,1 VEHICLE ENTERING/LEAVING ENTRANCE,ANGLE,STRAIGHT & LEVEL,DAYLIGHT,,,45840.37212,False,83,Accepted,5,5,O,,INATTENTION,,2025,1
9349,34967689,0510100,HENDERSON POLICE DEPARTMENT,Accepted,HENDERSON,,,1ST,ST,,,ALVES,,,,,37.83648901,-87.58491045,,2025-06-25,1153,2,2,0,0,CLEAR,DRY,False,ANGLE COLLISION - OTHER,ANGLE,STRAIGHT & LEVEL,DAYLIGHT,,,45840.37215,False,83,Accepted,5,5,O,,INATTENTION,,2025,1
9350,34967691,0510100,HENDERSON POLICE DEPARTMENT,Accepted,HENDERSON,US0060,,US60,HWY,E,,,,,,,37.8581435,-87.57165648,,2025-06-25,1651,3,3,0,0,CLEAR,DRY,False,REAR END IN TRAFFIC LANES BOTH VEHICLES MOVING,REAR END,STRAIGHT & LEVEL,DAYLIGHT,,,45840.3722,False,83,Accepted,5,5,O,,,,2025,1
9351,34967693,0510100,HENDERSON POLICE DEPARTMENT,Accepted,HENDERSON,,,3RD,ST,,,INGRAM,,,,,37.83996523,-87.58623768,,2025-06-27,1052,2,2,0,0,CLEAR,DRY,False,ANGLE COLLISION - OTHER,ANGLE,STRAIGHT & LEVEL,DAYLIGHT,,,45840.37227,False,83,Accepted,5,5,O,,INATTENTION,,2025,1
9352,34967694,0510100,HENDERSON POLICE DEPARTMENT,Accepted,HENDERSON,,,14TH,ST,,,ELM,,,,,37.85481974,-87.58064167,,2025-06-27,1748,3,3,0,0,CLEAR,DRY,False,OPPOSING LEFT TURN,OPPOSING LEFT TURN,STRAIGHT & LEVEL,DAYLIGHT,,,45840.37232,False,83,Accepted,5,5,O,,INATTENTION,,2025,1
9354,34968061,0510100,HENDERSON POLICE DEPARTMENT,Accepted,HENDERSON,,,BOB POSEY,ST,,,,,,,,37.84256516,-87.57472695,,2025-06-30,1059,2,2,0,1,CLEAR,DRY,False,1 VEHICLE ENTERING/LEAVING ENTRANCE,ANGLE,STRAIGHT & LEVEL,DAYLIGHT,,,45840.45582,False,83,Accepted,5,3,B,,INATTENTION,,2025,1
9355,34968594,0510100,HENDERSON POLICE DEPARTMENT,Accepted,HENDERSON,US0041A,,GREEN,ST,N,,5TH,,,,,37.84337502,-87.58602459,16.212,2025-07-01,749,2,2,0,0,CLEAR,DRY,False,ANGLE COLLISION - OTHER,ANGLE,STRAIGHT & LEVEL,DAYLIGHT,,,45840.58116,False,64,Accepted,5,5,O,,INATTENTION,,2025,1
9356,34968803,0510100,HENDERSON POLICE DEPARTMENT,Accepted,HENDERSON,US0041,,US41,,N,,,,,,,37.8692471,-87.57109219,16.95,2025-07-02,822,2,2,0,0,CLEAR,DRY,False,REAR END IN TRAFFIC LANES BOTH VEHICLES MOVING,REAR END,STRAIGHT & LEVEL,DAYLIGHT,,,45840.61652,False,31,Accepted,5,5,O,,DISTRACTION,,2025,1
9359,34972745,0510100,HENDERSON POLICE DEPARTMENT,Accepted,HENDERSON,KY0351,,2ND,ST,,,,,,,,37.8394653,-87.58828436,,2025-07-01,1919,2,2,0,0,CLEAR,DRY,False,1 VEHICLE ENTERING/LEAVING ENTRANCE,ANGLE,STRAIGHT & LEVEL,DAYLIGHT,,,45841.46755,False,83,Accepted,5,5,O,,MISJUDGE CLEARANCE,,2025,1
9360,34972776,0510100,HENDERSON POLICE DEPARTMENT,Accepted,HENDERSON,US0041,,US41,,N,,MARYWOOD,,,,,37.86729918,-87.57207105,16.804,2025-07-03,802,2,2,0,0,CLEAR,DRY,False,ANGLE COLLISION - ONE VEHICLE TURNING LEFT,ANGLE,STRAIGHT & LEVEL,DAYLIGHT,,,45841.47725,False,38,Accepted,5,5,O,,,,2025,1
9361,34972778,0510100,HENDERSON POLICE DEPARTMENT,Accepted,HENDERSON,US0041,,US41,,N,,,,,,,37.84675389,-87.56641988,,2025-07-01,1727,1,1,0,0,CLEAR,DRY,False,COLLISION WITH FIXED OBJECT NON - INTERSECTION - FIRST EVENT COLLISION 09 - 32 EXCLUDING 16,SINGLE VEHICLE,CURVE & HILLCREST,DAYLIGHT,,,45841.4773,False,83,Accepted,5,5,O,,"INATTENTION, NOT UNDER PROPER CONTROL",,2025,1
9362,34972780,0510100,HENDERSON POLICE DEPARTMENT,Accepted,HENDERSON,,1195,BARRET,BLVD,,,,,,,,37.85720389,-87.56545217,,2025-07-02,1503,2,2,0,0,CLEAR,DRY,False,VEHICLE BACKING NON INTERSECTION,BACKING,STRAIGHT & LEVEL,DAYLIGHT,,,45841.47734,False,83,Accepted,5,5,O,,INATTENTION,,2025,1
9363,34978731,0510100,HENDERSON POLICE DEPARTMENT,Accepted,HENDERSON,,,MEADOW,ST,,,POWELL,,,,,37.82983541,-87.58295308,0.486,2025-07-03,2150,2,2,0,0,CLEAR,DRY,False,ANGLE COLLISION - OTHER,ANGLE,STRAIGHT & LEVEL,DARK-HWY LIGHTED/ON,,,45842.92429,False,33,Accepted,5,5,O,,INATTENTION,,2025,1
9364,34986104,0510100,HENDERSON POLICE DEPARTMENT,Accepted,HENDERSON,US0041,,US41,,N,,BARKER,,,,,37.87228642,-87.56957348,17.175,2025-07-03,1032,2,2,0,0,CLEAR,DRY,False,ANGLE COLLISION - OTHER,ANGLE,STRAIGHT & LEVEL,DAYLIGHT,,,45845.36843,False,64,Accepted,5,5,O,,INATTENTION,,2025,1
9366,34986730,0510100,HENDERSON POLICE DEPARTMENT,Accepted,HENDERSON,KY0351,,2ND,ST,,,ADAMS,,,,,37.83828861,-87.58546213,0.168,2025-07-01,1134,2,2,0,0,CLEAR,DRY,True,ANGLE COLLISION - OTHER,ANGLE,STRAIGHT & LEVEL,DAYLIGHT,,,45845.48047,False,64,Accepted,5,5,O,,INATTENTION,,2025,1
9367,34986732,0510100,HENDERSON POLICE DEPARTMENT,Accepted,HENDERSON,,,WATSON,LN,,,BRINSON,,,,,37.87499025,-87.56610159,1.004,2025-07-03,1119,2,2,0,0,CLEAR,DRY,False,ANGLE COLLISION - OTHER,ANGLE,STRAIGHT & LEVEL,DAYLIGHT,,,45845.48052,False,64,Accepted,5,5,O,,INATTENTION,,2025,1
9371,34986756,0510000,HENDERSON COUNTY SHERIFF DEPT.,Accepted,HENDERSON,US0041,,US41,,,,,,,,,37.81691165,-87.56315023,1.878,2025-07-07,44,1,1,0,0,CLEAR,DRY,False,COLLISION WITH ANIMAL NON INTERSECTION,SINGLE VEHICLE,STRAIGHT & LEVEL,DARK-HWY NOT LIGHTED,,,45845.48284,False,135,Accepted,5,5,O,ANIMALS ACTION,,,2025,1
9372,34986787,0510100,HENDERSON POLICE DEPARTMENT,Accepted,HENDERSON,US0041,,US41,,N,,,,,,,37.86632688,-87.57267231,16.733,2025-07-05,1034,2,2,0,0,CLEAR,DRY,True,SIDESWIPE COLLISION - SAME DIRECTION,SIDESWIPE-SAME DIRECTION,STRAIGHT & LEVEL,DAYLIGHT,,,45845.48946,False,31,Accepted,5,5,O,,,,2025,1
9373,34986788,0510100,HENDERSON POLICE DEPARTMENT,Accepted,HENDERSON,,,BITTERSWEET,LN,,,FENCE POST,,,,,37.83294127,-87.54787639,0.112,2025-07-05,1359,2,2,0,0,CLEAR,DRY,False,OPPOSITE DIRECTION - BOTH VEHICLES GOING STRAIGHT AHEAD,SIDESWIPE-OPPOSITE DIRECTION,STRAIGHT & HILLCREST,DAYLIGHT,,,45845.4895,False,25,Accepted,5,5,O,,INATTENTION,,2025,1
9374,34986790,0510100,HENDERSON POLICE DEPARTMENT,Accepted,HENDERSON,,,14TH,ST,,US0041A,GREEN,,,,,37.85409623,-87.57886067,0.109,2025-07-05,1503,2,2,0,0,CLEAR,DRY,False,SIDESWIPE-SAME DIRECTION,SIDESWIPE-SAME DIRECTION,STRAIGHT & LEVEL,DAYLIGHT,,,45845.48953,False,25,Accepted,5,5,O,,"FAILED TO YIELD RIGHT OF WAY, INATTENTION",,2025,1
9375,34987076,0510100,HENDERSON POLICE DEPARTMENT,Accepted,HENDERSON,US0041,15,US41,,N,,,,,,,37.84056531,-87.56490783,14.795,2025-07-05,1044,2,2,0,0,CLEAR,DRY,True,SIDESWIPE COLLISION - SAME DIRECTION,SIDESWIPE-SAME DIRECTION,CURVE & HILLCREST,DAYLIGHT,,,45845.55158,False,25,Accepted,5,5,O,,,,2025,1
9376,34987361,0510100,HENDERSON POLICE DEPARTMENT,Accepted,HENDERSON,US0041,,US41,,N,,,,,,,37.88138246,-87.56452634,,2025-07-03,1456,3,3,0,0,CLEAR,DRY,False,REAR END IN TRAFFIC LANES BOTH VEHICLES MOVING,REAR END,STRAIGHT & LEVEL,DAYLIGHT,,,45845.60405,False,83,Accepted,5,5,O,,"CELL PHONE, INATTENTION",,2025,1
9378,34995851,0510100,HENDERSON POLICE DEPARTMENT,Accepted,HENDERSON,,,MAIN,ST,N,,5TH,,,,,37.84448678,-87.58918128,,2025-07-07,1547,2,2,0,0,CLEAR,DRY,False,ANGLE COLLISION - OTHER,ANGLE,STRAIGHT & LEVEL,DAYLIGHT,,,45847.3725,False,83,Accepted,5,5,O,,INATTENTION,,2025,1
9379,34996059,0510100,HENDERSON POLICE DEPARTMENT,Accepted,HENDERSON,,1498,RUSSELL,DR,,,,,,,,37.80781528,-87.58955942,0.097,2025-07-07,1425,1,1,0,0,CLEAR,DRY,False,OTHER ROADWAY OR MID-BLOCK COLLISION,SINGLE VEHICLE,CURVE & LEVEL,DAYLIGHT,,,45847.40061,False,47,Accepted,5,5,O,,"LOST CONSCIOUSNESS/FAINTED, NOT UNDER PROPER CONTROL",,2025,1
9380,34996062,0510100,HENDERSON POLICE DEPARTMENT,Accepted,HENDERSON,,,5TH,ST,,,INGRAM,,,,,37.84267283,-87.58457077,0.857,2025-07-08,1332,2,2,0,0,CLEAR,DRY,False,ANGLE COLLISION - OTHER,ANGLE,STRAIGHT & LEVEL,DAYLIGHT,,,45847.40068,False,64,Accepted,5,5,O,,INATTENTION,,2025,1
9383,34998728,0510100,HENDERSON POLICE DEPARTMENT,Accepted,HENDERSON,,,4TH,ST,,,ELM,,,,,37.84270235,-87.58841347,0.096,2025-07-03,2204,2,2,0,0,CLEAR,DRY,False,OTHER INTERSECTION COLLISIONS,REAR END,STRAIGHT & LEVEL,DARK-HWY LIGHTED/ON,,,45847.9156,False,44,Accepted,5,5,O,,INATTENTION,,2025,1
9384,34999109,0510100,HENDERSON POLICE DEPARTMENT,Accepted,HENDERSON,US0041A,,GREEN,ST,S,,WASHINGTON,,,,,37.83643618,-87.59068565,15.675,2025-07-05,1846,2,2,0,0,CLEAR,DRY,False,OTHER INTERSECTION COLLISIONS,REAR END,STRAIGHT & HILLCREST,DAYLIGHT,,,45848.01936,False,30,Accepted,5,5,O,,INATTENTION,,2025,1
9385,34999154,0510100,HENDERSON POLICE DEPARTMENT,Accepted,HENDERSON,,,ELM,ST,N,,5TH,,,,,37.84392028,-87.58764417,0.459,2025-07-03,2159,2,2,0,0,CLEAR,DRY,False,OPPOSING LEFT TURN,OPPOSING LEFT TURN,STRAIGHT & LEVEL,DARK-HWY LIGHTED/OFF,,,45848.03128,False,5,Accepted,5,5,O,,FAILED TO YIELD RIGHT OF WAY,,2025,1
9386,34999395,0510100,HENDERSON POLICE DEPARTMENT,Accepted,HENDERSON,KY0136,1700,MADISON,ST,,,,,,,,37.8136747,-87.58089757,21.056,2025-07-06,10,2,2,0,0,CLEAR,DRY,False,SIDESWIPE COLLISION - OPPOSITE DIRECTION,SIDESWIPE-OPPOSITE DIRECTION,CURVE & LEVEL,DARK (UNKNOWN ROADWAY LIGHTING),,,45848.09024,False,30,Accepted,5,5,O,,INATTENTION,,2025,1