OBJECTID,IncidentID,AgencyORI,AgencyName,IncidentStatusDesc,County,RdwyNumber,Street,RoadwayName,StreetSfx,StreetDir,IntersectionRdwy,IntersectionRdwyName,BetweenStRdwy1,BetweenStRdwyName1,BetweenStRdwy2,BetweenStRdwyName2,Latitude,Longitude,Milepoint,CollisionDate,CollisionTime,UnitsInvolved,MotorVehiclesInvolved,NumberKilled,NumberInjured,Weather,RdwyConditionCode,HitandRun,DirAnalysisCode,MannerofCollision,RdwyCharacter,LightCondition,RampFromRdwyId,RampToRdwyId,AcceptedDate,IsSecondaryCollision,OwnerBadge,IncidentStatus,InjurySeverityCde,KABCO_Code,KABCO,Environmental_Factors,Human_Factors,Vehicular_Factors,CollisionYear,CityCrash
9387,35001102,0510100,HENDERSON POLICE DEPARTMENT,Accepted,HENDERSON,US0041,,US41,,N,,,,PAUL,,WATSON,37.87465749,-87.56826762,17.354,2025-07-08,1459,2,2,0,0,CLOUDY,DRY,False,1 VEHICLE ENTERING/LEAVING ENTRANCE,ANGLE,STRAIGHT & LEVEL,DAYLIGHT,,,45848.56606,False,67,Accepted,5,5,O,,"INATTENTION, OTHER",,2025,1
9388,35001105,0510100,HENDERSON POLICE DEPARTMENT,Accepted,HENDERSON,US0060,,US60,,E,,,,BARRET,,MANOR,37.86037363,-87.56654035,10.678,2025-07-08,954,2,2,0,0,CLEAR,DRY,True,OTHER ROADWAY OR MID-BLOCK COLLISION,REAR END,STRAIGHT & LEVEL,DAYLIGHT,,,45848.56615,False,67,Accepted,5,5,O,,"INATTENTION, OTHER",,2025,1
9389,35001106,0510100,HENDERSON POLICE DEPARTMENT,Accepted,HENDERSON,,,MARYWOOD,DR,,US0060,US60,,,,,37.86103796,-87.56478672,0.002,2025-07-09,1639,2,2,0,0,CLEAR,DRY,False,OTHER INTERSECTION COLLISIONS,REAR END,STRAIGHT & GRADE,DAYLIGHT,,,45848.56619,False,67,Accepted,5,5,O,,INATTENTION,,2025,1
9392,35015049,0510100,HENDERSON POLICE DEPARTMENT,Accepted,HENDERSON,,800,POND,ST,,,,,,,,37.82474476,-87.58536163,0.036,2025-07-10,1231,2,2,0,0,CLEAR,DRY,True,1 VEHICLE PARKED POSITION (NOT PARKING LOT/DRIVEWAY),BACKING,STRAIGHT & LEVEL,DAYLIGHT,,,45852.38788,False,59,Accepted,5,5,O,,INATTENTION,,2025,1
9393,35015219,0510100,HENDERSON POLICE DEPARTMENT,Accepted,HENDERSON,,,3RD,ST,,,,US0041A,GREEN,,INGRAM,37.84030068,-87.58688918,0.342,2025-06-25,1710,2,1,0,1,CLEAR,DRY,False,COLLISION WITH PEDESTRIAN NON - INTERSECTION,SINGLE VEHICLE,STRAIGHT & LEVEL,DAYLIGHT,,,45852.40336,False,34,Accepted,3,3,B,,,,2025,1
9394,35015220,0510100,HENDERSON POLICE DEPARTMENT,Accepted,HENDERSON,,,WATSON,LN,,US0041,US41,,,,,37.87531974,-87.56771487,1.093,2025-06-25,1550,2,2,0,0,CLEAR,DRY,False,OTHER INTERSECTION COLLISIONS,REAR END,STRAIGHT & LEVEL,DAYLIGHT,,,45852.40342,False,34,Accepted,5,5,O,,OTHER,,2025,1
9395,35015460,0510100,HENDERSON POLICE DEPARTMENT,Accepted,HENDERSON,,,US HWY 60,,,,,,,,,37.86469972,-87.54920199,,2025-07-07,1030,2,2,0,2,CLEAR,DRY,False,COLLISION WITH FIXED OBJECT NON - INTERSECTION - FIRST EVENT COLLISION 09 - 32 EXCLUDING 16,REAR END,STRAIGHT & HILLCREST,DAYLIGHT,,,45852.42958,False,82,Accepted,5,3,B,,OTHER,,2025,1
9396,35015461,0510100,HENDERSON POLICE DEPARTMENT,Accepted,HENDERSON,,,POWELL,ST,,,HOLLOWAY,,,,,37.83145991,-87.58568373,,2025-07-07,1428,2,2,0,0,RAINING,WET,False,ANGLE COLLISION - OTHER,ANGLE,STRAIGHT & LEVEL,DAYLIGHT,,,45852.42963,False,82,Accepted,5,5,O,,OTHER,,2025,1
9397,35015464,0510100,HENDERSON POLICE DEPARTMENT,Accepted,HENDERSON,,,41,HWY,,,,,,,,37.8494134,-87.56726369,,2025-07-07,1407,2,2,0,0,RAINING,WET,False,SIDESWIPE COLLISION - SAME DIRECTION,SIDESWIPE-SAME DIRECTION,STRAIGHT & LEVEL,DAYLIGHT,,,45852.4297,False,83,Accepted,5,5,O,SLIPPERY SURFACE,INATTENTION,,2025,1
9398,35015467,0510100,HENDERSON POLICE DEPARTMENT,Accepted,HENDERSON,US0041,,US41,,N,,,,,,,37.86418574,-87.57377671,,2025-07-07,1458,2,2,0,0,RAINING,WET,False,1 VEHICLE ENTERING/LEAVING ENTRANCE,ANGLE,STRAIGHT & LEVEL,DAYLIGHT,,,45852.42975,False,83,Accepted,5,5,O,,INATTENTION,,2025,1
9402,35015705,0510100,HENDERSON POLICE DEPARTMENT,Accepted,HENDERSON,US0060,,US60,,E,,,,,,,37.85788188,-87.57211201,10.353,2025-07-10,1630,2,2,0,0,CLEAR,DRY,False,OTHER ROADWAY OR MID-BLOCK COLLISION,REAR END,STRAIGHT & LEVEL,DAYLIGHT,,,45852.46179,False,23,Accepted,5,5,O,,INATTENTION,,2025,1
9403,35015706,0510100,HENDERSON POLICE DEPARTMENT,Accepted,HENDERSON,,800,VINE,ST,,,,,,,,37.82832037,-87.59102491,0.326,2025-07-10,2105,2,2,0,0,CLEAR,DRY,True,1 VEHICLE PARKED POSITION (NOT PARKING LOT/DRIVEWAY),REAR END,STRAIGHT & LEVEL,DAYLIGHT,,,45852.46193,False,64,Accepted,5,5,O,,,,2025,1
9404,35015711,0510100,HENDERSON POLICE DEPARTMENT,Accepted,HENDERSON,US0060,,US60,,E,,,,,,,37.86131315,-87.56394213,10.821,2025-07-12,1618,2,2,0,0,CLEAR,DRY,False,REAR END IN TRAFFIC LANES BOTH VEHICLES MOVING,REAR END,STRAIGHT & LEVEL,DAYLIGHT,,,45852.46231,False,53,Accepted,5,5,O,,"INATTENTION, MISJUDGE CLEARANCE",,2025,1
9405,35016303,0510100,HENDERSON POLICE DEPARTMENT,Accepted,HENDERSON,US0041A,,GREEN,ST,N,,,,12TH,,CRESTVIEW,37.85210655,-87.58031284,16.878,2025-07-09,1644,2,2,0,0,CLEAR,DRY,False,SIDESWIPE COLLISION - SAME DIRECTION,SIDESWIPE-SAME DIRECTION,STRAIGHT & LEVEL,DAYLIGHT,,,45852.57316,False,34,Accepted,5,5,O,,OTHER,,2025,1
9406,35016304,0510100,HENDERSON POLICE DEPARTMENT,Accepted,HENDERSON,US0041,,US41,,N,,,,AUDUBON MHP,,WATSON,37.87647202,-87.56724679,17.427,2025-07-09,1400,4,4,0,4,CLEAR,DRY,False,1 VEHICLE ENTERING/LEAVING ENTRANCE,ANGLE,STRAIGHT & LEVEL,DAYLIGHT,,,45852.5732,False,34,Accepted,5,3,B,BACKUP DUE TO REGULAR CONGESTION,"MISJUDGE CLEARANCE, OTHER",,2025,1
9407,35016305,0510100,HENDERSON POLICE DEPARTMENT,Accepted,HENDERSON,,,BARRET,BLVD,,US0041,US41,,,,,37.86430928,-87.5736518,0.896,2025-07-13,1223,2,2,0,0,CLOUDY,DRY,False,OTHER INTERSECTION COLLISIONS,REAR END,STRAIGHT & LEVEL,DAYLIGHT,,,45852.57324,False,67,Accepted,5,5,O,,INATTENTION,,2025,1
9414,35028984,0510100,HENDERSON POLICE DEPARTMENT,Accepted,HENDERSON,,,ELM,ST,,,3RD,,,,,37.84137554,-87.58922174,,2025-07-11,1120,2,2,0,0,CLEAR,DRY,False,VEHICLE BACKING IN INTERSECTION,BACKING,STRAIGHT & LEVEL,DAYLIGHT,,,45855.48915,False,82,Accepted,5,5,O,OTHER,OTHER,,2025,1
9415,35031295,0510100,HENDERSON POLICE DEPARTMENT,Accepted,HENDERSON,US0060,,US60,,E,,BARRET,,,,,37.85992813,-87.56775508,10.599,2025-07-16,1917,2,2,0,0,CLEAR,DRY,False,OTHER INTERSECTION COLLISIONS,REAR END,STRAIGHT & GRADE,DAYLIGHT,,,45855.88937,False,43,Accepted,5,5,O,,,OTHER,2025,1
9416,35032585,0510100,HENDERSON POLICE DEPARTMENT,Accepted,HENDERSON,US0041A,200,GREEN,ST,N,,,,,,,37.83990858,-87.58825746,15.878,2025-07-16,840,2,2,0,0,CLEAR,DRY,False,SIDESWIPE COLLISION - SAME DIRECTION,SIDESWIPE-SAME DIRECTION,STRAIGHT & LEVEL,DAYLIGHT,,,45856.31492,False,59,Accepted,5,5,O,,"FAILED TO YIELD RIGHT OF WAY, INATTENTION",,2025,1
9417,35032789,0510100,HENDERSON POLICE DEPARTMENT,Accepted,HENDERSON,,330,ATKINSON,ST,,,,,,,,37.82453465,-87.57744099,0.243,2025-07-14,246,1,1,0,0,CLEAR,DRY,True,COLLISION WITH FIXED OBJECT NON - INTERSECTION - FIRST EVENT COLLISION 09 - 32 EXCLUDING 16,SINGLE VEHICLE,STRAIGHT & LEVEL,DARK-HWY LIGHTED/ON,,,45856.34586,False,48,Accepted,5,5,O,,"DISREGARD TRAFFIC CONTROL, DRUG INVOLVEMENT",,2025,1
9418,35032792,0510100,HENDERSON POLICE DEPARTMENT,Accepted,HENDERSON,US0060,,US60,,E,,BARRET,,,,,37.85986596,-87.56782662,10.596,2025-07-14,1430,2,2,0,0,RAINING,WET,True,SIDESWIPE-SAME DIRECTION,SIDESWIPE-SAME DIRECTION,STRAIGHT & LEVEL,DAYLIGHT,,,45856.34593,False,23,Accepted,5,5,O,,"FAILED TO KEEP PROPER LANE, INATTENTION",,2025,1
9419,35032795,0510100,HENDERSON POLICE DEPARTMENT,Accepted,HENDERSON,US0041A,500,GREEN,ST,N,,,,,,,37.84360997,-87.58582956,16.202,2025-07-16,1000,2,2,0,0,CLEAR,DRY,False,OTHER ROADWAY OR MID-BLOCK COLLISION,REAR END,STRAIGHT & LEVEL,DAYLIGHT,,,45856.34601,False,59,Accepted,5,5,O,,INATTENTION,,2025,1
9421,35033228,0510100,HENDERSON POLICE DEPARTMENT,Accepted,HENDERSON,KY1539,,LARUE,RD,,,ZION,,,,,37.82859687,-87.55846696,,2025-07-09,1534,2,2,0,0,CLEAR,DRY,False,OPPOSITE DIRECTION - BOTH VEHICLES GOING STRAIGHT AHEAD,SIDESWIPE-OPPOSITE DIRECTION,STRAIGHT & LEVEL,DAYLIGHT,,,45856.48674,False,83,Accepted,5,5,O,,INATTENTION,,2025,1
9422,35033230,0510100,HENDERSON POLICE DEPARTMENT,Accepted,HENDERSON,US0041A,,US41 ALT,,,,,,,,,37.81097615,-87.62248385,,2025-07-14,1530,2,2,0,0,CLEAR,DRY,False,REAR END IN TRAFFIC LANES BOTH VEHICLES MOVING,REAR END,STRAIGHT & LEVEL,DAYLIGHT,,,45856.48681,False,83,Accepted,5,5,O,,INATTENTION,,2025,1
9423,35033232,0510100,HENDERSON POLICE DEPARTMENT,Accepted,HENDERSON,,736,ELM,ST,N,,,,,,,37.84751697,-87.58506526,,2025-07-15,1241,2,2,0,0,CLOUDY,DRY,False,1 VEHICLE PARKED POSITION (NOT PARKING LOT/DRIVEWAY),ANGLE,STRAIGHT & LEVEL,DAYLIGHT,,,45856.48687,False,82,Accepted,5,5,O,,MISJUDGE CLEARANCE,,2025,1
9424,35033234,0510100,HENDERSON POLICE DEPARTMENT,Accepted,HENDERSON,,1700,GREEN,ST,S,,,,,,,37.81506317,-87.61508517,,2025-07-15,1700,2,2,0,0,CLEAR,DRY,False,VEHICLE BACKING NON INTERSECTION,BACKING,STRAIGHT & LEVEL,DAYLIGHT,,,45856.48691,False,83,Accepted,5,5,O,,INATTENTION,,2025,1
9425,35033235,0510100,HENDERSON POLICE DEPARTMENT,Accepted,HENDERSON,,,RACE TRACK,RD,,,,,,,,37.88477058,-87.56651989,,2025-07-15,1736,2,2,0,0,CLEAR,DRY,False,VEHICLE BACKING NON INTERSECTION,BACKING,STRAIGHT & LEVEL,DAYLIGHT,,,45856.48694,False,83,Accepted,5,5,O,,INATTENTION,,2025,1
9426,35033237,0510100,HENDERSON POLICE DEPARTMENT,Accepted,HENDERSON,US0041,,US41,HWY,N,,,,,,,37.87144588,-87.56984068,,2025-07-16,1728,2,2,0,0,CLEAR,DRY,False,REAR END IN TRAFFIC LANES BOTH VEHICLES MOVING,REAR END,STRAIGHT & LEVEL,DAYLIGHT,,,45856.48701,False,83,Accepted,5,5,O,,INATTENTION,,2025,1
9427,35033369,0510100,HENDERSON POLICE DEPARTMENT,Accepted,HENDERSON,,,US41,,N,,,,,,,37.87052106,-87.57031542,,2025-07-17,1047,2,2,0,0,CLEAR,DRY,False,OTHER ROADWAY OR MID-BLOCK COLLISION,REAR END,STRAIGHT & LEVEL,DAYLIGHT,,,45856.50477,False,82,Accepted,5,5,O,BACKUP DUE TO REGULAR CONGESTION,NOT UNDER PROPER CONTROL,,2025,1
9428,35041888,0510100,HENDERSON POLICE DEPARTMENT,Accepted,HENDERSON,US0060,2118,GREEN,ST,S,,,,,,,37.80715496,-87.62891411,9.852,2025-07-18,1711,1,1,0,0,CLEAR,DRY,False,COLLISION WITH FIXED OBJECT NON - INTERSECTION - FIRST EVENT COLLISION 09 - 32 EXCLUDING 16,SINGLE VEHICLE,STRAIGHT & LEVEL,DAYLIGHT,,,45859.34891,False,49,Accepted,5,5,O,,"FATIGUE, FELL ASLEEP",,2025,1
9429,35041889,0510100,HENDERSON POLICE DEPARTMENT,Accepted,HENDERSON,US0041,2452,US41,,N,,,,,,,37.87102861,-87.57011106,17.083,2025-07-17,1126,2,2,0,1,CLEAR,DRY,False,REAR END IN TRAFFIC LANES BOTH VEHICLES MOVING,REAR END,STRAIGHT & LEVEL,DAYLIGHT,,,45859.34897,False,53,Accepted,5,3,B,,INATTENTION,,2025,1
9430,35041890,0510100,HENDERSON POLICE DEPARTMENT,Accepted,HENDERSON,KY0351,1800,ZION,RD,,,,,,,,37.83039088,-87.5648838,1.432,2025-07-18,911,2,2,0,0,RAINING,WET,False,SIDESWIPE COLLISION - SAME DIRECTION,SIDESWIPE-SAME DIRECTION,CURVE & LEVEL,DAYLIGHT,,,45859.34901,False,53,Accepted,5,5,O,,INATTENTION,,2025,1
9431,35041891,0510100,HENDERSON POLICE DEPARTMENT,Accepted,HENDERSON,,1553,MAIN,ST,S,,,,,,,37.82179901,-87.60990248,0.678,2025-07-19,1005,1,1,0,0,CLOUDY,DRY,True,OTHER COLLISIONS ON SHOULDER,SINGLE VEHICLE,STRAIGHT & LEVEL,DAYLIGHT,,,45859.34905,False,59,Accepted,5,5,O,,,,2025,1
9432,35041892,0510100,HENDERSON POLICE DEPARTMENT,Accepted,HENDERSON,US0060,,US60,,E,,MARYWOOD,,,,,37.86100011,-87.56473054,10.788,2025-07-19,1516,2,2,0,1,RAINING,WET,False,ANGLE COLLISION - OTHER,ANGLE,STRAIGHT & LEVEL,DAYLIGHT,,,45859.34914,False,23,Accepted,5,4,C,"VIEW OBSTRUCTED, LIMITED DUE TO WEATHER CONDITIONS",INATTENTION,,2025,1
9433,35041896,0510100,HENDERSON POLICE DEPARTMENT,Accepted,HENDERSON,US0041A,,GREEN,ST,N,,,,,,,37.85448442,-87.57813656,17.124,2025-07-20,1636,2,2,0,0,CLEAR,DRY,False,SIDESWIPE COLLISION - SAME DIRECTION,SIDESWIPE-SAME DIRECTION,STRAIGHT & LEVEL,DAYLIGHT,,,45859.34926,False,31,Accepted,5,5,O,,INATTENTION,,2025,1
9434,35042229,0510100,HENDERSON POLICE DEPARTMENT,Accepted,HENDERSON,,,POWELL,ST,,,HOLLOWAY,,,,,37.83147746,-87.58565107,0.719,2025-07-19,1336,2,2,0,1,RAINING,WET,False,ANGLE COLLISION - OTHER,ANGLE,STRAIGHT & LEVEL,DAYLIGHT,,,45859.36947,False,59,Accepted,5,4,C,"SLIPPERY SURFACE, VIEW OBSTRUCTED, LIMITED DUE TO WEATHER CONDITIONS","FAILED TO YIELD RIGHT OF WAY, INATTENTION",,2025,1
9435,35042317,0510100,HENDERSON POLICE DEPARTMENT,Accepted,HENDERSON,,,ADAMS,ST,N,,ADAMS,,,,,37.84554429,-87.58104264,,2025-07-08,1430,2,2,0,0,RAINING,WET,False,ANGLE COLLISION - OTHER,ANGLE,STRAIGHT & LEVEL,DAYLIGHT,,,45859.37471,False,83,Accepted,5,5,O,SLIPPERY SURFACE,INATTENTION,,2025,1
9436,35042318,0510100,HENDERSON POLICE DEPARTMENT,Accepted,HENDERSON,,,ELM,ST,N,,,,,,,37.86733781,-87.57473999,,2025-07-17,1614,2,2,0,0,CLEAR,DRY,False,1 VEHICLE ENTERING/LEAVING ENTRANCE,ANGLE,STRAIGHT & LEVEL,DAYLIGHT,,,45859.37477,False,83,Accepted,5,5,O,,INATTENTION,,2025,1
9437,35042319,0510100,HENDERSON POLICE DEPARTMENT,Accepted,HENDERSON,,,GREEN,ST,S,,DRURY,,,,,37.814073,-87.61799013,,2025-07-10,1134,2,2,0,0,CLEAR,DRY,False,OPPOSITE DIRECTION - BOTH VEHICLES GOING STRAIGHT AHEAD,SIDESWIPE-OPPOSITE DIRECTION,STRAIGHT & LEVEL,DAYLIGHT,,,45859.3748,False,82,Accepted,5,5,O,,OTHER,TIRE FAILURE,2025,1
9439,35042509,0510100,HENDERSON POLICE DEPARTMENT,Accepted,HENDERSON,US0041A,400,GREEN,ST,N,,,,,,,37.84314118,-87.58608041,16.186,2025-07-20,1226,3,3,0,0,CLEAR,DRY,True,OTHER ROADWAY OR MID-BLOCK COLLISION,REAR END,STRAIGHT & LEVEL,DAYLIGHT,,,45859.40746,False,59,Accepted,5,5,O,,INATTENTION,,2025,1
9444,35045381,0510100,HENDERSON POLICE DEPARTMENT,Accepted,HENDERSON,KY0136,,SAND,LN,,,FAIRGROUND,,,,,37.82129191,-87.59936466,19.814,2025-07-18,1811,1,1,0,0,CLOUDY,DRY,False,NON-COLLISION OBJECT COLLISION,SINGLE VEHICLE,CURVE & LEVEL,DAYLIGHT,,,45859.98652,False,44,Accepted,5,5,O,,,"OTHER, STEERING FAILURE",2025,1
9445,35045648,0510100,HENDERSON POLICE DEPARTMENT,Accepted,HENDERSON,,,WATSON,LN,,,GREEN RIVER,,,,,37.86857693,-87.55757463,0.305,2025-07-20,1750,2,2,0,0,CLEAR,DRY,False,OTHER INTERSECTION COLLISIONS,REAR END,STRAIGHT & LEVEL,DAYLIGHT,,,45860.05811,False,43,Accepted,5,5,O,,"DISTRACTION, DRUG INVOLVEMENT, INATTENTION",,2025,1
9446,35046385,0510100,HENDERSON POLICE DEPARTMENT,Accepted,HENDERSON,,212,CAMARO,DR,,,,,,,,37.8685516,-87.57524545,0.067,2025-07-11,1638,1,1,0,0,CLEAR,DRY,True,COLLISION WITH FIXED OBJECT NON - INTERSECTION - FIRST EVENT COLLISION 09 - 32 EXCLUDING 16,SINGLE VEHICLE,STRAIGHT & LEVEL,DAYLIGHT,,,45860.3134,False,59,Accepted,5,5,O,,INATTENTION,,2025,1
9449,35055675,0510100,HENDERSON POLICE DEPARTMENT,Accepted,HENDERSON,US0041A,,GREEN,ST,S,,WASHINGTON,,,,,37.83637354,-87.59079464,15.63,2025-07-18,933,2,2,0,0,CLOUDY,DRY,False,ANGLE COLLISION - OTHER,ANGLE,STRAIGHT & LEVEL,DAYLIGHT,,,45862.34327,False,48,Accepted,5,5,O,IMPROPER/NON-WORKING TRAFFIC CONTROLS,,,2025,1
9450,35055677,0510100,HENDERSON POLICE DEPARTMENT,Accepted,HENDERSON,,,ELM,ST,N,,RICHARDSON,,,,,37.85653017,-87.57953645,1.435,2025-07-22,1737,1,1,0,1,CLEAR,DRY,False,COLLISION WITH FIXED OBJECT IN INTERSECTION - FIRST EVENT COLLISION 09 - 32,SINGLE VEHICLE,STRAIGHT & LEVEL,DAYLIGHT,,,45862.34331,False,53,Accepted,5,2,A,,"DISTRACTION, NOT UNDER PROPER CONTROL",,2025,1
9451,35055680,0510100,HENDERSON POLICE DEPARTMENT,Accepted,HENDERSON,US0041A,,GREEN,ST,N,,12TH,,,,,37.85219378,-87.58030505,16.896,2025-07-22,1715,2,2,0,2,CLEAR,DRY,False,OPPOSING LEFT TURN,OPPOSING LEFT TURN,STRAIGHT & LEVEL,DAYLIGHT,,,45862.34337,False,48,Accepted,5,3,B,,INATTENTION,,2025,1
9452,35055797,0510100,HENDERSON POLICE DEPARTMENT,Accepted,HENDERSON,,,WASHINGTON,ST,,,ELM,,,,,37.83711221,-87.59221438,1.303,2025-07-17,1659,2,2,0,3,CLOUDY,DRY,False,ANGLE COLLISION - OTHER,ANGLE,STRAIGHT & LEVEL,DAYLIGHT,,,45862.37263,False,48,Accepted,3,3,B,,"ALCOHOL INVOLVEMENT, DISREGARD TRAFFIC CONTROL, EMOTIONAL",,2025,1
9455,35060399,0510100,HENDERSON POLICE DEPARTMENT,Accepted,HENDERSON,US0041A,1300,GREEN,ST,S,KY0136,SAND,,,,,37.82371965,-87.60317167,14.52,2025-07-24,625,2,2,0,0,CLEAR,DRY,False,OTHER INTERSECTION COLLISIONS,REAR END,STRAIGHT & LEVEL,DAYLIGHT,,,45863.40426,False,47,Accepted,5,5,O,,NOT UNDER PROPER CONTROL,,2025,1
9456,35060402,0510100,HENDERSON POLICE DEPARTMENT,Accepted,HENDERSON,,600,POWELL,ST,,,ADAMS,,,,,37.8336964,-87.58955538,0.458,2025-07-24,1530,2,2,0,0,CLEAR,DRY,False,ANGLE COLLISION - OTHER,ANGLE,STRAIGHT & LEVEL,DAYLIGHT,,,45863.40443,False,47,Accepted,5,5,O,MAINTENANCE/UTILITY WORK ZONE,"DISREGARD TRAFFIC CONTROL, INATTENTION",,2025,1
9460,35063223,0510100,HENDERSON POLICE DEPARTMENT,Accepted,HENDERSON,,,ATKINSON,ST,,,CLAY,,,,,37.82458909,-87.57753794,0.246,2025-07-24,2141,2,2,0,0,CLEAR,DRY,True,ANGLE COLLISION - OTHER,ANGLE,STRAIGHT & LEVEL,DARK-HWY LIGHTED/ON,,,45864.0366,False,35,Accepted,5,5,O,,FAILED TO YIELD RIGHT OF WAY,,2025,1
9461,35070260,0510100,HENDERSON POLICE DEPARTMENT,Accepted,HENDERSON,US0041A,,GREEN,ST,S,,,,,,,37.81649683,-87.61381561,,2025-07-10,1511,2,2,0,0,CLEAR,DRY,False,1 VEHICLE ENTERING/LEAVING ENTRANCE,ANGLE,STRAIGHT & LEVEL,DAYLIGHT,,,45866.32321,False,83,Accepted,5,5,O,,INATTENTION,,2025,1
9462,35070261,0510100,HENDERSON POLICE DEPARTMENT,Accepted,HENDERSON,KY0812,,AIRLINE,RD,,,HALLWAY,,,,,37.81894956,-87.5672023,7.255,2025-07-23,1205,2,2,0,2,CLEAR,DRY,False,ANGLE COLLISION - OTHER,ANGLE,STRAIGHT & LEVEL,DAYLIGHT,,,45866.32329,False,17,Accepted,4,4,C,,LOST CONSCIOUSNESS/FAINTED,,2025,1
9463,35070262,0510100,HENDERSON POLICE DEPARTMENT,Accepted,HENDERSON,US0041,,US41,,N,,,,,,,37.85040932,-87.56680913,15.404,2025-07-27,1147,1,1,0,1,CLEAR,DRY,False,OTHER ROADWAY OR MID-BLOCK COLLISION,SINGLE VEHICLE,CURVE & HILLCREST,DAYLIGHT,,,45866.32334,False,48,Accepted,5,3,B,,"EXCEEDED STATED SPEED LIMIT, INATTENTION",,2025,1
9464,35070491,0510100,HENDERSON POLICE DEPARTMENT,Accepted,HENDERSON,US0041A,,GREEN,ST,N,,,,,,,37.84935193,-87.58205719,,2025-06-26,1330,2,1,0,0,CLEAR,DRY,False,1 VEHICLE ENTERING/LEAVING ENTRANCE,ANGLE,STRAIGHT & LEVEL,DAYLIGHT,,,45866.36177,False,83,Accepted,5,5,O,,INATTENTION,,2025,1
9466,35074425,0510100,HENDERSON POLICE DEPARTMENT,Accepted,HENDERSON,US0041,,US41,,N,,,,,,,37.87900663,-87.56589718,17.68,2025-07-25,2014,2,2,0,0,CLEAR,DRY,False,OTHER ROADWAY OR MID-BLOCK COLLISION,REAR END,STRAIGHT & LEVEL,DUSK,,,45867.0076,False,43,Accepted,5,5,O,,INATTENTION,,2025,1
9467,35074427,0510100,HENDERSON POLICE DEPARTMENT,Accepted,HENDERSON,US0041,1917,US41,,N,,,,,,,37.8635579,-87.57438035,16.519,2025-07-26,1942,2,2,0,0,CLEAR,DRY,False,REAR END IN TRAFFIC LANES BOTH VEHICLES MOVING,REAR END,STRAIGHT & LEVEL,DAYLIGHT,,,45867.00767,False,61,Accepted,5,5,O,,FOLLOWING TOO CLOSE,,2025,1
9468,35074429,0510100,HENDERSON POLICE DEPARTMENT,Accepted,HENDERSON,,112,MEADOW,ST,,,,,,,,37.83072438,-87.58210188,0.564,2025-07-26,2340,2,2,0,0,CLEAR,DRY,False,1 VEHICLE PARKED POSITION (NOT PARKING LOT/DRIVEWAY),HEAD ON,STRAIGHT & LEVEL,DARK-HWY LIGHTED/ON,,,45867.00772,False,36,Accepted,5,5,O,,"DISTRACTION, INATTENTION",,2025,1
9469,35074500,0510100,HENDERSON POLICE DEPARTMENT,Accepted,HENDERSON,US0041A,,GREEN,ST,N,,14TH,,,,,37.85406087,-87.57881022,17.054,2025-07-22,1803,2,2,0,0,CLEAR,DRY,False,SIDESWIPE-SAME DIRECTION,SIDESWIPE-SAME DIRECTION,STRAIGHT & LEVEL,DAYLIGHT,,,45867.02116,False,36,Accepted,5,5,O,BACKUP DUE TO REGULAR CONGESTION,INATTENTION,,2025,1
9471,35079999,0510100,HENDERSON POLICE DEPARTMENT,Accepted,HENDERSON,,,BARRET,BLVD,,US0060,US60,,,,,37.85991293,-87.56775408,0.349,2025-07-26,1721,2,2,0,0,CLEAR,DRY,True,VEHICLE BACKING IN INTERSECTION,BACKING,STRAIGHT & LEVEL,DAYLIGHT,,,45868.35558,False,67,Accepted,5,5,O,,INATTENTION,,2025,1
9472,35080000,0510100,HENDERSON POLICE DEPARTMENT,Accepted,HENDERSON,KY0136,,MADISON,ST,,,PORTER,,,,,37.81643119,-87.58249278,20.846,2025-07-26,1324,3,3,0,0,CLEAR,DRY,False,ANGLE COLLISION - OTHER,ANGLE,STRAIGHT & LEVEL,DAYLIGHT,,,45868.35562,False,53,Accepted,5,5,O,,MISJUDGE CLEARANCE,,2025,1
9473,35080036,0510100,HENDERSON POLICE DEPARTMENT,Accepted,HENDERSON,,2712,ST PATRICK,DR,,,,,,,,37.87646572,-87.57008793,0.041,2025-07-27,1713,1,1,0,0,CLEAR,DRY,False,OTHER ROADWAY OR MID-BLOCK COLLISION,SINGLE VEHICLE,STRAIGHT & LEVEL,DAYLIGHT,,,45868.36182,False,67,Accepted,5,5,O,,INATTENTION,,2025,1
9474,35086138,0510100,HENDERSON POLICE DEPARTMENT,Accepted,HENDERSON,US0041,,US41,HWY,N,,,,,,,37.86082933,-87.57553876,,2025-07-18,1107,1,1,0,0,CLEAR,DRY,False,OTHER ROADWAY OR MID-BLOCK COLLISION,SINGLE VEHICLE,STRAIGHT & LEVEL,DAYLIGHT,,,45869.68682,False,83,Accepted,5,5,O,,,,2025,1
9475,35086139,0510100,HENDERSON POLICE DEPARTMENT,Accepted,HENDERSON,,,ATKINSON,ST,,,,,,,,37.82194117,-87.57998884,,2025-07-03,1814,2,2,0,0,CLEAR,DRY,False,VEHICLE BACKING NON INTERSECTION,BACKING,STRAIGHT & LEVEL,DAYLIGHT,,,45869.68686,False,83,Accepted,5,5,O,,INATTENTION,,2025,1