OBJECTID,IncidentID,AgencyORI,AgencyName,IncidentStatusDesc,County,RdwyNumber,Street,RoadwayName,StreetSfx,StreetDir,IntersectionRdwy,IntersectionRdwyName,BetweenStRdwy1,BetweenStRdwyName1,BetweenStRdwy2,BetweenStRdwyName2,Latitude,Longitude,Milepoint,CollisionDate,CollisionTime,UnitsInvolved,MotorVehiclesInvolved,NumberKilled,NumberInjured,Weather,RdwyConditionCode,HitandRun,DirAnalysisCode,MannerofCollision,RdwyCharacter,LightCondition,RampFromRdwyId,RampToRdwyId,AcceptedDate,IsSecondaryCollision,OwnerBadge,IncidentStatus,InjurySeverityCde,KABCO_Code,KABCO,Environmental_Factors,Human_Factors,Vehicular_Factors,CollisionYear,CityCrash
9476,35086140,0510100,HENDERSON POLICE DEPARTMENT,Accepted,HENDERSON,,,BEND GATE,DR,,,GREEN RIVER,,,,,37.8679733,-87.55879852,,2025-07-21,1444,2,2,0,0,CLEAR,DRY,False,ANGLE COLLISION - OTHER,ANGLE,STRAIGHT & LEVEL,DAYLIGHT,,,45869.6869,False,83,Accepted,5,5,O,,INATTENTION,,2025,1
9477,35086141,0510100,HENDERSON POLICE DEPARTMENT,Accepted,HENDERSON,,,41,HWY,,,BERRET,,,,,37.8643204,-87.57372943,,2025-07-22,1204,2,2,0,0,CLEAR,DRY,False,ANGLE COLLISION - OTHER,ANGLE,STRAIGHT & LEVEL,DAYLIGHT,,,45869.68693,False,83,Accepted,5,5,O,,INATTENTION,,2025,1
9478,35086142,0510100,HENDERSON POLICE DEPARTMENT,Accepted,HENDERSON,US0041A,,GREEN,ST,N,,,,,,,37.84575799,-87.58439471,,2025-07-22,1722,2,2,0,0,CLEAR,DRY,False,1 VEHICLE ENTERING/LEAVING ENTRANCE,ANGLE,STRAIGHT & LEVEL,DAYLIGHT,,,45869.68696,False,83,Accepted,5,5,O,,INATTENTION,,2025,1
9480,35086705,0510100,HENDERSON POLICE DEPARTMENT,Accepted,HENDERSON,US0041,,US41,,N,,,,BARKER,,WALKER,37.87135109,-87.57007059,17.105,2025-07-28,1724,2,2,0,0,CLEAR,DRY,False,OTHER ROADWAY OR MID-BLOCK COLLISION,REAR END,STRAIGHT & LEVEL,DAYLIGHT,,,45869.76982,False,67,Accepted,5,5,O,BACKUP DUE TO REGULAR CONGESTION,INATTENTION,,2025,1
9481,35086714,0510100,HENDERSON POLICE DEPARTMENT,Accepted,HENDERSON,US0060,,US60,,E,,,,,,,37.86228557,-87.56229856,10.945,2025-07-31,1407,2,2,0,0,CLEAR,DRY,True,REAR END IN TRAFFIC LANES BOTH VEHICLES MOVING,REAR END,STRAIGHT & LEVEL,DAYLIGHT,,,45869.76996,False,53,Accepted,5,5,O,,,,2025,1
9483,35089534,0510100,HENDERSON POLICE DEPARTMENT,Accepted,HENDERSON,US0041A,10,GREEN,ST,N,,,,CENTER,,1ST,37.83777755,-87.58952569,15.792,2025-07-31,1600,3,3,0,0,CLEAR,DRY,True,REAR END IN TRAFFIC LANES BOTH VEHICLES MOVING,REAR END,STRAIGHT & LEVEL,DAYLIGHT,,,45870.56797,False,47,Accepted,5,5,O,BACKUP DUE TO REGULAR CONGESTION,INATTENTION,OTHER,2025,1
9484,35089549,0510100,HENDERSON POLICE DEPARTMENT,Accepted,HENDERSON,US0041,,US41,HWY,N,,,,,,,37.85890856,-87.57503809,,2025-07-31,1647,2,2,0,0,CLEAR,DRY,False,REAR END IN TRAFFIC LANES BOTH VEHICLES MOVING,REAR END,STRAIGHT & LEVEL,DAYLIGHT,,,45870.57061,False,83,Accepted,5,5,O,,INATTENTION,,2025,1
9485,35089579,0510100,HENDERSON POLICE DEPARTMENT,Accepted,HENDERSON,,,41,HWY,,,,,,,,37.86278921,-87.57454388,,2025-07-31,1157,2,2,0,1,CLEAR,DRY,False,1 VEHICLE ENTERING/LEAVING ENTRANCE,ANGLE,STRAIGHT & LEVEL,DAYLIGHT,,,45870.57407,False,83,Accepted,5,3,B,,INATTENTION,,2025,1
9486,35089580,0510100,HENDERSON POLICE DEPARTMENT,Accepted,HENDERSON,US0041A,,GREEN,ST,S,,,,,,,37.82241135,-87.60452737,,2025-07-31,1421,2,2,0,0,CLEAR,DRY,False,SIDESWIPE COLLISION - SAME DIRECTION,SIDESWIPE-SAME DIRECTION,STRAIGHT & LEVEL,DAYLIGHT,,,45870.57411,False,83,Accepted,5,5,O,,INATTENTION,,2025,1
9488,35098226,0510100,HENDERSON POLICE DEPARTMENT,Accepted,HENDERSON,,,BARRET,BLVD,,US0041,US41,,,,,37.86430909,-87.5736704,0.897,2025-08-01,1239,2,2,0,0,CLEAR,DRY,False,SIDESWIPE-SAME DIRECTION,SIDESWIPE-SAME DIRECTION,STRAIGHT & LEVEL,DAYLIGHT,,,45873.3328,False,67,Accepted,5,5,O,OTHER,INATTENTION,,2025,1
9489,35098227,0510100,HENDERSON POLICE DEPARTMENT,Accepted,HENDERSON,US0041A,1414,GREEN,ST,S,,,,,,,37.82164144,-87.60571896,14.319,2025-08-01,830,1,1,0,0,CLEAR,DRY,False,COLLISION WITH FIXED OBJECT NON - INTERSECTION - FIRST EVENT COLLISION 09 - 32 EXCLUDING 16,SINGLE VEHICLE,STRAIGHT & LEVEL,DAYLIGHT,,,45873.33286,False,53,Accepted,5,5,O,,IMPROPER BACKING,,2025,1
9490,35098231,0510100,HENDERSON POLICE DEPARTMENT,Accepted,HENDERSON,US0041,,US41,,N,,,,,,,37.87229342,-87.56945851,17.102,2025-07-31,1001,2,2,0,0,CLEAR,DRY,False,1 VEHICLE ENTERING/LEAVING ENTRANCE,ANGLE,STRAIGHT & LEVEL,DAYLIGHT,,,45873.333,False,48,Accepted,5,5,O,VIEW OBSTRUCTED/LIMITED DUE TO RDWY,OTHER,,2025,1
9491,35098232,0510100,HENDERSON POLICE DEPARTMENT,Accepted,HENDERSON,US0041,2200,US41,,N,,,,,,,37.86751591,-87.5720078,16.822,2025-08-02,1140,2,2,0,0,CLEAR,DRY,False,REAR END IN TRAFFIC LANES BOTH VEHICLES MOVING,REAR END,STRAIGHT & LEVEL,DAYLIGHT,,,45873.33304,False,47,Accepted,5,5,O,BACKUP DUE TO REGULAR CONGESTION,INATTENTION,,2025,1
9492,35098234,0510100,HENDERSON POLICE DEPARTMENT,Accepted,HENDERSON,,805,POND,ST,,,,,,,,37.82461079,-87.58549826,0.09,2025-08-02,1631,2,2,0,0,CLEAR,DRY,True,1 VEHICLE PARKED POSITION (NOT PARKING LOT/DRIVEWAY),BACKING,STRAIGHT & LEVEL,DARK-HWY LIGHTED/ON,,,45873.33311,False,59,Accepted,5,5,O,,INATTENTION,,2025,1
9498,35100027,0510100,HENDERSON POLICE DEPARTMENT,Accepted,HENDERSON,,,GREEN,ST,,,,,,,,37.82593496,-87.60100261,,2025-07-28,1142,2,2,0,0,CLEAR,DRY,False,1 VEHICLE ENTERING/LEAVING ENTRANCE,ANGLE,STRAIGHT & LEVEL,DAYLIGHT,,,45873.60668,False,83,Accepted,5,5,O,,INATTENTION,,2025,1
9499,35100028,0510100,HENDERSON POLICE DEPARTMENT,Accepted,HENDERSON,US0041A,,GREEN,ST,N,,,,,,,37.85053095,-87.58131175,,2025-07-28,1719,2,2,0,0,CLEAR,DRY,False,1 VEHICLE ENTERING OR LEAVING PARKED POSITION (NOT PARKING LOT),SIDESWIPE-SAME DIRECTION,STRAIGHT & LEVEL,DAYLIGHT,,,45873.60672,False,83,Accepted,5,5,O,,INATTENTION,,2025,1
9500,35100030,0510100,HENDERSON POLICE DEPARTMENT,Accepted,HENDERSON,US0041,,US41,,N,,,,,,,37.87843278,-87.56614273,,2025-07-29,1631,2,2,0,1,CLEAR,DRY,False,1 VEHICLE ENTERING/LEAVING ENTRANCE,ANGLE,STRAIGHT & LEVEL,DAYLIGHT,,,45873.60679,False,83,Accepted,5,3,B,,INATTENTION,,2025,1
9501,35100032,0510100,HENDERSON POLICE DEPARTMENT,Accepted,HENDERSON,,,ELM,ST,,,1ST,,,,,37.83893805,-87.59078605,,2025-07-31,1242,2,2,0,0,CLEAR,DRY,False,VEHICLE BACKING IN INTERSECTION,BACKING,STRAIGHT & LEVEL,DAYLIGHT,,,45873.60683,False,82,Accepted,5,5,O,,INATTENTION,,2025,1
9502,35100033,0510100,HENDERSON POLICE DEPARTMENT,Accepted,HENDERSON,,945,BARRET,BLVD,,,,,,,,37.86045683,-87.56783292,,2025-07-30,1810,2,2,0,0,CLEAR,DRY,False,1 VEHICLE PARKED POSITION (NOT PARKING LOT/DRIVEWAY),BACKING,STRAIGHT & LEVEL,DAYLIGHT,,,45873.60686,False,83,Accepted,5,5,O,,INATTENTION,,2025,1
9503,35100273,0510100,HENDERSON POLICE DEPARTMENT,Accepted,HENDERSON,,2150,60,HWY,,,,,,,,37.85968574,-87.56572805,,2025-07-25,1235,2,2,0,0,CLEAR,DRY,False,VEHICLE BACKING NON INTERSECTION,BACKING,STRAIGHT & LEVEL,DAYLIGHT,,,45873.63331,False,83,Accepted,5,5,O,,INATTENTION,,2025,1
9504,35100274,0510100,HENDERSON POLICE DEPARTMENT,Accepted,HENDERSON,US0041,,US41,HWY,N,,,,,,,37.87979163,-87.56542545,,2025-07-25,1556,2,2,0,0,CLEAR,DRY,False,REAR END IN TRAFFIC LANES BOTH VEHICLES MOVING,REAR END,STRAIGHT & LEVEL,DAYLIGHT,,,45873.63335,False,83,Accepted,5,5,O,,INATTENTION,,2025,1
9508,35105297,0510100,HENDERSON POLICE DEPARTMENT,Accepted,HENDERSON,US0041,,US41,,N,,RETTIG,,,,,37.8673109,-87.57226413,16.799,2025-08-02,1251,2,2,0,0,CLEAR,DRY,False,ANGLE COLLISION - ONE VEHICLE TURNING LEFT,ANGLE,STRAIGHT & LEVEL,DAYLIGHT,,,45874.70078,False,23,Accepted,5,5,O,"BACKUP DUE TO REGULAR CONGESTION, VIEW OBSTRUCTED/LIMITED DUE TO RDWY","IMPROPER PASSING, TOO FAST FOR CONDITIONS, TURNING IMPROPERLY",,2025,1
9509,35105298,0510100,HENDERSON POLICE DEPARTMENT,Accepted,HENDERSON,US0041,,US41,,N,,,,,,,37.87045069,-87.57033798,,2025-08-04,1406,2,2,0,0,CLEAR,DRY,False,SIDESWIPE COLLISION - SAME DIRECTION,SIDESWIPE-SAME DIRECTION,STRAIGHT & LEVEL,DAYLIGHT,,,45874.70085,False,83,Accepted,5,5,O,,INATTENTION,,2025,1
9510,35105300,0510100,HENDERSON POLICE DEPARTMENT,Accepted,HENDERSON,US0041,,US41,,N,,,,,,,37.88137563,-87.56452345,,2025-08-04,1615,2,2,0,0,CLEAR,DRY,False,REAR END IN TRAFFIC LANES BOTH VEHICLES MOVING,REAR END,STRAIGHT & LEVEL,DAYLIGHT,,,45874.70093,False,83,Accepted,5,5,O,,INATTENTION,,2025,1
9511,35105304,0510100,HENDERSON POLICE DEPARTMENT,Accepted,HENDERSON,,,2ND,ST,,,ALVASIA,,,,,37.8371523,-87.58265907,,2025-08-04,1451,2,2,0,1,CLEAR,DRY,False,ANGLE COLLISION - OTHER,ANGLE,STRAIGHT & LEVEL,DAYLIGHT,,,45874.701,False,82,Accepted,5,3,B,,FAILED TO YIELD RIGHT OF WAY,,2025,1
9512,35105305,0510100,HENDERSON POLICE DEPARTMENT,Accepted,HENDERSON,,,5TH,ST,,,,,,,,37.84178873,-87.58253326,,2025-08-04,1812,3,3,0,0,CLEAR,DRY,False,1 VEHICLE PARKED POSITION (NOT PARKING LOT/DRIVEWAY),SIDESWIPE-OPPOSITE DIRECTION,STRAIGHT & LEVEL,DAYLIGHT,,,45874.70103,False,83,Accepted,5,5,O,,MISJUDGE CLEARANCE,,2025,1
9513,35105381,0510100,HENDERSON POLICE DEPARTMENT,Accepted,HENDERSON,KY0351,,2ND,ST,,,,,,,,37.8347125,-87.57669409,,2025-07-31,1738,2,2,0,0,CLEAR,DRY,False,1 VEHICLE ENTERING/LEAVING ENTRANCE,ANGLE,STRAIGHT & LEVEL,DAYLIGHT,,,45874.71229,False,83,Accepted,5,5,O,,INATTENTION,,2025,1
9514,35105384,0510100,HENDERSON POLICE DEPARTMENT,Accepted,HENDERSON,,1300,TARANSAY,DR,,,,,,,,37.85652829,-87.55520456,0.407,2025-07-31,624,1,1,0,0,CLEAR,DRY,True,COLLISION WITH FIXED OBJECT NON - INTERSECTION - FIRST EVENT COLLISION 09 - 32 EXCLUDING 16,SINGLE VEHICLE,STRAIGHT & LEVEL,DAYLIGHT,,,45874.71237,False,48,Accepted,5,5,O,,,,2025,1
9515,35106841,0510100,HENDERSON POLICE DEPARTMENT,Accepted,HENDERSON,US0060,,US60,,E,,,,,,,37.86201634,-87.56301397,10.905,2025-08-01,1828,2,2,0,0,CLEAR,DRY,True,SIDESWIPE COLLISION - SAME DIRECTION,SIDESWIPE-SAME DIRECTION,STRAIGHT & GRADE,DAYLIGHT,,,45875.05278,False,33,Accepted,5,5,O,,,,2025,1
9516,35106981,0510100,HENDERSON POLICE DEPARTMENT,Accepted,HENDERSON,US0041,2757,US41,,N,,,,,,,37.8757367,-87.5676743,17.436,2025-07-22,2300,1,1,0,0,CLEAR,DRY,False,COLLISION WITH FIXED OBJECT NON - INTERSECTION - FIRST EVENT COLLISION 09 - 32 EXCLUDING 16,SINGLE VEHICLE,STRAIGHT & LEVEL,DARK-HWY LIGHTED/ON,,,45875.10159,False,61,Accepted,5,5,O,,MISJUDGE CLEARANCE,,2025,1
9517,35107843,0510100,HENDERSON POLICE DEPARTMENT,Accepted,HENDERSON,US0041,,US41,,N,,,,,,,37.86890168,-87.57124655,16.923,2025-08-05,928,2,2,0,0,CLEAR,DRY,False,1 VEHICLE ENTERING/LEAVING ENTRANCE,ANGLE,STRAIGHT & LEVEL,DAYLIGHT,,,45875.36676,False,53,Accepted,5,5,O,,"INATTENTION, MISJUDGE CLEARANCE",,2025,1
9520,35113050,0510100,HENDERSON POLICE DEPARTMENT,Accepted,HENDERSON,,,GREEN,ST,N,,CRESTVIEW,,,,,37.85117128,-87.58092348,,2025-08-06,1125,2,2,0,0,CLEAR,DRY,False,SIDESWIPE-SAME DIRECTION,SIDESWIPE-SAME DIRECTION,STRAIGHT & LEVEL,DAYLIGHT,,,45876.46576,False,82,Accepted,5,5,O,,INATTENTION,,2025,1
9521,35113052,0510100,HENDERSON POLICE DEPARTMENT,Accepted,HENDERSON,,,SADDLEBROOK DR 6,,,,,,,,,37.86679729,-87.54587123,,2025-08-05,1629,2,2,0,0,CLEAR,DRY,False,1 VEHICLE ENTERING/LEAVING ENTRANCE,ANGLE,STRAIGHT & LEVEL,DAYLIGHT,,,45876.4658,False,83,Accepted,5,5,O,,INATTENTION,,2025,1
9522,35116045,0510100,HENDERSON POLICE DEPARTMENT,Accepted,HENDERSON,,,SHELBY,ST,,KY0136,MADISON,,,,,37.81818106,-87.5852284,0.004,2025-08-03,1826,2,2,0,0,CLEAR,DRY,False,ANGLE COLLISION - OTHER,ANGLE,STRAIGHT & LEVEL,DAYLIGHT,,,45876.95043,False,35,Accepted,5,5,O,,"INATTENTION, EXCEEDED STATED SPEED LIMIT",,2025,1
9523,35116046,0510100,HENDERSON POLICE DEPARTMENT,Accepted,HENDERSON,US0041,,US41,,N,,,,,,,37.82655807,-87.56637486,13.727,2025-08-03,2002,2,2,0,0,CLEAR,DRY,False,SIDESWIPE COLLISION - SAME DIRECTION,SIDESWIPE-SAME DIRECTION,STRAIGHT & LEVEL,DARK-HWY LIGHTED/ON,,,45876.95048,False,35,Accepted,5,5,O,,INATTENTION,,2025,1
9524,35116047,0510100,HENDERSON POLICE DEPARTMENT,Accepted,HENDERSON,,,ALVES,ST,S,,DR MARTIN LUTHER KING JR,,,,,37.8304586,-87.59095204,0.783,2025-08-03,2056,2,2,0,0,CLOUDY,DRY,False,COLLISION WITH PARKED VEHICLE,BACKING,STRAIGHT & GRADE,DARK-HWY LIGHTED/ON,,,45876.95051,False,58,Accepted,5,5,O,,IMPROPER BACKING,,2025,1
9525,35116048,0510100,HENDERSON POLICE DEPARTMENT,Accepted,HENDERSON,US0041,2000,US41,,N,,,,,,,37.8641394,-87.57386994,16.567,2025-08-03,2246,2,2,0,0,CLEAR,DRY,False,OTHER ROADWAY OR MID-BLOCK COLLISION,OPPOSING LEFT TURN,STRAIGHT & LEVEL,DARK (UNKNOWN ROADWAY LIGHTING),,,45876.95054,False,30,Accepted,5,5,O,,INATTENTION,,2025,1
9526,35117317,0510100,HENDERSON POLICE DEPARTMENT,Accepted,HENDERSON,US0041,,US41,,N,,,,,,,37.87167595,-87.56971848,,2025-08-07,1043,2,2,0,3,CLEAR,DRY,False,1 VEHICLE ENTERING/LEAVING ENTRANCE,ANGLE,STRAIGHT & LEVEL,DAYLIGHT,,,45877.33095,False,83,Accepted,5,3,B,,INATTENTION,,2025,1
9527,35117318,0510100,HENDERSON POLICE DEPARTMENT,Accepted,HENDERSON,,200,5TH,ST,,,,,,,,37.84345899,-87.58641467,0.979,2025-08-03,1331,2,1,0,1,CLEAR,DRY,True,COLLISION WITH BICYCLIST NON INTERSECTION,SINGLE VEHICLE,STRAIGHT & LEVEL,DAYLIGHT,,,45877.33099,False,59,Accepted,4,4,C,,,,2025,1
9528,35117319,0510100,HENDERSON POLICE DEPARTMENT,Accepted,HENDERSON,,,US HWY 41 NORTH,,,,,,,,,37.86270461,-87.5746275,,2025-08-07,1106,2,2,0,0,CLEAR,DRY,False,SIDESWIPE COLLISION - SAME DIRECTION,SIDESWIPE-SAME DIRECTION,STRAIGHT & LEVEL,DAYLIGHT,,,45877.33103,True,82,Accepted,5,5,O,OTHER,OTHER,,2025,1
9529,35117320,0510100,HENDERSON POLICE DEPARTMENT,Accepted,HENDERSON,,,GREEN,ST,,,1ST,,,,,37.83819557,-87.58926735,,2025-08-07,718,2,2,0,0,CLEAR,DRY,False,COLLISION WITH FIXED OBJECT IN INTERSECTION - FIRST EVENT COLLISION 09 - 32,SIDESWIPE-OPPOSITE DIRECTION,STRAIGHT & LEVEL,DAYLIGHT,,,45877.33107,False,82,Accepted,5,5,O,,OTHER,TIRE FAILURE,2025,1
9530,35117321,0510100,HENDERSON POLICE DEPARTMENT,Accepted,HENDERSON,,,US60,,E,,,,,,,37.85996884,-87.56760461,,2025-08-07,1131,2,2,0,0,CLEAR,DRY,False,1 VEHICLE ENTERING/LEAVING ENTRANCE,ANGLE,STRAIGHT & LEVEL,DAYLIGHT,,,45877.3311,False,82,Accepted,5,5,O,,FAILED TO YIELD RIGHT OF WAY,,2025,1
9531,35117322,0510100,HENDERSON POLICE DEPARTMENT,Accepted,HENDERSON,US0041A,1400,GREEN,ST,S,,,,,,,37.82170715,-87.60561417,14.326,2025-08-07,1600,2,2,0,1,CLOUDY,DRY,False,REAR END IN TRAFFIC LANES BOTH VEHICLES MOVING,REAR END,STRAIGHT & LEVEL,DAYLIGHT,,,45877.33113,False,47,Accepted,3,3,B,,INATTENTION,,2025,1
9532,35117323,0510100,HENDERSON POLICE DEPARTMENT,Accepted,HENDERSON,US0041,3113,US41,,N,,,,,,,37.88358695,-87.56295263,18.021,2025-08-07,1644,2,2,0,1,CLEAR,WET,False,1 VEHICLE ENTERING/LEAVING ENTRANCE,ANGLE,STRAIGHT & LEVEL,DAYLIGHT,,,45877.33119,False,23,Accepted,5,3,B,BACKUP DUE TO REGULAR CONGESTION,"FAILED TO KEEP PROPER LANE, IMPROPER PASSING, MISJUDGE CLEARANCE",,2025,1
9535,35120395,0510100,HENDERSON POLICE DEPARTMENT,Accepted,HENDERSON,,,FAIR,ST,,,FAIRGROUND,,,,,37.81998244,-87.6009055,0.002,2025-08-06,48,2,2,0,0,CLEAR,DRY,False,COLLISION WITH PARKED VEHICLE,REAR END,STRAIGHT & LEVEL,DARK-HWY LIGHTED/ON,,,45878.01959,False,44,Accepted,5,5,O,,CELL PHONE,,2025,1
9536,35123827,0510100,HENDERSON POLICE DEPARTMENT,Accepted,HENDERSON,KY0351,2711,ZION,RD,,,,,,,,37.82745548,-87.55398356,2.018,2025-08-05,2025,3,2,0,2,CLEAR,DRY,False,REAR END IN TRAFFIC LANES BOTH VEHICLES MOVING,REAR END,STRAIGHT & LEVEL,DARK-HWY LIGHTED/ON,,,45879.12987,False,33,Accepted,5,2,A,,"ALCOHOL INVOLVEMENT, DISTRACTION, EXCEEDED STATED SPEED LIMIT",OTHER,2025,1
9537,35127461,0510100,HENDERSON POLICE DEPARTMENT,Accepted,HENDERSON,,,MAIN,ST,N,,,,2ND,,3RD,37.84137626,-87.59121341,0.15,2025-08-09,1636,2,2,0,0,CLEAR,DRY,False,1 VEHICLE ENTERING/LEAVING ENTRANCE,ANGLE,STRAIGHT & LEVEL,DAYLIGHT,,,45880.34901,False,67,Accepted,5,5,O,,INATTENTION,,2025,1
9538,35127462,0510100,HENDERSON POLICE DEPARTMENT,Accepted,HENDERSON,,1424,WOODLAND APT DR 1,,,,,,,,,37.81833789,-87.59624745,0.043,2025-08-10,500,1,1,0,0,CLEAR,DRY,False,COLLISION WITH NON-FIXED OBJECT ,SINGLE VEHICLE,STRAIGHT & LEVEL,DAWN,,,45880.34905,False,49,Accepted,5,5,O,,"NOT UNDER PROPER CONTROL, OTHER",OTHER,2025,1
9539,35127463,0510100,HENDERSON POLICE DEPARTMENT,Accepted,HENDERSON,US0041,,US41,,N,,,,,,,37.88229591,-87.56397856,17.915,2025-08-10,1221,1,1,0,0,CLEAR,DRY,False,COLLISION WITH FIXED OBJECT NON - INTERSECTION - FIRST EVENT COLLISION 09 - 32 EXCLUDING 16,SINGLE VEHICLE,STRAIGHT & LEVEL,DAYLIGHT,,,45880.34909,False,53,Accepted,5,5,O,,FAILED TO KEEP PROPER LANE,,2025,1
9540,35127464,0510100,HENDERSON POLICE DEPARTMENT,Accepted,HENDERSON,US0041,,US41,,N,,,,HARMONY,,ROBIN,37.86889879,-87.57142044,16.919,2025-08-10,1346,2,2,0,0,CLEAR,DRY,False,REAR END IN TRAFFIC LANES BOTH VEHICLES MOVING,REAR END,STRAIGHT & LEVEL,DAYLIGHT,,,45880.34912,False,67,Accepted,5,5,O,,INATTENTION,,2025,1
9541,35127724,0510100,HENDERSON POLICE DEPARTMENT,Accepted,HENDERSON,US0041A,10,GREEN,ST,S,,WASHINGTON,,,,,37.83628206,-87.59077447,15.664,2025-07-25,1222,2,2,0,0,CLEAR,DRY,True,ANGLE COLLISION - ONE VEHICLE TURNING RIGHT,ANGLE,STRAIGHT & LEVEL,DAYLIGHT,,,45880.38737,False,59,Accepted,5,5,O,,"DISREGARD TRAFFIC CONTROL, FAILED TO YIELD RIGHT OF WAY",,2025,1
9542,35127725,0510100,HENDERSON POLICE DEPARTMENT,Accepted,HENDERSON,KY0351,,ZION,RD,,,US HWY 41 N,,,,,37.83009279,-87.56443071,,2025-08-08,832,2,2,0,0,CLEAR,DRY,False,SIDESWIPE-SAME DIRECTION,SIDESWIPE-SAME DIRECTION,CURVE & LEVEL,DAYLIGHT,,,45880.3874,False,82,Accepted,5,5,O,,FAILED TO YIELD RIGHT OF WAY,,2025,1
9543,35127726,0510100,HENDERSON POLICE DEPARTMENT,Accepted,HENDERSON,US0041,,US41,,N,,,,,,,37.88328083,-87.56312821,,2025-07-24,1530,2,2,0,0,CLEAR,DRY,False,1 VEHICLE ENTERING/LEAVING ENTRANCE,ANGLE,STRAIGHT & LEVEL,DAYLIGHT,,,45880.38745,False,83,Accepted,5,5,O,BACKUP DUE TO REGULAR CONGESTION,,,2025,1
9544,35127727,0510100,HENDERSON POLICE DEPARTMENT,Accepted,HENDERSON,US0041,,US41,,N,,,,,,,37.86896401,-87.57157813,,2025-08-08,1547,1,1,0,1,CLEAR,DRY,False,COLLISION WITH FIXED OBJECT NON - INTERSECTION - FIRST EVENT COLLISION 09 - 32 EXCLUDING 16,SINGLE VEHICLE,STRAIGHT & LEVEL,DAYLIGHT,,,45880.38751,False,83,Accepted,5,3,B,,LOST CONSCIOUSNESS/FAINTED,,2025,1
9550,35128607,0510100,HENDERSON POLICE DEPARTMENT,Accepted,HENDERSON,US0041A,,GREEN,ST,N,,10TH,,,,,37.8495395,-87.58195705,16.711,2025-08-09,2216,2,2,0,1,CLEAR,DRY,False,OPPOSITE DIRECTION - BOTH VEHICLES GOING STRAIGHT AHEAD,SIDESWIPE-OPPOSITE DIRECTION,STRAIGHT & LEVEL,DARK-HWY NOT LIGHTED,,,45880.51598,False,61,Accepted,5,3,B,,"FAILED TO KEEP PROPER LANE, IMPROPER PASSING, RACING",,2025,1
9551,35129028,0510100,HENDERSON POLICE DEPARTMENT,Accepted,HENDERSON,,1213,HELM,ST,,,,,,,,37.82875946,-87.58298508,,2025-08-11,758,2,2,0,0,CLEAR,DRY,False,1 VEHICLE PARKED POSITION (NOT PARKING LOT/DRIVEWAY),BACKING,STRAIGHT & LEVEL,DAYLIGHT,,,45880.60113,False,82,Accepted,5,5,O,,MISJUDGE CLEARANCE,,2025,1
9552,35132914,0510100,HENDERSON POLICE DEPARTMENT,Accepted,HENDERSON,US0041,,US41,,N,,RACETRACK,,,,,37.88290365,-87.5633439,17.977,2025-08-11,648,2,2,0,0,CLEAR,DRY,False,SIDESWIPE-SAME DIRECTION,SIDESWIPE-SAME DIRECTION,STRAIGHT & LEVEL,DAYLIGHT,,,45881.4863,False,67,Accepted,5,5,O,OTHER,INATTENTION,,2025,1
9553,35132917,0510100,HENDERSON POLICE DEPARTMENT,Accepted,HENDERSON,US0041,,US41,,N,,,,,,,37.86898147,-87.57121408,,2025-08-08,1728,2,2,0,0,CLEAR,DRY,False,REAR END IN TRAFFIC LANES BOTH VEHICLES MOVING,REAR END,STRAIGHT & LEVEL,DAYLIGHT,,,45881.48645,False,83,Accepted,5,5,O,,INATTENTION,,2025,1
9554,35132918,0510100,HENDERSON POLICE DEPARTMENT,Accepted,HENDERSON,,,ELM,ST,N,,,,,,,37.83970849,-87.59014529,,2025-08-11,1143,2,2,0,0,CLEAR,DRY,False,1 VEHICLE ENTERING/LEAVING ENTRANCE,ANGLE,STRAIGHT & LEVEL,DAYLIGHT,,,45881.48649,False,83,Accepted,5,5,O,,INATTENTION,,2025,1
9555,35136353,0510100,HENDERSON POLICE DEPARTMENT,Accepted,HENDERSON,,,14TH,ST,,US0041A,GREEN,,,,,37.85409491,-87.57888942,0.108,2025-08-12,926,2,2,0,0,CLEAR,DRY,False,SIDESWIPE-SAME DIRECTION,SIDESWIPE-SAME DIRECTION,STRAIGHT & LEVEL,DAYLIGHT,,,45882.32236,False,25,Accepted,5,5,O,,INATTENTION,,2025,1
9556,35137184,0510100,HENDERSON POLICE DEPARTMENT,Accepted,HENDERSON,,,INGRAM,ST,N,,4TH,,,,,37.84147095,-87.58524713,0.279,2025-08-12,1318,2,2,0,0,CLEAR,DRY,False,OPPOSITE DIRECTION - BOTH VEHICLES GOING STRAIGHT AHEAD,SIDESWIPE-OPPOSITE DIRECTION,STRAIGHT & LEVEL,DAYLIGHT,,,45882.44053,False,25,Accepted,5,5,O,,"DISTRACTION, INATTENTION",,2025,1
9557,35137185,0510100,HENDERSON POLICE DEPARTMENT,Accepted,HENDERSON,,,2ND,ST,,,MAIN,,,,,37.84081048,-87.59165108,0.187,2025-08-12,1437,2,2,0,0,CLEAR,DRY,False,COLLISION WITH PARKED VEHICLE,SIDESWIPE-SAME DIRECTION,STRAIGHT & LEVEL,DAYLIGHT,,,45882.44056,False,25,Accepted,5,5,O,,"FAILED TO YIELD RIGHT OF WAY, IMPROPER PASSING",,2025,1