OBJECTID,IncidentID,AgencyORI,AgencyName,IncidentStatusDesc,County,RdwyNumber,Street,RoadwayName,StreetSfx,StreetDir,IntersectionRdwy,IntersectionRdwyName,BetweenStRdwy1,BetweenStRdwyName1,BetweenStRdwy2,BetweenStRdwyName2,Latitude,Longitude,Milepoint,CollisionDate,CollisionTime,UnitsInvolved,MotorVehiclesInvolved,NumberKilled,NumberInjured,Weather,RdwyConditionCode,HitandRun,DirAnalysisCode,MannerofCollision,RdwyCharacter,LightCondition,RampFromRdwyId,RampToRdwyId,AcceptedDate,IsSecondaryCollision,OwnerBadge,IncidentStatus,InjurySeverityCde,KABCO_Code,KABCO,Environmental_Factors,Human_Factors,Vehicular_Factors,CollisionYear,CityCrash
9559,35142272,0510100,HENDERSON POLICE DEPARTMENT,Accepted,HENDERSON,US0041A,,GREEN,ST,S,,DR MARTIN LUTHER KING JR,,,,,37.83274686,-87.59426511,15.337,2025-08-12,1130,3,3,0,2,CLEAR,DRY,False,ANGLE COLLISION - OTHER,ANGLE,STRAIGHT & LEVEL,DAYLIGHT,,,45883.47252,False,47,Accepted,3,3,B,,INATTENTION,,2025,1
9560,35142275,0510100,HENDERSON POLICE DEPARTMENT,Accepted,HENDERSON,,,WASHINGTON,ST,,US0041A,GREEN,,,,,37.83624602,-87.59078883,1.206,2025-08-12,900,2,2,0,0,CLEAR,DRY,False,VEHICLE BACKING IN INTERSECTION,BACKING,STRAIGHT & HILLCREST,DAYLIGHT,,,45883.47259,False,15,Accepted,5,5,O,,"DISREGARD TRAFFIC CONTROL, NOT UNDER PROPER CONTROL",,2025,1
9561,35142278,0510100,HENDERSON POLICE DEPARTMENT,Accepted,HENDERSON,,,OLD MADISONVILLE,RD,,,ILEX,,,,,37.80522354,-87.58784172,,2025-08-13,730,2,2,0,1,CLEAR,DRY,False,ANGLE COLLISION - OTHER,ANGLE,STRAIGHT & LEVEL,DAYLIGHT,,,45883.47263,False,82,Accepted,5,3,B,,INATTENTION,,2025,1
9562,35142279,0510100,HENDERSON POLICE DEPARTMENT,Accepted,HENDERSON,,,GREEN,ST,S,,US HWY 41 ALT,,,,,37.81107441,-87.62275782,,2025-08-13,758,2,2,0,0,CLEAR,DRY,False,OTHER INTERSECTION COLLISIONS,REAR END,STRAIGHT & LEVEL,DAYLIGHT,,,45883.47267,False,82,Accepted,5,5,O,,NOT UNDER PROPER CONTROL,,2025,1
9563,35142281,0510100,HENDERSON POLICE DEPARTMENT,Accepted,HENDERSON,,,POWELL,ST,,,,,,,,37.82757969,-87.57891867,,2025-08-13,1228,2,2,0,0,CLEAR,DRY,False,1 VEHICLE PARKED POSITION (NOT PARKING LOT/DRIVEWAY),BACKING,STRAIGHT & LEVEL,DAYLIGHT,,,45883.47271,False,83,Accepted,5,5,O,,INATTENTION,,2025,1
9564,35142282,0510100,HENDERSON POLICE DEPARTMENT,Accepted,HENDERSON,,,ELM,ST,N,,,,,,,37.855514,-87.58016385,,2025-08-13,1518,1,1,0,0,CLEAR,DRY,False,COLLISION WITH FIXED OBJECT NON - INTERSECTION - FIRST EVENT COLLISION 09 - 32 EXCLUDING 16,SINGLE VEHICLE,STRAIGHT & LEVEL,DAYLIGHT,,,45883.47274,False,83,Accepted,5,5,O,,,STEERING FAILURE,2025,1
9565,35142903,0510100,HENDERSON POLICE DEPARTMENT,Accepted,HENDERSON,,,FAGAN,SQ,,,,,,,,37.82746305,-87.5890156,,2025-08-11,1319,2,2,0,0,CLEAR,DRY,False,1 VEHICLE ENTERING/LEAVING ENTRANCE,ANGLE,STRAIGHT & LEVEL,DAYLIGHT,,,45883.60825,False,83,Accepted,5,5,O,,INATTENTION,,2025,1
9566,35142904,0510100,HENDERSON POLICE DEPARTMENT,Accepted,HENDERSON,US0041,,41,HWY,,,,,,,,37.85695732,-87.57314089,0.062,2025-08-11,1721,2,2,0,0,CLEAR,DRY,False,OTHER RAMP RELATED COLLISIONS NOT LISTED ABOVE,REAR END,STRAIGHT & LEVEL,DAYLIGHT,US0041,US60 EB,45883.6083,False,83,Accepted,5,5,O,,INATTENTION,,2025,1
9567,35146590,0510100,HENDERSON POLICE DEPARTMENT,Accepted,HENDERSON,,1213,BARRET,BLVD,,,,,,,,37.85410625,-87.56240267,,2025-08-14,1006,2,2,0,2,CLEAR,DRY,False,1 VEHICLE ENTERING/LEAVING ENTRANCE,ANGLE,CURVE & LEVEL,DAYLIGHT,,,45884.38649,False,82,Accepted,5,3,B,,INATTENTION,,2025,1
9569,35161133,0510100,HENDERSON POLICE DEPARTMENT,Accepted,HENDERSON,,207,LETCHER,ST,,,,,,,,37.82799424,-87.57831101,0.046,2025-08-08,1636,2,2,0,0,CLEAR,DRY,True,COLLISION WITH FIXED OBJECT NON - INTERSECTION - FIRST EVENT COLLISION 09 - 32 EXCLUDING 16,SIDESWIPE-OPPOSITE DIRECTION,STRAIGHT & LEVEL,DAYLIGHT,,,45888.06853,False,35,Accepted,5,5,O,,ALCOHOL INVOLVEMENT,,2025,1
9570,35161138,0510100,HENDERSON POLICE DEPARTMENT,Accepted,HENDERSON,,,POWELL,ST,,,MEADOW,,,,,37.8298121,-87.58296885,0.909,2025-08-15,2040,2,2,0,0,CLEAR,DRY,False,OTHER INTERSECTION COLLISIONS,REAR END,STRAIGHT & LEVEL,DARK-HWY LIGHTED/ON,,,45888.06864,False,53,Accepted,5,5,O,,"ALCOHOL INVOLVEMENT, DRUG INVOLVEMENT, INATTENTION",,2025,1
9571,35164772,0510100,HENDERSON POLICE DEPARTMENT,Accepted,HENDERSON,,,ATKINSON,ST,,,,,,,,37.82656144,-87.57751814,0.11,2025-08-17,1808,1,1,0,0,CLEAR,DRY,False,COLLISION WITH FIXED OBJECT NON - INTERSECTION - FIRST EVENT COLLISION 09 - 32 EXCLUDING 16,SINGLE VEHICLE,STRAIGHT & LEVEL,DAYLIGHT,,,45888.85099,False,35,Accepted,5,5,O,,NOT UNDER PROPER CONTROL,TIRE FAILURE,2025,1
9572,35165125,0510100,HENDERSON POLICE DEPARTMENT,Accepted,HENDERSON,US0041,1900,US41,,N,,,,,,,37.86378232,-87.57412417,16.55,2025-08-17,2140,2,2,0,0,CLOUDY,DRY,False,SIDESWIPE COLLISION - SAME DIRECTION,SIDESWIPE-SAME DIRECTION,STRAIGHT & LEVEL,DARK (UNKNOWN ROADWAY LIGHTING),,,45888.90367,False,30,Accepted,5,5,O,,INATTENTION,,2025,1
9573,35165220,0510100,HENDERSON POLICE DEPARTMENT,Accepted,HENDERSON,,,BORAX,DR,,,,,,,,37.81400245,-87.62726314,0.337,2025-08-18,344,1,1,0,0,CLEAR,DRY,False,RAN OFF ROADWAY (1 VEHICLE WITH/EARTH EMBANKMENT/DITCH),SINGLE VEHICLE,STRAIGHT & HILLCREST,DARK-HWY LIGHTED/OFF,,,45888.92729,False,29,Accepted,5,5,O,,INATTENTION,,2025,1
9574,35165223,0510100,HENDERSON POLICE DEPARTMENT,Accepted,HENDERSON,US0041A,,GREEN,ST,S,KY0136,SAND,,,,,37.82380612,-87.60317253,14.518,2025-08-18,2200,2,2,0,1,CLEAR,DRY,False,ANGLE COLLISION - OTHER,ANGLE,STRAIGHT & LEVEL,DARK (UNKNOWN ROADWAY LIGHTING),,,45888.92756,False,30,Accepted,5,3,B,,"FAILED TO YIELD RIGHT OF WAY, INATTENTION",,2025,1
9575,35166922,0510100,HENDERSON POLICE DEPARTMENT,Accepted,HENDERSON,US0041A,,GREEN,ST,S,,FAIR,,,,,37.82236424,-87.60456487,14.4,2025-08-19,641,2,2,0,0,CLEAR,DRY,False,OTHER INTERSECTION COLLISIONS,REAR END,STRAIGHT & LEVEL,DAYLIGHT,,,45889.362,False,49,Accepted,5,5,O,,FOLLOWING TOO CLOSE,,2025,1
9578,35168005,0510100,HENDERSON POLICE DEPARTMENT,Accepted,HENDERSON,US0041,,US41,,N,,,,,,,37.86625921,-87.57268802,16.664,2025-08-14,1023,4,4,0,2,CLEAR,DRY,False,REAR END IN TRAFFIC LANES BOTH VEHICLES MOVING,REAR END,STRAIGHT & LEVEL,DAYLIGHT,,,45889.58957,False,48,Accepted,5,3,B,,"DISTRACTION, INATTENTION",,2025,1
9579,35170482,0510100,HENDERSON POLICE DEPARTMENT,Accepted,HENDERSON,,733,DR MARTIN LUTHER KING JR,AVE,,,ALVES,,,,,37.83003048,-87.58985884,0.306,2025-08-11,1314,2,2,0,1,CLEAR,DRY,False,ANGLE COLLISION - OTHER,ANGLE,STRAIGHT & LEVEL,DAYLIGHT,,,45890.06114,False,53,Accepted,5,4,C,,"INATTENTION, NOT UNDER PROPER CONTROL",,2025,1
9580,35171841,0510100,HENDERSON POLICE DEPARTMENT,Accepted,HENDERSON,US0041A,,GREEN,ST,S,,CLAY,,,,,37.83403043,-87.5930942,15.431,2025-08-11,1149,2,2,0,1,CLEAR,DRY,False,ANGLE COLLISION - OTHER,ANGLE,STRAIGHT & LEVEL,DAYLIGHT,,,45890.39223,False,34,Accepted,5,4,C,,"INATTENTION, MISJUDGE CLEARANCE",,2025,1
9581,35172474,0510100,HENDERSON POLICE DEPARTMENT,Accepted,HENDERSON,US0041,,US41,,N,,,,,,,37.87016875,-87.57050293,,2025-08-20,1145,2,2,0,0,CLEAR,DRY,False,OTHER ROADWAY OR MID-BLOCK COLLISION,REAR END,STRAIGHT & LEVEL,DAYLIGHT,,,45890.52505,False,82,Accepted,5,5,O,BACKUP DUE TO REGULAR CONGESTION,DISTRACTION,,2025,1
9583,35176777,0510100,HENDERSON POLICE DEPARTMENT,Accepted,HENDERSON,US0041A,,GREEN,ST,N,,,,,,,37.84899807,-87.58237544,16.667,2025-08-22,758,2,2,0,0,CLEAR,DRY,False,SIDESWIPE COLLISION - SAME DIRECTION,SIDESWIPE-SAME DIRECTION,STRAIGHT & LEVEL,DAYLIGHT,,,45891.43315,False,31,Accepted,5,5,O,,INATTENTION,,2025,1
9584,35176838,0510100,HENDERSON POLICE DEPARTMENT,Accepted,HENDERSON,,835,MADISON,ST,,,,,,,,37.82691439,-87.59060272,0.342,2025-08-17,900,1,1,0,0,CLEAR,WATER (STANDING OR MOVING),False,RAN OFF ROADWAY (1 VEHICLE WITH/EARTH EMBANKMENT/DITCH),SINGLE VEHICLE,STRAIGHT & LEVEL,DAYLIGHT,,,45891.43725,False,47,Accepted,5,5,O,"HOLES/DEEP RUTS/BUMPS, WATER POOLING",OTHER,,2025,1
9585,35176839,0510100,HENDERSON POLICE DEPARTMENT,Accepted,HENDERSON,,,MCCLAIN,AVE,,,,,,,,37.81722396,-87.61327036,,2025-08-15,1810,3,3,0,0,CLEAR,DRY,False,1 VEHICLE ENTERING/LEAVING ENTRANCE,ANGLE,STRAIGHT & LEVEL,DAYLIGHT,,,45891.43731,False,83,Accepted,5,5,O,,INATTENTION,,2025,1
9586,35176840,0510100,HENDERSON POLICE DEPARTMENT,Accepted,HENDERSON,,,MAIN,ST,N,,5TH,,,,,37.84466092,-87.58918104,0.39,2025-08-14,1023,2,2,0,0,CLEAR,DRY,False,ANGLE COLLISION - OTHER,ANGLE,STRAIGHT & LEVEL,DAYLIGHT,,,45891.43734,False,17,Accepted,5,5,O,,INATTENTION,,2025,1
9587,35176841,0510100,HENDERSON POLICE DEPARTMENT,Accepted,HENDERSON,KY0351,,ZION,RD,,US0041,US41 RAMP FROM KY351,,,,,37.83084109,-87.56785565,1.279,2025-08-16,852,2,2,0,0,CLEAR,DRY,False,SIDESWIPE-SAME DIRECTION,SIDESWIPE-SAME DIRECTION,STRAIGHT & LEVEL,DAYLIGHT,,,45891.43738,False,49,Accepted,5,5,O,,FAILED TO YIELD RIGHT OF WAY,,2025,1
9588,35176842,0510100,HENDERSON POLICE DEPARTMENT,Accepted,HENDERSON,,2606,ZION,RD,,,,,,,,37.82608994,-87.55687073,,2025-08-15,1158,2,2,0,0,CLEAR,DRY,False,1 VEHICLE ENTERING/LEAVING ENTRANCE,ANGLE,STRAIGHT & LEVEL,DAYLIGHT,,,45891.43743,False,83,Accepted,5,5,O,,INATTENTION,,2025,1
9589,35176971,0510100,HENDERSON POLICE DEPARTMENT,Accepted,HENDERSON,US0041,,US41,,N,,,,,,,37.87810943,-87.56613444,,2025-08-19,923,2,2,0,0,CLEAR,DRY,False,SIDESWIPE COLLISION - SAME DIRECTION,SIDESWIPE-SAME DIRECTION,STRAIGHT & LEVEL,DAYLIGHT,,,45891.475,False,82,Accepted,5,5,O,,INATTENTION,,2025,1
9590,35186896,0510100,HENDERSON POLICE DEPARTMENT,Accepted,HENDERSON,US0041,1868,US41,,N,,,,,,,37.86254037,-87.57469977,16.448,2025-08-21,1728,2,2,0,0,CLEAR,DRY,False,SIDESWIPE COLLISION - SAME DIRECTION,SIDESWIPE-SAME DIRECTION,STRAIGHT & LEVEL,DAYLIGHT,,,45894.3526,False,23,Accepted,5,5,O,,"INATTENTION, MISJUDGE CLEARANCE",,2025,1
9591,35186898,0510100,HENDERSON POLICE DEPARTMENT,Accepted,HENDERSON,,126,COTTAGE,AVE,,,,,,,,37.82802876,-87.57927919,0.016,2025-08-23,1546,2,2,0,0,CLEAR,DRY,False,1 VEHICLE PARKED POSITION (NOT PARKING LOT/DRIVEWAY),SIDESWIPE-OPPOSITE DIRECTION,STRAIGHT & LEVEL,DAYLIGHT,,,45894.35268,False,17,Accepted,5,5,O,,INATTENTION,,2025,1
9592,35187041,0510100,HENDERSON POLICE DEPARTMENT,Accepted,HENDERSON,US0041,2855,US41,,N,,,,,,,37.87865529,-87.56613454,17.652,2025-08-20,1609,2,2,0,0,CLEAR,DRY,False,1 VEHICLE ENTERING/LEAVING ENTRANCE,ANGLE,STRAIGHT & LEVEL,DAYLIGHT,,,45894.36707,False,17,Accepted,5,5,O,,INATTENTION,,2025,1
9593,35187178,0510100,HENDERSON POLICE DEPARTMENT,Accepted,HENDERSON,,1715,WASHINGTON,ST,,,,,,,,37.8259662,-87.57328565,0.014,2025-08-20,834,2,2,0,0,CLEAR,DRY,False,SIDESWIPE COLLISION - SAME DIRECTION,SIDESWIPE-SAME DIRECTION,STRAIGHT & LEVEL,DAYLIGHT,,,45894.38281,False,23,Accepted,5,5,O,,"INATTENTION, MISJUDGE CLEARANCE",,2025,1
9594,35187181,0510100,HENDERSON POLICE DEPARTMENT,Accepted,HENDERSON,KY0351,,2ND,ST,,,,,ADAMS,,INGRAM,37.83864788,-87.58638256,0.123,2025-08-19,735,2,2,0,0,CLEAR,DRY,False,REAR END IN TRAFFIC LANES BOTH VEHICLES MOVING,REAR END,STRAIGHT & LEVEL,DAYLIGHT,,,45894.38295,False,34,Accepted,5,5,O,,FOLLOWING TOO CLOSE,,2025,1
9598,35188827,0510100,HENDERSON POLICE DEPARTMENT,Accepted,HENDERSON,US0041,,US41,,N,,,,,,,37.85998868,-87.57557402,,2025-08-18,1647,2,2,0,0,CLEAR,DRY,False,1 VEHICLE ENTERING/LEAVING ENTRANCE,ANGLE,STRAIGHT & LEVEL,DAYLIGHT,,,45894.64307,False,83,Accepted,5,5,O,,INATTENTION,,2025,1
9599,35188830,0510100,HENDERSON POLICE DEPARTMENT,Accepted,HENDERSON,,,WATSON,LN,,,GREEN RIVER,,,,,37.86854885,-87.55753152,,2025-08-23,1134,2,2,0,0,CLEAR,DRY,False,OTHER INTERSECTION COLLISIONS,REAR END,STRAIGHT & LEVEL,DAYLIGHT,,,45894.64315,False,82,Accepted,5,5,O,,MISJUDGE CLEARANCE,,2025,1
9601,35195250,0510100,HENDERSON POLICE DEPARTMENT,Accepted,HENDERSON,US0041A,,GREEN,ST,S,,WASHINGTON,,,,,37.83627201,-87.5907415,15.666,2025-08-23,1738,2,2,0,0,CLEAR,DRY,False,SIDESWIPE-SAME DIRECTION,SIDESWIPE-SAME DIRECTION,STRAIGHT & LEVEL,DAYLIGHT,,,45896.03157,False,61,Accepted,5,5,O,,INATTENTION,,2025,1
9602,35195256,0510100,HENDERSON POLICE DEPARTMENT,Accepted,HENDERSON,,925,ELM,ST,N,,,,,,,37.84971214,-87.58405152,0.828,2025-08-23,1828,2,2,0,0,CLEAR,DRY,True,1 VEHICLE PARKED POSITION (NOT PARKING LOT/DRIVEWAY),SIDESWIPE-SAME DIRECTION,STRAIGHT & LEVEL,DAYLIGHT,,,45896.03213,False,33,Accepted,5,5,O,,,,2025,1
9604,35195535,0510100,HENDERSON POLICE DEPARTMENT,Accepted,HENDERSON,,,CLAY,ST,,,INGRAM,,,,,37.83286809,-87.5915459,0.957,2025-08-25,1926,2,2,0,0,CLEAR,DRY,False,ANGLE COLLISION - OTHER,ANGLE,STRAIGHT & GRADE,DAYLIGHT,,,45896.10465,False,33,Accepted,5,5,O,,INATTENTION,,2025,1
9605,35196255,0510100,HENDERSON POLICE DEPARTMENT,Accepted,HENDERSON,KY0351,,ZION,RD,,US0041,US41 RAMP KY351,,,,,37.83110902,-87.56802025,1.261,2025-08-25,933,2,2,0,0,CLEAR,DRY,False,SIDESWIPE-SAME DIRECTION,SIDESWIPE-SAME DIRECTION,STRAIGHT & LEVEL,DAYLIGHT,,,45896.35123,False,17,Accepted,5,5,O,,FAILED TO YIELD RIGHT OF WAY,,2025,1
9606,35196256,0510100,HENDERSON POLICE DEPARTMENT,Accepted,HENDERSON,US0060,,US60,,E,,BARRET,,,,,37.85992017,-87.56777023,10.599,2025-08-24,1121,2,2,0,0,CLEAR,DRY,False,SIDESWIPE-SAME DIRECTION,SIDESWIPE-SAME DIRECTION,STRAIGHT & GRADE,DAYLIGHT,,,45896.35133,False,34,Accepted,5,5,O,,OTHER,,2025,1
9607,35196257,0510100,HENDERSON POLICE DEPARTMENT,Accepted,HENDERSON,KY0351,,2ND,ST,,,,,,,,37.83918149,-87.58775926,0.042,2025-08-26,1541,2,2,0,0,CLEAR,DRY,False,1 VEHICLE ENTERING/LEAVING ENTRANCE,ANGLE,STRAIGHT & LEVEL,DAYLIGHT,,,45896.35137,False,31,Accepted,5,5,O,,INATTENTION,,2025,1
9608,35198167,0510100,HENDERSON POLICE DEPARTMENT,Accepted,HENDERSON,,,WATSON,LN,,,,,,,,37.87527099,-87.56741933,1.078,2025-08-20,607,2,1,0,0,CLEAR,DRY,False,REAR END IN TRAFFIC LANES BOTH VEHICLES MOVING,REAR END,STRAIGHT & LEVEL,DAYLIGHT,,,45896.61236,False,48,Accepted,5,5,O,,INATTENTION,,2025,1
9609,35200255,0510100,HENDERSON POLICE DEPARTMENT,Accepted,HENDERSON,,,VINE,ST,,,,,,,,37.83124561,-87.59565201,0.004,2025-08-22,1828,2,2,0,0,CLEAR,DRY,True,1 VEHICLE PARKED POSITION (NOT PARKING LOT/DRIVEWAY),BACKING,STRAIGHT & LEVEL,DAYLIGHT,,,45897.00565,False,29,Accepted,5,5,O,,INATTENTION,,2025,1
9610,35201454,0510100,HENDERSON POLICE DEPARTMENT,Accepted,HENDERSON,,537,FAIR,ST,,,FAIRGROUND,,,,,37.81998727,-87.60093528,0.003,2025-08-26,1655,1,1,0,0,CLEAR,DRY,False,COLLISION WITH FIXED OBJECT IN INTERSECTION - FIRST EVENT COLLISION 09 - 32,SINGLE VEHICLE,STRAIGHT & LEVEL,DAYLIGHT,,,45897.37957,False,47,Accepted,5,5,O,,"INATTENTION, NOT UNDER PROPER CONTROL, TURNING IMPROPERLY",,2025,1
9611,35201833,0510100,HENDERSON POLICE DEPARTMENT,Accepted,HENDERSON,US0041,,US41,,N,,,,,,,37.82584507,-87.56596708,,2025-08-14,1138,2,2,0,0,CLEAR,DRY,False,1 VEHICLE ENTERING/LEAVING ENTRANCE,ANGLE,STRAIGHT & LEVEL,DAYLIGHT,,,45897.4327,False,83,Accepted,5,5,O,,INATTENTION,,2025,1
9612,35201925,0510000,HENDERSON COUNTY SHERIFF DEPT.,Accepted,HENDERSON,KY0351,1800,ZION,RD,,,,,,,,37.8304982,-87.56586169,1.378,2025-08-26,1321,2,2,0,0,CLEAR,DRY,False,1 VEHICLE ENTERING/LEAVING ENTRANCE,ANGLE,CURVE & LEVEL,DAYLIGHT,,,45897.46208,False,131,Accepted,5,5,O,,"FAILED TO KEEP PROPER LANE, NOT UNDER PROPER CONTROL",,2025,1
9614,35202671,0510100,HENDERSON POLICE DEPARTMENT,Accepted,HENDERSON,KY0351,910,2ND,ST,,,,,,,,37.83618352,-87.57970154,0.525,2025-08-13,707,2,2,0,0,CLOUDY,DRY,True,1 VEHICLE PARKED POSITION (NOT PARKING LOT/DRIVEWAY),SIDESWIPE-SAME DIRECTION,STRAIGHT & LEVEL,DAYLIGHT,,,45897.60051,False,15,Accepted,5,5,O,,,,2025,1
9615,35208961,0510100,HENDERSON POLICE DEPARTMENT,Accepted,HENDERSON,US0041A,,GREEN,ST,S,,,,,,,37.83364145,-87.59332984,,2025-08-22,1734,2,2,0,0,CLEAR,DRY,False,SIDESWIPE COLLISION - SAME DIRECTION,SIDESWIPE-SAME DIRECTION,STRAIGHT & LEVEL,DAYLIGHT,,,45898.78358,False,83,Accepted,5,5,O,,INATTENTION,,2025,1
9616,35208962,0510100,HENDERSON POLICE DEPARTMENT,Accepted,HENDERSON,,,US HWY 41,,,,BARRET,,,,,37.86432109,-87.57373986,,2025-08-26,1356,2,2,0,0,CLEAR,DRY,False,ANGLE COLLISION - OTHER,ANGLE,STRAIGHT & LEVEL,DAYLIGHT,,,45898.78362,False,82,Accepted,5,5,O,BACKUP DUE TO REGULAR CONGESTION,FAILED TO YIELD RIGHT OF WAY,,2025,1
9617,35217530,0510100,HENDERSON POLICE DEPARTMENT,Accepted,HENDERSON,US0041,2860,US41,,N,,,,,,,37.87791227,-87.56626407,17.602,2025-08-25,1715,3,3,0,0,CLEAR,DRY,False,1 VEHICLE ENTERING/LEAVING ENTRANCE,ANGLE,STRAIGHT & LEVEL,DAYLIGHT,,,45901.37139,False,17,Accepted,5,5,O,BACKUP DUE TO REGULAR CONGESTION,INATTENTION,,2025,1
9618,35217535,0510100,HENDERSON POLICE DEPARTMENT,Accepted,HENDERSON,US0060,,GREEN,ST,S,,OHIO,,,,,37.80578184,-87.63244082,9.634,2025-08-29,718,2,2,0,0,CLEAR,DRY,False,VEHICLE BACKING IN INTERSECTION,BACKING,STRAIGHT & LEVEL,DAYLIGHT,,,45901.37153,False,49,Accepted,5,5,O,,INATTENTION,,2025,1
9619,35217536,0510100,HENDERSON POLICE DEPARTMENT,Accepted,HENDERSON,US0041A,529,GREEN,ST,N,,,,,,,37.84388775,-87.58566527,16.264,2025-08-31,1250,2,2,0,0,CLEAR,DRY,False,SIDESWIPE COLLISION - SAME DIRECTION,SIDESWIPE-SAME DIRECTION,STRAIGHT & LEVEL,DAYLIGHT,,,45901.37157,False,25,Accepted,5,5,O,,"FAILED TO YIELD RIGHT OF WAY, INATTENTION, FOLLOWING TOO CLOSE",,2025,1
9620,35217537,0510100,HENDERSON POLICE DEPARTMENT,Accepted,HENDERSON,US0041,15,US41,,N,,,,,,,37.85321777,-87.56929851,15.707,2025-08-27,1119,2,2,0,0,CLEAR,DRY,False,REAR END IN TRAFFIC LANES BOTH VEHICLES MOVING,REAR END,STRAIGHT & HILLCREST,DAYLIGHT,,,45901.37161,True,23,Accepted,5,5,O,CONSTRUCTION WORK ZONE,ALCOHOL INVOLVEMENT,,2025,1
9621,35217596,0510100,HENDERSON POLICE DEPARTMENT,Accepted,HENDERSON,,229,ROONEY,DR,,,,,,,,37.866992,-87.57509802,0.004,2025-08-31,626,1,1,0,0,CLEAR,DRY,True,COLLISION WITH FIXED OBJECT NON - INTERSECTION - FIRST EVENT COLLISION 09 - 32 EXCLUDING 16,SINGLE VEHICLE,STRAIGHT & LEVEL,DAWN,,,45901.40781,False,25,Accepted,5,5,O,,INATTENTION,,2025,1
9622,35217599,0510100,HENDERSON POLICE DEPARTMENT,Accepted,HENDERSON,US0041,,US41,,N,,MARYWOOD,,,,,37.86726697,-87.57213241,16.805,2025-08-31,1258,2,2,0,0,CLEAR,DRY,False,OTHER INTERSECTION COLLISIONS,REAR END,STRAIGHT & LEVEL,DAYLIGHT,,,45901.40787,False,23,Accepted,5,5,O,,INATTENTION,,2025,1
9623,35221922,0510100,HENDERSON POLICE DEPARTMENT,Accepted,HENDERSON,,,3RD,ST,,,INGRAM,,,,,37.84001081,-87.58623655,0.381,2025-09-01,1520,2,2,0,0,CLEAR,DRY,False,ANGLE COLLISION - OTHER,ANGLE,STRAIGHT & LEVEL,DAYLIGHT,,,45902.44638,False,31,Accepted,5,5,O,,INATTENTION,,2025,1
9624,35225007,0510100,HENDERSON POLICE DEPARTMENT,Accepted,HENDERSON,,15,POPE,ST,,,,,,,,37.83120778,-87.57979393,0.087,2025-08-23,1745,2,2,0,0,CLEAR,DRY,True,1 VEHICLE PARKED POSITION (NOT PARKING LOT/DRIVEWAY),SIDESWIPE-OPPOSITE DIRECTION,STRAIGHT & LEVEL,DAYLIGHT,,,45902.99942,False,16,Accepted,5,5,O,,"ALCOHOL INVOLVEMENT, INATTENTION",,2025,1
9625,35225082,0510100,HENDERSON POLICE DEPARTMENT,Accepted,HENDERSON,,327,INGRAM,ST,N,,,,,,,37.84087796,-87.58574189,0.329,2025-08-29,2044,2,2,0,0,CLEAR,DRY,True,1 VEHICLE PARKED POSITION (NOT PARKING LOT/DRIVEWAY),SIDESWIPE-OPPOSITE DIRECTION,STRAIGHT & LEVEL,DARK (UNKNOWN ROADWAY LIGHTING),,,45903.01371,False,16,Accepted,5,5,O,,ALCOHOL INVOLVEMENT,,2025,1
9626,35226808,0510000,HENDERSON COUNTY SHERIFF DEPT.,Accepted,HENDERSON,,,GREEN RIVER,RD,,,BELLEWOOD,,,,,37.87998722,-87.53877944,2.028,2025-08-28,900,2,2,0,0,CLEAR,DRY,False,SIDESWIPE-SAME DIRECTION,SIDESWIPE-SAME DIRECTION,STRAIGHT & LEVEL,DAYLIGHT,,,45903.44211,False,168,Accepted,5,5,O,,,MIRRORS,2025,1
9631,35228647,0510100,HENDERSON POLICE DEPARTMENT,Accepted,HENDERSON,,,US HWY 60,,E,,US HWY 41,,,,,37.85766299,-87.57260754,,2025-08-21,1549,3,3,0,1,CLEAR,DRY,False,OTHER INTERSECTION COLLISIONS,REAR END,STRAIGHT & GRADE,DAYLIGHT,,,45903.70858,False,82,Accepted,5,3,B,BACKUP DUE TO REGULAR CONGESTION,"MISJUDGE CLEARANCE, OTHER",,2025,1
9632,35228661,0510100,HENDERSON POLICE DEPARTMENT,Accepted,HENDERSON,,,ADAMS,LN,,,ZION,,,,,37.82594462,-87.54823089,,2025-08-26,741,2,2,0,0,CLEAR,DRY,False,ANGLE COLLISION - OTHER,ANGLE,STRAIGHT & LEVEL,DAYLIGHT,,,45903.70864,False,82,Accepted,5,5,O,,INATTENTION,,2025,1
9633,35228663,0510100,HENDERSON POLICE DEPARTMENT,Accepted,HENDERSON,US0041,,US41,,N,,,,,,,37.86248726,-87.57495803,,2025-08-25,1142,2,2,0,1,CLEAR,DRY,False,1 VEHICLE ENTERING/LEAVING ENTRANCE,ANGLE,STRAIGHT & LEVEL,DAYLIGHT,,,45903.70868,False,83,Accepted,5,3,B,,INATTENTION,,2025,1
9634,35228666,0510100,HENDERSON POLICE DEPARTMENT,Accepted,HENDERSON,,1195,BARRET,BLVD,,,,,,,,37.85675401,-87.56656424,,2025-08-26,1325,2,2,0,0,CLEAR,DRY,False,1 VEHICLE ENTERING/LEAVING ENTRANCE,ANGLE,STRAIGHT & LEVEL,DAYLIGHT,,,45903.70876,False,83,Accepted,5,5,O,,INATTENTION,,2025,1
9635,35228667,0510100,HENDERSON POLICE DEPARTMENT,Accepted,HENDERSON,,,ATKINSON,ST,,,,,,,,37.81747668,-87.58383834,,2025-08-26,1524,2,2,0,0,CLEAR,DRY,False,1 VEHICLE ENTERING/LEAVING ENTRANCE,ANGLE,STRAIGHT & LEVEL,DAYLIGHT,,,45903.70879,False,83,Accepted,5,5,O,,INATTENTION,,2025,1