OBJECTID,IncidentID,AgencyORI,AgencyName,IncidentStatusDesc,County,RdwyNumber,Street,RoadwayName,StreetSfx,StreetDir,IntersectionRdwy,IntersectionRdwyName,BetweenStRdwy1,BetweenStRdwyName1,BetweenStRdwy2,BetweenStRdwyName2,Latitude,Longitude,Milepoint,CollisionDate,CollisionTime,UnitsInvolved,MotorVehiclesInvolved,NumberKilled,NumberInjured,Weather,RdwyConditionCode,HitandRun,DirAnalysisCode,MannerofCollision,RdwyCharacter,LightCondition,RampFromRdwyId,RampToRdwyId,AcceptedDate,IsSecondaryCollision,OwnerBadge,IncidentStatus,InjurySeverityCde,KABCO_Code,KABCO,Environmental_Factors,Human_Factors,Vehicular_Factors,CollisionYear,CityCrash
9636,35228668,0510100,HENDERSON POLICE DEPARTMENT,Accepted,HENDERSON,US0041,,US41,,N,,,,,,,37.85204172,-87.56843264,,2025-08-26,1650,2,2,0,0,CLEAR,DRY,False,1 VEHICLE ENTERING/LEAVING ENTRANCE,ANGLE,STRAIGHT & LEVEL,DAYLIGHT,,,45903.70883,False,83,Accepted,5,5,O,,INATTENTION,,2025,1
9637,35228669,0510100,HENDERSON POLICE DEPARTMENT,Accepted,HENDERSON,,,ATKINSON,ST,,,,,,,,37.82218719,-87.57956132,,2025-08-27,1115,2,2,0,0,CLEAR,DRY,False,1 VEHICLE ENTERING/LEAVING ENTRANCE,ANGLE,STRAIGHT & LEVEL,DAYLIGHT,,,45903.70886,False,83,Accepted,5,5,O,,INATTENTION,,2025,1
9638,35228672,0510100,HENDERSON POLICE DEPARTMENT,Accepted,HENDERSON,,,INGRAM,ST,N,,,,,,,37.8389603,-87.58696743,,2025-08-27,1209,2,2,0,0,CLEAR,DRY,False,1 VEHICLE ENTERING/LEAVING ENTRANCE,ANGLE,STRAIGHT & LEVEL,DAYLIGHT,,,45903.70889,False,83,Accepted,5,5,O,,INATTENTION,,2025,1
9639,35228673,0510100,HENDERSON POLICE DEPARTMENT,Accepted,HENDERSON,US0060,,US60,,E,,,,,,,37.85737527,-87.5730739,,2025-08-20,1557,2,2,0,0,CLEAR,DRY,False,REAR END IN TRAFFIC LANES BOTH VEHICLES MOVING,REAR END,STRAIGHT & LEVEL,DAYLIGHT,,,45903.70893,False,83,Accepted,5,5,O,,INATTENTION,,2025,1
9640,35228675,0510100,HENDERSON POLICE DEPARTMENT,Accepted,HENDERSON,,,ZION,RD,,,,,,,,37.83049239,-87.56563966,,2025-08-13,1608,2,2,0,0,CLEAR,DRY,False,SIDESWIPE COLLISION - SAME DIRECTION,SIDESWIPE-SAME DIRECTION,STRAIGHT & LEVEL,DAYLIGHT,,,45903.70901,False,83,Accepted,5,5,O,,INATTENTION,,2025,1
9641,35228676,0510100,HENDERSON POLICE DEPARTMENT,Accepted,HENDERSON,US0041,,US41,,N,,,,,,,37.87924497,-87.56567187,,2025-08-26,1707,2,2,0,0,CLEAR,DRY,False,1 VEHICLE ENTERING/LEAVING ENTRANCE,ANGLE,STRAIGHT & LEVEL,DAYLIGHT,,,45903.70905,False,83,Accepted,5,5,O,,INATTENTION,,2025,1
9642,35228678,0510100,HENDERSON POLICE DEPARTMENT,Accepted,HENDERSON,US0041A,,GREEN,ST,S,,,,,,,37.83131266,-87.59567049,,2025-08-28,1624,2,2,0,0,CLEAR,DRY,False,1 VEHICLE ENTERING/LEAVING ENTRANCE,ANGLE,STRAIGHT & LEVEL,DAYLIGHT,,,45903.70908,False,83,Accepted,5,5,O,,"FOLLOWING TOO CLOSE, INATTENTION",,2025,1
9643,35232499,0510100,HENDERSON POLICE DEPARTMENT,Accepted,HENDERSON,,1318,WASHINGTON,ST,,,,,,,,37.82916671,-87.57890583,0.393,2025-08-29,948,2,2,0,0,CLEAR,DRY,False,1 VEHICLE PARKED POSITION (NOT PARKING LOT/DRIVEWAY),BACKING,STRAIGHT & LEVEL,DAYLIGHT,,,45904.4457,False,17,Accepted,5,5,O,,INATTENTION,,2025,1
9644,35232500,0510100,HENDERSON POLICE DEPARTMENT,Accepted,HENDERSON,KY0351,2424,ZION,RD,,,,,,,,37.82872717,-87.55980166,1.745,2025-09-02,1641,2,2,0,2,CLEAR,DRY,False,1 VEHICLE ENTERING/LEAVING ENTRANCE,ANGLE,STRAIGHT & LEVEL,DAYLIGHT,,,45904.44575,False,17,Accepted,5,4,C,,INATTENTION,,2025,1
9645,35232501,0510100,HENDERSON POLICE DEPARTMENT,Accepted,HENDERSON,KY0285,1324,OLD MADISONVILLE,RD,,,,,,,,37.81681091,-87.58402092,2.7,2025-09-03,1133,1,1,0,1,CLEAR,DRY,False,COLLISION WITH FIXED OBJECT NON - INTERSECTION - FIRST EVENT COLLISION 09 - 32 EXCLUDING 16,SINGLE VEHICLE,STRAIGHT & LEVEL,DAYLIGHT,,,45904.44578,False,49,Accepted,5,4,C,,"ALCOHOL INVOLVEMENT, NOT UNDER PROPER CONTROL",,2025,1
9646,35232765,0510100,HENDERSON POLICE DEPARTMENT,Accepted,HENDERSON,,,WASHINGTON,ST,,,,,,,,37.82980476,-87.58022533,0.477,2025-09-04,740,2,2,0,0,RAINING,WET,False,SIDESWIPE COLLISION - SAME DIRECTION,SIDESWIPE-SAME DIRECTION,STRAIGHT & LEVEL,DAYLIGHT,,,45904.48562,False,31,Accepted,5,5,O,,INATTENTION,,2025,1
9647,35234049,0510100,HENDERSON POLICE DEPARTMENT,Accepted,HENDERSON,US0041,,US41,,N,,,,,,,37.87914473,-87.56569061,,2025-08-27,1655,2,2,0,0,CLEAR,DRY,False,1 VEHICLE ENTERING/LEAVING ENTRANCE,ANGLE,STRAIGHT & LEVEL,DAYLIGHT,,,45904.67656,False,83,Accepted,5,5,O,,INATTENTION,,2025,1
9648,35234053,0510100,HENDERSON POLICE DEPARTMENT,Accepted,HENDERSON,,,SAND,LN,,,GREEN,,,,,37.82375512,-87.60315939,,2025-08-25,1516,2,2,0,0,CLEAR,DRY,False,ANGLE COLLISION - OTHER,ANGLE,STRAIGHT & LEVEL,DAYLIGHT,,,45904.67671,False,83,Accepted,5,5,O,,INATTENTION,,2025,1
9649,35234055,0510100,HENDERSON POLICE DEPARTMENT,Accepted,HENDERSON,,,VINE,ST,,,ALVES,,,,,37.82907894,-87.59225489,,2025-09-04,734,2,2,0,0,RAINING,WET,False,VEHICLE BACKING IN INTERSECTION,BACKING,STRAIGHT & GRADE,DAYLIGHT,,,45904.67678,False,82,Accepted,5,5,O,,NOT UNDER PROPER CONTROL,,2025,1
9650,35236032,0510100,HENDERSON POLICE DEPARTMENT,Accepted,HENDERSON,KY0136,1308,MADISON,ST,,KY0285,OLD MADISONVILLE,,,,,37.81721435,-87.58373447,20.757,2025-03-24,55,1,1,0,0,FOG,DRY,False,OTHER INTERSECTION COLLISIONS,SINGLE VEHICLE,STRAIGHT & LEVEL,DARK-HWY LIGHTED/ON,,,45905.06801,False,36,Accepted,5,5,O,,"ALCOHOL INVOLVEMENT, DRUG INVOLVEMENT, FELL ASLEEP",,2025,1
9654,35248191,0510100,HENDERSON POLICE DEPARTMENT,Accepted,HENDERSON,US0041,2855,US41,,N,,,,,,,37.87857431,-87.56610649,17.648,2025-09-04,1733,2,2,0,0,CLEAR,DRY,True,1 VEHICLE ENTERING/LEAVING ENTRANCE,ANGLE,STRAIGHT & LEVEL,DAYLIGHT,,,45908.46113,False,23,Accepted,5,5,O,,INATTENTION,,2025,1
9655,35248193,0510100,HENDERSON POLICE DEPARTMENT,Accepted,HENDERSON,US0041,2236,US41,,N,,,,,,,37.86870104,-87.57142657,16.893,2025-09-04,612,2,2,0,0,RAINING,WET,False,SIDESWIPE COLLISION - SAME DIRECTION,SIDESWIPE-SAME DIRECTION,STRAIGHT & LEVEL,DAYLIGHT,,,45908.46117,False,23,Accepted,5,5,O,,"INATTENTION, TURNING IMPROPERLY",,2025,1
9656,35248198,0510100,HENDERSON POLICE DEPARTMENT,Accepted,HENDERSON,US0041A,,GREEN,ST,S,,,,DR MARTIN LUTHER KING JR,,DIXON,37.83278567,-87.59420721,15.333,2025-09-06,1037,2,2,0,0,CLOUDY,DRY,False,1 VEHICLE ENTERING/LEAVING ENTRANCE,ANGLE,STRAIGHT & LEVEL,DAYLIGHT,,,45908.46124,False,49,Accepted,5,5,O,,INATTENTION,,2025,1
9659,35248392,0510100,HENDERSON POLICE DEPARTMENT,Accepted,HENDERSON,,,5TH,ST,,US0041A,GREEN,,,,,37.84326199,-87.58599488,0.951,2025-09-05,715,2,2,0,0,CLEAR,DRY,False,ANGLE COLLISION - OTHER,ANGLE,STRAIGHT & LEVEL,DAYLIGHT,,,45908.48004,False,31,Accepted,5,5,O,,DISREGARD TRAFFIC CONTROL,,2025,1
9660,35248394,0510100,HENDERSON POLICE DEPARTMENT,Accepted,HENDERSON,US0041A,,GREEN,ST,S,,,,,,,37.82137578,-87.60591843,14.299,2025-09-05,1207,2,2,0,0,CLOUDY,DRY,False,SIDESWIPE COLLISION - OPPOSITE DIRECTION,SIDESWIPE-OPPOSITE DIRECTION,STRAIGHT & LEVEL,DAYLIGHT,,,45908.48008,False,31,Accepted,5,5,O,,,,2025,1
9661,35248400,0510100,HENDERSON POLICE DEPARTMENT,Accepted,HENDERSON,,,MAIN,ST,N,,5TH,,,,,37.84457026,-87.58919012,0.395,2025-09-06,1051,2,2,0,2,CLEAR,DRY,False,ANGLE COLLISION - OTHER,ANGLE,STRAIGHT & LEVEL,DAYLIGHT,,,45908.48017,False,67,Accepted,3,3,B,,INATTENTION,,2025,1
9662,35248402,0510100,HENDERSON POLICE DEPARTMENT,Accepted,HENDERSON,,,ADAMS,ST,N,,,,RAY,,8TH,37.84629377,-87.58050225,0.786,2025-09-06,1143,2,2,0,0,CLEAR,DRY,False,1 VEHICLE ENTERING/LEAVING ENTRANCE,ANGLE,STRAIGHT & LEVEL,DAYLIGHT,,,45908.4802,False,49,Accepted,5,5,O,,"FAILED TO YIELD RIGHT OF WAY, INATTENTION",,2025,1
9663,35251766,0510100,HENDERSON POLICE DEPARTMENT,Accepted,HENDERSON,US0041A,700,GREEN,ST,N,,,,,,,37.84632451,-87.58410549,16.455,2025-09-05,2010,2,2,0,0,CLOUDY,DRY,False,1 VEHICLE ENTERING/LEAVING ENTRANCE,ANGLE,STRAIGHT & LEVEL,DARK (UNKNOWN ROADWAY LIGHTING),,,45909.07808,False,30,Accepted,5,5,O,,"FAILED TO KEEP PROPER LANE, INATTENTION, TURNING IMPROPERLY",,2025,1
9664,35251767,0510100,HENDERSON POLICE DEPARTMENT,Accepted,HENDERSON,US0041A,,GREEN,ST,N,,8TH,,,,,37.84665435,-87.58376492,16.486,2025-09-05,2017,2,2,0,1,CLOUDY,DRY,False,OTHER INTERSECTION COLLISIONS,REAR END,STRAIGHT & LEVEL,DARK-HWY LIGHTED/ON,,,45909.07811,False,35,Accepted,4,4,C,,"DISTRACTION, INATTENTION",,2025,1
9665,35252892,0510100,HENDERSON POLICE DEPARTMENT,Accepted,HENDERSON,US0041,,US41,,N,,,,,,,37.84956847,-87.56731513,15.433,2025-08-26,1629,3,3,0,0,CLEAR,DRY,True,SIDESWIPE COLLISION - SAME DIRECTION,SIDESWIPE-SAME DIRECTION,CURVE & HILLCREST,DAYLIGHT,,,45909.36057,False,15,Accepted,5,5,O,,,,2025,1
9666,35252988,0510100,HENDERSON POLICE DEPARTMENT,Accepted,HENDERSON,,1491,DANA,DR,,,,,,,,37.80361389,-87.64380784,,2025-08-25,1545,2,2,0,0,CLEAR,DRY,False,VEHICLE BACKING NON INTERSECTION,BACKING,STRAIGHT & LEVEL,DAYLIGHT,,,45909.38223,False,83,Accepted,5,5,O,,INATTENTION,,2025,1
9667,35256742,0510100,HENDERSON POLICE DEPARTMENT,Accepted,HENDERSON,KY0812,,AIRLINE,RD,,,,,,,,37.82409784,-87.57669928,7.879,2025-09-07,2310,2,1,0,0,CLEAR,DRY,False,COLLISION WITH TRAIN,SINGLE VEHICLE,STRAIGHT & GRADE,DARK-HWY LIGHTED/ON,,,45910.01939,False,44,Accepted,5,5,O,,,,2025,1
9668,35258475,0510100,HENDERSON POLICE DEPARTMENT,Accepted,HENDERSON,,945,MANOR,DR,,,,,,,,37.86099432,-87.56609883,0.03,2025-09-05,1505,1,1,0,0,CLEAR,DRY,False,OTHER ROADWAY OR MID-BLOCK COLLISION,SINGLE VEHICLE,STRAIGHT & LEVEL,DAYLIGHT,,,45910.4431,False,23,Accepted,5,5,O,,"EXCEEDED STATED SPEED LIMIT, TURNING IMPROPERLY, WEAVING IN TRAFFIC",,2025,1
9669,35258695,0510100,HENDERSON POLICE DEPARTMENT,Accepted,HENDERSON,,122,JANALEE,DR,,,,,,,,37.82194692,-87.61085962,0.05,2025-09-08,900,2,2,0,0,CLEAR,DRY,False,1 VEHICLE PARKED POSITION (NOT PARKING LOT/DRIVEWAY),BACKING,STRAIGHT & LEVEL,DAYLIGHT,,,45910.49529,False,47,Accepted,5,5,O,,INATTENTION,,2025,1
9670,35261296,0510100,HENDERSON POLICE DEPARTMENT,Accepted,HENDERSON,US0060,,GREEN,ST,S,,,,,,,37.80580972,-87.63227691,9.627,2025-09-09,2247,2,2,0,0,CLOUDY,DRY,False,REAR END IN TRAFFIC LANES BOTH VEHICLES MOVING,REAR END,STRAIGHT & LEVEL,DARK-HWY LIGHTED/ON,,,45910.97355,False,58,Accepted,5,5,O,,,BRAKES DEFECTIVE,2025,1
9671,35262740,0510100,HENDERSON POLICE DEPARTMENT,Accepted,HENDERSON,,126,WATER,ST,N,,,,,,,37.84080259,-87.59351033,0.338,2025-09-05,1556,2,2,0,0,CLEAR,DRY,False,VEHICLE BACKING NON INTERSECTION,BACKING,STRAIGHT & LEVEL,DAYLIGHT,,,45911.39203,False,15,Accepted,5,5,O,,IMPROPER BACKING,,2025,1
9672,35262745,0510100,HENDERSON POLICE DEPARTMENT,Accepted,HENDERSON,KY2084,300,KY2084,,S,,,,,,,37.81986113,-87.56942237,2.119,2025-09-10,743,2,2,0,0,CLOUDY,DRY,True,1 VEHICLE ENTERING/LEAVING ENTRANCE,ANGLE,STRAIGHT & LEVEL,DAWN,,,45911.39216,False,25,Accepted,5,5,O,,"FAILED TO YIELD RIGHT OF WAY, INATTENTION",,2025,1
9675,35263596,0510100,HENDERSON POLICE DEPARTMENT,Accepted,HENDERSON,,,ELM,ST,N,,BARKER,,,,,37.87249143,-87.57073878,,2025-09-09,957,2,2,0,0,CLEAR,DRY,False,ANGLE COLLISION - OTHER,ANGLE,STRAIGHT & LEVEL,DAYLIGHT,,,45911.5801,False,82,Accepted,5,5,O,,FAILED TO YIELD RIGHT OF WAY,,2025,1
9676,35263598,0510100,HENDERSON POLICE DEPARTMENT,Accepted,HENDERSON,,,1ST,ST,,,WATER,,,,,37.8400694,-87.59408018,,2025-09-10,1330,2,2,0,0,CLEAR,DRY,False,VEHICLE BACKING IN INTERSECTION,BACKING,STRAIGHT & LEVEL,DAYLIGHT,,,45911.58016,False,82,Accepted,5,5,O,,OTHER,,2025,1
9677,35263599,0510100,HENDERSON POLICE DEPARTMENT,Accepted,HENDERSON,US0041,,US41,,N,,,,,,,37.86155137,-87.57530016,,2025-08-07,1555,2,2,0,0,CLEAR,DRY,False,1 VEHICLE ENTERING/LEAVING ENTRANCE,ANGLE,STRAIGHT & LEVEL,DAYLIGHT,,,45911.58025,False,83,Accepted,5,5,O,,INATTENTION,,2025,1
9679,35266245,0510100,HENDERSON POLICE DEPARTMENT,Accepted,HENDERSON,,1135,MADISON,ST,,,,,,,,37.82157747,-87.59026083,0.06,2025-09-10,1730,2,2,0,0,CLOUDY,DRY,True,1 VEHICLE PARKED POSITION (NOT PARKING LOT/DRIVEWAY),REAR END,STRAIGHT & LEVEL,DAYLIGHT,,,45912.05985,False,58,Accepted,5,5,O,,,,2025,1
9680,35266246,0510100,HENDERSON POLICE DEPARTMENT,Accepted,HENDERSON,US0041A,1400,GREEN,ST,N,,,,,,,37.85417442,-87.57875099,17.084,2025-09-10,1746,2,2,0,1,CLEAR,DRY,False,COLLISION WITH FIXED OBJECT NON - INTERSECTION - FIRST EVENT COLLISION 09 - 32 EXCLUDING 16,ANGLE,CURVE & LEVEL,DAYLIGHT,,,45912.05991,False,30,Accepted,5,3,B,,INATTENTION,,2025,1
9681,35266250,0510100,HENDERSON POLICE DEPARTMENT,Accepted,HENDERSON,US0041,,US41,,N,,,,,,,37.8775148,-87.56652184,17.572,2025-09-11,415,2,2,0,2,CLEAR,DRY,True,SIDESWIPE COLLISION - SAME DIRECTION,SIDESWIPE-SAME DIRECTION,STRAIGHT & LEVEL,DARK-HWY LIGHTED/ON,,,45912.06005,False,43,Accepted,5,3,B,,"INATTENTION, OTHER",,2025,1
9682,35267131,0510100,HENDERSON POLICE DEPARTMENT,Accepted,HENDERSON,US0041A,1400,GREEN,ST,S,,,,,,,37.82257334,-87.60429512,14.421,2025-09-11,1254,2,2,0,2,CLEAR,DRY,False,REAR END IN TRAFFIC LANES BOTH VEHICLES MOVING,REAR END,STRAIGHT & LEVEL,DAYLIGHT,,,45912.35963,False,49,Accepted,2,2,A,,INATTENTION,,2025,1
9688,35282374,0510100,HENDERSON POLICE DEPARTMENT,Accepted,HENDERSON,,,MEADOW,ST,,,POWELL,,,,,37.82984044,-87.58294477,0.485,2025-09-13,1144,2,2,0,0,CLEAR,DRY,False,ANGLE COLLISION - OTHER,ANGLE,STRAIGHT & LEVEL,DAYLIGHT,,,45916.34749,False,25,Accepted,5,5,O,,"FAILED TO YIELD RIGHT OF WAY, INATTENTION",,2025,1
9689,35282375,0510100,HENDERSON POLICE DEPARTMENT,Accepted,HENDERSON,KY0285,2059,OLD MADISONVILLE,RD,,,,,,,,37.80046819,-87.58862486,1.499,2025-09-13,1400,1,1,0,0,CLEAR,DRY,False,COLLISION WITH FIXED OBJECT NON - INTERSECTION - FIRST EVENT COLLISION 09 - 32 EXCLUDING 16,SINGLE VEHICLE,STRAIGHT & LEVEL,DAYLIGHT,,,45916.34758,False,47,Accepted,5,5,O,,NOT UNDER PROPER CONTROL,,2025,1
9690,35282379,0510100,HENDERSON POLICE DEPARTMENT,Accepted,HENDERSON,,1307,POWELL,ST,,,,,,,,37.82771726,-87.57925674,1.157,2025-09-07,1231,2,2,0,0,CLEAR,DRY,False,VEHICLE BACKING NON INTERSECTION,BACKING,STRAIGHT & LEVEL,DAYLIGHT,,,45916.34771,False,17,Accepted,5,5,O,,INATTENTION,MIRRORS,2025,1
9691,35282380,0510100,HENDERSON POLICE DEPARTMENT,Accepted,HENDERSON,US0041A,,GREEN,ST,N,,,,,,,37.85305588,-87.57965233,16.99,2025-09-13,1640,2,2,0,0,CLEAR,DRY,False,SIDESWIPE COLLISION - SAME DIRECTION,SIDESWIPE-SAME DIRECTION,STRAIGHT & LEVEL,DAYLIGHT,,,45916.34775,False,31,Accepted,5,5,O,,INATTENTION,,2025,1
9692,35282528,0510100,HENDERSON POLICE DEPARTMENT,Accepted,HENDERSON,,,US41,,N,,WATSON,,,,,37.87616515,-87.56740592,,2025-09-12,1329,2,2,0,0,CLEAR,DRY,False,OTHER INTERSECTION COLLISIONS,REAR END,STRAIGHT & LEVEL,DAYLIGHT,,,45916.38507,False,82,Accepted,5,5,O,BACKUP DUE TO REGULAR CONGESTION,NOT UNDER PROPER CONTROL,,2025,1
9696,35282968,0510100,HENDERSON POLICE DEPARTMENT,Accepted,HENDERSON,US0041,2954,US41,,N,,,,,,,37.87138431,-87.56953447,17.115,2025-09-05,939,2,2,0,0,CLEAR,DRY,False,1 VEHICLE ENTERING/LEAVING ENTRANCE,ANGLE,STRAIGHT & LEVEL,DAYLIGHT,,,45916.45266,False,15,Accepted,5,5,O,,MISJUDGE CLEARANCE,,2025,1
9697,35283407,0510100,HENDERSON POLICE DEPARTMENT,Accepted,HENDERSON,US0041A,,GREEN,ST,N,,,,,,,37.84604565,-87.58416017,,2025-09-03,1527,2,2,0,0,CLEAR,DRY,False,1 VEHICLE ENTERING/LEAVING ENTRANCE,ANGLE,STRAIGHT & LEVEL,DAYLIGHT,,,45916.53304,False,83,Accepted,5,5,O,,INATTENTION,,2025,1
9698,35283408,0510100,HENDERSON POLICE DEPARTMENT,Accepted,HENDERSON,,,ELM,ST,N,,,,,,,37.83966493,-87.59009854,,2025-09-12,1118,2,2,0,0,CLEAR,DRY,False,VEHICLE BACKING NON INTERSECTION,BACKING,STRAIGHT & LEVEL,DAYLIGHT,,,45916.53312,False,83,Accepted,5,5,O,,INATTENTION,,2025,1
9699,35283409,0510100,HENDERSON POLICE DEPARTMENT,Accepted,HENDERSON,,,SPRING GARDEEN,RD,,,ZION,,,,,37.8262061,-87.54900594,,2025-09-12,1709,2,2,0,0,CLEAR,DRY,False,ANGLE COLLISION - OTHER,ANGLE,STRAIGHT & LEVEL,DAYLIGHT,,,45916.53316,False,83,Accepted,5,5,O,,INATTENTION,,2025,1
9700,35287197,0510100,HENDERSON POLICE DEPARTMENT,Accepted,HENDERSON,,,5TH,ST,,,,,,,,37.84327132,-87.58610907,,2025-09-09,1300,2,1,0,0,CLEAR,DRY,False,1 VEHICLE ENTERING/LEAVING ENTRANCE,ANGLE,STRAIGHT & LEVEL,DAYLIGHT,,,45917.34524,False,83,Accepted,5,5,O,,INATTENTION,,2025,1
9701,35287281,0510100,HENDERSON POLICE DEPARTMENT,Accepted,HENDERSON,,,ATKINSON,ST,,,,,,,,37.82745976,-87.5773517,,2025-09-11,1837,2,2,0,0,CLEAR,DRY,False,VEHICLE BACKING NON INTERSECTION,BACKING,CURVE & LEVEL,DAYLIGHT,,,45917.36337,False,83,Accepted,5,5,O,,INATTENTION,,2025,1
9702,35287283,0510100,HENDERSON POLICE DEPARTMENT,Accepted,HENDERSON,,,41,,,,,,,,,37.86437492,-87.57384454,,2025-08-29,1404,2,2,0,0,CLEAR,DRY,False,VEHICLE BACKING NON INTERSECTION,BACKING,STRAIGHT & LEVEL,DAYLIGHT,,,45917.36343,False,83,Accepted,5,5,O,,INATTENTION,,2025,1
9703,35287503,0510100,HENDERSON POLICE DEPARTMENT,Accepted,HENDERSON,,,US41,,N,,,,,,,37.8703315,-87.57059246,,2025-09-16,739,3,3,0,0,CLEAR,DRY,False,OTHER ROADWAY OR MID-BLOCK COLLISION,REAR END,STRAIGHT & LEVEL,DAYLIGHT,,,45917.40125,False,82,Accepted,5,5,O,BACKUP DUE TO REGULAR CONGESTION,OTHER,,2025,1
9706,35287996,0510100,HENDERSON POLICE DEPARTMENT,Accepted,HENDERSON,US0041A,1680,GREEN,ST,S,,,,,,,37.81694626,-87.61351819,13.776,2025-09-16,1130,2,2,0,1,CLEAR,DRY,False,REAR END IN TRAFFIC LANES BOTH VEHICLES MOVING,REAR END,STRAIGHT & LEVEL,DAYLIGHT,,,45917.48345,False,49,Accepted,2,2,A,,"FAILED TO YIELD RIGHT OF WAY, INATTENTION",OTHER,2025,1
9707,35288000,0510100,HENDERSON POLICE DEPARTMENT,Accepted,HENDERSON,US0041,,US41,,N,US0041,US41 RAMP FROM KY351,,,,,37.83346856,-87.56554442,14.323,2025-09-15,1715,2,2,0,0,CLEAR,DRY,True,SIDESWIPE-SAME DIRECTION,SIDESWIPE-SAME DIRECTION,STRAIGHT & LEVEL,DAYLIGHT,,,45917.48357,False,67,Accepted,5,5,O,CONSTRUCTION WORK ZONE,INATTENTION,,2025,1
9708,35289611,0510100,HENDERSON POLICE DEPARTMENT,Accepted,HENDERSON,,,ILEX,DR,,,OLD MADISONVILLE,,,,,37.80522322,-87.58784277,,2025-09-08,1101,2,2,0,3,CLEAR,DRY,False,ANGLE COLLISION - OTHER,ANGLE,STRAIGHT & LEVEL,DAYLIGHT,,,45917.72043,False,82,Accepted,3,3,B,,DISREGARD TRAFFIC CONTROL,,2025,1
9709,35289612,0510100,HENDERSON POLICE DEPARTMENT,Accepted,HENDERSON,US0041,,US41,,N,,,,,,,37.87232495,-87.56931082,,2025-09-04,1516,2,2,0,0,CLEAR,DRY,False,1 VEHICLE ENTERING/LEAVING ENTRANCE,ANGLE,STRAIGHT & LEVEL,DAYLIGHT,,,45917.72046,False,83,Accepted,5,5,O,,INATTENTION,,2025,1
9710,35289613,0510100,HENDERSON POLICE DEPARTMENT,Accepted,HENDERSON,,,BARRET,BLVD,,,,,,,,37.86433381,-87.57363648,,2025-08-21,1457,2,2,0,0,CLEAR,DRY,False,1 VEHICLE ENTERING/LEAVING ENTRANCE,ANGLE,STRAIGHT & LEVEL,DAYLIGHT,,,45917.72049,False,83,Accepted,5,5,O,,INATTENTION,,2025,1
9711,35289614,0510100,HENDERSON POLICE DEPARTMENT,Accepted,HENDERSON,,,ELM,ST,,,14TH,,,,,37.85480553,-87.58061783,,2025-09-08,1833,2,2,0,0,CLEAR,DRY,False,ANGLE COLLISION - OTHER,ANGLE,STRAIGHT & LEVEL,DAYLIGHT,,,45917.72054,False,83,Accepted,5,5,O,GLARE (SUN),INATTENTION,,2025,1
9712,35289616,0510100,HENDERSON POLICE DEPARTMENT,Accepted,HENDERSON,US0041,,US41,,N,,,,,,,37.87151752,-87.56970467,,2025-09-11,1142,2,2,0,0,CLEAR,DRY,False,1 VEHICLE ENTERING/LEAVING ENTRANCE,ANGLE,STRAIGHT & LEVEL,DAYLIGHT,,,45917.7206,False,83,Accepted,5,5,O,,INATTENTION,,2025,1
9713,35289617,0510100,HENDERSON POLICE DEPARTMENT,Accepted,HENDERSON,US0041,,US41,,N,,,,,,,37.84715248,-87.56649135,,2025-09-11,1343,1,1,0,0,CLEAR,DRY,False,OCCUPANT FELL FROM MOVING VEHICLE,SINGLE VEHICLE,CURVE & GRADE,DAYLIGHT,,,45917.72063,False,83,Accepted,5,5,O,,"INATTENTION, NOT UNDER PROPER CONTROL",,2025,1
9714,35289618,0510100,HENDERSON POLICE DEPARTMENT,Accepted,HENDERSON,,,US HWY 60,,,,GREEN RIVER,,,,,37.86129056,-87.56413979,,2025-09-11,1413,2,2,0,0,CLEAR,DRY,False,OTHER INTERSECTION COLLISIONS,REAR END,STRAIGHT & GRADE,DAYLIGHT,,,45917.72066,False,82,Accepted,5,5,O,,NOT UNDER PROPER CONTROL,,2025,1
9715,35289619,0510100,HENDERSON POLICE DEPARTMENT,Accepted,HENDERSON,US0041,,US41,,N,,,,,,,37.8530164,-87.56910333,,2025-09-11,1511,2,2,0,0,CLEAR,DRY,False,REAR END IN TRAFFIC LANES BOTH VEHICLES MOVING,REAR END,STRAIGHT & LEVEL,DAYLIGHT,,,45917.72069,False,83,Accepted,5,5,O,,"INATTENTION, LOST CONSCIOUSNESS/FAINTED",,2025,1
9716,35295204,0510100,HENDERSON POLICE DEPARTMENT,Accepted,HENDERSON,,,4TH,ST,,,INGRAM,,,,,37.84139999,-87.58530642,0.283,2025-09-12,1857,1,1,0,0,CLEAR,DRY,False,OTHER INTERSECTION COLLISIONS,SINGLE VEHICLE,STRAIGHT & LEVEL,DAYLIGHT,,,45918.95595,False,33,Accepted,5,5,O,,,,2025,1
9717,35295208,0510100,HENDERSON POLICE DEPARTMENT,Accepted,HENDERSON,,115,INGRAM,ST,N,,,,,,,37.83691617,-87.58822311,0.634,2025-09-14,2030,2,2,0,0,CLEAR,DRY,False,1 VEHICLE PARKED POSITION (NOT PARKING LOT/DRIVEWAY),BACKING,STRAIGHT & LEVEL,DARK-HWY LIGHTED/ON,,,45918.95617,False,43,Accepted,5,5,O,,INATTENTION,,2025,1