OBJECTID,IncidentID,AgencyORI,AgencyName,IncidentStatusDesc,County,RdwyNumber,Street,RoadwayName,StreetSfx,StreetDir,IntersectionRdwy,IntersectionRdwyName,BetweenStRdwy1,BetweenStRdwyName1,BetweenStRdwy2,BetweenStRdwyName2,Latitude,Longitude,Milepoint,CollisionDate,CollisionTime,UnitsInvolved,MotorVehiclesInvolved,NumberKilled,NumberInjured,Weather,RdwyConditionCode,HitandRun,DirAnalysisCode,MannerofCollision,RdwyCharacter,LightCondition,RampFromRdwyId,RampToRdwyId,AcceptedDate,IsSecondaryCollision,OwnerBadge,IncidentStatus,InjurySeverityCde,KABCO_Code,KABCO,Environmental_Factors,Human_Factors,Vehicular_Factors,CollisionYear,CityCrash
9898,35467569,0510100,HENDERSON POLICE DEPARTMENT,Accepted,HENDERSON,,,GREEN,ST,,,,,,,,37.85702571,-87.57364005,,2025-10-17,1605,2,2,0,0,CLEAR,DRY,False,SIDESWIPE COLLISION - SAME DIRECTION,SIDESWIPE-SAME DIRECTION,STRAIGHT & LEVEL,DAYLIGHT,,,45960.65468,False,83,Accepted,5,5,O,,MISJUDGE CLEARANCE,,2025,1
9899,35467570,0510100,HENDERSON POLICE DEPARTMENT,Accepted,HENDERSON,,,WASHINGTON,ST,,,,,,,,37.83793044,-87.59344791,,2025-10-21,1233,2,2,0,0,CLEAR,DRY,False,VEHICLE BACKING NON INTERSECTION,BACKING,STRAIGHT & LEVEL,DAYLIGHT,,,45960.65473,False,83,Accepted,5,5,O,,INATTENTION,,2025,1
9900,35467571,0510100,HENDERSON POLICE DEPARTMENT,Accepted,HENDERSON,,,ATKINSON,ST,,,POWELL,,,,,37.82675566,-87.57750662,0.096,2025-10-04,1352,2,2,0,0,CLEAR,DRY,False,ANGLE COLLISION - OTHER,ANGLE,CURVE & LEVEL,DAYLIGHT,,,45960.65477,False,53,Accepted,5,5,O,,INATTENTION,,2025,1
9901,35467572,0510100,HENDERSON POLICE DEPARTMENT,Accepted,HENDERSON,,,US41,,N,,,,,,,37.87177703,-87.56959859,,2025-10-21,948,2,2,0,0,CLEAR,DRY,False,1 VEHICLE ENTERING/LEAVING ENTRANCE,ANGLE,STRAIGHT & LEVEL,DAYLIGHT,,,45960.65482,False,82,Accepted,5,5,O,,INATTENTION,,2025,1
9902,35467573,0510100,HENDERSON POLICE DEPARTMENT,Accepted,HENDERSON,KY0351,,ZION,RD,,,,,,,,37.83086923,-87.56679297,,2025-10-22,741,2,2,0,0,CLEAR,DRY,False,OTHER ROADWAY OR MID-BLOCK COLLISION,REAR END,CURVE & GRADE,DAYLIGHT,,,45960.65485,False,82,Accepted,5,5,O,,NOT UNDER PROPER CONTROL,,2025,1
9903,35467574,0510100,HENDERSON POLICE DEPARTMENT,Accepted,HENDERSON,,2364,GREEN RIVER,RD,,,,,,,,37.86392164,-87.56453823,,2025-10-23,1314,2,2,0,0,CLEAR,GRAVEL,False,1 VEHICLE PARKED POSITION (NOT PARKING LOT/DRIVEWAY),BACKING,STRAIGHT & LEVEL,DAYLIGHT,,,45960.65488,False,82,Accepted,5,5,O,,INATTENTION,,2025,1
9904,35467575,0510100,HENDERSON POLICE DEPARTMENT,Accepted,HENDERSON,,,BARRET,BLVD,,,US HWY 60 E,,,,,37.85990492,-87.56774393,,2025-10-23,1525,2,2,0,0,CLEAR,DRY,False,OTHER INTERSECTION COLLISIONS,REAR END,STRAIGHT & LEVEL,DAYLIGHT,,,45960.65491,False,82,Accepted,5,5,O,,NOT UNDER PROPER CONTROL,OTHER,2025,1
9905,35467577,0510100,HENDERSON POLICE DEPARTMENT,Accepted,HENDERSON,US0041,1917,US41,,N,,,,,,,37.8654033,-87.57343956,16.567,2025-10-23,1547,1,1,0,0,CLEAR,DRY,False,OTHER ROADWAY OR MID-BLOCK COLLISION,SINGLE VEHICLE,STRAIGHT & LEVEL,DAYLIGHT,,,45960.65499,False,46,Accepted,5,5,O,,NOT UNDER PROPER CONTROL,,2025,1
9906,35467578,0510100,HENDERSON POLICE DEPARTMENT,Accepted,HENDERSON,US0041A,,GREEN,ST,N,,10TH,,,,,37.84965832,-87.58187755,16.721,2025-10-20,825,2,2,0,0,CLEAR,DRY,False,OTHER INTERSECTION COLLISIONS,REAR END,STRAIGHT & LEVEL,DAYLIGHT,,,45960.65502,False,17,Accepted,5,5,O,,FOLLOWING TOO CLOSE,,2025,1
9907,35467579,0510100,HENDERSON POLICE DEPARTMENT,Accepted,HENDERSON,US0041,2746,US41,,N,,,,,,,37.87705284,-87.56679899,17.537,2025-10-24,1509,2,2,0,0,CLEAR,DRY,False,SIDESWIPE COLLISION - SAME DIRECTION,SIDESWIPE-SAME DIRECTION,STRAIGHT & LEVEL,DAYLIGHT,,,45960.65506,False,17,Accepted,5,5,O,,INATTENTION,,2025,1
9908,35467580,0510100,HENDERSON POLICE DEPARTMENT,Accepted,HENDERSON,,,2ND,ST,,US0041A,GREEN,,,,,37.83952235,-87.58843347,0.004,2025-10-26,1607,2,2,0,0,RAINING,WET,False,OPPOSING LEFT TURN,OPPOSING LEFT TURN,STRAIGHT & LEVEL,DAYLIGHT,,,45960.65509,False,31,Accepted,5,5,O,,MISJUDGE CLEARANCE,,2025,1
9909,35467581,0510100,HENDERSON POLICE DEPARTMENT,Accepted,HENDERSON,,1135,BARRET,BLVD,,,,,,,,37.8580788,-87.56712064,0.213,2025-10-26,1702,2,2,0,0,RAINING,WET,False,REAR END IN TRAFFIC LANES BOTH VEHICLES MOVING,REAR END,CURVE & LEVEL,DUSK,,,45960.65514,False,31,Accepted,5,5,O,,NOT UNDER PROPER CONTROL,,2025,1
9910,35467583,0510100,HENDERSON POLICE DEPARTMENT,Accepted,HENDERSON,,,14TH,ST,,US0041A,GREEN,,,,,37.85401302,-87.57873943,0.118,2025-10-27,742,2,2,0,0,RAINING,WET,False,ANGLE COLLISION - OTHER,ANGLE,STRAIGHT & LEVEL,DAYLIGHT,,,45960.65519,False,31,Accepted,5,5,O,,INATTENTION,,2025,1
9911,35467584,0510100,HENDERSON POLICE DEPARTMENT,Accepted,HENDERSON,US0041,2301,US41,,N,,,,,,,37.87096021,-87.57022658,17.076,2025-10-27,902,2,2,0,0,RAINING,WET,False,1 VEHICLE ENTERING/LEAVING ENTRANCE,ANGLE,STRAIGHT & LEVEL,DAYLIGHT,,,45960.65525,False,23,Accepted,5,5,O,,"INATTENTION, TURNING IMPROPERLY",,2025,1
9912,35467588,0510100,HENDERSON POLICE DEPARTMENT,Accepted,HENDERSON,KY0351,,2ND,ST,,,PRIEST,,,,,37.83321137,-87.57320157,0.946,2025-10-27,1545,2,2,0,1,RAINING,WET,False,ANGLE COLLISION - OTHER,ANGLE,STRAIGHT & HILLCREST,DAYLIGHT,,,45960.65536,False,47,Accepted,3,3,B,CONSTRUCTION WORK ZONE,"INATTENTION, OTHER",,2025,1
9913,35468510,0510100,HENDERSON POLICE DEPARTMENT,Accepted,HENDERSON,,,BARKER,RD,,,SUNSET,,,,,37.87348169,-87.5744533,0.288,2025-10-27,1230,2,2,0,1,CLOUDY,WET,False,ANGLE COLLISION - ONE VEHICLE TURNING LEFT,ANGLE,STRAIGHT & LEVEL,DAYLIGHT,,,45960.80857,False,23,Accepted,3,3,B,,,BRAKES DEFECTIVE,2025,1
9914,35468511,0510100,HENDERSON POLICE DEPARTMENT,Accepted,HENDERSON,,,ADAMS,ST,N,,KIMSEY,,,,,37.85421742,-87.57512776,,2025-10-28,928,2,2,0,0,RAINING,WET,False,OPPOSITE DIRECTION - BOTH VEHICLES GOING STRAIGHT AHEAD,SIDESWIPE-OPPOSITE DIRECTION,STRAIGHT & LEVEL,DAYLIGHT,,,45960.80862,False,82,Accepted,5,5,O,,INATTENTION,,2025,1
9915,35468512,0510100,HENDERSON POLICE DEPARTMENT,Accepted,HENDERSON,,,US HWY 60,,,,BARRET,,,,,37.85990796,-87.56774668,,2025-10-28,1046,2,2,0,0,RAINING,WET,False,OTHER INTERSECTION COLLISIONS,REAR END,STRAIGHT & LEVEL,DAYLIGHT,,,45960.80865,False,82,Accepted,5,5,O,BACKUP DUE TO REGULAR CONGESTION,DISTRACTION,,2025,1
9916,35468513,0510100,HENDERSON POLICE DEPARTMENT,Accepted,HENDERSON,,,GREEN,ST,S,,DRURY,,,,,37.8140715,-87.6179878,,2025-10-28,1232,2,2,0,0,RAINING,WET,False,OTHER INTERSECTION COLLISIONS,REAR END,STRAIGHT & LEVEL,DAYLIGHT,,,45960.80868,False,82,Accepted,5,5,O,SLIPPERY SURFACE,OTHER,BRAKES DEFECTIVE,2025,1
9917,35468514,0510100,HENDERSON POLICE DEPARTMENT,Accepted,HENDERSON,,,GREEN,ST,N,,,,,,,37.84355796,-87.5858203,,2025-10-28,1406,2,2,0,0,CLOUDY,WET,False,1 VEHICLE ENTERING/LEAVING ENTRANCE,ANGLE,STRAIGHT & LEVEL,DAYLIGHT,,,45960.80871,False,82,Accepted,5,5,O,,"NOT UNDER PROPER CONTROL, OTHER",OTHER,2025,1
9921,35471312,0510100,HENDERSON POLICE DEPARTMENT,Accepted,HENDERSON,KY0351,,ZION,RD,,,,,,,,37.83074986,-87.56714154,,2025-10-16,1612,2,2,0,0,CLEAR,DRY,False,SIDESWIPE COLLISION - SAME DIRECTION,SIDESWIPE-SAME DIRECTION,STRAIGHT & LEVEL,DAYLIGHT,,,45961.50637,False,83,Accepted,5,5,O,,INATTENTION,,2025,1
9922,35471313,0510100,HENDERSON POLICE DEPARTMENT,Accepted,HENDERSON,,,MAIN,ST,,,DIXON,,,,,37.83468868,-87.59701678,,2025-10-21,1708,2,2,0,1,CLEAR,DRY,False,ANGLE COLLISION - OTHER,ANGLE,STRAIGHT & LEVEL,DAYLIGHT,,,45961.50641,False,83,Accepted,5,3,B,,INATTENTION,,2025,1
9924,35477365,0510100,HENDERSON POLICE DEPARTMENT,Accepted,HENDERSON,KY0351,1355,2ND,ST,,,,,,,,37.83246132,-87.57166751,1.04,2025-10-30,1536,2,2,0,0,CLEAR,DRY,False,1 VEHICLE ENTERING/LEAVING ENTRANCE,ANGLE,STRAIGHT & LEVEL,DAYLIGHT,,,45963.31139,False,25,Accepted,5,5,O,,"FAILED TO YIELD RIGHT OF WAY, INATTENTION, IMPROPER PASSING",,2025,1
9925,35477367,0510100,HENDERSON POLICE DEPARTMENT,Accepted,HENDERSON,US0041,,US41,,,,,,,,,37.8094636,-87.56373501,12.502,2025-10-31,631,1,1,0,0,CLEAR,DRY,False,COLLISION WITH ANIMAL NON INTERSECTION,SINGLE VEHICLE,STRAIGHT & LEVEL,DARK-HWY LIGHTED/OFF,,,45963.31144,False,31,Accepted,5,5,O,,,,2025,1
9931,35482335,0510100,HENDERSON POLICE DEPARTMENT,Accepted,HENDERSON,US0041A,,GREEN,ST,S,,KRESGE,,,,,37.81611782,-87.61475946,13.667,2025-11-01,1028,2,2,0,0,CLOUDY,DRY,False,ANGLE COLLISION - ONE VEHICLE TURNING LEFT,ANGLE,STRAIGHT & LEVEL,DAYLIGHT,,,45964.58463,False,34,Accepted,5,5,O,,INATTENTION,,2025,1
9932,35484918,0510100,HENDERSON POLICE DEPARTMENT,Accepted,HENDERSON,,945,FRONTIER,DR,,,,,,,,37.86773293,-87.55264826,0.249,2025-10-20,1906,2,2,0,0,CLEAR,DRY,False,1 VEHICLE PARKED POSITION (NOT PARKING LOT/DRIVEWAY),SIDESWIPE-SAME DIRECTION,STRAIGHT & LEVEL,DARK (UNKNOWN ROADWAY LIGHTING),,,45965.05248,False,48,Accepted,5,5,O,,"INATTENTION, MISJUDGE CLEARANCE",,2025,1
9933,35485085,0510100,HENDERSON POLICE DEPARTMENT,Accepted,HENDERSON,US0041,2500,US41,,N,,,,,,,37.86978926,-87.57072781,16.992,2025-10-31,1552,2,2,0,1,CLEAR,DRY,False,1 VEHICLE ENTERING/LEAVING ENTRANCE,ANGLE,STRAIGHT & LEVEL,DAYLIGHT,,,45965.09095,False,30,Accepted,4,4,C,,INATTENTION,,2025,1
9934,35485218,0510100,HENDERSON POLICE DEPARTMENT,Accepted,HENDERSON,US0041A,1126,GREEN,ST,S,,,,,,,37.82416098,-87.60268413,14.572,2025-11-01,1607,2,2,0,0,RAINING,WET,False,SIDESWIPE COLLISION - SAME DIRECTION,SIDESWIPE-SAME DIRECTION,STRAIGHT & LEVEL,DAYLIGHT,,,45965.12684,False,42,Accepted,5,5,O,,,,2025,1
9937,35489846,0510100,HENDERSON POLICE DEPARTMENT,Accepted,HENDERSON,,519,SPRING GARDEN,RD,,,,,,,,37.82851211,-87.54691605,0.201,2025-11-01,2238,2,2,0,0,CLEAR,DRY,False,1 VEHICLE PARKED POSITION (NOT PARKING LOT/DRIVEWAY),HEAD ON,STRAIGHT & LEVEL,DARK-HWY LIGHTED/ON,,,45966.07383,False,33,Accepted,5,5,O,,"CELL PHONE, DRUG INVOLVEMENT",,2025,1
9938,35494181,0510100,HENDERSON POLICE DEPARTMENT,Accepted,HENDERSON,,2022,ELM,ST,N,,VILLA,,,,,37.86635621,-87.57543644,2.168,2025-10-31,2017,1,1,0,0,CLEAR,DRY,True,COLLISION WITH FIXED OBJECT IN INTERSECTION - FIRST EVENT COLLISION 09 - 32,SINGLE VEHICLE,CURVE & LEVEL,DARK-HWY LIGHTED/ON,,,45967.00576,False,53,Accepted,5,5,O,,,,2025,1
9942,35495984,0510100,HENDERSON POLICE DEPARTMENT,Accepted,HENDERSON,,,GARDEN MILE,RD,,,,,,,,37.8156616,-87.55994818,,2025-10-29,1718,2,2,0,0,RAINING,WET,False,REAR END IN TRAFFIC LANES BOTH VEHICLES MOVING,REAR END,STRAIGHT & LEVEL,DAYLIGHT,,,45967.48897,False,83,Accepted,5,5,O,,INATTENTION,,2025,1
9943,35499031,0510100,HENDERSON POLICE DEPARTMENT,Accepted,HENDERSON,US0041,,,,,,,,,,,37.85599064,-87.5725554,0.086,2025-11-05,2239,1,1,0,0,CLEAR,DRY,False,COLLISION WITH FIXED OBJECT NON - INTERSECTION - FIRST EVENT COLLISION 09 - 32 EXCLUDING 16,SINGLE VEHICLE,CURVE & GRADE,DARK (UNKNOWN ROADWAY LIGHTING),US0041,US41 NB,45967.98815,False,30,Accepted,5,5,O,OTHER,,,2025,1
9944,35499104,0510100,HENDERSON POLICE DEPARTMENT,Accepted,HENDERSON,,,BARRET,BLVD,,,BENTLEY,,,,,37.85511773,-87.56573033,,2025-11-02,1807,1,1,0,0,CLEAR,DRY,False,COLLISION WITH FIXED OBJECT IN INTERSECTION - FIRST EVENT COLLISION 09 - 32,SINGLE VEHICLE,STRAIGHT & LEVEL,DARK-HWY NOT LIGHTED,,,45967.9978,False,52,Accepted,5,5,O,,MISJUDGE CLEARANCE,,2025,1
9945,35500429,0510100,HENDERSON POLICE DEPARTMENT,Accepted,HENDERSON,,,BORAX,DR,,US0041A,GREEN,,,,,37.81110389,-87.62275579,0.002,2025-11-05,1640,2,2,0,0,CLEAR,DRY,False,OPPOSING LEFT TURN,OPPOSING LEFT TURN,STRAIGHT & LEVEL,DUSK,,,45968.37039,False,25,Accepted,5,5,O,,"FAILED TO YIELD RIGHT OF WAY, INATTENTION",,2025,1
9946,35500485,0510100,HENDERSON POLICE DEPARTMENT,Accepted,HENDERSON,KY0351,,ZION,RD,,,,,,,,37.82818711,-87.55740322,,2025-10-30,737,2,2,0,0,CLOUDY,DRY,False,OTHER ROADWAY OR MID-BLOCK COLLISION,REAR END,STRAIGHT & LEVEL,DAYLIGHT,,,45968.38486,False,82,Accepted,5,5,O,,DISTRACTION,,2025,1
9947,35500586,0510100,HENDERSON POLICE DEPARTMENT,Accepted,HENDERSON,KY0425,6300,KY425,,,,,,,,,37.78881792,-87.63185859,1.211,2025-11-04,715,2,2,0,0,CLEAR,DRY,False,1 VEHICLE ENTERING/LEAVING ENTRANCE,ANGLE,STRAIGHT & LEVEL,DAYLIGHT,,,45968.40743,False,47,Accepted,5,5,O,GLARE (SUN),INATTENTION,,2025,1
9948,35500610,0510000,HENDERSON COUNTY SHERIFF DEPT.,Accepted,HENDERSON,AU9005,,AU9005 W,,,,,,,,,37.80979549,-87.54238899,1.163,2025-11-04,430,1,1,0,1,CLEAR,DRY,False,COLLISION WITH ANIMAL NON INTERSECTION,SINGLE VEHICLE,STRAIGHT & LEVEL,DARK-HWY NOT LIGHTED,,,45968.41107,False,119,Accepted,3,3,B,ANIMALS ACTION,,,2025,1
9950,35510783,0510100,HENDERSON POLICE DEPARTMENT,Accepted,HENDERSON,US0060,,US60,,E,,BARRET,,,,,37.85963381,-87.56778844,10.584,2025-10-30,649,2,2,0,0,CLEAR,DRY,False,OTHER INTERSECTION COLLISIONS,REAR END,STRAIGHT & LEVEL,DAYLIGHT,,,45971.43668,False,15,Accepted,5,5,O,,INATTENTION,,2025,1
9951,35510786,0510100,HENDERSON POLICE DEPARTMENT,Accepted,HENDERSON,,,DR MARTIN LUTHER KING JR,AVE,,,LETT,,,,,37.82742147,-87.58568169,0.597,2025-11-07,2000,2,2,0,0,CLEAR,DRY,True,COLLISION WITH PARKED VEHICLE,REAR END,STRAIGHT & LEVEL,DARK (UNKNOWN ROADWAY LIGHTING),,,45971.43676,False,47,Accepted,5,5,O,,,,2025,1
9952,35510790,0510100,HENDERSON POLICE DEPARTMENT,Accepted,HENDERSON,US0060,,US60,,E,,BARRET,,,,,37.85989816,-87.56780193,10.598,2025-11-08,1517,2,2,0,0,CLEAR,DRY,False,OPPOSING LEFT TURN,OPPOSING LEFT TURN,STRAIGHT & LEVEL,DAYLIGHT,,,45971.43697,False,35,Accepted,5,5,O,,DISREGARD TRAFFIC CONTROL,,2025,1
9959,35511424,0510100,HENDERSON POLICE DEPARTMENT,Accepted,HENDERSON,,207,LETCHER,ST,,,,,,,,37.82735764,-87.57886302,0.084,2025-11-03,1256,2,2,0,0,CLEAR,DRY,True,1 VEHICLE PARKED POSITION (NOT PARKING LOT/DRIVEWAY),BACKING,STRAIGHT & LEVEL,DAYLIGHT,,,45971.49518,False,17,Accepted,5,5,O,,INATTENTION,,2025,1
9960,35511780,0510100,HENDERSON POLICE DEPARTMENT,Accepted,HENDERSON,KY0351,1805,2ND,ST,,,,,,,,37.83148745,-87.56956363,1.121,2025-11-10,706,2,2,0,0,OTHER,OTHER,False,SIDESWIPE COLLISION - SAME DIRECTION,SIDESWIPE-SAME DIRECTION,STRAIGHT & LEVEL,DAYLIGHT,,,45971.5571,False,25,Accepted,5,5,O,,FAILED TO KEEP PROPER LANE,,2025,1
9961,35511837,0510100,HENDERSON POLICE DEPARTMENT,Accepted,HENDERSON,,,GREEN,ST,S,,PLUM,,,,,37.83014226,-87.5968051,,2025-11-07,827,2,2,0,1,CLEAR,DRY,False,ANGLE COLLISION - OTHER,ANGLE,STRAIGHT & LEVEL,DAYLIGHT,,,45971.57281,False,82,Accepted,3,3,B,OTHER,INATTENTION,,2025,1
9962,35511838,0510100,HENDERSON POLICE DEPARTMENT,Accepted,HENDERSON,,,GREEN,ST,,,SAND,,,,,37.82374983,-87.60315388,,2025-11-07,1834,2,2,0,0,CLEAR,DRY,False,ANGLE COLLISION - OTHER,ANGLE,STRAIGHT & LEVEL,DAYLIGHT,,,45971.57285,False,83,Accepted,5,5,O,,INATTENTION,,2025,1
9963,35515255,0510100,HENDERSON POLICE DEPARTMENT,Accepted,HENDERSON,,,POWELL,ST,,,MEADOW,,,,,37.82984756,-87.58293506,0.909,2025-11-10,1220,2,2,0,3,OTHER,OTHER,False,ANGLE COLLISION - OTHER,ANGLE,STRAIGHT & LEVEL,DAYLIGHT,,,45972.47134,False,25,Accepted,5,4,C,,"DISREGARD TRAFFIC CONTROL, INATTENTION",,2025,1
9964,35515256,0510100,HENDERSON POLICE DEPARTMENT,Accepted,HENDERSON,US0041A,1700,GREEN,ST,S,,MCCLAIN,,,,,37.81714389,-87.61315288,13.802,2025-11-10,1438,2,2,0,0,CLEAR,DRY,False,ANGLE COLLISION - OTHER,ANGLE,STRAIGHT & LEVEL,DAYLIGHT,,,45972.47138,False,47,Accepted,5,5,O,,NOT UNDER PROPER CONTROL,,2025,1
9965,35515259,0510100,HENDERSON POLICE DEPARTMENT,Accepted,HENDERSON,US0041A,,GREEN,ST,S,,POWELL,,,,,37.83514733,-87.59193445,15.532,2025-10-29,1050,2,2,0,1,RAINING,WET,False,HEAD-ON COLLISION,HEAD ON,STRAIGHT & LEVEL,DAYLIGHT,,,45972.4716,False,34,Accepted,4,4,C,,"DISTRACTION, FAILED TO KEEP PROPER LANE",,2025,1
9966,35516470,0510100,HENDERSON POLICE DEPARTMENT,Accepted,HENDERSON,US0041,,US41,,N,,,,,,,37.88019651,-87.5651845,,2025-10-30,1527,2,2,0,0,CLEAR,DRY,False,1 VEHICLE ENTERING/LEAVING ENTRANCE,ANGLE,STRAIGHT & LEVEL,DAYLIGHT,,,45972.71665,False,83,Accepted,5,5,O,,INATTENTION,,2025,1
9967,35516471,0510100,HENDERSON POLICE DEPARTMENT,Accepted,HENDERSON,,,WASHINGTON,ST,,,MEADOW,,,,,37.83089538,-87.58194773,,2025-11-05,721,2,2,0,0,CLEAR,DRY,False,ANGLE COLLISION - OTHER,ANGLE,STRAIGHT & LEVEL,DAYLIGHT,,,45972.7167,False,82,Accepted,5,5,O,,OTHER,,2025,1
9968,35516472,0510100,HENDERSON POLICE DEPARTMENT,Accepted,HENDERSON,,,JULIA,ST,S,,POWELL,,,,,37.83064859,-87.58437068,,2025-11-05,751,2,2,0,0,CLEAR,DRY,False,ANGLE COLLISION - OTHER,ANGLE,STRAIGHT & LEVEL,DAYLIGHT,,,45972.71673,False,82,Accepted,5,5,O,GLARE (SUN),"INATTENTION, OTHER",,2025,1
9969,35516475,0510100,HENDERSON POLICE DEPARTMENT,Accepted,HENDERSON,,,14TH,ST,,,ADAMS,,,,,37.8530651,-87.57622371,,2025-11-06,1211,1,1,0,0,CLEAR,DRY,False,COLLISION WITH FIXED OBJECT IN INTERSECTION - FIRST EVENT COLLISION 09 - 32,SINGLE VEHICLE,STRAIGHT & LEVEL,DAYLIGHT,,,45972.71684,False,82,Accepted,5,5,O,OTHER,MISJUDGE CLEARANCE,,2025,1
9970,35518673,0510100,HENDERSON POLICE DEPARTMENT,Accepted,HENDERSON,US0041A,122,GREEN,ST,S,,WASHINGTON,,,,,37.83617828,-87.59098336,15.673,2025-11-07,1709,3,3,0,1,CLEAR,DRY,True,OTHER INTERSECTION COLLISIONS,REAR END,STRAIGHT & LEVEL,DARK-HWY LIGHTED/ON,,,45973.38912,False,46,Accepted,4,4,C,,,,2025,1
9971,35518674,0510100,HENDERSON POLICE DEPARTMENT,Accepted,HENDERSON,US0041,,US41,,N,,,,KIMSEY,,VAN WYK,37.84941002,-87.56713671,15.42,2025-11-11,1106,2,2,0,0,CLOUDY,DRY,False,SIDESWIPE COLLISION - SAME DIRECTION,SIDESWIPE-SAME DIRECTION,CURVE & LEVEL,DAYLIGHT,,,45973.38926,False,67,Accepted,5,5,O,,INATTENTION,,2025,1
9972,35518677,0510100,HENDERSON POLICE DEPARTMENT,Accepted,HENDERSON,KY0351,,ZION,RD,,US0041,US41 RAMP FROM KY351,,,,,37.83030898,-87.56520179,1.412,2025-11-11,1649,2,2,0,2,CLEAR,DRY,False,ANGLE COLLISION - OTHER,ANGLE,CURVE & LEVEL,DARK-HWY LIGHTED/ON,,,45973.38969,False,64,Accepted,5,4,C,,INATTENTION,,2025,1
9975,35519377,0510100,HENDERSON POLICE DEPARTMENT,Accepted,HENDERSON,US0041A,,GREEN,ST,N,,,,,,,37.83734763,-87.58974714,,2025-11-03,1540,2,2,0,0,CLEAR,DRY,False,SIDESWIPE COLLISION - SAME DIRECTION,SIDESWIPE-SAME DIRECTION,STRAIGHT & LEVEL,DAYLIGHT,,,45973.49236,False,83,Accepted,5,5,O,,INATTENTION,,2025,1
9976,35520586,0510100,HENDERSON POLICE DEPARTMENT,Accepted,HENDERSON,,,ELM,ST,N,,,,1ST,,2ND,37.83953092,-87.59044324,0.12,2025-11-11,1709,2,2,0,0,CLEAR,DRY,False,SIDESWIPE COLLISION - SAME DIRECTION,SIDESWIPE-SAME DIRECTION,STRAIGHT & LEVEL,DARK-HWY LIGHTED/ON,,,45973.65519,False,34,Accepted,5,5,O,,OTHER,HEADLIGHTS DEFECTIVE,2025,1
9980,35528470,0510100,HENDERSON POLICE DEPARTMENT,Accepted,HENDERSON,US0060,,US60,,E,,,,,,,37.85773101,-87.57237747,10.336,2025-11-07,2147,1,1,0,0,CLEAR,DRY,False,COLLISION WITH ANIMAL NON INTERSECTION,SINGLE VEHICLE,STRAIGHT & LEVEL,DARK-HWY LIGHTED/ON,,,45975.08779,False,52,Accepted,5,5,O,ANIMALS ACTION,,,2025,1
9982,35529934,0510000,HENDERSON COUNTY SHERIFF DEPT.,Accepted,HENDERSON,US0041,,US41,,N,,,,,,,37.88862477,-87.55712692,18.49,2025-11-13,1840,1,1,0,0,CLEAR,DRY,False,COLLISION WITH ANIMAL NON INTERSECTION,SINGLE VEHICLE,STRAIGHT & LEVEL,DARK-HWY NOT LIGHTED,,,45975.49138,False,120,Accepted,5,5,O,ANIMALS ACTION,,,2025,1
9983,35532582,0510100,HENDERSON POLICE DEPARTMENT,Accepted,HENDERSON,,117,INGRAM,ST,S,,,,,,,37.83516114,-87.58997715,0.692,2025-11-09,47,1,1,0,0,CLOUDY,WET,True,COLLISION WITH FIXED OBJECT NON - INTERSECTION - FIRST EVENT COLLISION 09 - 32 EXCLUDING 16,SINGLE VEHICLE,STRAIGHT & LEVEL,DARK (UNKNOWN ROADWAY LIGHTING),,,45976.05802,False,30,Accepted,5,5,O,,"ALCOHOL INVOLVEMENT, IMPROPER BACKING, INATTENTION",,2025,1
9984,35539848,0510100,HENDERSON POLICE DEPARTMENT,Accepted,HENDERSON,US0041A,,GREEN,ST,N,,8TH,,,,,37.84660004,-87.5838504,16.486,2025-11-15,1333,2,2,0,0,CLEAR,DRY,False,ANGLE COLLISION - OTHER,ANGLE,STRAIGHT & LEVEL,DAYLIGHT,,,45978.37057,False,64,Accepted,5,5,O,GLARE (SUN),,,2025,1
9985,35539849,0510100,HENDERSON POLICE DEPARTMENT,Accepted,HENDERSON,US0041,,US41,,N,,,,KIMSEY,,VAN WYK,37.8496433,-87.56725384,15.437,2025-11-15,1417,2,2,0,0,CLOUDY,DRY,False,SIDESWIPE COLLISION - SAME DIRECTION,SIDESWIPE-SAME DIRECTION,CURVE & HILLCREST,DAYLIGHT,,,45978.3706,False,67,Accepted,5,5,O,,INATTENTION,,2025,1
9986,35539948,0510100,HENDERSON POLICE DEPARTMENT,Accepted,HENDERSON,US0041A,,GREEN,ST,S,KY0136,SAND,,,,,37.82375021,-87.60315139,14.522,2025-11-10,1733,2,2,0,0,CLEAR,DRY,False,ANGLE COLLISION - OTHER,ANGLE,STRAIGHT & LEVEL,DARK-HWY LIGHTED/ON,,,45978.38098,False,47,Accepted,5,5,O,,INATTENTION,,2025,1
9987,35539949,0510100,HENDERSON POLICE DEPARTMENT,Accepted,HENDERSON,,1601,POWELL,ST,,,,,,,,37.82620288,-87.57656833,1.337,2025-11-06,1711,2,2,0,0,CLEAR,DRY,True,1 VEHICLE PARKED POSITION (NOT PARKING LOT/DRIVEWAY),ANGLE,STRAIGHT & LEVEL,DAYLIGHT,,,45978.38102,False,17,Accepted,5,5,O,,,,2025,1
9988,35539950,0510100,HENDERSON POLICE DEPARTMENT,Accepted,HENDERSON,US0041A,,GREEN,ST,N,,5TH,,,,,37.84338175,-87.58593877,16.205,2025-11-11,1740,2,2,0,0,CLEAR,DRY,False,OTHER INTERSECTION COLLISIONS,REAR END,STRAIGHT & LEVEL,DARK-HWY LIGHTED/ON,,,45978.38105,False,34,Accepted,5,5,O,,"DISTRACTION, INATTENTION",,2025,1