OBJECTID,IncidentID,AgencyORI,AgencyName,IncidentStatusDesc,County,RdwyNumber,Street,RoadwayName,StreetSfx,StreetDir,IntersectionRdwy,IntersectionRdwyName,BetweenStRdwy1,BetweenStRdwyName1,BetweenStRdwy2,BetweenStRdwyName2,Latitude,Longitude,Milepoint,CollisionDate,CollisionTime,UnitsInvolved,MotorVehiclesInvolved,NumberKilled,NumberInjured,Weather,RdwyConditionCode,HitandRun,DirAnalysisCode,MannerofCollision,RdwyCharacter,LightCondition,RampFromRdwyId,RampToRdwyId,AcceptedDate,IsSecondaryCollision,OwnerBadge,IncidentStatus,InjurySeverityCde,KABCO_Code,KABCO,Environmental_Factors,Human_Factors,Vehicular_Factors,CollisionYear,CityCrash
9989,35539998,0510100,HENDERSON POLICE DEPARTMENT,Accepted,HENDERSON,US0041A,407,GREEN,ST,N,,,,,,,37.84243222,-87.58665527,16.149,2025-11-09,1441,2,2,0,0,CLEAR,DRY,False,SIDESWIPE COLLISION - SAME DIRECTION,SIDESWIPE-SAME DIRECTION,STRAIGHT & LEVEL,DAYLIGHT,,,45978.3929,False,23,Accepted,5,5,O,,"FAILED TO KEEP PROPER LANE, INATTENTION, MISJUDGE CLEARANCE",,2025,1
9990,35540000,0510100,HENDERSON POLICE DEPARTMENT,Accepted,HENDERSON,US0060,,US60,,E,US0041,US41 N EXIT81 OFF RAMP TO US60 E,,,,,37.85907385,-87.56970896,10.48,2025-11-10,1710,2,2,0,0,CLOUDY,DRY,False,OTHER INTERSECTION COLLISIONS,REAR END,STRAIGHT & LEVEL,DARK-HWY LIGHTED/ON,,,45978.39295,False,35,Accepted,5,5,O,,INATTENTION,,2025,1
9994,35541826,0510000,HENDERSON COUNTY SHERIFF DEPT.,Accepted,HENDERSON,US0060,,GREEN,ST,S,,,,,,,37.79993291,-87.64765458,8.713,2025-11-14,1513,2,2,0,0,CLEAR,DRY,False,1 VEHICLE ENTERING/LEAVING ENTRANCE,ANGLE,STRAIGHT & LEVEL,DAYLIGHT,,,45978.66572,False,137,Accepted,5,5,O,,OTHER,OTHER,2025,1
9996,35544222,0510100,HENDERSON POLICE DEPARTMENT,Accepted,HENDERSON,US0041,,US41,,N,,,,,,,37.85041187,-87.56779284,15.497,2025-11-10,1826,2,2,0,0,CLEAR,DRY,False,SIDESWIPE COLLISION - SAME DIRECTION,SIDESWIPE-SAME DIRECTION,CURVE & LEVEL,DARK-HWY NOT LIGHTED,,,45979.10101,False,53,Accepted,5,5,O,,"FAILED TO KEEP PROPER LANE, INATTENTION, OVERCORRECTING/OVERSTEERING",,2025,1
9997,35544224,0510100,HENDERSON POLICE DEPARTMENT,Accepted,HENDERSON,US0041,15,US41,,N,,,,,,,37.8481353,-87.56678699,15.262,2025-11-10,1903,4,3,0,1,CLOUDY,DRY,False,1 VEHICLE PARKED POSITION (NOT PARKING LOT/DRIVEWAY),REAR END,CURVE & HILLCREST,DARK (UNKNOWN ROADWAY LIGHTING),,,45979.10112,False,30,Accepted,5,4,C,OTHER,"FAILED TO YIELD RIGHT OF WAY, INATTENTION",,2025,1
9998,35544297,0510100,HENDERSON POLICE DEPARTMENT,Accepted,HENDERSON,,200,MEADOW,ST,,,,,,,,37.82887786,-87.58403566,0.334,2025-11-11,239,1,1,0,0,CLOUDY,DRY,True,COLLISION WITH FIXED OBJECT NON - INTERSECTION - FIRST EVENT COLLISION 09 - 32 EXCLUDING 16,SINGLE VEHICLE,STRAIGHT & LEVEL,DARK (UNKNOWN ROADWAY LIGHTING),,,45979.12491,False,30,Accepted,5,5,O,,NOT UNDER PROPER CONTROL,,2025,1
10002,35546235,0510100,HENDERSON POLICE DEPARTMENT,Accepted,HENDERSON,US0041A,,GREEN,ST,N,,2ND,,,,,37.83952635,-87.58830369,15.915,2025-11-13,705,2,2,0,0,CLEAR,DRY,True,OTHER INTERSECTION COLLISIONS,REAR END,STRAIGHT & LEVEL,DAYLIGHT,,,45979.58189,False,23,Accepted,5,5,O,,INATTENTION,,2025,1
10004,35547709,0510100,HENDERSON POLICE DEPARTMENT,Accepted,HENDERSON,,,BARKER,RD,,,US HWY 41,,,,,37.87224473,-87.56958365,,2025-11-12,934,2,2,0,0,CLEAR,DRY,False,OPPOSITE DIRECTION - BOTH VEHICLES GOING STRAIGHT AHEAD,SIDESWIPE-OPPOSITE DIRECTION,STRAIGHT & LEVEL,DAYLIGHT,,,45979.78919,False,82,Accepted,5,5,O,,INATTENTION,,2025,1
10005,35547710,0510100,HENDERSON POLICE DEPARTMENT,Accepted,HENDERSON,,,60,HWY,,,,,,,,37.86061627,-87.56582039,,2025-11-03,1816,2,2,0,1,CLEAR,DRY,False,1 VEHICLE ENTERING/LEAVING ENTRANCE,ANGLE,STRAIGHT & LEVEL,DAYLIGHT,,,45979.78922,False,83,Accepted,5,3,B,,INATTENTION,,2025,1
10006,35547711,0510100,HENDERSON POLICE DEPARTMENT,Accepted,HENDERSON,US0041,,US41,,N,,,,,,,37.87695397,-87.56693845,,2025-11-04,1543,2,2,0,0,CLEAR,DRY,False,1 VEHICLE ENTERING/LEAVING ENTRANCE,ANGLE,STRAIGHT & LEVEL,DAYLIGHT,,,45979.78925,False,83,Accepted,5,5,O,,INATTENTION,,2025,1
10007,35547712,0510100,HENDERSON POLICE DEPARTMENT,Accepted,HENDERSON,KY0351,,2ND,ST,,,,,,,,37.83125671,-87.56841249,,2025-11-13,1014,2,2,0,0,CLEAR,DRY,False,1 VEHICLE ENTERING/LEAVING ENTRANCE,ANGLE,CURVE & LEVEL,DAYLIGHT,,,45979.7893,False,82,Accepted,5,5,O,,FAILED TO YIELD RIGHT OF WAY,,2025,1
10008,35547714,0510100,HENDERSON POLICE DEPARTMENT,Accepted,HENDERSON,,708,INGRAM,ST,S,,,,,,,37.82751097,-87.59748185,,2025-11-14,1030,2,2,0,0,CLEAR,DRY,False,1 VEHICLE PARKED POSITION (NOT PARKING LOT/DRIVEWAY),BACKING,STRAIGHT & LEVEL,DAYLIGHT,,,45979.78934,False,82,Accepted,5,5,O,,MISJUDGE CLEARANCE,,2025,1
10009,35547922,0510100,HENDERSON POLICE DEPARTMENT,Accepted,HENDERSON,,925,ELM,ST,N,,,,,,,37.84981365,-87.58375413,0.918,2025-11-11,1833,2,2,0,0,CLEAR,DRY,False,1 VEHICLE PARKED POSITION (NOT PARKING LOT/DRIVEWAY),REAR END,STRAIGHT & LEVEL,DARK-HWY LIGHTED/ON,,,45979.86405,False,33,Accepted,5,5,O,,"ALCOHOL INVOLVEMENT, CELL PHONE",,2025,1
10010,35548908,0510100,HENDERSON POLICE DEPARTMENT,Accepted,HENDERSON,US0041,,US41,,N,,MARYWOOD,,,,,37.86726313,-87.57207765,16.804,2025-11-13,1905,2,2,0,1,CLEAR,DRY,False,ANGLE COLLISION - ONE VEHICLE TURNING LEFT,ANGLE,STRAIGHT & LEVEL,DARK (UNKNOWN ROADWAY LIGHTING),,,45980.08302,False,30,Accepted,4,4,C,,,,2025,1
10012,35551027,0510100,HENDERSON POLICE DEPARTMENT,Accepted,HENDERSON,US0041A,,GREEN,ST,S,,MCCLAIN,,,,,37.8171753,-87.61308589,13.807,2025-11-18,942,4,4,0,1,RAINING,WET,False,ANGLE COLLISION - OTHER,ANGLE,STRAIGHT & LEVEL,DAYLIGHT,,,45980.61549,True,47,Accepted,5,3,B,OTHER,INATTENTION,,2025,1
10013,35551029,0510100,HENDERSON POLICE DEPARTMENT,Accepted,HENDERSON,,,HANCOCK,ST,,,MAIN,,,,,37.83046293,-87.60119071,0.203,2025-11-13,1025,2,2,0,0,CLEAR,DRY,False,ANGLE COLLISION - OTHER,ANGLE,STRAIGHT & LEVEL,DAYLIGHT,,,45980.61557,False,47,Accepted,5,5,O,,OTHER,OTHER,2025,1
10014,35551030,0510100,HENDERSON POLICE DEPARTMENT,Accepted,HENDERSON,US0041A,,GREEN,ST,N,,12TH,,,,,37.85187031,-87.58045437,16.896,2025-11-10,1011,2,2,0,0,CLOUDY,DRY,True,OTHER INTERSECTION COLLISIONS,REAR END,STRAIGHT & LEVEL,DAYLIGHT,,,45980.61564,False,15,Accepted,5,5,O,,,,2025,1
10015,35555000,0510100,HENDERSON POLICE DEPARTMENT,Accepted,HENDERSON,US0041A,,GREEN,ST,S,,,,,,,37.81717461,-87.61307494,13.806,2025-11-19,1630,2,2,0,0,CLEAR,DRY,True,SIDESWIPE COLLISION - SAME DIRECTION,SIDESWIPE-SAME DIRECTION,STRAIGHT & LEVEL,DARK-HWY LIGHTED/ON,,,45981.47418,False,47,Accepted,5,5,O,,,,2025,1
10017,35559293,0510100,HENDERSON POLICE DEPARTMENT,Accepted,HENDERSON,US0041A,,GREEN,ST,N,,12TH,,,,,37.85213511,-87.58029312,,2025-11-14,1731,2,2,0,3,CLEAR,DRY,False,ANGLE COLLISION - ONE VEHICLE TURNING LEFT,ANGLE,STRAIGHT & LEVEL,DAYLIGHT,,,45982.45238,False,83,Accepted,3,3,B,,INATTENTION,,2025,1
10018,35559463,0510100,HENDERSON POLICE DEPARTMENT,Accepted,HENDERSON,,,2ND,ST,,,,,ELM,,MAIN,37.84028432,-87.59038543,0.119,2025-11-17,1727,2,2,0,0,CLEAR,DRY,True,1 VEHICLE PARKED POSITION (NOT PARKING LOT/DRIVEWAY),SIDESWIPE-OPPOSITE DIRECTION,STRAIGHT & LEVEL,DARK-HWY NOT LIGHTED,,,45982.48964,False,67,Accepted,5,5,O,,INATTENTION,,2025,1
10019,35559464,0510100,HENDERSON POLICE DEPARTMENT,Accepted,HENDERSON,,,WOODLAND,DR,,,SAND,,,,,37.82025893,-87.59637471,,2025-11-19,741,2,2,0,0,CLOUDY,DRY,False,VEHICLE BACKING IN INTERSECTION,BACKING,STRAIGHT & LEVEL,DAYLIGHT,,,45982.4897,False,82,Accepted,5,5,O,,INATTENTION,,2025,1
10020,35559565,0510100,HENDERSON POLICE DEPARTMENT,Accepted,HENDERSON,US0041A,,GREEN,ST,N,,,,,,,37.83810303,-87.58927447,,2025-10-31,1444,2,2,0,0,CLEAR,DRY,False,REAR END IN TRAFFIC LANES BOTH VEHICLES MOVING,REAR END,STRAIGHT & LEVEL,DAYLIGHT,,,45982.50602,False,83,Accepted,5,5,O,,INATTENTION,BRAKES DEFECTIVE,2025,1
10021,35559614,0510100,HENDERSON POLICE DEPARTMENT,Accepted,HENDERSON,US0041,,US41,,N,,,,,,,37.88328185,-87.56311623,,2025-11-04,1705,3,3,0,0,CLEAR,DRY,False,1 VEHICLE ENTERING/LEAVING ENTRANCE,ANGLE,STRAIGHT & LEVEL,DAYLIGHT,,,45982.52479,False,83,Accepted,5,5,O,,"FAILED TO KEEP PROPER LANE, IMPROPER PASSING, INATTENTION",,2025,1
10027,35561634,0510100,HENDERSON POLICE DEPARTMENT,Accepted,HENDERSON,KY0351,,ZION,RD,,,,,,,,37.82855926,-87.55853144,1.827,2025-11-20,1816,2,2,0,0,CLEAR,DRY,False,1 VEHICLE ENTERING/LEAVING ENTRANCE,ANGLE,STRAIGHT & LEVEL,DARK-HWY LIGHTED/ON,,,45982.93989,False,48,Accepted,5,5,O,,MISJUDGE CLEARANCE,,2025,1
10028,35561635,0510100,HENDERSON POLICE DEPARTMENT,Accepted,HENDERSON,US0041,2945,US41,,N,,,,,,,37.88237917,-87.56397492,17.924,2025-11-20,2240,3,3,0,0,CLEAR,DRY,False,COLLISION WITH FIXED OBJECT NON - INTERSECTION - FIRST EVENT COLLISION 09 - 32 EXCLUDING 16,HEAD ON,STRAIGHT & LEVEL,DARK-HWY LIGHTED/ON,,,45982.93994,False,52,Accepted,5,5,O,,FELL ASLEEP,,2025,1
10030,35569411,0510100,HENDERSON POLICE DEPARTMENT,Accepted,HENDERSON,KY2084,300,KY2084,,S,,,,,,,37.82011444,-87.56938102,2.137,2025-11-22,1524,2,2,0,2,CLEAR,DRY,False,1 VEHICLE ENTERING/LEAVING ENTRANCE,ANGLE,STRAIGHT & LEVEL,DAYLIGHT,,,45985.39801,False,25,Accepted,5,3,B,,INATTENTION,,2025,1
10031,35570087,0510100,HENDERSON POLICE DEPARTMENT,Accepted,HENDERSON,,,2ND,ST,,,KLUTEY PARK PLAZA,,,,,37.83240413,-87.57159756,,2025-11-21,734,2,1,0,0,RAINING,WET,False,COLLISION WITH PEDESTRIAN IN INTERSECTION,SINGLE VEHICLE,STRAIGHT & LEVEL,DAYLIGHT,,,45985.44075,False,82,Accepted,5,5,O,"VIEW OBSTRUCTED, LIMITED DUE TO WEATHER CONDITIONS",INATTENTION,,2025,1
10032,35570089,0510100,HENDERSON POLICE DEPARTMENT,Accepted,HENDERSON,,,US41,,N,,BARKER,,,,,37.87177213,-87.56965304,,2025-11-21,1009,2,2,0,0,RAINING,WET,False,OTHER INTERSECTION COLLISIONS,REAR END,STRAIGHT & LEVEL,DAYLIGHT,,,45985.4408,False,82,Accepted,5,5,O,,INATTENTION,,2025,1
10033,35570090,0510100,HENDERSON POLICE DEPARTMENT,Accepted,HENDERSON,,2000,US HWY 41 N,,,,,,,,,37.86428468,-87.57375821,,2025-11-21,1207,2,2,0,0,RAINING,WET,False,SIDESWIPE COLLISION - SAME DIRECTION,SIDESWIPE-SAME DIRECTION,STRAIGHT & LEVEL,DAYLIGHT,,,45985.44084,False,82,Accepted,5,5,O,,TURNING IMPROPERLY,,2025,1
10034,35570091,0510100,HENDERSON POLICE DEPARTMENT,Accepted,HENDERSON,,,WATSON,LN,,,ELM,,,,,37.87562159,-87.56898213,1.164,2025-11-21,1408,2,2,0,0,CLOUDY,WET,False,ANGLE COLLISION - OTHER,ANGLE,STRAIGHT & LEVEL,DAYLIGHT,,,45985.44088,False,67,Accepted,5,5,O,SLIPPERY SURFACE,INATTENTION,,2025,1
10035,35570092,0510100,HENDERSON POLICE DEPARTMENT,Accepted,HENDERSON,KY2084,880,KY2084,,S,,,,,,,37.80560055,-87.57272587,1.113,2025-11-16,810,1,1,0,0,CLEAR,DRY,False,COLLISION WITH FIXED OBJECT NON - INTERSECTION - FIRST EVENT COLLISION 09 - 32 EXCLUDING 16,SINGLE VEHICLE,STRAIGHT & LEVEL,DAYLIGHT,,,45985.44092,False,17,Accepted,5,5,O,,ALCOHOL INVOLVEMENT,,2025,1
10043,35570254,0510100,HENDERSON POLICE DEPARTMENT,Accepted,HENDERSON,,,8TH,,,,ELM,,,,,37.84773921,-87.58520241,,2025-11-12,1503,2,2,0,0,CLEAR,DRY,False,ANGLE COLLISION - ONE VEHICLE TURNING RIGHT,ANGLE,STRAIGHT & LEVEL,DAYLIGHT,,,45985.46539,False,83,Accepted,5,5,O,,"IMPROPER PASSING, INATTENTION",,2025,1
10044,35570256,0510100,HENDERSON POLICE DEPARTMENT,Accepted,HENDERSON,,,GREEN,ST,,,CLAY,,,,,37.83400535,-87.5931838,,2025-11-17,1149,2,2,0,0,CLEAR,DRY,False,ANGLE COLLISION - OTHER,ANGLE,STRAIGHT & LEVEL,DAYLIGHT,,,45985.46545,False,83,Accepted,5,5,O,,DISTRACTION,,2025,1
10045,35571152,0510100,HENDERSON POLICE DEPARTMENT,Accepted,HENDERSON,US0041A,,GREEN,ST,S,,,,,,,37.83309254,-87.59396578,,2025-11-19,1636,2,2,0,0,CLEAR,DRY,False,1 VEHICLE ENTERING/LEAVING ENTRANCE,ANGLE,STRAIGHT & LEVEL,DAYLIGHT,,,45985.61666,False,83,Accepted,5,5,O,,INATTENTION,,2025,1
10046,35571154,0510100,HENDERSON POLICE DEPARTMENT,Accepted,HENDERSON,,,5TH,ST,,,,,,,,37.84348481,-87.58668892,0.994,2025-10-27,1347,2,2,0,0,RAINING,WET,False,1 VEHICLE ENTERING/LEAVING ENTRANCE,ANGLE,STRAIGHT & LEVEL,DAYLIGHT,,,45985.61678,False,31,Accepted,5,5,O,,INATTENTION,,2025,1
10048,35577515,0510100,HENDERSON POLICE DEPARTMENT,Accepted,HENDERSON,US0041A,1139,GREEN,ST,N,,,,,,,37.85163617,-87.58069466,16.875,2025-11-15,2238,2,2,0,0,CLEAR,DRY,True,SIDESWIPE COLLISION - OPPOSITE DIRECTION,SIDESWIPE-OPPOSITE DIRECTION,STRAIGHT & LEVEL,DARK-HWY LIGHTED/ON,,,45986.95701,False,44,Accepted,5,5,O,,INATTENTION,,2025,1
10049,35577935,0510100,HENDERSON POLICE DEPARTMENT,Accepted,HENDERSON,US0041A,,GREEN,ST,N,,5TH,,,,,37.84330207,-87.58599691,16.217,2025-11-20,1830,2,2,0,0,RAINING,WET,True,REAR END - ONE VEHICLE TURNING LEFT,REAR END,STRAIGHT & LEVEL,DARK-HWY LIGHTED/ON,,,45987.04013,False,42,Accepted,5,5,O,,,,2025,1
10050,35577937,0510100,HENDERSON POLICE DEPARTMENT,Accepted,HENDERSON,,,ELM,ST,N,,6TH,,,,,37.84522602,-87.58682776,0.558,2025-10-24,1405,2,2,0,1,CLEAR,DRY,False,ANGLE COLLISION - OTHER,ANGLE,STRAIGHT & LEVEL,DAYLIGHT,,,45987.04046,False,46,Accepted,5,4,C,,"DISREGARD TRAFFIC CONTROL, INATTENTION",,2025,1
10051,35578242,0510100,HENDERSON POLICE DEPARTMENT,Accepted,HENDERSON,US0041,,US41,,N,,,,,,,37.85479683,-87.57070171,15.768,2025-11-21,751,2,2,0,0,CLOUDY,WET,False,SIDESWIPE COLLISION - SAME DIRECTION,SIDESWIPE-SAME DIRECTION,CURVE & HILLCREST,DAYLIGHT,,,45987.12839,False,46,Accepted,5,5,O,,INATTENTION,,2025,1
10052,35578243,0510100,HENDERSON POLICE DEPARTMENT,Accepted,HENDERSON,US0060,,US60,,E,,BARRET,,,,,37.86095323,-87.56543131,10.701,2025-11-21,2113,1,1,0,0,RAINING,WET,False,COLLISION WITH ANIMAL IN INTERSECTION,SINGLE VEHICLE,STRAIGHT & GRADE,DARK-HWY LIGHTED/ON,,,45987.12843,False,42,Accepted,5,5,O,,,,2025,1
10053,35578244,0510100,HENDERSON POLICE DEPARTMENT,Accepted,HENDERSON,,,2ND,ST,,US0041A,GREEN,,,,,37.83938823,-87.58869948,0.013,2025-11-21,2237,1,1,0,0,RAINING,WET,False,COLLISION WITH FIXED OBJECT IN INTERSECTION - FIRST EVENT COLLISION 09 - 32,SINGLE VEHICLE,STRAIGHT & LEVEL,DARK-HWY LIGHTED/ON,,,45987.12846,False,42,Accepted,5,5,O,,,,2025,1
10054,35579405,0510100,HENDERSON POLICE DEPARTMENT,Accepted,HENDERSON,,,POWELL,ST,,,HOLLOWAY,,,,,37.83146153,-87.58569199,0.72,2025-10-31,1527,2,2,0,2,CLEAR,DRY,False,ANGLE COLLISION - OTHER,ANGLE,STRAIGHT & LEVEL,DAYLIGHT,,,45987.43247,False,34,Accepted,5,4,C,,MISJUDGE CLEARANCE,,2025,1
10055,35579407,0510100,HENDERSON POLICE DEPARTMENT,Accepted,HENDERSON,,,US41,,N,,,,,,,37.873396,-87.56876923,,2025-11-25,721,2,2,0,0,RAINING,WET,False,REAR END IN TRAFFIC LANES BOTH VEHICLES MOVING,REAR END,STRAIGHT & LEVEL,DAYLIGHT,,,45987.43253,False,82,Accepted,5,5,O,BACKUP DUE TO REGULAR CONGESTION,OTHER,,2025,1
10058,35579566,0510100,HENDERSON POLICE DEPARTMENT,Accepted,HENDERSON,KY0351,,2ND,ST,,,,,,,,37.83129569,-87.56895148,1.209,2025-11-21,1537,3,3,0,0,CLOUDY,WET,True,REAR END IN TRAFFIC LANES BOTH VEHICLES MOVING,REAR END,CURVE & LEVEL,DAYLIGHT,,,45987.47628,False,67,Accepted,5,5,O,,"INATTENTION, OTHER",,2025,1
10059,35579567,0510100,HENDERSON POLICE DEPARTMENT,Accepted,HENDERSON,,1208,LOEB,ST,,,,,,,,37.82511526,-87.58355634,0.14,2025-11-20,1714,2,2,0,0,CLOUDY,WET,False,1 VEHICLE PARKED POSITION (NOT PARKING LOT/DRIVEWAY),HEAD ON,STRAIGHT & LEVEL,DARK (UNKNOWN ROADWAY LIGHTING),,,45987.47632,False,64,Accepted,5,5,O,,ALCOHOL INVOLVEMENT,,2025,1
10060,35581060,0510100,HENDERSON POLICE DEPARTMENT,Accepted,HENDERSON,US0041A,,GREEN,ST,S,,,,,,,37.83563788,-87.59148557,,2025-11-17,1610,2,2,0,0,CLEAR,DRY,False,SIDESWIPE COLLISION - SAME DIRECTION,SIDESWIPE-SAME DIRECTION,STRAIGHT & LEVEL,DAYLIGHT,,,45987.73012,False,83,Accepted,5,5,O,,INATTENTION,,2025,1
10061,35581062,0510100,HENDERSON POLICE DEPARTMENT,Accepted,HENDERSON,,,BRIARPATCH,LN,,,,,,,,37.82364105,-87.55356259,,2025-11-20,1708,2,2,0,0,CLEAR,DRY,False,1 VEHICLE PARKED POSITION (NOT PARKING LOT/DRIVEWAY),SIDESWIPE-OPPOSITE DIRECTION,STRAIGHT & LEVEL,DAYLIGHT,,,45987.73018,False,83,Accepted,5,5,O,,INATTENTION,,2025,1
10062,35581063,0510100,HENDERSON POLICE DEPARTMENT,Accepted,HENDERSON,US0041A,,GREEN,ST,N,,,,,,,37.838544,-87.58896456,,2025-11-21,1136,2,2,0,0,CLEAR,DRY,False,1 VEHICLE ENTERING/LEAVING ENTRANCE,ANGLE,STRAIGHT & LEVEL,DAYLIGHT,,,45987.73021,False,83,Accepted,5,5,O,,INATTENTION,,2025,1
10063,35581064,0510100,HENDERSON POLICE DEPARTMENT,Accepted,HENDERSON,US0041A,,GREEN,ST,N,,2ND,,,,,37.83930026,-87.58853635,,2025-11-21,1355,2,2,0,0,CLEAR,DRY,False,OTHER INTERSECTION COLLISIONS,REAR END,STRAIGHT & LEVEL,DAYLIGHT,,,45987.73024,False,83,Accepted,5,5,O,,INATTENTION,,2025,1
10064,35581065,0510100,HENDERSON POLICE DEPARTMENT,Accepted,HENDERSON,,,GREEN,ST,S,,SAND,,,,,37.82374775,-87.60315122,,2025-11-24,714,2,2,0,0,CLEAR,DRY,False,SIDESWIPE-SAME DIRECTION,SIDESWIPE-SAME DIRECTION,STRAIGHT & LEVEL,DAYLIGHT,,,45987.73027,False,82,Accepted,5,5,O,,NOT UNDER PROPER CONTROL,TIRES,2025,1
10065,35581800,0510100,HENDERSON POLICE DEPARTMENT,Accepted,HENDERSON,US0041A,,GREEN,ST,N,,7TH,,,,,37.84574835,-87.58449619,16.415,2025-11-22,1846,2,2,0,0,CLOUDY,DRY,False,ANGLE COLLISION - OTHER,ANGLE,STRAIGHT & LEVEL,DARK (UNKNOWN ROADWAY LIGHTING),,,45987.90297,False,30,Accepted,5,5,O,,"FAILED TO YIELD RIGHT OF WAY, INATTENTION",,2025,1
10066,35582246,0510100,HENDERSON POLICE DEPARTMENT,Accepted,HENDERSON,US0041A,100,GREEN,ST,N,,,,,,,37.83873777,-87.58882973,15.869,2025-11-23,2224,2,2,0,1,CLOUDY,DRY,False,1 VEHICLE ENTERING/LEAVING ENTRANCE,ANGLE,STRAIGHT & LEVEL,DARK (UNKNOWN ROADWAY LIGHTING),,,45987.95623,False,30,Accepted,5,4,C,,INATTENTION,,2025,1
10067,35585709,0510100,HENDERSON POLICE DEPARTMENT,Accepted,HENDERSON,US0041A,,GREEN,ST,S,KY0136,SAND,,,,,37.82374889,-87.60314722,14.522,2025-11-26,1651,2,2,0,0,CLEAR,DRY,False,ANGLE COLLISION - OTHER,ANGLE,STRAIGHT & LEVEL,DUSK,,,45989.41476,False,49,Accepted,5,5,O,,FAILED TO YIELD RIGHT OF WAY,,2025,1
10068,35585711,0510100,HENDERSON POLICE DEPARTMENT,Accepted,HENDERSON,US0041A,,GREEN,ST,N,,14TH,,,,,37.85426735,-87.57860063,17.072,2025-11-27,1537,2,2,0,0,CLEAR,DRY,False,OTHER INTERSECTION COLLISIONS,REAR END,STRAIGHT & LEVEL,DAYLIGHT,,,45989.41483,False,35,Accepted,5,5,O,,,,2025,1
10069,35588188,0510100,HENDERSON POLICE DEPARTMENT,Accepted,HENDERSON,,,YEAMAN,AVE,,,,,,,,37.81959083,-87.60968559,0.109,2025-11-21,1634,2,2,0,1,CLOUDY,WET,False,1 VEHICLE ENTERING/LEAVING ENTRANCE,ANGLE,STRAIGHT & LEVEL,DARK-HWY LIGHTED/OFF,,,45990.11829,False,46,Accepted,5,3,B,,"FAILED TO YIELD RIGHT OF WAY, INATTENTION",,2025,1
10070,35588191,0510100,HENDERSON POLICE DEPARTMENT,Accepted,HENDERSON,US0041A,200,GREEN,ST,N,,,,,,,37.83979119,-87.58829658,15.947,2025-11-23,2224,3,3,0,1,CLOUDY,DRY,False,REAR END IN TRAFFIC LANES BOTH VEHICLES MOVING,REAR END,STRAIGHT & LEVEL,DARK (UNKNOWN ROADWAY LIGHTING),,,45990.11848,False,30,Accepted,5,4,C,,INATTENTION,,2025,1
10071,35588195,0510100,HENDERSON POLICE DEPARTMENT,Accepted,HENDERSON,US0041A,,GREEN,ST,S,,WASHINGTON,,,,,37.83592338,-87.59104905,15.606,2025-11-06,1912,2,2,0,0,CLEAR,DRY,True,SIDESWIPE-SAME DIRECTION,SIDESWIPE-SAME DIRECTION,STRAIGHT & LEVEL,DARK-HWY LIGHTED/ON,,,45990.11867,False,33,Accepted,5,5,O,,INATTENTION,,2025,1
10072,35588196,0510100,HENDERSON POLICE DEPARTMENT,Accepted,HENDERSON,US0041,,US41,,N,,,,,,,37.85416108,-87.57033148,15.793,2025-11-13,102,1,1,0,0,CLEAR,DRY,False,COLLISION WITH FIXED OBJECT NON - INTERSECTION - FIRST EVENT COLLISION 09 - 32 EXCLUDING 16,SINGLE VEHICLE,STRAIGHT & LEVEL,DARK-HWY LIGHTED/ON,,,45990.11876,False,48,Accepted,5,5,O,,"DISTRACTION, INATTENTION",,2025,1
10073,35588413,0510100,HENDERSON POLICE DEPARTMENT,Accepted,HENDERSON,,,MAIN,ST,N,,1ST,,,,,37.83944754,-87.59249438,0.001,2025-11-24,1453,2,2,0,0,CLEAR,DRY,False,VEHICLE BACKING IN INTERSECTION,BACKING,STRAIGHT & LEVEL,DAYLIGHT,,,45990.20035,False,36,Accepted,5,5,O,,INATTENTION,,2025,1
10074,35588877,0510100,HENDERSON POLICE DEPARTMENT,Accepted,HENDERSON,,,ALVASIA,ST,N,,1ST,,,,,37.83590428,-87.58343438,0.391,2025-11-26,1609,3,3,0,0,CLOUDY,DRY,False,ANGLE COLLISION - OTHER,ANGLE,STRAIGHT & LEVEL,DAYLIGHT,,,45990.47452,False,34,Accepted,5,5,O,,"DISREGARD TRAFFIC CONTROL, INATTENTION",,2025,1
10075,35593290,0510100,HENDERSON POLICE DEPARTMENT,Accepted,HENDERSON,US0041A,614,GREEN,ST,N,,,,,,,37.84465458,-87.58513801,16.311,2025-11-26,1826,2,2,0,0,RAINING,WET,False,REAR END IN TRAFFIC LANES BOTH VEHICLES MOVING,REAR END,STRAIGHT & LEVEL,DARK-HWY LIGHTED/ON,,,45992.0454,False,42,Accepted,5,5,O,,INATTENTION,,2025,1
10076,35594213,0510100,HENDERSON POLICE DEPARTMENT,Accepted,HENDERSON,KY0351,,ZION,RD,,US0041,US41,,,,,37.83059441,-87.56571195,1.383,2025-11-29,1134,2,2,0,0,CLEAR,DRY,False,SIDESWIPE-SAME DIRECTION,SIDESWIPE-SAME DIRECTION,STRAIGHT & LEVEL,DAYLIGHT,,,45992.33685,False,17,Accepted,5,5,O,,INATTENTION,,2025,1