OBJECTID,IncidentID,AgencyORI,AgencyName,IncidentStatusDesc,County,RdwyNumber,Street,RoadwayName,StreetSfx,StreetDir,IntersectionRdwy,IntersectionRdwyName,BetweenStRdwy1,BetweenStRdwyName1,BetweenStRdwy2,BetweenStRdwyName2,Latitude,Longitude,Milepoint,CollisionDate,CollisionTime,UnitsInvolved,MotorVehiclesInvolved,NumberKilled,NumberInjured,Weather,RdwyConditionCode,HitandRun,DirAnalysisCode,MannerofCollision,RdwyCharacter,LightCondition,RampFromRdwyId,RampToRdwyId,AcceptedDate,IsSecondaryCollision,OwnerBadge,IncidentStatus,InjurySeverityCde,KABCO_Code,KABCO,Environmental_Factors,Human_Factors,Vehicular_Factors,CollisionYear,CityCrash
10086,35596883,0510100,HENDERSON POLICE DEPARTMENT,Accepted,HENDERSON,,,1ST,ST,,,,,,,,37.83901445,-87.59147755,,2025-11-21,1518,2,2,0,0,CLEAR,DRY,False,1 VEHICLE PARKED POSITION (NOT PARKING LOT/DRIVEWAY),ANGLE,STRAIGHT & LEVEL,DAYLIGHT,,,45992.73704,False,83,Accepted,5,5,O,,INATTENTION,,2025,1
10087,35596884,0510100,HENDERSON POLICE DEPARTMENT,Accepted,HENDERSON,,,SHENANDOAH,PL,,,,,,,,37.87505422,-87.57283629,,2025-11-21,1657,2,2,0,0,CLEAR,DRY,False,1 VEHICLE PARKED POSITION (NOT PARKING LOT/DRIVEWAY),ANGLE,STRAIGHT & LEVEL,DAYLIGHT,,,45992.73707,False,83,Accepted,5,5,O,,INATTENTION,,2025,1
10088,35596886,0510100,HENDERSON POLICE DEPARTMENT,Accepted,HENDERSON,,,ATKINSON,ST,,,MADISON,,,,,37.81748385,-87.583943,,2025-11-25,1708,2,2,0,0,CLEAR,DRY,False,HEAD-ON COLLISION,HEAD ON,STRAIGHT & LEVEL,DAYLIGHT,,,45992.73711,False,83,Accepted,5,5,O,,INATTENTION,,2025,1
10089,35597540,0510100,HENDERSON POLICE DEPARTMENT,Accepted,HENDERSON,,320,ELM,ST,S,,,,,,,37.83438054,-87.59486504,0.973,2025-11-27,201,1,1,0,0,CLEAR,DRY,True,OTHER ROADWAY OR MID-BLOCK COLLISION,SINGLE VEHICLE,STRAIGHT & LEVEL,DARK-HWY LIGHTED/ON,,,45992.90737,False,33,Accepted,5,5,O,,FAILED TO KEEP PROPER LANE,,2025,1
10091,35602595,0510100,HENDERSON POLICE DEPARTMENT,Accepted,HENDERSON,US0041A,1000,GREEN,ST,N,,,,,,,37.8488238,-87.5824085,16.635,2025-11-14,1854,2,2,0,0,CLEAR,DRY,False,REAR END IN TRAFFIC LANES BOTH VEHICLES MOVING,REAR END,STRAIGHT & GRADE,DARK-HWY LIGHTED/ON,,,45994.14958,False,30,Accepted,5,5,O,,INATTENTION,,2025,1
10093,35604087,0510100,HENDERSON POLICE DEPARTMENT,Accepted,HENDERSON,,,MARYWOOD,DR,,US0041,US41,,,,,37.86729173,-87.57217775,0.601,2025-11-30,1130,2,2,0,0,CLEAR,DRY,False,ANGLE COLLISION - OTHER,ANGLE,STRAIGHT & LEVEL,DAYLIGHT,,,45994.58456,False,34,Accepted,5,5,O,,FAILED TO YIELD RIGHT OF WAY,,2025,1
10094,35604090,0510100,HENDERSON POLICE DEPARTMENT,Accepted,HENDERSON,US0041A,,GREEN,ST,S,,AUDUBON,,,,,37.83091251,-87.59605926,15.212,2025-12-01,622,2,2,0,0,CLEAR,DRY,False,SIDESWIPE-SAME DIRECTION,SIDESWIPE-SAME DIRECTION,STRAIGHT & HILLCREST,DAWN,,,45994.5846,False,49,Accepted,5,5,O,,"FAILED TO YIELD RIGHT OF WAY, INATTENTION",,2025,1
10095,35604133,0510100,HENDERSON POLICE DEPARTMENT,Accepted,HENDERSON,US0041,,US41,,N,,,,,,,37.85363325,-87.56989879,,2025-11-12,1704,2,2,0,0,CLEAR,DRY,False,SIDESWIPE COLLISION - SAME DIRECTION,SIDESWIPE-SAME DIRECTION,STRAIGHT & LEVEL,DAYLIGHT,,,45994.59602,False,83,Accepted,5,5,O,,,,2025,1
10096,35604134,0510100,HENDERSON POLICE DEPARTMENT,Accepted,HENDERSON,KY0351,,2ND,ST,,,,,,,,37.83942899,-87.58826127,,2025-11-18,1251,2,2,0,0,CLEAR,DRY,False,REAR END IN TRAFFIC LANES BOTH VEHICLES MOVING,REAR END,STRAIGHT & LEVEL,DAYLIGHT,,,45994.59609,False,83,Accepted,5,5,O,,INATTENTION,,2025,1
10097,35604135,0510100,HENDERSON POLICE DEPARTMENT,Accepted,HENDERSON,,1916,41,HWY,,,,,,,,37.86379567,-87.57438676,,2025-11-21,1105,2,2,0,0,CLEAR,DRY,False,1 VEHICLE ENTERING/LEAVING ENTRANCE,ANGLE,STRAIGHT & LEVEL,DAYLIGHT,,,45994.59613,False,83,Accepted,5,5,O,,INATTENTION,,2025,1
10098,35604178,0510100,HENDERSON POLICE DEPARTMENT,Accepted,HENDERSON,US0041,,US41,,N,,,,,,,37.87924363,-87.56573336,,2025-11-24,1716,2,2,0,0,CLEAR,DRY,False,1 VEHICLE ENTERING/LEAVING ENTRANCE,ANGLE,STRAIGHT & LEVEL,DAYLIGHT,,,45994.60613,False,83,Accepted,5,5,O,,MISJUDGE CLEARANCE,,2025,1
10099,35604192,0510100,HENDERSON POLICE DEPARTMENT,Accepted,HENDERSON,,,2ND,ST,,,GREEN,,,,,37.83947512,-87.5884645,,2025-11-26,1419,2,2,0,0,CLEAR,DRY,False,ANGLE COLLISION - OTHER,ANGLE,STRAIGHT & LEVEL,DAYLIGHT,,,45994.61189,False,83,Accepted,5,5,O,,INATTENTION,,2025,1
10101,35607132,0510100,HENDERSON POLICE DEPARTMENT,Accepted,HENDERSON,US0041A,1800,GREEN,ST,S,,,,,,,37.81244349,-87.62076423,13.238,2025-11-26,1937,2,2,0,0,CLEAR,DRY,False,1 VEHICLE ENTERING/LEAVING ENTRANCE,ANGLE,STRAIGHT & LEVEL,DARK-HWY NOT LIGHTED,,,45995.25411,False,53,Accepted,5,5,O,,,,2025,1
10102,35607134,0510100,HENDERSON POLICE DEPARTMENT,Accepted,HENDERSON,US0041,,US41,,N,,,,,,,37.85019954,-87.56777879,15.483,2025-11-24,1929,2,2,0,0,CLEAR,DRY,False,SIDESWIPE COLLISION - SAME DIRECTION,SIDESWIPE-SAME DIRECTION,CURVE & LEVEL,DARK-HWY LIGHTED/ON,,,45995.25419,False,53,Accepted,5,5,O,,INATTENTION,,2025,1
10103,35609014,0510100,HENDERSON POLICE DEPARTMENT,Accepted,HENDERSON,US0041,,US41,,N,KY0351,ZION,,,,,37.83078702,-87.56625953,14.158,2025-12-02,615,1,1,0,0,"SLEET, HAIL, FREEZING RAIN",ICE,False,COLLISION WITH FIXED OBJECT IN INTERSECTION - FIRST EVENT COLLISION 09 - 32,SINGLE VEHICLE,STRAIGHT & LEVEL,DAWN,,,45995.66233,False,25,Accepted,5,5,O,SLIPPERY SURFACE,,,2025,1
10104,35609015,0510100,HENDERSON POLICE DEPARTMENT,Accepted,HENDERSON,US0041,14,US41,,N,,,,,,,37.84929984,-87.56708126,15.342,2025-12-02,620,1,1,0,0,CLOUDY,ICE,False,COLLISION WITH FIXED OBJECT NON - INTERSECTION - FIRST EVENT COLLISION 09 - 32 EXCLUDING 16,SINGLE VEHICLE,STRAIGHT & LEVEL,DAWN,,,45995.66237,False,52,Accepted,5,5,O,SLIPPERY SURFACE,,,2025,1
10105,35609253,0510100,HENDERSON POLICE DEPARTMENT,Accepted,HENDERSON,,1063,SADDLEBROOK,DR,,,US HWY 60 EAST,,,,,37.86477506,-87.54477725,,2025-11-21,1106,2,2,0,1,RAINING,WET,False,OTHER INTERSECTION COLLISIONS,REAR END,STRAIGHT & LEVEL,DAYLIGHT,,,45995.6806,False,82,Accepted,5,3,B,,INATTENTION,,2025,1
10106,35609277,0510100,HENDERSON POLICE DEPARTMENT,Accepted,HENDERSON,,,ZION,RD,,,GARDEN MILE,,,,,37.82827664,-87.55773586,,2025-12-02,819,2,2,0,0,CLOUDY,SNOW/SLUSH,False,ANGLE COLLISION - OTHER,ANGLE,STRAIGHT & LEVEL,DAYLIGHT,,,45995.68292,False,82,Accepted,5,5,O,,MISJUDGE CLEARANCE,,2025,1
10108,35609438,0510100,HENDERSON POLICE DEPARTMENT,Accepted,HENDERSON,,,GREEN,ST,,,CLAY,,,,,37.83377391,-87.59326497,,2025-11-06,1548,2,2,0,0,CLEAR,DRY,False,ANGLE COLLISION - OTHER,ANGLE,STRAIGHT & LEVEL,DAYLIGHT,,,45995.70207,False,83,Accepted,5,5,O,,INATTENTION,,2025,1
10109,35609439,0510100,HENDERSON POLICE DEPARTMENT,Accepted,HENDERSON,,,ELM,ST,N,,BARKER,,,,,37.87249246,-87.57073605,,2025-11-21,1803,2,2,0,0,CLEAR,DRY,False,ANGLE COLLISION - OTHER,ANGLE,STRAIGHT & LEVEL,DAYLIGHT,,,45995.70212,False,83,Accepted,5,5,O,,INATTENTION,,2025,1
10112,35620807,0510100,HENDERSON POLICE DEPARTMENT,Accepted,HENDERSON,KY2084,,KY2084,,,,,,,,,37.82551763,-87.56804636,0.132,2025-12-03,2026,2,2,0,0,CLEAR,DRY,False,1 VEHICLE PARKED POSITION (NOT PARKING LOT/DRIVEWAY),BACKING,STRAIGHT & LEVEL,DARK (UNKNOWN ROADWAY LIGHTING),,,45999.12381,False,29,Accepted,5,5,O,,INATTENTION,,2025,1
10119,35622230,0510100,HENDERSON POLICE DEPARTMENT,Accepted,HENDERSON,US0041A,400,GREEN,ST,N,,,,,,,37.84252946,-87.58649059,16.159,2025-12-05,1657,2,2,0,0,CLEAR,DRY,False,REAR END IN TRAFFIC LANES BOTH VEHICLES MOVING,REAR END,STRAIGHT & LEVEL,DUSK,,,45999.4431,False,64,Accepted,5,5,O,,DISTRACTION,,2025,1
10120,35622231,0510100,HENDERSON POLICE DEPARTMENT,Accepted,HENDERSON,US0041,,US41,,N,,,,,,,37.87916973,-87.56565825,17.631,2025-12-05,1600,2,2,0,1,CLOUDY,DRY,False,1 VEHICLE ENTERING/LEAVING ENTRANCE,ANGLE,STRAIGHT & LEVEL,DAYLIGHT,,,45999.44315,False,41,Accepted,5,4,C,,"OTHER, INATTENTION",,2025,1
10121,35622233,0510100,HENDERSON POLICE DEPARTMENT,Accepted,HENDERSON,,226,KERRY,LN,,,,,,,,37.82868694,-87.55523465,0.07,2025-11-30,1713,2,2,0,0,CLEAR,DRY,False,1 VEHICLE PARKED POSITION (NOT PARKING LOT/DRIVEWAY),BACKING,STRAIGHT & LEVEL,DARK (UNKNOWN ROADWAY LIGHTING),,,45999.44322,False,17,Accepted,5,5,O,,INATTENTION,,2025,1
10122,35624930,0510100,HENDERSON POLICE DEPARTMENT,Accepted,HENDERSON,KY0351,700,2ND,ST,,,,,,,,37.83765158,-87.5839558,0.271,2025-12-06,2251,2,2,0,0,CLEAR,DRY,False,SIDESWIPE COLLISION - SAME DIRECTION,SIDESWIPE-SAME DIRECTION,STRAIGHT & LEVEL,DARK-HWY LIGHTED/ON,,,45999.93567,False,30,Accepted,5,5,O,,INATTENTION,,2025,1
10123,35625604,0510100,HENDERSON POLICE DEPARTMENT,Accepted,HENDERSON,,220,ACORN,VLG,,,,,,,,37.82737649,-87.54982094,0.087,2025-12-08,1906,2,2,0,0,CLEAR,DRY,False,1 VEHICLE PARKED POSITION (NOT PARKING LOT/DRIVEWAY),BACKING,STRAIGHT & LEVEL,DARK-HWY LIGHTED/ON,,,46000.12247,False,30,Accepted,5,5,O,,INATTENTION,,2025,1
10124,35625605,0510100,HENDERSON POLICE DEPARTMENT,Accepted,HENDERSON,,,GREEN,ST,N,,ELK,,,,,37.85629964,-87.57616326,0.068,2025-12-08,1950,2,2,0,0,CLEAR,DRY,False,OPPOSING LEFT TURN,OPPOSING LEFT TURN,STRAIGHT & LEVEL,DARK-HWY NOT LIGHTED,,,46000.12251,False,30,Accepted,5,5,O,,INATTENTION,,2025,1
10128,35629180,0510100,HENDERSON POLICE DEPARTMENT,Accepted,HENDERSON,,,CLAY,ST,,,,,,,,37.83370524,-87.59314006,1.062,2025-12-01,1950,2,2,0,0,"SLEET, HAIL, FREEZING RAIN",WET,False,SIDESWIPE COLLISION - OPPOSITE DIRECTION,SIDESWIPE-OPPOSITE DIRECTION,STRAIGHT & LEVEL,DARK-HWY LIGHTED/ON,,,46000.88401,False,46,Accepted,5,5,O,,INATTENTION,,2025,1
10129,35629785,0510100,HENDERSON POLICE DEPARTMENT,Accepted,HENDERSON,,605,ARBOR,DR,,,,,,,,37.81299403,-87.61319899,0.045,2025-12-06,116,2,2,0,0,CLEAR,DRY,False,1 VEHICLE PARKED POSITION (NOT PARKING LOT/DRIVEWAY),REAR END,STRAIGHT & LEVEL,DUSK,,,46000.96085,False,48,Accepted,5,5,O,,INATTENTION,,2025,1
10130,35631493,0510100,HENDERSON POLICE DEPARTMENT,Accepted,HENDERSON,,,SAND,LN,,,GREEN,,,,,37.82374965,-87.60315154,,2025-12-09,1051,2,2,0,0,CLEAR,DRY,False,ANGLE COLLISION - OTHER,ANGLE,STRAIGHT & LEVEL,DAYLIGHT,,,46001.44423,False,82,Accepted,5,5,O,OTHER,MISJUDGE CLEARANCE,,2025,1
10132,35635233,0510100,HENDERSON POLICE DEPARTMENT,Accepted,HENDERSON,KY0351,,ZION,RD,,,,,,,,37.82825908,-87.55743597,,2025-12-05,1539,2,2,0,0,CLEAR,DRY,False,REAR END IN TRAFFIC LANES BOTH VEHICLES MOVING,REAR END,STRAIGHT & LEVEL,DAYLIGHT,,,46002.30592,False,83,Accepted,5,5,O,,INATTENTION,,2025,1
10133,35635309,0510100,HENDERSON POLICE DEPARTMENT,Accepted,HENDERSON,US0041,,US41,,N,,RACETRACK,,,,,37.88297058,-87.56350312,17.973,2025-12-09,1609,2,2,0,0,CLEAR,DRY,False,ANGLE COLLISION - OTHER,ANGLE,STRAIGHT & LEVEL,DAYLIGHT,,,46002.33419,False,67,Accepted,5,5,O,BACKUP DUE TO REGULAR CONGESTION,INATTENTION,,2025,1
10134,35635310,0510100,HENDERSON POLICE DEPARTMENT,Accepted,HENDERSON,US0041,,US41,,N,,,,BARKER,,PAUL,37.87390464,-87.56851516,17.3,2025-12-09,1735,2,2,0,0,CLEAR,DRY,False,REAR END IN TRAFFIC LANES BOTH VEHICLES MOVING,REAR END,STRAIGHT & LEVEL,DARK-HWY LIGHTED/ON,,,46002.33424,False,67,Accepted,5,5,O,BACKUP DUE TO REGULAR CONGESTION,INATTENTION,,2025,1
10135,35635311,0510100,HENDERSON POLICE DEPARTMENT,Accepted,HENDERSON,KY0812,,AIRLINE,RD,,,GARDEN MILE,,,,,37.81459863,-87.55992283,6.756,2025-12-10,758,1,1,0,1,CLOUDY,WET,False,COLLISION WITH FIXED OBJECT IN INTERSECTION - FIRST EVENT COLLISION 09 - 32,SINGLE VEHICLE,STRAIGHT & HILLCREST,DAYLIGHT,,,46002.33428,False,64,Accepted,4,4,C,,LOST CONSCIOUSNESS/FAINTED,,2025,1
10136,35635315,0510100,HENDERSON POLICE DEPARTMENT,Accepted,HENDERSON,,,WASHINGTON,ST,,,ELM,,,,,37.83716544,-87.59219866,,2025-12-10,1240,2,2,0,1,CLEAR,DRY,False,ANGLE COLLISION - OTHER,ANGLE,STRAIGHT & LEVEL,DAYLIGHT,,,46002.33442,False,82,Accepted,3,3,B,,OTHER,BRAKES DEFECTIVE,2025,1
10137,35635316,0510100,HENDERSON POLICE DEPARTMENT,Accepted,HENDERSON,US0041,,US41,,N,,,,,,,37.86018355,-87.57543187,,2025-12-01,1826,2,2,0,1,CLEAR,DRY,False,1 VEHICLE ENTERING/LEAVING ENTRANCE,ANGLE,STRAIGHT & LEVEL,DARK (UNKNOWN ROADWAY LIGHTING),,,46002.33446,False,83,Accepted,5,3,B,,INATTENTION,,2025,1
10138,35635636,0510100,HENDERSON POLICE DEPARTMENT,Accepted,HENDERSON,,1017,EARL,ST,,,,,,,,37.84982427,-87.58013789,0.077,2025-12-07,1307,2,2,0,0,CLEAR,DRY,False,1 VEHICLE PARKED POSITION (NOT PARKING LOT/DRIVEWAY),BACKING,STRAIGHT & LEVEL,DAYLIGHT,,,46002.3743,False,64,Accepted,5,5,O,,LOST CONSCIOUSNESS/FAINTED,,2025,1
10139,35635637,0510100,HENDERSON POLICE DEPARTMENT,Accepted,HENDERSON,,,GREEN,ST,,,,,,,,37.84952223,-87.58195281,,2025-12-08,1507,3,3,0,0,CLEAR,DRY,False,REAR END IN TRAFFIC LANES BOTH VEHICLES MOVING,REAR END,STRAIGHT & LEVEL,DAYLIGHT,,,46002.37437,False,83,Accepted,5,5,O,,INATTENTION,,2025,1
10140,35635638,0510100,HENDERSON POLICE DEPARTMENT,Accepted,HENDERSON,US0060,,US60,,E,,,,,,,37.8578542,-87.5722723,10.346,2025-12-09,1230,2,2,0,0,CLEAR,DRY,False,SIDESWIPE COLLISION - SAME DIRECTION,SIDESWIPE-SAME DIRECTION,STRAIGHT & LEVEL,DARK (UNKNOWN ROADWAY LIGHTING),,,46002.37442,False,49,Accepted,5,5,O,VIEW OBSTRUCTED/LIMITED DUE TO RDWY,MISJUDGE CLEARANCE,,2025,1
10141,35635640,0510100,HENDERSON POLICE DEPARTMENT,Accepted,HENDERSON,,,ADAMS,ST,N,,10TH,,,,,37.84822845,-87.57929235,0.931,2025-12-10,640,2,1,0,0,RAINING,WET,False,COLLISION WITH PEDESTRIAN IN INTERSECTION,SINGLE VEHICLE,STRAIGHT & LEVEL,DAYLIGHT,,,46002.37447,False,41,Accepted,5,5,O,,,,2025,1
10142,35635821,0510100,HENDERSON POLICE DEPARTMENT,Accepted,HENDERSON,,,ALVASIA,ST,N,,,,,,,37.83699524,-87.58270854,,2025-12-08,1710,2,2,0,0,CLEAR,DRY,False,REAR END IN TRAFFIC LANES BOTH VEHICLES MOVING,REAR END,STRAIGHT & LEVEL,DARK (UNKNOWN ROADWAY LIGHTING),,,46002.43125,False,83,Accepted,5,5,O,,INATTENTION,,2025,1
10143,35635838,0510100,HENDERSON POLICE DEPARTMENT,Accepted,HENDERSON,,,5TH,SR,,,GREEN,,,,,37.84326619,-87.58600265,,2025-12-09,1310,2,2,0,3,CLEAR,DRY,False,ANGLE COLLISION - OTHER,ANGLE,STRAIGHT & LEVEL,DAYLIGHT,,,46002.43502,False,83,Accepted,5,3,B,,INATTENTION,,2025,1
10144,35636251,0510100,HENDERSON POLICE DEPARTMENT,Accepted,HENDERSON,US0041,,US41,,N,,,,,,,37.86672503,-87.57243908,,2025-12-09,1605,2,2,0,0,BLOWING SAND/SOIL/DIRT/SNOW,DRY,False,REAR END IN TRAFFIC LANES BOTH VEHICLES MOVING,REAR END,STRAIGHT & LEVEL,DAYLIGHT,,,46002.56533,False,83,Accepted,5,5,O,,INATTENTION,,2025,1
10145,35636268,0510100,HENDERSON POLICE DEPARTMENT,Accepted,HENDERSON,US0041,,US41,,N,,,,,,,37.87560113,-87.56764362,,2025-12-02,1702,2,2,0,0,CLEAR,DRY,False,1 VEHICLE ENTERING/LEAVING ENTRANCE,ANGLE,STRAIGHT & LEVEL,DAYLIGHT,,,46002.57197,False,83,Accepted,5,5,O,,INATTENTION,,2025,1
10151,35642006,0510100,HENDERSON POLICE DEPARTMENT,Accepted,HENDERSON,KY0351,,ZION,RD,,US0041,US41 RAMP FROM KY351,,,,,37.8310921,-87.56771435,1.278,2025-12-08,1959,2,2,0,0,CLEAR,DRY,False,SIDESWIPE-SAME DIRECTION,SIDESWIPE-SAME DIRECTION,CURVE & LEVEL,DARK-HWY LIGHTED/ON,,,46003.92969,False,53,Accepted,5,5,O,,FAILED TO KEEP PROPER LANE,,2025,1
10152,35642009,0510100,HENDERSON POLICE DEPARTMENT,Accepted,HENDERSON,US0041A,,GREEN,ST,S,,WASHINGTON,,,,,37.83628842,-87.59079436,15.663,2025-12-11,1926,2,2,0,0,SNOWING,WET,False,SIDESWIPE-SAME DIRECTION,SIDESWIPE-SAME DIRECTION,STRAIGHT & LEVEL,DARK (UNKNOWN ROADWAY LIGHTING),,,46003.92976,False,30,Accepted,5,5,O,,INATTENTION,,2025,1
10153,35648701,0510100,HENDERSON POLICE DEPARTMENT,Accepted,HENDERSON,KY0351,,2ND,ST,,,PRIEST,,,,,37.83328743,-87.57343947,0.944,2025-12-13,1621,2,2,0,0,CLEAR,DRY,False,ANGLE COLLISION - OTHER,ANGLE,STRAIGHT & LEVEL,DUSK,,,46006.44341,False,64,Accepted,5,5,O,,INATTENTION,,2025,1
10154,35648703,0510100,HENDERSON POLICE DEPARTMENT,Accepted,HENDERSON,US0041,,US41,,N,,,,BARRET,,MARYWOOD,37.86614418,-87.57277046,16.719,2025-12-14,1334,2,2,0,0,CLEAR,DRY,False,REAR END IN TRAFFIC LANES BOTH VEHICLES MOVING,REAR END,STRAIGHT & LEVEL,DAYLIGHT,,,46006.44351,False,67,Accepted,5,5,O,,INATTENTION,,2025,1
10156,35648855,0510100,HENDERSON POLICE DEPARTMENT,Accepted,HENDERSON,,,SAND,LN,,,GREEN,,,,,37.82375102,-87.60315117,,2025-11-03,1549,2,2,0,0,CLEAR,DRY,False,ANGLE COLLISION - OTHER,ANGLE,STRAIGHT & LEVEL,DAYLIGHT,,,46006.4799,False,83,Accepted,5,5,O,,INATTENTION,,2025,1
10157,35648857,0510100,HENDERSON POLICE DEPARTMENT,Accepted,HENDERSON,US0041,,US41,,N,,,,,,,37.86990332,-87.57066717,,2025-11-26,1540,3,3,0,0,CLEAR,DRY,False,REAR END IN TRAFFIC LANES BOTH VEHICLES MOVING,REAR END,STRAIGHT & LEVEL,DAYLIGHT,,,46006.47996,False,83,Accepted,5,5,O,,INATTENTION,,2025,1
10158,35648858,0510100,HENDERSON POLICE DEPARTMENT,Accepted,HENDERSON,,,5TH,ST,,,ADAMS,,,,,37.84210685,-87.58313251,,2025-12-05,800,2,2,0,0,CLEAR,DRY,False,ANGLE COLLISION - OTHER,ANGLE,STRAIGHT & LEVEL,DAYLIGHT,,,46006.48001,False,82,Accepted,5,5,O,OTHER,INATTENTION,,2025,1
10159,35649068,0510000,HENDERSON COUNTY SHERIFF DEPT.,Accepted,HENDERSON,,,MADISON,ST,,,,,,,,37.82194855,-87.59030442,0.086,2025-12-12,2134,1,1,0,1,CLEAR,DRY,False,RAN OFF ROADWAY (1 VEHICLE WITH/EARTH EMBANKMENT/DITCH),SINGLE VEHICLE,STRAIGHT & LEVEL,DARK-HWY NOT LIGHTED,,,46006.53729,False,137,Accepted,5,3,B,,INATTENTION,,2025,1
10160,35650313,0510100,HENDERSON POLICE DEPARTMENT,Accepted,HENDERSON,,,ELM,,,,,,,,,37.85484943,-87.58066717,,2025-08-19,1453,2,2,0,0,CLEAR,DRY,False,1 VEHICLE ENTERING/LEAVING ENTRANCE,ANGLE,STRAIGHT & LEVEL,DAYLIGHT,,,46006.74221,False,83,Accepted,5,5,O,,INATTENTION,,2025,1
10161,35650315,0510100,HENDERSON POLICE DEPARTMENT,Accepted,HENDERSON,,,CAMARO,DR,,,,,,,,37.86830152,-87.57480134,,2025-12-02,1603,2,2,0,0,CLEAR,DRY,False,1 VEHICLE PARKED POSITION (NOT PARKING LOT/DRIVEWAY),BACKING,STRAIGHT & LEVEL,DAWN,,,46006.74228,False,83,Accepted,5,5,O,,INATTENTION,,2025,1
10162,35650316,0510100,HENDERSON POLICE DEPARTMENT,Accepted,HENDERSON,,,CHERRY,ST,,,ALVES,,,,,37.82693505,-87.59436653,,2025-12-11,728,2,2,0,3,CLEAR,DRY,False,ANGLE COLLISION - OTHER,ANGLE,STRAIGHT & LEVEL,DAYLIGHT,,,46006.74231,False,82,Accepted,3,3,B,,OTHER,,2025,1
10163,35650320,0510100,HENDERSON POLICE DEPARTMENT,Accepted,HENDERSON,,,ELM,ST,,,5TH,,,,,37.84394763,-87.5876549,,2025-12-11,1236,2,2,0,0,CLEAR,DRY,False,OTHER INTERSECTION COLLISIONS,REAR END,STRAIGHT & LEVEL,DAYLIGHT,,,46006.74237,False,82,Accepted,5,5,O,,NOT UNDER PROPER CONTROL,,2025,1
10164,35650323,0510100,HENDERSON POLICE DEPARTMENT,Accepted,HENDERSON,,,GREEN,ST,,,5TH,,,,,37.84325719,-87.58603153,,2025-12-05,1430,2,2,0,2,CLEAR,DRY,False,ANGLE COLLISION - OTHER,ANGLE,STRAIGHT & LEVEL,DAYLIGHT,,,46006.74241,False,83,Accepted,5,3,B,GLARE (SUN),INATTENTION,,2025,1
10165,35650326,0510100,HENDERSON POLICE DEPARTMENT,Accepted,HENDERSON,,,GREEN,ST,,,8TH,,,,,37.84663518,-87.58383154,,2025-12-12,1251,2,2,0,0,CLEAR,DRY,False,SIDESWIPE-SAME DIRECTION,SIDESWIPE-SAME DIRECTION,STRAIGHT & LEVEL,DAYLIGHT,,,46006.74244,False,82,Accepted,5,5,O,,INATTENTION,,2025,1
10166,35651924,0510100,HENDERSON POLICE DEPARTMENT,Accepted,HENDERSON,US0041A,,GREEN,ST,N,,12TH,,,,,37.85212572,-87.58033554,16.899,2025-12-13,1834,2,2,0,0,CLEAR,DRY,False,SIDESWIPE-SAME DIRECTION,SIDESWIPE-SAME DIRECTION,STRAIGHT & HILLCREST,DARK-HWY NOT LIGHTED,,,46007.0817,False,42,Accepted,5,5,O,,FAILED TO YIELD RIGHT OF WAY,,2025,1
10167,35651927,0510100,HENDERSON POLICE DEPARTMENT,Accepted,HENDERSON,KY0136,,SAND,LN,,US0041A,GREEN,,,,,37.82374484,-87.60321241,19.551,2025-12-14,1853,2,2,0,0,CLEAR,DRY,True,SIDESWIPE-SAME DIRECTION,SIDESWIPE-SAME DIRECTION,STRAIGHT & LEVEL,DARK-HWY LIGHTED/ON,,,46007.08173,False,44,Accepted,5,5,O,,,,2025,1
10168,35653689,0510100,HENDERSON POLICE DEPARTMENT,Accepted,HENDERSON,,,US HWY 41,,,,,,,,,37.85091515,-87.5681815,,2025-12-15,828,2,2,0,0,CLEAR,DRY,False,SIDESWIPE COLLISION - SAME DIRECTION,SIDESWIPE-SAME DIRECTION,CURVE & LEVEL,DAYLIGHT,,,46007.50215,False,82,Accepted,5,5,O,GLARE (SUN),"NOT UNDER PROPER CONTROL, OTHER",,2025,1
10169,35654065,0510100,HENDERSON POLICE DEPARTMENT,Accepted,HENDERSON,KY0351,,ZION,RD,,,,,,,,37.82910314,-87.56093377,,2025-12-04,1609,2,2,0,0,CLEAR,DRY,False,1 VEHICLE ENTERING/LEAVING ENTRANCE,ANGLE,STRAIGHT & LEVEL,DAYLIGHT,,,46007.57801,False,83,Accepted,5,5,O,,INATTENTION,,2025,1
10172,35658599,0510100,HENDERSON POLICE DEPARTMENT,Accepted,HENDERSON,,,GREEN,ST,,,5TH,,,,,37.84324683,-87.58606971,,2025-12-09,1720,2,2,0,0,CLEAR,DRY,False,ANGLE COLLISION - OTHER,ANGLE,STRAIGHT & LEVEL,DAYLIGHT,,,46008.48656,False,83,Accepted,5,5,O,,INATTENTION,,2025,1
10173,35658601,0510100,HENDERSON POLICE DEPARTMENT,Accepted,HENDERSON,US0041A,,GREEN,ST,N,,,,,,,37.84316287,-87.58604491,,2025-12-11,1114,2,2,0,0,CLEAR,DRY,False,1 VEHICLE ENTERING/LEAVING ENTRANCE,ANGLE,STRAIGHT & LEVEL,DAYLIGHT,,,46008.48661,False,83,Accepted,5,5,O,,INATTENTION,,2025,1