OBJECTID,IncidentID,AgencyORI,AgencyName,IncidentStatusDesc,County,RdwyNumber,Street,RoadwayName,StreetSfx,StreetDir,IntersectionRdwy,IntersectionRdwyName,BetweenStRdwy1,BetweenStRdwyName1,BetweenStRdwy2,BetweenStRdwyName2,Latitude,Longitude,Milepoint,CollisionDate,CollisionTime,UnitsInvolved,MotorVehiclesInvolved,NumberKilled,NumberInjured,Weather,RdwyConditionCode,HitandRun,DirAnalysisCode,MannerofCollision,RdwyCharacter,LightCondition,RampFromRdwyId,RampToRdwyId,AcceptedDate,IsSecondaryCollision,OwnerBadge,IncidentStatus,InjurySeverityCde,KABCO_Code,KABCO,Environmental_Factors,Human_Factors,Vehicular_Factors,CollisionYear,CityCrash
10174,35658602,0510100,HENDERSON POLICE DEPARTMENT,Accepted,HENDERSON,,,MAIN,ST,N,,,,,,,37.83971955,-87.59240636,,2025-12-02,1436,2,2,0,0,BLOWING SAND/SOIL/DIRT/SNOW,DRY,False,1 VEHICLE PARKED POSITION (NOT PARKING LOT/DRIVEWAY),ANGLE,STRAIGHT & LEVEL,DAYLIGHT,,,46008.48668,False,83,Accepted,5,5,O,,INATTENTION,,2025,1
10178,35664243,0510100,HENDERSON POLICE DEPARTMENT,Accepted,HENDERSON,US0041,2907,US41,,N,,,,,,,37.87043885,-87.57081491,17.032,2025-12-17,1152,1,1,0,0,CLEAR,DRY,True,COLLISION WITH FIXED OBJECT NON - INTERSECTION - FIRST EVENT COLLISION 09 - 32 EXCLUDING 16,SINGLE VEHICLE,STRAIGHT & LEVEL,DAYLIGHT,,,46009.61498,False,35,Accepted,5,5,O,,TURNING IMPROPERLY,,2025,1
10179,35666603,0510100,HENDERSON POLICE DEPARTMENT,Accepted,HENDERSON,,,ELM,ST,N,,,,WATSON,,BARKER,37.87455072,-87.56961237,2.818,2025-12-16,1920,1,1,0,0,CLEAR,DRY,False,COLLISION WITH ANIMAL NON INTERSECTION,SINGLE VEHICLE,STRAIGHT & LEVEL,DARK-HWY LIGHTED/ON,,,46010.04953,False,53,Accepted,5,5,O,ANIMALS ACTION,,,2025,1
10180,35666604,0510100,HENDERSON POLICE DEPARTMENT,Accepted,HENDERSON,,31,CLARK,ST,,,,,,,,37.83394429,-87.57909248,0.151,2025-12-16,2017,1,1,0,0,CLEAR,DRY,False,COLLISION WITH FIXED OBJECT NON - INTERSECTION - FIRST EVENT COLLISION 09 - 32 EXCLUDING 16,SINGLE VEHICLE,STRAIGHT & LEVEL,DARK-HWY NOT LIGHTED,,,46010.04956,False,29,Accepted,5,5,O,,"DISTRACTION, INATTENTION",,2025,1
10181,35667602,0510000,HENDERSON COUNTY SHERIFF DEPT.,Accepted,HENDERSON,,,CLAY,ST,,,,,,,,37.83266191,-87.59147982,0.945,2025-12-18,1647,2,2,0,0,RAINING,WET,False,SIDESWIPE COLLISION - OPPOSITE DIRECTION,SIDESWIPE-OPPOSITE DIRECTION,STRAIGHT & LEVEL,DARK (UNKNOWN ROADWAY LIGHTING),,,46010.40075,False,122,Accepted,5,5,O,OTHER,MISJUDGE CLEARANCE,,2025,1
10191,35678920,0510100,HENDERSON POLICE DEPARTMENT,Accepted,HENDERSON,,,3RD,ST,,,,,,,,37.84012649,-87.58657867,,2025-12-15,1418,2,2,0,0,CLEAR,DRY,False,1 VEHICLE PARKED POSITION (NOT PARKING LOT/DRIVEWAY),SIDESWIPE-SAME DIRECTION,STRAIGHT & LEVEL,DAYLIGHT,,,46013.65387,False,83,Accepted,5,5,O,,INATTENTION,,2025,1
10192,35678921,0510100,HENDERSON POLICE DEPARTMENT,Accepted,HENDERSON,,,COUNTRY,DR,,,RUSSELL,,,,,37.80780753,-87.58896907,,2025-12-11,1801,2,2,0,0,SNOWING,WET,False,ANGLE COLLISION - OTHER,ANGLE,STRAIGHT & LEVEL,DARK-HWY NOT LIGHTED,,,46013.65391,False,83,Accepted,5,5,O,,INATTENTION,,2025,1
10193,35678922,0510100,HENDERSON POLICE DEPARTMENT,Accepted,HENDERSON,US0041A,,GREEN,ST,S,,,,,,,37.81791104,-87.6119658,,2025-12-15,1448,3,3,0,0,CLEAR,DRY,False,REAR END IN TRAFFIC LANES BOTH VEHICLES MOVING,REAR END,STRAIGHT & LEVEL,DAYLIGHT,,,46013.65394,False,83,Accepted,5,5,O,,INATTENTION,,2025,1
10194,35678923,0510100,HENDERSON POLICE DEPARTMENT,Accepted,HENDERSON,,,GREEN,ST,,,13TH,,,,,37.85312059,-87.57965624,,2025-12-17,1342,2,2,0,0,CLEAR,DRY,False,SIDESWIPE-SAME DIRECTION,SIDESWIPE-SAME DIRECTION,STRAIGHT & LEVEL,DAYLIGHT,,,46013.65399,False,82,Accepted,5,5,O,,INATTENTION,,2025,1
10195,35678924,0510100,HENDERSON POLICE DEPARTMENT,Accepted,HENDERSON,KY0351,,ZION,RD,,,KERRY,,,,,37.82778038,-87.55584342,1.966,2025-11-27,940,2,2,0,0,CLOUDY,DRY,False,ANGLE COLLISION - OTHER,ANGLE,STRAIGHT & LEVEL,DAYLIGHT,,,46013.65404,False,25,Accepted,5,5,O,,"FAILED TO YIELD RIGHT OF WAY, INATTENTION",,2025,1
10196,35678925,0510100,HENDERSON POLICE DEPARTMENT,Accepted,HENDERSON,,,GREEN,ST,,,RICHARDSON,,,,,37.85547889,-87.57663893,,2025-12-17,1533,2,2,0,0,CLEAR,DRY,False,SIDESWIPE-SAME DIRECTION,SIDESWIPE-SAME DIRECTION,CURVE & HILLCREST,DAYLIGHT,,,46013.65408,False,82,Accepted,5,5,O,,INATTENTION,,2025,1
10197,35681112,0510100,HENDERSON POLICE DEPARTMENT,Accepted,HENDERSON,US0041,,US41,,N,,BARRET,,,,,37.86435266,-87.57384511,16.58,2025-12-19,2221,2,2,0,0,CLEAR,DRY,False,OPPOSING LEFT TURN,OPPOSING LEFT TURN,STRAIGHT & LEVEL,DARK-HWY LIGHTED/ON,,,46014.0694,False,61,Accepted,5,5,O,,MISJUDGE CLEARANCE,,2025,1
10198,35682043,0510100,HENDERSON POLICE DEPARTMENT,Accepted,HENDERSON,,,1ST,ST,,US0041A,GREEN,,,,,37.83818704,-87.58921833,0.291,2025-12-20,619,2,2,0,1,CLEAR,DRY,False,ANGLE COLLISION - ONE VEHICLE TURNING LEFT,ANGLE,STRAIGHT & LEVEL,DARK-HWY LIGHTED/OFF,,,46014.36797,False,31,Accepted,5,3,B,,DISREGARD TRAFFIC CONTROL,,2025,1
10200,35682048,0510100,HENDERSON POLICE DEPARTMENT,Accepted,HENDERSON,,,BARRET,BLVD,,US0060,US60,,,,,37.85991696,-87.56775118,0.35,2025-12-20,1528,2,2,0,0,CLEAR,DRY,False,SIDESWIPE-SAME DIRECTION,SIDESWIPE-SAME DIRECTION,CURVE & LEVEL,DAYLIGHT,,,46014.36808,False,35,Accepted,5,5,O,,INATTENTION,,2025,1
10201,35682050,0510100,HENDERSON POLICE DEPARTMENT,Accepted,HENDERSON,KY0351,,ZION,RD,,KY1539,LARUE,,,,,37.82850144,-87.5585188,1.815,2025-12-21,1201,2,2,0,0,CLEAR,DRY,False,OPPOSING LEFT TURN,OPPOSING LEFT TURN,STRAIGHT & LEVEL,DAYLIGHT,,,46014.36817,False,35,Accepted,5,5,O,,INATTENTION,,2025,1
10202,35682052,0510100,HENDERSON POLICE DEPARTMENT,Accepted,HENDERSON,KY0351,1200,2ND,ST,,,,,,,,37.83137634,-87.56912976,1.197,2025-12-21,1738,2,2,0,0,CLEAR,DRY,False,SIDESWIPE COLLISION - SAME DIRECTION,SIDESWIPE-SAME DIRECTION,CURVE & LEVEL,DARK-HWY LIGHTED/ON,,,46014.36823,False,11,Accepted,5,5,O,,"FAILED TO KEEP PROPER LANE, INATTENTION",,2025,1
10208,35682383,0510100,HENDERSON POLICE DEPARTMENT,Accepted,HENDERSON,US0041,,US41,,N,,WATSON,,,,,37.87537279,-87.5678499,17.41,2025-12-19,947,2,2,0,0,CLEAR,DRY,True,OTHER INTERSECTION COLLISIONS,REAR END,STRAIGHT & LEVEL,DAYLIGHT,,,46014.44003,False,67,Accepted,5,5,O,,"INATTENTION, OTHER",,2025,1
10209,35682385,0510100,HENDERSON POLICE DEPARTMENT,Accepted,HENDERSON,US0041A,,GREEN,ST,N,KY0351,2ND,,,,,37.8394947,-87.58849724,15.921,2025-12-19,1516,2,2,0,0,CLEAR,DRY,False,ANGLE COLLISION - OTHER,ANGLE,STRAIGHT & LEVEL,DAYLIGHT,,,46014.44013,False,41,Accepted,5,5,O,,DISTRACTION,,2025,1
10210,35683634,0510100,HENDERSON POLICE DEPARTMENT,Accepted,HENDERSON,,,ALVASIA,ST,N,,,,,,,37.83596781,-87.58343986,,2025-08-19,1224,2,2,0,0,CLEAR,DRY,False,1 VEHICLE ENTERING/LEAVING ENTRANCE,ANGLE,STRAIGHT & LEVEL,DAYLIGHT,,,46014.71197,False,83,Accepted,5,5,O,,INATTENTION,,2025,1
10211,35683635,0510100,HENDERSON POLICE DEPARTMENT,Accepted,HENDERSON,,,MAIN,ST,N,,,,,,,37.84103748,-87.59163609,,2025-12-17,1051,2,2,0,0,CLEAR,DRY,False,VEHICLE BACKING NON INTERSECTION,BACKING,STRAIGHT & LEVEL,DAYLIGHT,,,46014.71207,False,83,Accepted,5,5,O,,INATTENTION,,2025,1
10213,35684493,0510100,HENDERSON POLICE DEPARTMENT,Accepted,HENDERSON,,,GARDEN MILE,RD,S,,,,,,,37.81752725,-87.55954643,0.189,2025-12-21,1940,2,2,0,0,CLEAR,DRY,False,1 VEHICLE ENTERING/LEAVING ENTRANCE,ANGLE,STRAIGHT & LEVEL,DARK-HWY LIGHTED/ON,,,46014.93451,False,29,Accepted,5,5,O,OTHER,"INATTENTION, OTHER",,2025,1
10215,35689555,0510100,HENDERSON POLICE DEPARTMENT,Accepted,HENDERSON,US0041,,US41,,N,,,,,,,37.84923825,-87.56729749,15.412,2025-12-24,1305,1,1,0,0,CLOUDY,WET,False,COLLISION WITH FIXED OBJECT NON - INTERSECTION - FIRST EVENT COLLISION 09 - 32 EXCLUDING 16,SINGLE VEHICLE,CURVE & LEVEL,DAYLIGHT,,,46017.3683,False,64,Accepted,5,5,O,SLIPPERY SURFACE,"NOT UNDER PROPER CONTROL, OVERCORRECTING/OVERSTEERING",,2025,1
10216,35689556,0510100,HENDERSON POLICE DEPARTMENT,Accepted,HENDERSON,,,7TH,ST,,US0041A,GREEN,,,,,37.84571068,-87.58437489,0.299,2025-12-22,655,1,1,0,0,CLEAR,DRY,True,COLLISION WITH FIXED OBJECT IN INTERSECTION - FIRST EVENT COLLISION 09 - 32,SINGLE VEHICLE,STRAIGHT & LEVEL,DAYLIGHT,,,46017.36833,False,23,Accepted,5,5,O,,"INATTENTION, TURNING IMPROPERLY",,2025,1
10217,35689621,0510100,HENDERSON POLICE DEPARTMENT,Accepted,HENDERSON,US0041,,US41,,N,,RACETRACK,,,,,37.88291754,-87.56333642,17.968,2025-12-21,1659,2,2,0,1,CLEAR,DRY,False,ANGLE COLLISION - OTHER,ANGLE,STRAIGHT & LEVEL,DARK-HWY LIGHTED/ON,,,46017.38843,False,35,Accepted,5,3,B,,INATTENTION,,2025,1
10218,35689622,0510100,HENDERSON POLICE DEPARTMENT,Accepted,HENDERSON,KY0351,1707,2ND,ST,,,,,,,,37.8313559,-87.56910844,1.199,2025-12-22,633,2,2,0,0,CLEAR,DRY,False,SIDESWIPE COLLISION - SAME DIRECTION,SIDESWIPE-SAME DIRECTION,CURVE & LEVEL,DAYLIGHT,,,46017.3885,False,23,Accepted,5,5,O,,"INATTENTION, TURNING IMPROPERLY",,2025,1
10219,35689623,0510100,HENDERSON POLICE DEPARTMENT,Accepted,HENDERSON,US0041A,,GREEN,ST,S,,CLAY,,,,,37.83374786,-87.59331844,15.442,2025-12-20,637,2,2,0,0,CLEAR,DRY,True,ANGLE COLLISION - OTHER,ANGLE,STRAIGHT & LEVEL,DAYLIGHT,,,46017.38857,False,47,Accepted,5,5,O,,,,2025,1
10220,35689624,0510100,HENDERSON POLICE DEPARTMENT,Accepted,HENDERSON,US0041,,US41,,N,,WATSON,,,,,37.87532583,-87.56766279,17.417,2025-12-24,1513,2,2,0,0,FOG,WET,False,OTHER INTERSECTION COLLISIONS,REAR END,STRAIGHT & LEVEL,DUSK,,,46017.38861,False,49,Accepted,5,5,O,,FOLLOWING TOO CLOSE,,2025,1
10221,35691630,0510100,HENDERSON POLICE DEPARTMENT,Accepted,HENDERSON,,,PARTRIDGE,RUN,S,,,,,,,37.82149898,-87.55092874,0.01,2025-12-25,2109,2,2,0,0,FOG,WET,False,1 VEHICLE PARKED POSITION (NOT PARKING LOT/DRIVEWAY),BACKING,STRAIGHT & LEVEL,DARK-HWY LIGHTED/ON,,,46018.07703,False,29,Accepted,5,5,O,,MISJUDGE CLEARANCE,,2025,1
10229,35701648,0510100,HENDERSON POLICE DEPARTMENT,Accepted,HENDERSON,KY0812,,AIRLINE,RD,,,GLOVER,,,,,37.8210009,-87.57087605,7.497,2025-12-24,1937,2,2,0,0,FOG,WET,True,OPPOSITE DIRECTION - BOTH VEHICLES GOING STRAIGHT AHEAD,SIDESWIPE-OPPOSITE DIRECTION,STRAIGHT & LEVEL,DARK-HWY LIGHTED/ON,,,46020.98843,False,33,Accepted,5,5,O,,,,2025,1
10230,35702100,0510100,HENDERSON POLICE DEPARTMENT,Accepted,HENDERSON,,1023,WASHINGTON,ST,,,,,,,,37.83131955,-87.58242788,0.636,2025-12-28,2039,2,2,0,0,RAINING,WET,False,1 VEHICLE PARKED POSITION (NOT PARKING LOT/DRIVEWAY),SIDESWIPE-OPPOSITE DIRECTION,STRAIGHT & LEVEL,DARK-HWY LIGHTED/OFF,,,46021.11442,False,42,Accepted,5,5,O,,MISJUDGE CLEARANCE,,2025,1
10231,35702103,0510100,HENDERSON POLICE DEPARTMENT,Accepted,HENDERSON,,,KAYAK,LN,,,CANOE CREEK,,,,,37.81827777,-87.60616692,0.005,2025-12-28,2036,2,2,0,0,RAINING,WET,False,OPPOSITE DIRECTION - BOTH VEHICLES GOING STRAIGHT AHEAD,SIDESWIPE-OPPOSITE DIRECTION,STRAIGHT & LEVEL,DARK (UNKNOWN ROADWAY LIGHTING),,,46021.11456,False,48,Accepted,5,5,O,,,,2025,1
10232,35703167,0510100,HENDERSON POLICE DEPARTMENT,Accepted,HENDERSON,US0041,,US41,,N,,,,,,,37.87794432,-87.56642304,,2025-12-16,1148,2,2,0,0,CLEAR,DRY,False,1 VEHICLE ENTERING/LEAVING ENTRANCE,ANGLE,STRAIGHT & LEVEL,DAYLIGHT,,,46021.4606,False,83,Accepted,5,5,O,,INATTENTION,,2025,1
10233,35703168,0510100,HENDERSON POLICE DEPARTMENT,Accepted,HENDERSON,US0041,,US41,,N,,,,,,,37.88354003,-87.56288075,,2025-12-16,1632,2,2,0,0,CLEAR,DRY,False,REAR END IN TRAFFIC LANES BOTH VEHICLES MOVING,REAR END,STRAIGHT & LEVEL,DAYLIGHT,,,46021.46064,False,83,Accepted,5,5,O,,INATTENTION,,2025,1
10234,35703169,0510100,HENDERSON POLICE DEPARTMENT,Accepted,HENDERSON,KY0351,,ZION,RD,,,,,,,,37.83027536,-87.56508086,,2025-12-22,1503,2,2,0,0,CLEAR,DRY,False,SIDESWIPE COLLISION - SAME DIRECTION,SIDESWIPE-SAME DIRECTION,STRAIGHT & LEVEL,DAYLIGHT,,,46021.46067,False,83,Accepted,5,5,O,,INATTENTION,,2025,1
10236,35706795,0510100,HENDERSON POLICE DEPARTMENT,Accepted,HENDERSON,US0060,,US60,,E,,STARLIGHT,,,,,37.86423889,-87.55855893,11.196,2025-12-24,1534,2,2,0,2,FOG,WET,False,ANGLE COLLISION - OTHER,ANGLE,CURVE & HILLCREST,DAYLIGHT,,,46022.35112,False,64,Accepted,3,3,B,"VIEW OBSTRUCTED, LIMITED DUE TO WEATHER CONDITIONS",INATTENTION,,2025,1
10237,35706796,0510100,HENDERSON POLICE DEPARTMENT,Accepted,HENDERSON,US0041A,,GREEN,ST,N,,4TH,,,,,37.84215325,-87.58669632,16.114,2025-12-25,905,2,2,0,0,CLEAR,DRY,True,ANGLE COLLISION - OTHER,ANGLE,STRAIGHT & LEVEL,DAYLIGHT,,,46022.35117,False,64,Accepted,5,5,O,,INATTENTION,,2025,1
10238,35706994,0510100,HENDERSON POLICE DEPARTMENT,Accepted,HENDERSON,US0041,,US41,,N,,PAUL,,,,,37.87432304,-87.56822178,17.313,2025-12-27,928,2,2,0,0,CLEAR,DRY,False,ANGLE COLLISION - OTHER,ANGLE,STRAIGHT & LEVEL,DAYLIGHT,,,46022.40447,False,49,Accepted,5,5,O,,MISJUDGE CLEARANCE,,2025,1
10239,35706996,0510100,HENDERSON POLICE DEPARTMENT,Accepted,HENDERSON,,,VINE,ST,,,ALVES,,,,,37.82905837,-87.59213045,0.235,2025-12-27,1440,2,2,0,0,CLEAR,DRY,False,ANGLE COLLISION - OTHER,ANGLE,STRAIGHT & LEVEL,DAYLIGHT,,,46022.40456,False,49,Accepted,5,5,O,,MISJUDGE CLEARANCE,,2025,1
10240,35707085,0510100,HENDERSON POLICE DEPARTMENT,Accepted,HENDERSON,,,12TH,ST,,,ELM,,,,,37.85279081,-87.58193273,0.198,2025-12-31,549,2,2,0,0,CLEAR,DRY,False,ANGLE COLLISION - OTHER,ANGLE,STRAIGHT & LEVEL,DARK-HWY LIGHTED/ON,,,46022.42261,False,52,Accepted,5,5,O,,DISREGARD TRAFFIC CONTROL,,2025,1
10244,35707121,0510100,HENDERSON POLICE DEPARTMENT,Accepted,HENDERSON,US0060,,GREEN,ST,S,,,,,,,37.79994975,-87.64773605,,2025-12-26,1723,2,2,0,0,CLEAR,DRY,False,1 VEHICLE ENTERING/LEAVING ENTRANCE,ANGLE,STRAIGHT & LEVEL,DAYLIGHT,,,46022.43022,False,83,Accepted,5,5,O,,INATTENTION,,2025,1
10246,35707352,0510100,HENDERSON POLICE DEPARTMENT,Accepted,HENDERSON,US0041A,,GREEN,ST,N,,14TH,,,,,37.85407225,-87.57880494,17.055,2025-12-26,1427,2,2,0,3,CLEAR,DRY,False,ANGLE COLLISION - OTHER,ANGLE,STRAIGHT & LEVEL,DAYLIGHT,,,46022.48665,False,83,Accepted,5,3,B,,INATTENTION,,2025,1
10247,35707464,0510100,HENDERSON POLICE DEPARTMENT,Accepted,HENDERSON,,654,8TH,ST,,,,,,,,37.84554585,-87.58018441,,2025-12-30,724,2,2,0,0,CLEAR,DRY,False,1 VEHICLE PARKED POSITION (NOT PARKING LOT/DRIVEWAY),REAR END,STRAIGHT & LEVEL,DAYLIGHT,,,46022.51506,False,82,Accepted,5,5,O,GLARE (SUN),FAILED TO KEEP PROPER LANE,,2025,1
10249,35710628,0510100,HENDERSON POLICE DEPARTMENT,Accepted,HENDERSON,,805,WATSON,LN,,,,,,,,37.87215539,-87.55907741,0.511,2025-12-31,1420,2,2,0,0,CLOUDY,DRY,True,SIDESWIPE COLLISION - OPPOSITE DIRECTION,SIDESWIPE-OPPOSITE DIRECTION,STRAIGHT & HILLCREST,DAYLIGHT,,,46023.36344,False,25,Accepted,5,5,O,,INATTENTION,,2025,1
10250,35710630,0510100,HENDERSON POLICE DEPARTMENT,Accepted,HENDERSON,US0041A,528,GREEN,ST,N,,,,,,,37.84380751,-87.585744,16.257,2025-12-31,1643,2,1,0,1,CLOUDY,DRY,False,COLLISION WITH PEDESTRIAN NON - INTERSECTION,SINGLE VEHICLE,STRAIGHT & LEVEL,DUSK,,,46023.36352,False,25,Accepted,5,3,B,,INATTENTION,,2025,1
10251,35710684,0510100,HENDERSON POLICE DEPARTMENT,Accepted,HENDERSON,,327,INGRAM,ST,N,,,,,,,37.84118456,-87.58547408,,2025-12-31,934,2,2,0,0,CLEAR,DRY,False,1 VEHICLE PARKED POSITION (NOT PARKING LOT/DRIVEWAY),SIDESWIPE-SAME DIRECTION,STRAIGHT & LEVEL,DAYLIGHT,,,46023.38477,False,82,Accepted,5,5,O,,INATTENTION,,2025,1
10252,35713546,0510100,HENDERSON POLICE DEPARTMENT,Accepted,HENDERSON,US0041,,US41,,N,,,,,,,37.86891238,-87.57122539,,2025-12-03,1114,2,2,0,0,CLEAR,DRY,False,REAR END IN TRAFFIC LANES BOTH VEHICLES MOVING,REAR END,STRAIGHT & LEVEL,DAYLIGHT,,,46024.35564,False,83,Accepted,5,5,O,,INATTENTION,,2025,1
10253,35713547,0510100,HENDERSON POLICE DEPARTMENT,Accepted,HENDERSON,US0041A,,GREEN,ST,N,,,,HERRON,,14TH,37.85433492,-87.57854037,17.08,2025-12-27,1045,2,2,0,0,CLOUDY,DRY,False,SIDESWIPE COLLISION - SAME DIRECTION,SIDESWIPE-SAME DIRECTION,STRAIGHT & LEVEL,DAYLIGHT,,,46024.35568,False,34,Accepted,5,5,O,,INATTENTION,,2025,1
10254,35713548,0510100,HENDERSON POLICE DEPARTMENT,Accepted,HENDERSON,US0041A,,GREEN,ST,N,KY0351,2ND,,,,,37.83943153,-87.58840493,15.894,2025-12-27,1320,2,2,0,0,CLOUDY,DRY,False,ANGLE COLLISION - OTHER,ANGLE,STRAIGHT & LEVEL,DAYLIGHT,,,46024.35571,False,34,Accepted,5,5,O,,"DISREGARD TRAFFIC CONTROL, INATTENTION",,2025,1
10255,35713549,0510100,HENDERSON POLICE DEPARTMENT,Accepted,HENDERSON,,,JULIA,ST,S,,,,POWELL,,WASHINGTON,37.83117351,-87.58380214,0.173,2025-12-27,1504,2,2,0,0,CLOUDY,DRY,False,SIDESWIPE COLLISION - SAME DIRECTION,SIDESWIPE-SAME DIRECTION,STRAIGHT & LEVEL,DAYLIGHT,,,46024.35575,False,34,Accepted,5,5,O,OTHER,,,2025,1
10256,35713561,0510100,HENDERSON POLICE DEPARTMENT,Accepted,HENDERSON,US0060,,US60,HWY,E,,,,,,,37.85967295,-87.56830412,,2025-12-29,1511,2,2,0,0,CLEAR,DRY,False,1 VEHICLE ENTERING/LEAVING ENTRANCE,ANGLE,STRAIGHT & LEVEL,DAYLIGHT,,,46024.36696,False,83,Accepted,5,5,O,,INATTENTION,,2025,1
10257,35713608,0510100,HENDERSON POLICE DEPARTMENT,Accepted,HENDERSON,,,PARK,WAY,,,,,,,,37.86406326,-87.57485784,,2025-12-30,1417,2,2,0,0,CLEAR,DRY,False,1 VEHICLE ENTERING/LEAVING ENTRANCE,ANGLE,STRAIGHT & LEVEL,DAYLIGHT,,,46024.37926,False,83,Accepted,5,5,O,,INATTENTION,,2025,1
10258,35713667,0510100,HENDERSON POLICE DEPARTMENT,Accepted,HENDERSON,,,VINE,ST,,,FAGAN,,,,,37.82716708,-87.58926041,,2025-12-30,1727,2,2,0,0,CLEAR,DRY,False,ANGLE COLLISION - OTHER,ANGLE,STRAIGHT & LEVEL,DAYLIGHT,,,46024.39491,False,83,Accepted,5,5,O,,INATTENTION,,2025,1
10259,35713688,0510100,HENDERSON POLICE DEPARTMENT,Accepted,HENDERSON,,,2ND,ST,,,,,,,,37.84128542,-87.59313084,,2025-12-31,1755,2,2,0,0,CLEAR,DRY,False,VEHICLE BACKING NON INTERSECTION,BACKING,STRAIGHT & LEVEL,DAYLIGHT,,,46024.40236,False,83,Accepted,5,5,O,,INATTENTION,,2025,1
10262,35726784,0510100,HENDERSON POLICE DEPARTMENT,Accepted,HENDERSON,,700,5TH,ST,,,,,,,,37.84093867,-87.58021114,0.59,2025-12-31,2233,2,2,0,0,CLEAR,DRY,False,1 VEHICLE PARKED POSITION (NOT PARKING LOT/DRIVEWAY),REAR END,STRAIGHT & LEVEL,DARK (UNKNOWN ROADWAY LIGHTING),,,46027.95635,False,30,Accepted,5,5,O,,INATTENTION,,2025,1
10264,35730450,0510100,HENDERSON POLICE DEPARTMENT,Accepted,HENDERSON,US0041,,US41,,N,,,,,,,37.87448261,-87.5681578,,2025-12-22,1649,2,2,0,0,CLEAR,DRY,False,1 VEHICLE ENTERING/LEAVING ENTRANCE,ANGLE,STRAIGHT & LEVEL,DAYLIGHT,,,46028.69774,False,83,Accepted,5,5,O,,INATTENTION,,2025,1
10265,35730451,0510100,HENDERSON POLICE DEPARTMENT,Accepted,HENDERSON,US0041A,,GREEN,ST,S,,,,,,,37.83229515,-87.5948099,,2025-11-26,1820,2,2,0,0,CLEAR,DRY,False,1 VEHICLE ENTERING/LEAVING ENTRANCE,ANGLE,STRAIGHT & LEVEL,DARK (UNKNOWN ROADWAY LIGHTING),,,46028.69778,False,83,Accepted,5,5,O,,INATTENTION,,2025,1
10266,35738341,0510100,HENDERSON POLICE DEPARTMENT,Accepted,HENDERSON,,1200,OBYRNE,ST,,,,,MILL,,MEADOW,37.82605906,-87.58358685,0.1,2025-12-18,1715,2,2,0,0,RAINING,WET,True,1 VEHICLE PARKED POSITION (NOT PARKING LOT/DRIVEWAY),SIDESWIPE-OPPOSITE DIRECTION,,DARK-HWY LIGHTED/OFF,,,46030.34845,False,41,Accepted,5,5,O,,INATTENTION,,2025,1
10268,35773418,0510100,HENDERSON POLICE DEPARTMENT,Accepted,HENDERSON,US0041A,,GREEN,ST,S,KY0136,SAND,,,,,37.82369844,-87.60321478,14.517,2025-12-27,941,3,3,0,1,CLEAR,DRY,False,OTHER INTERSECTION COLLISIONS,REAR END,STRAIGHT & LEVEL,DAYLIGHT,,,46038.33677,False,49,Accepted,5,2,A,,"LOST CONSCIOUSNESS/FAINTED, OTHER",,2025,1
10269,35784301,0510100,HENDERSON POLICE DEPARTMENT,Accepted,HENDERSON,,,LETT,ST,,,DR MARTIN LUTHER KING JR,,,,,37.82785512,-87.58634852,0.095,2025-11-28,1512,2,2,0,0,CLEAR,DRY,True,COLLISION WITH PARKED VEHICLE,SIDESWIPE-OPPOSITE DIRECTION,STRAIGHT & LEVEL,DAYLIGHT,,,46041.67219,False,18,Accepted,5,5,O,,"INATTENTION, NOT UNDER PROPER CONTROL",,2025,1
10271,35815714,0510100,HENDERSON POLICE DEPARTMENT,Accepted,HENDERSON,,,YOUNG,ST,,,SHELBY,,,,,37.81909165,-87.58443104,0.085,2025-08-05,842,2,2,0,3,CLEAR,DRY,False,ANGLE COLLISION - OTHER,ANGLE,STRAIGHT & LEVEL,DAYLIGHT,,,46050.93094,False,53,Accepted,5,3,B,,"FAILED TO YIELD RIGHT OF WAY, INATTENTION",BRAKES DEFECTIVE,2025,1
10273,35870030,0510100,HENDERSON POLICE DEPARTMENT,Accepted,HENDERSON,US0041A,,GREEN,ST,S,,,,,,,37.81931707,-87.60971664,,2025-02-04,1751,1,1,0,1,CLEAR,ICE,False,COLLISION WITH FIXED OBJECT NON - INTERSECTION - FIRST EVENT COLLISION 09 - 32 EXCLUDING 16,SINGLE VEHICLE,STRAIGHT & LEVEL,DARK (UNKNOWN ROADWAY LIGHTING),,,46065.41709,False,83,Accepted,3,3,B,SLIPPERY SURFACE,INATTENTION,,2025,1
10274,35945955,0510100,HENDERSON POLICE DEPARTMENT,Accepted,HENDERSON,,2606,ZION,RD,,,,,,,,37.8269568,-87.55706013,,2025-02-26,1533,2,2,0,0,CLEAR,DRY,False,1 VEHICLE ENTERING/LEAVING ENTRANCE,ANGLE,STRAIGHT & LEVEL,DAYLIGHT,,,46083.50456,False,83,Accepted,5,5,O,,,,2025,1
10275,35974350,0510100,HENDERSON POLICE DEPARTMENT,Accepted,HENDERSON,,,GREEN,ST,S,,VINE,,,,,37.83126025,-87.59572297,,2025-12-18,1203,3,3,0,1,CLEAR,DRY,False,OTHER INTERSECTION COLLISIONS,REAR END,STRAIGHT & LEVEL,DAYLIGHT,,,46087.43758,False,83,Accepted,5,3,B,,INATTENTION,,2025,1